18671,18673,18678,29,29,-29.0
18677,18678,18677,1,-1,1.0
18677,18678,18677,1,-1,1.0
18677,18678,18678,1,1,1.0
18676,18678,18675,2,-2,2.0
18676,18678,18676,1,-1,1.0
18674,18677,18677,1,1,1.0
18674,18677,18674,1,-1,1.0
18674,18677,18674,1,-1,1.0
18674,18677,18676,2,2,-2.0
18674,18677,18676,1,1,-1.0
18674,18677,18677,1,1,1.0
18674,18677,18675,2,-2,2.0
18674,18677,18677,3,3,3.0
18674,18677,18675,1,-1,1.0
18675,18677,18676,1,-1,1.0
18675,18677,18675,1,-1,1.0
18675,18677,18676,1,-1,1.0
18675,18676,18676,1,1,1.0
18675,18676,18675,1,-1,1.0
18674,18676,18676,3,3,3.0
18674,18676,18676,1,1,1.0
18674,18675,18674,1,-1,1.0
18673,18675,18673,1,-1,1.0
18673,18675,18675,1,1,1.0
18673,18675,18673,1,-1,1.0
18673,18675,18673,1,-1,1.0
18672,18675,18672,1,-1,1.0
18672,18675,18672,2,-2,2.0
18672,18675,18675,2,2,2.0
18672,18675,18674,1,1,-1.0
18674,18675,18674,2,-2,2.0
18674,18675,18674,1,-1,1.0
18674,18675,18674,1,-1,1.0
18674,18675,18674,1,-1,1.0
18674,18675,18674,1,-1,1.0
18674,18675,18674,1,-1,1.0
18673,18674,18674,1,1,1.0
18673,18674,18674,2,2,2.0
18673,18674,18674,2,2,2.0
18674,18675,18675,1,1,1.0
18675,18676,18675,1,-1,1.0
18675,18676,18675,2,-2,2.0
18675,18676,18676,7,7,7.0
18675,18676,18677,1,1,-1.0
18676,18677,18676,1,-1,1.0
18676,18677,18677,6,6,6.0
18676,18677,18678,3,3,-3.0
18676,18678,18676,3,-3,3.0
18675,18676,18676,1,1,1.0
18675,18676,18677,9,9,-9.0
18676,18677,18676,1,-1,1.0
18675,18677,18675,1,-1,1.0
18675,18677,18675,2,-2,2.0
18675,18676,18676,1,1,1.0
18675,18676,18676,1,1,1.0
18675,18676,18677,1,1,-1.0
18675,18676,18675,2,-2,2.0
18675,18676,18676,4,4,4.0
18675,18676,18677,6,6,-6.0
18676,18677,18676,1,-1,1.0
18676,18677,18677,1,1,1.0
18676,18677,18676,1,-1,1.0
18676,18677,18677,1,1,1.0
18676,18677,18676,1,-1,1.0
18676,18677,18676,6,-6,6.0
18675,18676,18676,1,1,1.0
18675,18676,18676,1,1,1.0
18675,18676,18675,1,-1,1.0
18675,18676,18676,9,9,9.0
18675,18676,18677,1,1,-1.0
18675,18677,18675,2,-2,2.0
18675,18676,18675,2,-2,2.0
18675,18676,18675,2,-2,2.0
18675,18676,18675,3,-3,3.0
18675,18676,18676,3,3,3.0
18675,18676,18676,3,3,3.0
18675,18676,18675,2,-2,2.0
18675,18676,18675,2,-2,2.0
18675,18676,18675,3,-3,3.0
18675,18676,18675,1,-1,1.0
18675,18676,18675,3,-3,3.0
18675,18676,18675,13,-13,13.0
18675,18676,18675,2,-2,2.0
18675,18676,18675,1,-1,1.0
18675,18676,18674,1,-1,1.0
18675,18676,18674,5,-5,5.0
18675,18676,18673,1,-1,1.0
18675,18676,18673,1,-1,1.0
18675,18676,18674,1,-1,1.0
18675,18676,18674,6,-6,6.0
18675,18676,18674,1,-1,1.0
18674,18675,18675,1,1,1.0
18674,18675,18675,1,1,1.0
18674,18675,18675,1,1,1.0
18674,18675,18676,1,1,-1.0
18674,18675,18676,1,1,-1.0
18674,18675,18675,1,1,1.0
18672,18674,18674,5,5,5.0
18673,18674,18674,1,1,1.0
18673,18674,18674,1,1,1.0
18673,18674,18674,1,1,1.0
18673,18674,18673,1,-1,1.0
18672,18673,18673,1,1,1.0
18672,18673,18673,1,1,1.0
18672,18673,18673,1,1,1.0
18672,18673,18673,1,1,1.0
18672,18673,18673,1,1,1.0
18672,18673,18672,3,-3,3.0
18672,18673,18672,1,-1,1.0
18672,18673,18672,1,-1,1.0
18672,18673,18673,5,5,5.0
18672,18673,18673,1,1,1.0
18672,18673,18673,1,1,1.0
18673,18674,18673,1,-1,1.0
18673,18674,18674,1,1,1.0
18673,18674,18674,2,2,2.0
18674,18675,18675,1,1,1.0
18674,18675,18675,2,2,2.0
18674,18675,18675,1,1,1.0
18674,18675,18675,1,1,1.0
18674,18675,18675,1,1,1.0
18674,18675,18675,1,1,1.0
18675,18676,18675,1,-1,1.0
18675,18676,18675,1,-1,1.0
18675,18676,18675,11,-11,11.0
18675,18676,18675,1,-1,1.0
18674,18675,18675,1,1,1.0
18674,18675,18675,1,1,1.0
18674,18675,18675,2,2,2.0
18674,18675,18675,1,1,1.0
18674,18675,18675,1,1,1.0
18674,18675,18675,3,3,3.0
18674,18675,18675,1,1,1.0
18674,18675,18674,1,-1,1.0
18674,18675,18675,2,2,2.0
18673,18675,18675,1,1,1.0
18673,18675,18675,1,1,1.0
18674,18675,18675,1,1,1.0
18673,18675,18675,1,1,1.0
18673,18675,18675,1,1,1.0
18673,18675,18675,2,2,2.0
18673,18675,18675,1,1,1.0
18673,18674,18673,1,-1,1.0
18672,18674,18672,8,-8,8.0
18671,18672,18671,2,-2,2.0
18671,18672,18671,1,-1,1.0
18671,18673,18671,1,-1,1.0
18671,18673,18671,1,-1,1.0
18671,18673,18671,1,-1,1.0
18671,18673,18671,1,-1,1.0
18671,18673,18673,1,1,1.0
18671,18673,18671,2,-2,2.0
18671,18673,18673,1,1,1.0
18671,18673,18673,1,1,1.0
18671,18673,18673,2,2,2.0
18671,18673,18673,1,1,1.0
18671,18673,18671,1,-1,1.0
18671,18673,18673,1,1,1.0
18671,18673,18673,2,2,2.0
18673,18674,18674,1,1,1.0
18673,18674,18673,1,-1,1.0
18673,18674,18673,1,-1,1.0
18672,18673,18672,1,-1,1.0
18672,18673,18673,1,1,1.0
18672,18673,18672,3,-3,3.0
18671,18672,18672,1,1,1.0
18671,18672,18672,1,1,1.0
18671,18673,18671,1,-1,1.0
18671,18672,18672,1,1,1.0
18672,18673,18673,2,2,2.0
18673,18674,18674,1,1,1.0
18673,18674,18673,1,-1,1.0
18673,18674,18674,3,3,3.0
18673,18674,18674,1,1,1.0
18673,18674,18674,2,2,2.0
18673,18674,18674,1,1,1.0
18673,18674,18675,1,1,-1.0
18673,18674,18674,1,1,1.0
18673,18674,18675,1,1,-1.0
18673,18674,18673,2,-2,2.0
18673,18674,18674,2,2,2.0
18673,18674,18673,1,-1,1.0
18673,18674,18673,1,-1,1.0
18672,18673,18672,3,-3,3.0
18671,18672,18671,1,-1,1.0
18671,18672,18671,2,-2,2.0
18671,18672,18671,1,-1,1.0
18671,18672,18671,3,-3,3.0
18671,18672,18671,1,-1,1.0
18671,18672,18671,1,-1,1.0
18671,18672,18671,1,-1,1.0
18671,18672,18671,3,-3,3.0
18670,18671,18670,1,-1,1.0
18670,18671,18671,1,1,1.0
18670,18671,18670,1,-1,1.0
18670,18671,18670,2,-2,2.0
18670,18671,18670,11,-11,11.0
18670,18671,18669,1,-1,1.0
18669,18670,18669,1,-1,1.0
18669,18670,18669,1,-1,1.0
18669,18670,18669,1,-1,1.0
18669,18670,18669,1,-1,1.0
18669,18670,18669,1,-1,1.0
18669,18670,18669,5,-5,5.0
18669,18670,18669,1,-1,1.0
18669,18670,18669,2,-2,2.0
18669,18670,18669,1,-1,1.0
18669,18670,18669,2,-2,2.0
18669,18670,18669,2,-2,2.0
18669,18670,18670,1,1,1.0
18669,18670,18669,1,-1,1.0
18669,18670,18669,1,-1,1.0
18669,18670,18670,2,2,2.0
18669,18670,18670,1,1,1.0
18669,18670,18670,7,7,7.0
18670,18671,18670,3,-3,3.0
18670,18671,18671,1,1,1.0
18670,18671,18670,1,-1,1.0
18669,18671,18671,1,1,1.0
18670,18671,18670,1,-1,1.0
18669,18670,18670,2,2,2.0
18669,18670,18670,1,1,1.0
18670,18671,18670,8,-8,8.0
18669,18670,18669,2,-2,2.0
18669,18670,18670,1,1,1.0
18669,18670,18669,2,-2,2.0
18669,18670,18669,2,-2,2.0
18669,18670,18670,2,2,2.0
18669,18670,18670,1,1,1.0
18669,18671,18669,21,-21,21.0
18669,18671,18669,2,-2,2.0
18669,18671,18669,1,-1,1.0
18669,18671,18669,1,-1,1.0
18669,18671,18669,1,-1,1.0
18668,18669,18669,1,1,1.0
18668,18669,18669,1,1,1.0
18668,18669,18669,2,2,2.0
18669,18670,18669,2,-2,2.0
18669,18671,18669,1,-1,1.0
18669,18671,18669,9,-9,9.0
18669,18670,18669,7,-7,7.0
18669,18670,18668,18,-18,18.0
18669,18670,18669,2,-2,2.0
18668,18669,18669,2,2,2.0
18668,18670,18668,13,-13,13.0
18667,18668,18666,21,-21,21.0
18667,18668,18667,15,-15,15.0
18665,18666,18666,1,1,1.0
18665,18666,18665,1,-1,1.0
18665,18666,18665,1,-1,1.0
18665,18666,18665,1,-1,1.0
18665,18666,18665,2,-2,2.0
18665,18666,18666,2,2,2.0
18665,18666,18665,1,-1,1.0
18665,18667,18665,1,-1,1.0
18665,18667,18665,2,-2,2.0
18667,18668,18667,1,-1,1.0
18667,18668,18667,1,-1,1.0
18667,18668,18667,3,-3,3.0
18667,18668,18667,1,-1,1.0
18667,18668,18667,1,-1,1.0
18667,18668,18668,3,3,3.0
18667,18668,18667,1,-1,1.0
18667,18668,18667,1,-1,1.0
18667,18668,18667,1,-1,1.0
18666,18667,18667,1,1,1.0
18666,18667,18667,1,1,1.0
18666,18668,18668,2,2,2.0
18666,18667,18667,1,1,1.0
18666,18667,18667,1,1,1.0
18666,18667,18667,1,1,1.0
18666,18667,18666,2,-2,2.0
18666,18667,18667,1,1,1.0
18666,18667,18667,1,1,1.0
18666,18667,18667,1,1,1.0
18666,18667,18667,1,1,1.0
18666,18668,18668,1,1,1.0
18666,18668,18668,1,1,1.0
18667,18668,18667,1,-1,1.0
18667,18668,18667,2,-2,2.0
18666,18667,18667,1,1,1.0
18666,18667,18667,1,1,1.0
18666,18667,18666,6,-6,6.0
18665,18666,18666,2,2,2.0
18665,18666,18666,1,1,1.0
18666,18667,18666,2,-2,2.0
18666,18667,18667,2,2,2.0
18667,18668,18667,1,-1,1.0
18666,18667,18667,2,2,2.0
18666,18668,18666,2,-2,2.0
18666,18667,18666,1,-1,1.0
18666,18667,18666,4,-4,4.0
18666,18667,18666,1,-1,1.0
18666,18667,18666,1,-1,1.0
18666,18667,18666,1,-1,1.0
18665,18666,18666,1,1,1.0
18666,18667,18666,1,-1,1.0
18666,18667,18667,1,1,1.0
18666,18667,18667,1,1,1.0
18666,18667,18667,1,1,1.0
18666,18667,18667,1,1,1.0
18666,18667,18666,3,-3,3.0
18666,18667,18666,1,-1,1.0
18665,18666,18665,1,-1,1.0
18665,18666,18665,1,-1,1.0
18665,18666,18665,3,-3,3.0
18665,18666,18665,1,-1,1.0
18665,18666,18665,1,-1,1.0
18665,18666,18665,1,-1,1.0
18665,18666,18665,5,-5,5.0
18665,18666,18665,6,-6,6.0
18665,18666,18665,1,-1,1.0
18665,18666,18664,3,-3,3.0
18664,18665,18665,1,1,1.0
18664,18665,18664,13,-13,13.0
18664,18665,18664,1,-1,1.0
18663,18665,18663,1,-1,1.0
18663,18665,18663,1,-1,1.0
18663,18665,18663,2,-2,2.0
18663,18664,18663,1,-1,1.0
18663,18664,18664,1,1,1.0
18663,18665,18663,1,-1,1.0
18664,18666,18665,1,-1,1.0
18664,18666,18664,1,-1,1.0
18664,18666,18665,1,-1,1.0
18664,18665,18664,2,-2,2.0
18664,18665,18664,1,-1,1.0
18663,18665,18663,1,-1,1.0
18664,18665,18664,1,-1,1.0
18663,18664,18664,1,1,1.0
18663,18664,18664,1,1,1.0
18663,18664,18663,12,-12,12.0
18662,18663,18662,30,-30,30.0
18661,18662,18661,1,-1,1.0
18661,18662,18661,2,-2,2.0
18661,18662,18661,3,-3,3.0
18661,18662,18660,1,-1,1.0
18661,18662,18661,3,-3,3.0
18660,18662,18660,2,-2,2.0
18660,18662,18660,1,-1,1.0
18660,18661,18660,32,-32,32.0
18659,18660,18660,2,2,2.0
18659,18660,18660,1,1,1.0
18659,18660,18660,1,1,1.0
18659,18660,18659,2,-2,2.0
18659,18660,18660,1,1,1.0
18659,18660,18659,4,-4,4.0
18659,18660,18659,1,-1,1.0
18659,18660,18659,1,-1,1.0
18659,18660,18659,1,-1,1.0
18659,18660,18660,1,1,1.0
18659,18660,18660,1,1,1.0
18659,18661,18659,5,-5,5.0
18660,18661,18661,1,1,1.0
18660,18661,18661,1,1,1.0
18660,18661,18660,1,-1,1.0
18660,18661,18661,1,1,1.0
18660,18661,18660,4,-4,4.0
18660,18661,18661,13,13,13.0
18660,18662,18660,3,-3,3.0
18660,18661,18660,1,-1,1.0
18660,18661,18660,1,-1,1.0
18660,18661,18660,1,-1,1.0
18660,18661,18661,1,1,1.0
18660,18661,18660,1,-1,1.0
18660,18661,18660,1,-1,1.0
18660,18661,18661,1,1,1.0
18660,18661,18661,1,1,1.0
18660,18661,18661,1,1,1.0
18660,18661,18661,2,2,2.0
18660,18661,18661,1,1,1.0
18661,18662,18662,1,1,1.0
18661,18662,18662,1,1,1.0
18661,18662,18662,1,1,1.0
18661,18662,18662,1,1,1.0
18661,18662,18661,1,-1,1.0
18660,18662,18662,1,1,1.0
18660,18661,18661,1,1,1.0
18660,18661,18661,5,5,5.0
18661,18662,18661,1,-1,1.0
18661,18662,18661,1,-1,1.0
18661,18662,18661,1,-1,1.0
18661,18662,18662,1,1,1.0
18661,18662,18662,1,1,1.0
18661,18662,18662,8,8,8.0
18661,18662,18662,1,1,1.0
18661,18662,18662,2,2,2.0
18661,18662,18662,1,1,1.0
18661,18662,18661,1,-1,1.0
18661,18662,18662,2,2,2.0
18661,18662,18662,1,1,1.0
18661,18662,18662,1,1,1.0
18661,18662,18662,1,1,1.0
18662,18663,18662,1,-1,1.0
18662,18663,18662,1,-1,1.0
18662,18663,18662,1,-1,1.0
18662,18663,18663,2,2,2.0
18662,18663,18663,2,2,2.0
18662,18663,18663,3,3,3.0
18662,18663,18663,1,1,1.0
18663,18664,18663,1,-1,1.0
18663,18664,18663,1,-1,1.0
18663,18664,18663,1,-1,1.0
18663,18664,18663,1,-1,1.0
18662,18663,18663,1,1,1.0
18662,18663,18663,1,1,1.0
18662,18663,18663,1,1,1.0
18662,18663,18663,1,1,1.0
18663,18664,18663,2,-2,2.0
18662,18664,18664,1,1,1.0
18662,18664,18664,1,1,1.0
18663,18664,18664,1,1,1.0
18663,18664,18663,1,-1,1.0
18663,18664,18663,3,-3,3.0
18663,18664,18664,1,1,1.0
18663,18664,18664,1,1,1.0
18663,18664,18664,2,2,2.0
18663,18664,18664,1,1,1.0
18663,18664,18663,1,-1,1.0
18662,18663,18663,1,1,1.0
18662,18663,18663,1,1,1.0
18662,18663,18662,1,-1,1.0
18662,18663,18663,1,1,1.0
18663,18664,18663,3,-3,3.0
18663,18664,18663,1,-1,1.0
18663,18664,18663,1,-1,1.0
18663,18664,18663,3,-3,3.0
18662,18663,18662,9,-9,9.0
18661,18662,18661,1,-1,1.0
18661,18662,18661,1,-1,1.0
18661,18662,18661,1,-1,1.0
18661,18662,18661,1,-1,1.0
18661,18662,18661,19,-19,19.0
18661,18662,18661,6,-6,6.0
18661,18662,18661,3,-3,3.0
18660,18661,18661,1,1,1.0
18660,18661,18661,1,1,1.0
18660,18661,18660,1,-1,1.0
18660,18661,18661,1,1,1.0
18660,18661,18661,1,1,1.0
18660,18661,18660,14,-14,14.0
18659,18660,18658,2,-2,2.0
18659,18660,18659,3,-3,3.0
18658,18660,18658,20,-20,20.0
18658,18660,18658,1,-1,1.0
18658,18660,18658,2,-2,2.0
18658,18659,18658,3,-3,3.0
18658,18659,18658,4,-4,4.0
18658,18659,18659,1,1,1.0
18659,18660,18659,1,-1,1.0
18658,18659,18659,1,1,1.0
18659,18660,18660,1,1,1.0
18659,18660,18659,7,-7,7.0
18659,18660,18660,1,1,1.0
18659,18660,18660,5,5,5.0
18659,18660,18659,1,-1,1.0
18659,18660,18660,2,2,2.0
18659,18660,18659,1,-1,1.0
18659,18660,18659,1,-1,1.0
18658,18660,18658,1,-1,1.0
18659,18660,18659,2,-2,2.0
18659,18660,18659,1,-1,1.0
18659,18660,18660,12,12,12.0
18660,18661,18661,1,1,1.0
18660,18661,18661,1,1,1.0
18660,18661,18661,2,2,2.0
18661,18662,18662,1,1,1.0
18661,18662,18662,1,1,1.0
18661,18662,18661,1,-1,1.0
18661,18662,18661,1,-1,1.0
18660,18662,18660,1,-1,1.0
18661,18662,18661,1,-1,1.0
18661,18662,18661,2,-2,2.0
18661,18662,18662,2,2,2.0
18661,18662,18662,1,1,1.0
18661,18662,18662,1,1,1.0
18661,18662,18662,1,1,1.0
18661,18663,18661,1,-1,1.0
18661,18663,18661,1,-1,1.0
18661,18662,18662,1,1,1.0
18661,18662,18662,2,2,2.0
18662,18663,18663,1,1,1.0
18661,18662,18662,1,1,1.0
18661,18662,18662,1,1,1.0
18661,18663,18661,4,-4,4.0
18661,18662,18661,1,-1,1.0
18661,18662,18662,1,1,1.0
18661,18662,18662,1,1,1.0
18661,18663,18661,1,-1,1.0
18662,18663,18662,1,-1,1.0
18662,18663,18662,1,-1,1.0
18662,18663,18663,1,1,1.0
18662,18663,18663,1,1,1.0
18662,18663,18663,1,1,1.0
18663,18664,18663,6,-6,6.0
18662,18664,18664,1,1,1.0
18662,18664,18662,2,-2,2.0
18661,18663,18661,1,-1,1.0
18661,18663,18661,1,-1,1.0
18661,18663,18663,2,2,2.0
18662,18663,18663,1,1,1.0
18663,18664,18663,2,-2,2.0
18663,18664,18663,2,-2,2.0
18662,18664,18662,1,-1,1.0
18662,18664,18662,2,-2,2.0
18662,18664,18662,1,-1,1.0
18662,18664,18662,2,-2,2.0
18662,18663,18662,2,-2,2.0
18662,18663,18662,3,-3,3.0
18662,18663,18662,1,-1,1.0
18661,18662,18661,3,-3,3.0
18661,18662,18662,1,1,1.0
18661,18662,18662,2,2,2.0
18662,18663,18663,3,3,3.0
18662,18663,18662,1,-1,1.0
18661,18662,18661,1,-1,1.0
18661,18662,18661,2,-2,2.0
18661,18662,18661,3,-3,3.0
18661,18662,18661,2,-2,2.0
18661,18662,18661,5,-5,5.0
18661,18662,18661,1,-1,1.0
18661,18662,18661,1,-1,1.0
18660,18661,18660,1,-1,1.0
18660,18661,18660,2,-2,2.0
18660,18661,18660,1,-1,1.0
18660,18661,18660,1,-1,1.0
18660,18661,18660,3,-3,3.0
18660,18661,18659,7,-7,7.0
18658,18660,18660,1,1,1.0
18658,18659,18659,1,1,1.0
18658,18659,18659,1,1,1.0
18658,18660,18658,1,-1,1.0
18658,18660,18658,2,-2,2.0
18658,18660,18658,1,-1,1.0
18658,18660,18658,6,-6,6.0
18658,18660,18658,1,-1,1.0
18658,18660,18658,1,-1,1.0
18658,18660,18658,7,-7,7.0
18658,18659,18658,1,-1,1.0
18658,18659,18658,1,-1,1.0
18658,18659,18657,1,-1,1.0
18658,18659,18658,1,-1,1.0
18658,18659,18658,1,-1,1.0
18657,18658,18657,1,-1,1.0
18657,18659,18657,1,-1,1.0
18658,18660,18658,1,-1,1.0
18658,18659,18659,1,1,1.0
18658,18660,18658,1,-1,1.0
18659,18660,18660,1,1,1.0
18659,18660,18659,2,-2,2.0
18659,18660,18660,1,1,1.0
18659,18661,18660,1,1,-1.0
18659,18660,18659,1,-1,1.0
18659,18660,18659,1,-1,1.0
18659,18660,18659,1,-1,1.0
18659,18661,18659,2,-2,2.0
18660,18661,18661,2,2,2.0
18661,18662,18662,1,1,1.0
18661,18663,18663,1,1,1.0
18661,18663,18661,2,-2,2.0
18661,18662,18661,2,-2,2.0
18661,18662,18661,1,-1,1.0
18661,18662,18662,1,1,1.0
18662,18663,18662,1,-1,1.0
18662,18663,18662,1,-1,1.0
18662,18663,18663,1,1,1.0
18662,18663,18663,1,1,1.0
18662,18663,18663,2,2,2.0
18662,18663,18663,1,1,1.0
18662,18663,18663,3,3,3.0
18662,18664,18662,1,-1,1.0
18663,18664,18664,1,1,1.0
18663,18664,18663,1,-1,1.0
18663,18664,18663,1,-1,1.0
18663,18664,18664,2,2,2.0
18663,18664,18664,1,1,1.0
18663,18664,18664,1,1,1.0
18663,18664,18664,1,1,1.0
18663,18664,18664,1,1,1.0
18663,18665,18663,1,-1,1.0
18663,18665,18663,15,-15,15.0
18662,18664,18664,1,1,1.0
18662,18663,18663,1,1,1.0
18663,18664,18664,1,1,1.0
18663,18664,18664,2,2,2.0
18664,18665,18665,7,7,7.0
18664,18665,18665,1,1,1.0
18664,18665,18665,2,2,2.0
18665,18666,18665,1,-1,1.0
18665,18666,18666,2,2,2.0
18665,18667,18667,4,4,4.0
18665,18666,18666,1,1,1.0
18665,18666,18665,1,-1,1.0
18664,18665,18664,2,-2,2.0
18664,18665,18664,1,-1,1.0
18664,18665,18664,1,-1,1.0
18664,18665,18664,1,-1,1.0
18664,18665,18665,2,2,2.0
18665,18666,18665,1,-1,1.0
18665,18666,18666,1,1,1.0
18665,18666,18666,1,1,1.0
18665,18666,18666,1,1,1.0
18666,18667,18667,1,1,1.0
18665,18666,18666,3,3,3.0
18665,18666,18665,1,-1,1.0
18665,18666,18665,1,-1,1.0
18665,18666,18666,1,1,1.0
18665,18666,18665,1,-1,1.0
18665,18666,18665,3,-3,3.0
18664,18665,18665,1,1,1.0
18664,18665,18665,1,1,1.0
18665,18666,18665,1,-1,1.0
18665,18666,18665,1,-1,1.0
18665,18666,18665,2,-2,2.0
18664,18665,18664,1,-1,1.0
18663,18664,18664,1,1,1.0
18663,18664,18664,1,1,1.0
18664,18665,18664,1,-1,1.0
18664,18665,18664,4,-4,4.0
18664,18665,18664,1,-1,1.0
18664,18665,18664,1,-1,1.0
18664,18665,18664,1,-1,1.0
18664,18665,18664,1,-1,1.0
18664,18665,18665,1,1,1.0
18664,18665,18665,1,1,1.0
18664,18665,18665,1,1,1.0
18664,18665,18665,2,2,2.0
18664,18665,18665,1,1,1.0
18664,18665,18665,1,1,1.0
18664,18665,18665,1,1,1.0
18664,18665,18665,1,1,1.0
18664,18665,18665,1,1,1.0
18664,18665,18665,1,1,1.0
18664,18665,18665,2,2,2.0
18665,18666,18665,1,-1,1.0
18665,18666,18666,2,2,2.0
18665,18666,18667,2,2,-2.0
18665,18667,18666,1,1,-1.0
18666,18667,18666,1,-1,1.0
18666,18667,18666,1,-1,1.0
18666,18667,18666,4,-4,4.0
18666,18667,18667,1,1,1.0
18666,18667,18666,1,-1,1.0
18666,18667,18667,1,1,1.0
18666,18667,18667,1,1,1.0
18666,18667,18667,1,1,1.0
18666,18667,18667,1,1,1.0
18666,18667,18667,1,1,1.0
18666,18667,18667,1,1,1.0
18667,18668,18668,4,4,4.0
18667,18668,18668,1,1,1.0
18667,18668,18667,2,-2,2.0
18667,18668,18667,2,-2,2.0
18666,18667,18667,3,3,3.0
18666,18668,18668,2,2,2.0
18667,18668,18668,3,3,3.0
18667,18668,18667,1,-1,1.0
18667,18668,18668,1,1,1.0
18667,18668,18668,1,1,1.0
18667,18668,18668,1,1,1.0
18667,18668,18668,1,1,1.0
18667,18668,18668,1,1,1.0
18667,18668,18667,12,-12,12.0
18666,18667,18666,1,-1,1.0
18666,18667,18667,2,2,2.0
18666,18667,18666,5,-5,5.0
18666,18667,18666,1,-1,1.0
18665,18666,18665,2,-2,2.0
18665,18666,18665,6,-6,6.0
18664,18665,18664,1,-1,1.0
18663,18664,18663,1,-1,1.0
18663,18664,18664,1,1,1.0
18665,18666,18665,2,-2,2.0
18665,18666,18665,1,-1,1.0
18664,18666,18664,1,-1,1.0
18664,18665,18664,1,-1,1.0
18664,18665,18664,1,-1,1.0
18664,18665,18664,1,-1,1.0
18664,18665,18664,1,-1,1.0
18663,18665,18663,1,-1,1.0
18663,18665,18664,1,-1,1.0
18663,18664,18663,1,-1,1.0
18663,18664,18663,1,-1,1.0
18663,18664,18663,2,-2,2.0
18662,18663,18663,1,1,1.0
18662,18663,18663,1,1,1.0
18662,18663,18662,1,-1,1.0
18662,18663,18662,1,-1,1.0
18662,18663,18662,1,-1,1.0
18662,18663,18662,1,-1,1.0
18662,18663,18662,1,-1,1.0
18662,18663,18662,1,-1,1.0
18661,18662,18662,1,1,1.0
18661,18662,18661,1,-1,1.0
18661,18662,18661,1,-1,1.0
18661,18662,18662,1,1,1.0
18661,18662,18661,1,-1,1.0
18661,18662,18661,1,-1,1.0
18661,18662,18661,1,-1,1.0
18661,18662,18662,4,4,4.0
18661,18662,18662,1,1,1.0
18661,18662,18662,1,1,1.0
18662,18663,18662,5,-5,5.0
18661,18662,18662,2,2,2.0
18661,18662,18662,1,1,1.0
18661,18662,18661,1,-1,1.0
18661,18662,18661,1,-1,1.0
18661,18662,18661,2,-2,2.0
18661,18662,18661,2,-2,2.0
18660,18661,18661,1,1,1.0
18660,18661,18661,1,1,1.0
18660,18661,18661,1,1,1.0
18660,18662,18660,1,-1,1.0
18661,18662,18661,4,-4,4.0
18661,18662,18661,1,-1,1.0
18661,18662,18662,1,1,1.0
18662,18663,18662,4,-4,4.0
18661,18663,18661,1,-1,1.0
18662,18663,18661,1,-1,1.0
18662,18663,18662,3,-3,3.0
18662,18663,18662,1,-1,1.0
18661,18662,18662,1,1,1.0
18661,18662,18662,1,1,1.0
18661,18662,18661,1,-1,1.0
18661,18662,18662,3,3,3.0
18662,18663,18662,1,-1,1.0
18662,18663,18662,1,-1,1.0
18661,18662,18661,1,-1,1.0
18661,18662,18661,1,-1,1.0
18661,18662,18662,1,1,1.0
18661,18662,18662,1,1,1.0
18662,18663,18662,1,-1,1.0
18662,18663,18663,1,1,1.0
18662,18663,18662,1,-1,1.0
18661,18662,18661,1,-1,1.0
18661,18662,18661,7,-7,7.0
18660,18661,18660,1,-1,1.0
18660,18661,18660,10,-10,10.0
18660,18661,18660,1,-1,1.0
18660,18661,18660,1,-1,1.0
18660,18661,18660,1,-1,1.0
18660,18661,18660,1,-1,1.0
18659,18660,18660,1,1,1.0
18659,18660,18659,2,-2,2.0
18659,18660,18658,2,-2,2.0
18659,18660,18659,2,-2,2.0
18659,18660,18659,1,-1,1.0
18659,18660,18659,1,-1,1.0
18659,18660,18659,1,-1,1.0
18658,18659,18659,1,1,1.0
18658,18659,18659,1,1,1.0
18658,18659,18659,3,3,3.0
18659,18660,18659,7,-7,7.0
18658,18659,18658,1,-1,1.0
18658,18659,18659,3,3,3.0
18658,18659,18658,1,-1,1.0
18658,18659,18659,4,4,4.0
18658,18659,18658,1,-1,1.0
18658,18660,18658,1,-1,1.0
18658,18660,18658,1,-1,1.0
18658,18660,18658,1,-1,1.0
18658,18660,18660,1,1,1.0
18659,18660,18659,1,-1,1.0
18659,18660,18660,1,1,1.0
18659,18660,18659,3,-3,3.0
18659,18660,18659,1,-1,1.0
18659,18660,18660,3,3,3.0
18659,18660,18660,1,1,1.0
18659,18660,18660,11,11,11.0
18659,18660,18661,3,3,-3.0
18660,18662,18660,2,-2,2.0
18660,18662,18660,1,-1,1.0
18660,18662,18660,3,-3,3.0
18659,18660,18659,1,-1,1.0
18658,18660,18659,1,-1,1.0
18659,18660,18660,9,9,9.0
18659,18660,18660,3,3,3.0
18659,18660,18660,1,1,1.0
18659,18660,18660,1,1,1.0
18660,18662,18660,3,-3,3.0
18660,18662,18660,3,-3,3.0
18660,18661,18660,1,-1,1.0
18660,18661,18659,1,-1,1.0
18659,18660,18659,1,-1,1.0
18659,18661,18659,1,-1,1.0
18659,18661,18659,1,-1,1.0
18659,18661,18661,6,6,6.0
18659,18661,18661,2,2,2.0
18661,18662,18661,1,-1,1.0
18661,18662,18660,1,-1,1.0
18661,18662,18660,1,-1,1.0
18661,18662,18659,1,-1,1.0
18659,18661,18659,1,-1,1.0
18659,18661,18661,2,2,2.0
18659,18661,18659,1,-1,1.0
18659,18661,18660,1,-1,1.0
18660,18662,18662,1,1,1.0
18660,18662,18660,1,-1,1.0
18660,18662,18660,2,-2,2.0
18660,18662,18660,2,-2,2.0
18660,18662,18662,2,2,2.0
18661,18662,18661,5,-5,5.0
18661,18662,18661,1,-1,1.0
18661,18662,18662,1,1,1.0
18661,18662,18662,2,2,2.0
18661,18662,18662,2,2,2.0
18661,18663,18661,2,-2,2.0
18661,18662,18662,1,1,1.0
18662,18663,18662,1,-1,1.0
18662,18663,18662,1,-1,1.0
18662,18663,18663,1,1,1.0
18662,18663,18663,1,1,1.0
18663,18664,18664,1,1,1.0
18663,18664,18664,2,2,2.0
18663,18664,18664,1,1,1.0
18663,18664,18663,1,-1,1.0
18663,18664,18664,1,1,1.0
18663,18664,18664,1,1,1.0
18663,18664,18664,1,1,1.0
18663,18664,18664,2,2,2.0
18664,18665,18665,1,1,1.0
18665,18666,18665,5,-5,5.0
18664,18665,18665,1,1,1.0
18664,18665,18665,1,1,1.0
18664,18665,18665,1,1,1.0
18664,18665,18665,1,1,1.0
18664,18665,18665,1,1,1.0
18665,18666,18666,1,1,1.0
18665,18666,18666,1,1,1.0
18665,18666,18666,1,1,1.0
18665,18666,18666,2,2,2.0
18665,18666,18666,1,1,1.0
18665,18666,18667,4,4,-4.0
18666,18668,18666,1,-1,1.0
18666,18667,18666,8,-8,8.0
18665,18667,18667,2,2,2.0
18665,18666,18666,1,1,1.0
18665,18666,18665,3,-3,3.0
18665,18666,18665,1,-1,1.0
18665,18666,18665,1,-1,1.0
18665,18666,18665,1,-1,1.0
18665,18666,18665,1,-1,1.0
18665,18666,18665,1,-1,1.0
18665,18666,18665,1,-1,1.0
18664,18666,18666,1,1,1.0
18664,18665,18665,1,1,1.0
18665,18666,18665,1,-1,1.0
18664,18665,18665,1,1,1.0
18664,18665,18664,2,-2,2.0
18664,18665,18664,1,-1,1.0
18664,18665,18664,1,-1,1.0
18664,18665,18664,1,-1,1.0
18664,18665,18664,1,-1,1.0
18664,18665,18665,1,1,1.0
18664,18665,18665,1,1,1.0
18665,18666,18666,2,2,2.0
18666,18667,18667,2,2,2.0
18666,18668,18667,1,1,-1.0
18666,18668,18666,5,-5,5.0
18666,18667,18667,1,1,1.0
18666,18667,18666,1,-1,1.0
18666,18667,18666,1,-1,1.0
18666,18667,18666,1,-1,1.0
18666,18667,18666,2,-2,2.0
18666,18667,18666,1,-1,1.0
18664,18666,18665,1,-1,1.0
18664,18666,18666,3,3,3.0
18664,18666,18664,29,-29,29.0
18664,18666,18664,4,-4,4.0
18665,18666,18666,4,4,4.0
18664,18666,18666,1,1,1.0
18664,18666,18664,22,-22,22.0
18663,18664,18664,3,3,3.0
18663,18664,18664,2,2,2.0
18663,18664,18664,1,1,1.0
18663,18664,18664,1,1,1.0
18663,18664,18664,3,3,3.0
18663,18664,18664,1,1,1.0
18664,18665,18664,1,-1,1.0
18664,18666,18664,1,-1,1.0
18665,18666,18666,1,1,1.0
18666,18667,18667,1,1,1.0
18666,18668,18667,1,1,-1.0
18666,18668,18666,1,-1,1.0
18666,18667,18666,1,-1,1.0
18666,18667,18667,1,1,1.0
18664,18666,18665,1,1,-1.0
18664,18666,18666,1,1,1.0
18664,18666,18664,1,-1,1.0
18664,18665,18664,2,-2,2.0
18664,18665,18664,1,-1,1.0
18664,18665,18664,2,-2,2.0
18664,18665,18664,2,-2,2.0
18663,18664,18664,1,1,1.0
18663,18664,18664,4,4,4.0
18664,18665,18665,1,1,1.0
18665,18666,18665,1,-1,1.0
18664,18666,18666,4,4,4.0
18664,18665,18664,1,-1,1.0
18663,18665,18663,10,-10,10.0
18663,18664,18664,1,1,1.0
18663,18665,18663,1,-1,1.0
18663,18665,18663,10,-10,10.0
18664,18665,18664,1,-1,1.0
18663,18664,18663,1,-1,1.0
18663,18664,18663,1,-1,1.0
18663,18664,18663,1,-1,1.0
18663,18664,18663,2,-2,2.0
18662,18664,18662,1,-1,1.0
18662,18663,18663,1,1,1.0
18662,18663,18663,1,1,1.0
18663,18664,18664,1,1,1.0
18663,18664,18664,1,1,1.0
18663,18664,18664,2,2,2.0
18663,18664,18664,1,1,1.0
18664,18665,18665,1,1,1.0
18664,18665,18664,1,-1,1.0
18664,18665,18664,3,-3,3.0
18663,18664,18664,1,1,1.0
18663,18665,18664,1,1,-1.0
18662,18664,18663,1,1,-1.0
18663,18664,18663,1,-1,1.0
18663,18664,18662,1,-1,1.0
18663,18664,18663,1,-1,1.0
18662,18663,18663,1,1,1.0
18662,18663,18663,1,1,1.0
18662,18663,18663,1,1,1.0
18664,18665,18665,2,2,2.0
18665,18666,18666,1,1,1.0
18665,18666,18666,1,1,1.0
18665,18666,18665,1,-1,1.0
18665,18666,18666,1,1,1.0
18665,18666,18666,1,1,1.0
18665,18666,18665,2,-2,2.0
18665,18666,18665,1,-1,1.0
18665,18666,18664,2,-2,2.0
18665,18666,18665,1,-1,1.0
18663,18664,18664,2,2,2.0
18663,18664,18665,1,1,-1.0
18664,18666,18664,12,-12,12.0
18664,18665,18664,3,-3,3.0
18664,18665,18664,1,-1,1.0
18664,18665,18664,1,-1,1.0
18663,18664,18663,1,-1,1.0
18663,18664,18663,1,-1,1.0
18663,18664,18663,1,-1,1.0
18663,18664,18663,2,-2,2.0
18662,18663,18662,1,-1,1.0
18662,18663,18663,1,1,1.0
18662,18663,18662,2,-2,2.0
18662,18663,18662,1,-1,1.0
18662,18663,18662,6,-6,6.0
18662,18663,18662,3,-3,3.0
18661,18662,18662,1,1,1.0
18661,18662,18662,1,1,1.0
18662,18663,18662,10,-10,10.0
18661,18662,18661,18,-18,18.0
18660,18662,18662,1,1,1.0
18661,18662,18661,1,-1,1.0
18661,18662,18662,1,1,1.0
18662,18663,18662,2,-2,2.0
18662,18663,18663,1,1,1.0
18662,18663,18662,2,-2,2.0
18662,18663,18662,3,-3,3.0
18661,18662,18661,1,-1,1.0
18661,18662,18661,2,-2,2.0
18660,18661,18661,1,1,1.0
18660,18661,18661,1,1,1.0
18660,18661,18660,2,-2,2.0
18660,18661,18660,5,-5,5.0
18660,18661,18660,2,-2,2.0
18660,18661,18660,5,-5,5.0
18660,18661,18660,1,-1,1.0
18660,18661,18660,1,-1,1.0
18659,18661,18659,2,-2,2.0
18659,18661,18659,4,-4,4.0
18659,18661,18659,1,-1,1.0
18659,18660,18660,2,2,2.0
18659,18661,18659,4,-4,4.0
18659,18661,18659,3,-3,3.0
18659,18660,18659,1,-1,1.0
18659,18660,18659,4,-4,4.0
18658,18660,18658,3,-3,3.0
18659,18660,18659,1,-1,1.0
18659,18660,18658,1,-1,1.0
18659,18660,18659,1,-1,1.0
18658,18659,18658,1,-1,1.0
18658,18659,18659,1,1,1.0
18658,18660,18658,2,-2,2.0
18658,18660,18658,4,-4,4.0
18658,18660,18658,2,-2,2.0
18659,18660,18660,1,1,1.0
18659,18660,18659,4,-4,4.0
18659,18660,18660,1,1,1.0
18659,18660,18660,1,1,1.0
18659,18660,18660,2,2,2.0
18659,18660,18660,1,1,1.0
18659,18660,18660,1,1,1.0
18659,18660,18660,1,1,1.0
18659,18660,18660,1,1,1.0
18659,18660,18660,1,1,1.0
18659,18660,18660,3,3,3.0
18659,18660,18660,1,1,1.0
18659,18660,18660,2,2,2.0
18660,18661,18660,2,-2,2.0
18660,18661,18661,1,1,1.0
18660,18661,18660,1,-1,1.0
18660,18661,18660,3,-3,3.0
18660,18661,18660,1,-1,1.0
18659,18661,18659,3,-3,3.0
18660,18661,18660,1,-1,1.0
18659,18660,18659,2,-2,2.0
18659,18660,18660,1,1,1.0
18659,18660,18659,3,-3,3.0
18659,18660,18660,3,3,3.0
18659,18660,18660,4,4,4.0
18659,18660,18660,1,1,1.0
18659,18660,18660,1,1,1.0
18659,18660,18660,1,1,1.0
18659,18660,18660,1,1,1.0
18659,18660,18659,2,-2,2.0
18659,18660,18659,11,-11,11.0
18658,18659,18658,1,-1,1.0
18658,18659,18658,2,-2,2.0
18658,18659,18659,1,1,1.0
18658,18659,18658,2,-2,2.0
18658,18659,18659,1,1,1.0
18658,18659,18659,1,1,1.0
18658,18659,18659,1,1,1.0
18658,18659,18659,1,1,1.0
18658,18659,18659,1,1,1.0
18658,18659,18658,2,-2,2.0
18658,18659,18658,10,-10,10.0
18658,18659,18658,1,-1,1.0
18658,18659,18658,2,-2,2.0
18658,18659,18659,1,1,1.0
18658,18659,18658,1,-1,1.0
18658,18659,18659,1,1,1.0
18658,18659,18659,1,1,1.0
18658,18659,18659,1,1,1.0
18658,18659,18659,1,1,1.0
18658,18659,18659,4,4,4.0
18659,18660,18659,2,-2,2.0
18659,18660,18660,11,11,11.0
18659,18660,18659,9,-9,9.0
18659,18660,18660,4,4,4.0
18658,18659,18659,1,1,1.0
18658,18659,18659,1,1,1.0
18658,18659,18659,1,1,1.0
18658,18659,18659,1,1,1.0
18658,18659,18659,1,1,1.0
18658,18659,18659,1,1,1.0
18658,18659,18659,1,1,1.0
18658,18659,18659,1,1,1.0
18658,18659,18659,1,1,1.0
18659,18660,18659,1,-1,1.0
18658,18659,18659,1,1,1.0
18658,18659,18658,1,-1,1.0
18658,18659,18658,2,-2,2.0
18658,18659,18658,3,-3,3.0
18658,18659,18658,4,-4,4.0
18658,18659,18658,6,-6,6.0
18657,18658,18657,4,-4,4.0
18657,18658,18657,1,-1,1.0
18657,18658,18657,6,-6,6.0
18657,18658,18657,2,-2,2.0
18657,18658,18657,4,-4,4.0
18657,18658,18657,1,-1,1.0
18657,18658,18657,4,-4,4.0
18657,18658,18657,4,-4,4.0
18657,18658,18657,1,-1,1.0
18657,18658,18657,5,-5,5.0
18657,18658,18657,1,-1,1.0
18657,18658,18657,1,-1,1.0
18657,18658,18657,2,-2,2.0
18657,18658,18657,1,-1,1.0
18657,18658,18657,2,-2,2.0
18656,18657,18656,1,-1,1.0
18656,18657,18656,1,-1,1.0
18656,18657,18656,2,-2,2.0
18656,18657,18656,6,-6,6.0
18656,18657,18656,1,-1,1.0
18656,18657,18656,9,-9,9.0
18656,18657,18656,1,-1,1.0
18656,18657,18655,1,-1,1.0
18655,18656,18655,1,-1,1.0
18655,18656,18655,1,-1,1.0
18655,18656,18655,6,-6,6.0
18655,18656,18655,1,-1,1.0
18655,18656,18655,1,-1,1.0
18655,18656,18655,1,-1,1.0
18655,18656,18655,2,-2,2.0
18655,18656,18655,1,-1,1.0
18655,18656,18655,1,-1,1.0
18655,18656,18655,1,-1,1.0
18655,18656,18656,1,1,1.0
18655,18656,18656,1,1,1.0
18655,18656,18656,1,1,1.0
18655,18656,18656,1,1,1.0
18655,18656,18656,1,1,1.0
18655,18656,18656,1,1,1.0
18655,18656,18656,1,1,1.0
18655,18656,18656,1,1,1.0
18655,18656,18656,1,1,1.0
18656,18657,18657,2,2,2.0
18656,18657,18656,1,-1,1.0
18656,18657,18656,3,-3,3.0
18656,18657,18656,1,-1,1.0
18655,18656,18656,1,1,1.0
18655,18656,18655,1,-1,1.0
18655,18656,18655,26,-26,26.0
18654,18655,18655,1,1,1.0
18654,18655,18654,2,-2,2.0
18654,18655,18654,1,-1,1.0
18654,18655,18654,6,-6,6.0
18654,18655,18654,3,-3,3.0
18654,18655,18655,2,2,2.0
18654,18655,18654,2,-2,2.0
18654,18655,18655,1,1,1.0
18654,18655,18654,2,-2,2.0
18654,18655,18654,2,-2,2.0
18654,18655,18654,3,-3,3.0
18654,18655,18655,11,11,11.0
18655,18656,18655,1,-1,1.0
18654,18655,18655,1,1,1.0
18654,18655,18654,14,-14,14.0
18654,18655,18654,2,-2,2.0
18654,18655,18654,1,-1,1.0
18654,18655,18654,1,-1,1.0
18654,18655,18653,2,-2,2.0
18653,18654,18653,1,-1,1.0
18653,18654,18653,1,-1,1.0
18653,18654,18653,2,-2,2.0
18652,18654,18654,3,3,3.0
18652,18653,18653,1,1,1.0
18653,18654,18654,1,1,1.0
18653,18654,18653,1,-1,1.0
18653,18654,18654,1,1,1.0
18653,18654,18653,1,-1,1.0
18652,18654,18652,3,-3,3.0
18652,18653,18652,2,-2,2.0
18652,18653,18652,1,-1,1.0
18652,18653,18652,2,-2,2.0
18652,18653,18652,4,-4,4.0
18652,18653,18652,4,-4,4.0
18652,18653,18652,5,-5,5.0
18652,18653,18653,6,6,6.0
18652,18653,18653,2,2,2.0
18652,18653,18653,1,1,1.0
18652,18653,18653,21,21,21.0
18652,18653,18653,8,8,8.0
18652,18653,18653,4,4,4.0
18652,18653,18653,2,2,2.0
18652,18653,18653,1,1,1.0
18653,18654,18654,6,6,6.0
18653,18654,18654,3,3,3.0
18654,18655,18655,1,1,1.0
18654,18655,18654,1,-1,1.0
18654,18655,18655,2,2,2.0
18654,18655,18655,1,1,1.0
18654,18655,18655,1,1,1.0
18654,18656,18654,2,-2,2.0
18655,18656,18655,2,-2,2.0
18654,18655,18655,1,1,1.0
18654,18655,18654,2,-2,2.0
18654,18655,18654,1,-1,1.0
18654,18655,18654,1,-1,1.0
18654,18655,18654,1,-1,1.0
18654,18655,18654,1,-1,1.0
18654,18655,18654,4,-4,4.0
18654,18655,18654,1,-1,1.0
18654,18655,18654,1,-1,1.0
18653,18654,18654,2,2,2.0
18653,18654,18654,2,2,2.0
18654,18655,18654,5,-5,5.0
18654,18655,18654,3,-3,3.0
18653,18654,18654,2,2,2.0
18654,18655,18654,1,-1,1.0
18654,18655,18654,10,-10,10.0
18654,18655,18655,2,2,2.0
18654,18655,18654,1,-1,1.0
18654,18655,18654,2,-2,2.0
18654,18655,18654,1,-1,1.0
18654,18655,18655,9,9,9.0
18654,18655,18655,1,1,1.0
18654,18655,18654,2,-2,2.0
18653,18654,18654,1,1,1.0
18653,18654,18654,4,4,4.0
18653,18654,18654,1,1,1.0
18653,18654,18653,1,-1,1.0
18653,18654,18653,1,-1,1.0
18653,18654,18653,13,-13,13.0
18652,18653,18652,2,-2,2.0
18652,18653,18652,2,-2,2.0
18652,18653,18651,1,-1,1.0
18652,18653,18652,1,-1,1.0
18652,18653,18651,2,-2,2.0
18652,18653,18651,2,-2,2.0
18652,18653,18651,4,-4,4.0
18652,18653,18651,2,-2,2.0
18652,18653,18651,2,-2,2.0
18652,18653,18651,4,-4,4.0
18652,18653,18651,6,-6,6.0
18652,18653,18651,2,-2,2.0
18652,18653,18651,2,-2,2.0
18652,18653,18651,2,-2,2.0
18652,18653,18651,2,-2,2.0
18651,18652,18651,2,-2,2.0
18651,18652,18651,2,-2,2.0
18651,18652,18651,2,-2,2.0
18651,18652,18651,2,-2,2.0
18651,18652,18651,2,-2,2.0
18651,18652,18651,2,-2,2.0
18651,18652,18651,2,-2,2.0
18651,18652,18651,1,-1,1.0
18651,18652,18651,1,-1,1.0
18650,18651,18651,1,1,1.0
18650,18651,18651,3,3,3.0
18651,18652,18651,2,-2,2.0
18651,18652,18651,1,-1,1.0
18651,18652,18652,1,1,1.0
18651,18652,18652,3,3,3.0
18652,18653,18652,3,-3,3.0
18650,18651,18650,1,-1,1.0
18650,18651,18651,1,1,1.0
18650,18651,18651,1,1,1.0
18650,18651,18650,6,-6,6.0
18650,18651,18650,1,-1,1.0
18650,18651,18650,2,-2,2.0
18650,18651,18650,2,-2,2.0
18650,18651,18650,4,-4,4.0
18650,18651,18650,2,-2,2.0
18650,18651,18650,1,-1,1.0
18650,18651,18650,1,-1,1.0
18650,18651,18650,1,-1,1.0
18650,18651,18650,3,-3,3.0
18650,18651,18650,6,-6,6.0
18650,18651,18650,4,-4,4.0
18650,18651,18650,2,-2,2.0
18650,18651,18650,6,-6,6.0
18650,18651,18650,1,-1,1.0
18650,18651,18650,1,-1,1.0
18650,18651,18650,2,-2,2.0
18650,18651,18650,9,-9,9.0
18649,18650,18649,8,-8,8.0
18649,18650,18649,1,-1,1.0
18649,18650,18649,1,-1,1.0
18649,18650,18649,1,-1,1.0
18649,18650,18650,3,3,3.0
18649,18650,18650,1,1,1.0
18650,18651,18650,12,-12,12.0
18650,18651,18650,2,-2,2.0
18650,18651,18650,2,-2,2.0
18650,18651,18651,2,2,2.0
18650,18651,18651,1,1,1.0
18650,18651,18651,4,4,4.0
18650,18651,18651,2,2,2.0
18650,18651,18651,1,1,1.0
18651,18652,18651,1,-1,1.0
18651,18652,18652,1,1,1.0
18651,18652,18652,1,1,1.0
18651,18652,18652,1,1,1.0
18651,18652,18652,1,1,1.0
18651,18652,18652,1,1,1.0
18651,18652,18652,1,1,1.0
18652,18653,18652,1,-1,1.0
18651,18653,18652,12,-12,12.0
18651,18653,18650,38,-38,38.0
18651,18653,18651,18,-18,18.0
18651,18653,18651,1,-1,1.0
18650,18651,18651,1,1,1.0
18650,18651,18651,4,4,4.0
18652,18653,18652,10,-10,10.0
18652,18653,18652,4,-4,4.0
18652,18653,18652,1,-1,1.0
18652,18653,18652,1,-1,1.0
18652,18653,18652,2,-2,2.0
18652,18653,18652,4,-4,4.0
18651,18652,18651,1,-1,1.0
18651,18652,18651,1,-1,1.0
18651,18652,18651,2,-2,2.0
18650,18652,18650,1,-1,1.0
18650,18651,18651,1,1,1.0
18650,18651,18651,1,1,1.0
18650,18651,18651,1,1,1.0
18650,18652,18650,1,-1,1.0
18651,18652,18651,1,-1,1.0
18651,18652,18651,1,-1,1.0
18651,18652,18651,1,-1,1.0
18651,18652,18651,3,-3,3.0
18651,18652,18652,1,1,1.0
18651,18652,18652,8,8,8.0
18652,18653,18652,4,-4,4.0
18652,18653,18653,1,1,1.0
18652,18653,18653,1,1,1.0
18652,18653,18653,1,1,1.0
18652,18653,18653,3,3,3.0
18652,18654,18654,3,3,3.0
18652,18654,18654,3,3,3.0
18653,18654,18653,1,-1,1.0
18652,18653,18651,1,-1,1.0
18652,18653,18652,1,-1,1.0
18651,18653,18651,2,-2,2.0
18651,18653,18651,1,-1,1.0
18652,18653,18652,1,-1,1.0
18652,18653,18652,6,-6,6.0
18651,18652,18652,3,3,3.0
18651,18652,18652,2,2,2.0
18651,18652,18652,3,3,3.0
18652,18653,18652,1,-1,1.0
18652,18653,18652,1,-1,1.0
18652,18653,18653,1,1,1.0
18653,18654,18654,1,1,1.0
18653,18654,18654,1,1,1.0
18653,18654,18654,1,1,1.0
18653,18654,18654,1,1,1.0
18653,18655,18655,3,3,3.0
18654,18655,18655,1,1,1.0
18654,18655,18655,3,3,3.0
18655,18657,18657,1,1,1.0
18656,18657,18657,2,2,2.0
18655,18657,18655,1,-1,1.0
18656,18657,18656,1,-1,1.0
18655,18656,18656,1,1,1.0
18656,18657,18657,1,1,1.0
18656,18657,18657,1,1,1.0
18656,18657,18657,1,1,1.0
18657,18658,18657,1,-1,1.0
18657,18658,18658,2,2,2.0
18657,18658,18658,4,4,4.0
18657,18658,18657,1,-1,1.0
18657,18658,18658,1,1,1.0
18657,18658,18659,1,1,-1.0
18658,18659,18658,1,-1,1.0
18658,18659,18659,4,4,4.0
18659,18660,18659,3,-3,3.0
18658,18659,18659,1,1,1.0
18659,18660,18659,1,-1,1.0
18659,18660,18659,1,-1,1.0
18659,18660,18658,1,-1,1.0
18659,18660,18659,2,-2,2.0
18657,18659,18659,5,5,5.0
18657,18659,18659,1,1,1.0
18658,18659,18660,1,1,-1.0
18658,18659,18659,4,4,4.0
18659,18660,18659,1,-1,1.0
18658,18659,18659,1,1,1.0
18659,18660,18660,1,1,1.0
18659,18660,18659,1,-1,1.0
18658,18659,18659,1,1,1.0
18658,18659,18657,9,-9,9.0
18658,18659,18658,1,-1,1.0
18658,18659,18658,1,-1,1.0
18657,18659,18657,1,-1,1.0
18657,18658,18658,1,1,1.0
18657,18658,18658,2,2,2.0
18657,18658,18658,1,1,1.0
18657,18658,18658,1,1,1.0
18657,18658,18658,1,1,1.0
18658,18659,18658,3,-3,3.0
18658,18659,18658,1,-1,1.0
18658,18659,18659,1,1,1.0
18658,18659,18659,1,1,1.0
18659,18660,18659,2,-2,2.0
18658,18660,18660,2,2,2.0
18658,18660,18658,3,-3,3.0
18658,18659,18658,1,-1,1.0
18657,18659,18659,1,1,1.0
18657,18659,18658,1,1,-1.0
18657,18658,18658,1,1,1.0
18657,18658,18658,2,2,2.0
18657,18659,18657,1,-1,1.0
18658,18659,18658,1,-1,1.0
18657,18659,18659,3,3,3.0
18657,18658,18657,1,-1,1.0
18657,18658,18657,1,-1,1.0
18656,18657,18657,1,1,1.0
18657,18658,18657,1,-1,1.0
18656,18658,18656,1,-1,1.0
18656,18657,18656,1,-1,1.0
18656,18657,18656,1,-1,1.0
18655,18657,18656,1,-1,1.0
18655,18657,18656,1,-1,1.0
18657,18658,18657,1,-1,1.0
18657,18658,18658,1,1,1.0
18657,18658,18658,1,1,1.0
18658,18659,18659,1,1,1.0
18658,18659,18658,2,-2,2.0
18657,18659,18658,2,-2,2.0
18657,18659,18658,1,-1,1.0
18658,18659,18659,1,1,1.0
18658,18659,18658,1,-1,1.0
18658,18659,18659,4,4,4.0
18658,18660,18658,1,-1,1.0
18658,18660,18658,1,-1,1.0
18658,18659,18659,1,1,1.0
18659,18660,18659,1,-1,1.0
18659,18660,18659,1,-1,1.0
18658,18659,18659,1,1,1.0
18658,18659,18659,1,1,1.0
18658,18659,18659,1,1,1.0
18658,18659,18660,1,1,-1.0
18658,18659,18659,1,1,1.0
18658,18660,18658,1,-1,1.0
18658,18659,18659,1,1,1.0
18658,18659,18659,1,1,1.0
18658,18660,18659,2,2,-2.0
18658,18659,18659,1,1,1.0
18659,18660,18660,1,1,1.0
18659,18660,18660,7,7,7.0
18659,18660,18660,3,3,3.0
18659,18660,18660,1,1,1.0
18659,18660,18660,1,1,1.0
18659,18660,18660,1,1,1.0
18659,18660,18660,9,9,9.0
18659,18660,18661,6,6,-6.0
18659,18660,18661,3,3,-3.0
18660,18661,18661,2,2,2.0
18660,18661,18662,1,1,-1.0
18660,18662,18662,3,3,3.0
18660,18662,18662,2,2,2.0
18661,18662,18662,6,6,6.0
18661,18662,18662,1,1,1.0
18661,18662,18662,1,1,1.0
18661,18662,18661,1,-1,1.0
18661,18662,18662,1,1,1.0
18661,18662,18662,1,1,1.0
18661,18662,18662,1,1,1.0
18661,18662,18662,9,9,9.0
18661,18662,18662,2,2,2.0
18661,18662,18662,1,1,1.0
18662,18663,18662,1,-1,1.0
18661,18663,18661,1,-1,1.0
18661,18662,18662,1,1,1.0
18662,18663,18662,1,-1,1.0
18661,18662,18662,6,6,6.0
18661,18662,18662,1,1,1.0
18661,18662,18661,1,-1,1.0
18661,18662,18661,1,-1,1.0
18661,18662,18662,10,10,10.0
18661,18663,18661,1,-1,1.0
18662,18663,18663,1,1,1.0
18662,18663,18662,1,-1,1.0
18661,18662,18661,1,-1,1.0
18661,18662,18662,1,1,1.0
18661,18662,18661,15,-15,15.0
18660,18661,18660,1,-1,1.0
18660,18661,18660,2,-2,2.0
18659,18660,18659,3,-3,3.0
18659,18660,18659,3,-3,3.0
18658,18660,18660,1,1,1.0
18659,18660,18660,1,1,1.0
18659,18660,18660,1,1,1.0
18659,18660,18660,3,3,3.0
18659,18661,18660,1,1,-1.0
18660,18662,18660,2,-2,2.0
18660,18661,18660,1,-1,1.0
18659,18660,18660,3,3,3.0
18659,18660,18660,2,2,2.0
18659,18660,18660,1,1,1.0
18660,18661,18660,1,-1,1.0
18660,18661,18660,1,-1,1.0
18660,18661,18660,4,-4,4.0
18660,18661,18661,2,2,2.0
18660,18661,18662,1,1,-1.0
18660,18662,18660,1,-1,1.0
18660,18661,18661,3,3,3.0
18661,18662,18661,1,-1,1.0
18661,18662,18662,2,2,2.0
18662,18663,18663,3,3,3.0
18662,18663,18662,1,-1,1.0
18661,18663,18662,1,-1,1.0
18661,18663,18662,1,-1,1.0
18661,18662,18662,1,1,1.0
18661,18663,18660,1,-1,1.0
18661,18663,18661,11,-11,11.0
18661,18662,18661,1,-1,1.0
18661,18662,18661,1,-1,1.0
18660,18662,18662,1,1,1.0
18660,18662,18662,1,1,1.0
18660,18662,18662,3,3,3.0
18660,18662,18662,1,1,1.0
18660,18662,18661,1,1,-1.0
18661,18662,18662,2,2,2.0
18661,18663,18662,2,2,-2.0
18661,18662,18661,1,-1,1.0
18661,18662,18662,2,2,2.0
18661,18662,18661,1,-1,1.0
18660,18661,18661,1,1,1.0
18660,18661,18662,2,2,-2.0
18660,18662,18660,1,-1,1.0
18661,18662,18661,1,-1,1.0
18661,18662,18661,1,-1,1.0
18661,18662,18661,1,-1,1.0
18661,18662,18661,1,-1,1.0
18661,18662,18661,1,-1,1.0
18661,18662,18661,1,-1,1.0
18660,18662,18661,1,-1,1.0
18660,18661,18661,3,3,3.0
18660,18661,18661,3,3,3.0
18660,18662,18660,1,-1,1.0
18660,18661,18660,1,-1,1.0
18661,18662,18662,3,3,3.0
18661,18662,18662,1,1,1.0
18661,18662,18662,1,1,1.0
18662,18663,18662,3,-3,3.0
18661,18663,18661,1,-1,1.0
18661,18662,18661,1,-1,1.0
18661,18662,18661,1,-1,1.0
18661,18662,18662,1,1,1.0
18661,18662,18661,1,-1,1.0
18661,18662,18661,1,-1,1.0
18661,18662,18661,1,-1,1.0
18661,18662,18661,1,-1,1.0
18661,18662,18662,1,1,1.0
18661,18662,18662,1,1,1.0
18662,18663,18663,1,1,1.0
18662,18663,18663,2,2,2.0
18662,18663,18663,1,1,1.0
18662,18663,18663,1,1,1.0
18662,18663,18663,10,10,10.0
18662,18663,18663,1,1,1.0
18662,18663,18663,2,2,2.0
18662,18663,18663,2,2,2.0
18662,18663,18663,1,1,1.0
18662,18663,18663,5,5,5.0
18662,18663,18663,8,8,8.0
18662,18664,18664,3,3,3.0
18663,18664,18664,1,1,1.0
18663,18664,18664,3,3,3.0
18663,18664,18664,1,1,1.0
18663,18664,18664,1,1,1.0
18663,18664,18664,1,1,1.0
18663,18664,18664,10,10,10.0
18664,18665,18665,3,3,3.0
18664,18665,18665,3,3,3.0
18664,18665,18665,4,4,4.0
18663,18665,18665,1,1,1.0
18663,18665,18665,1,1,1.0
18663,18665,18664,1,1,-1.0
18663,18664,18664,1,1,1.0
18664,18665,18664,1,-1,1.0
18664,18665,18665,1,1,1.0
18664,18665,18665,4,4,4.0
18664,18665,18665,4,4,4.0
18664,18665,18665,2,2,2.0
18664,18665,18665,1,1,1.0
18664,18665,18664,1,-1,1.0
18662,18664,18664,3,3,3.0
18662,18664,18664,1,1,1.0
18662,18664,18664,3,3,3.0
18662,18664,18664,2,2,2.0
18662,18664,18665,1,1,-1.0
18663,18665,18663,1,-1,1.0
18664,18665,18664,1,-1,1.0
18664,18665,18664,5,-5,5.0
18664,18665,18664,2,-2,2.0
18664,18665,18665,5,5,5.0
18665,18666,18665,3,-3,3.0
18664,18665,18665,1,1,1.0
18664,18665,18665,2,2,2.0
18665,18666,18665,1,-1,1.0
18665,18666,18665,2,-2,2.0
18664,18665,18665,1,1,1.0
18664,18665,18664,1,-1,1.0
18663,18665,18663,1,-1,1.0
18663,18665,18663,2,-2,2.0
18663,18664,18664,1,1,1.0
18663,18665,18664,1,1,-1.0
18662,18664,18662,1,-1,1.0
18663,18664,18663,1,-1,1.0
18662,18663,18662,1,-1,1.0
18662,18664,18662,1,-1,1.0
18662,18663,18662,1,-1,1.0
18662,18663,18663,2,2,2.0
18663,18664,18663,1,-1,1.0
18663,18664,18663,1,-1,1.0
18663,18664,18663,1,-1,1.0
18663,18664,18663,1,-1,1.0
18662,18663,18662,6,-6,6.0
18662,18664,18662,1,-1,1.0
18662,18664,18662,2,-2,2.0
18662,18664,18662,1,-1,1.0
18662,18663,18663,1,1,1.0
18663,18664,18663,1,-1,1.0
18663,18664,18663,1,-1,1.0
18662,18663,18663,1,1,1.0
18662,18664,18664,1,1,1.0
18663,18664,18663,1,-1,1.0
18663,18664,18664,3,3,3.0
18663,18664,18664,1,1,1.0
18663,18664,18663,1,-1,1.0
18662,18664,18662,1,-1,1.0
18662,18664,18662,2,-2,2.0
18662,18663,18662,2,-2,2.0
18662,18663,18662,1,-1,1.0
18662,18663,18662,2,-2,2.0
18661,18662,18661,1,-1,1.0
18661,18662,18661,3,-3,3.0
18660,18661,18660,8,-8,8.0
18660,18661,18660,1,-1,1.0
18660,18661,18660,2,-2,2.0
18659,18660,18660,1,1,1.0
18659,18660,18659,1,-1,1.0
18659,18660,18660,10,10,10.0
18660,18661,18660,1,-1,1.0
18660,18661,18660,2,-2,2.0
18660,18661,18660,1,-1,1.0
18660,18661,18660,2,-2,2.0
18660,18661,18660,1,-1,1.0
18660,18661,18660,2,-2,2.0
18660,18661,18660,1,-1,1.0
18660,18661,18660,1,-1,1.0
18659,18661,18659,1,-1,1.0
18660,18661,18660,1,-1,1.0
18660,18661,18660,1,-1,1.0
18659,18660,18660,2,2,2.0
18660,18661,18661,3,3,3.0
18661,18662,18661,1,-1,1.0
18661,18662,18661,1,-1,1.0
18661,18662,18662,1,1,1.0
18661,18662,18663,1,1,-1.0
18662,18663,18663,2,2,2.0
18662,18663,18663,1,1,1.0
18662,18663,18661,5,-5,5.0
18662,18663,18662,3,-3,3.0
18661,18662,18661,10,-10,10.0
18661,18662,18661,2,-2,2.0
18661,18662,18662,3,3,3.0
18661,18662,18661,1,-1,1.0
18661,18662,18661,2,-2,2.0
18660,18661,18661,1,1,1.0
18659,18660,18660,1,1,1.0
18660,18661,18660,1,-1,1.0
18660,18661,18661,1,1,1.0
18661,18662,18662,2,2,2.0
18661,18662,18663,1,1,-1.0
18661,18663,18663,3,3,3.0
18662,18663,18663,3,3,3.0
18662,18663,18662,1,-1,1.0
18662,18663,18662,1,-1,1.0
18661,18663,18661,1,-1,1.0
18662,18663,18662,1,-1,1.0
18661,18662,18661,1,-1,1.0
18661,18662,18662,3,3,3.0
18661,18662,18661,1,-1,1.0
18661,18662,18662,1,1,1.0
18661,18662,18662,1,1,1.0
18661,18663,18663,3,3,3.0
18662,18663,18662,1,-1,1.0
18662,18663,18663,1,1,1.0
18662,18663,18663,5,5,5.0
18662,18664,18663,1,1,-1.0
18663,18664,18664,2,2,2.0
18663,18665,18665,3,3,3.0
18663,18665,18665,1,1,1.0
18664,18665,18664,2,-2,2.0
18664,18665,18664,3,-3,3.0
18664,18665,18664,1,-1,1.0
18663,18664,18663,5,-5,5.0
18662,18664,18663,1,-1,1.0
18662,18663,18663,2,2,2.0
18662,18664,18662,1,-1,1.0
18662,18664,18664,2,2,2.0
18662,18664,18664,3,3,3.0
18663,18664,18664,1,1,1.0
18663,18664,18663,1,-1,1.0
18663,18664,18664,2,2,2.0
18663,18664,18663,1,-1,1.0
18663,18664,18663,1,-1,1.0
18663,18664,18663,1,-1,1.0
18663,18664,18664,1,1,1.0
18663,18664,18664,2,2,2.0
18663,18664,18665,1,1,-1.0
18664,18665,18665,2,2,2.0
18664,18665,18664,1,-1,1.0
18664,18665,18664,1,-1,1.0
18664,18665,18664,1,-1,1.0
18664,18665,18665,1,1,1.0
18664,18665,18665,2,2,2.0
18664,18665,18665,15,15,15.0
18664,18666,18666,3,3,3.0
18664,18666,18666,1,1,1.0
18665,18666,18666,1,1,1.0
18665,18666,18666,1,1,1.0
18665,18666,18666,1,1,1.0
18665,18666,18666,1,1,1.0
18665,18666,18666,1,1,1.0
18665,18666,18666,1,1,1.0
18665,18666,18666,1,1,1.0
18665,18666,18666,1,1,1.0
18665,18666,18666,1,1,1.0
18665,18666,18666,1,1,1.0
18665,18666,18666,1,1,1.0
18665,18666,18666,1,1,1.0
18665,18666,18666,1,1,1.0
18665,18666,18666,1,1,1.0
18665,18666,18666,6,6,6.0
18665,18666,18667,1,1,-1.0
18665,18667,18667,1,1,1.0
18665,18667,18667,1,1,1.0
18665,18667,18667,1,1,1.0
18665,18667,18667,1,1,1.0
18665,18667,18667,1,1,1.0
18665,18667,18667,1,1,1.0
18665,18667,18667,1,1,1.0
18665,18667,18667,1,1,1.0
18665,18667,18667,1,1,1.0
18665,18667,18667,1,1,1.0
18665,18667,18667,1,1,1.0
18665,18667,18667,1,1,1.0
18665,18667,18667,1,1,1.0
18665,18667,18667,1,1,1.0
18665,18667,18667,1,1,1.0
18665,18667,18667,1,1,1.0
18665,18667,18667,1,1,1.0
18666,18667,18666,3,-3,3.0
18666,18667,18666,1,-1,1.0
18665,18667,18667,10,10,10.0
18665,18667,18667,3,3,3.0
18666,18667,18667,1,1,1.0
18666,18667,18666,1,-1,1.0
18666,18667,18666,1,-1,1.0
18666,18667,18666,1,-1,1.0
18666,18667,18667,1,1,1.0
18666,18667,18666,2,-2,2.0
18665,18667,18667,1,1,1.0
18665,18666,18666,3,3,3.0
18666,18667,18666,1,-1,1.0
18665,18666,18666,1,1,1.0
18665,18666,18666,1,1,1.0
18665,18666,18666,1,1,1.0
18665,18666,18665,1,-1,1.0
18665,18666,18665,1,-1,1.0
18665,18666,18666,1,1,1.0
18666,18667,18667,3,3,3.0
18665,18667,18665,1,-1,1.0
18665,18667,18667,1,1,1.0
18666,18667,18667,1,1,1.0
18666,18667,18667,1,1,1.0
18666,18667,18667,1,1,1.0
18666,18667,18667,2,2,2.0
18666,18667,18667,1,1,1.0
18666,18667,18667,1,1,1.0
18666,18667,18667,1,1,1.0
18667,18668,18667,5,-5,5.0
18666,18668,18668,1,1,1.0
18666,18668,18667,1,1,-1.0
18666,18668,18668,1,1,1.0
18666,18668,18667,4,4,-4.0
18666,18667,18666,1,-1,1.0
18666,18667,18667,3,3,3.0
18666,18667,18666,1,-1,1.0
18665,18666,18666,1,1,1.0
18666,18667,18667,1,1,1.0
18666,18667,18667,1,1,1.0
18666,18667,18667,1,1,1.0
18666,18667,18667,2,2,2.0
18666,18667,18666,1,-1,1.0
18666,18667,18667,3,3,3.0
18666,18667,18666,1,-1,1.0
18666,18667,18666,1,-1,1.0
18666,18667,18666,1,-1,1.0
18666,18667,18666,1,-1,1.0
18666,18667,18666,1,-1,1.0
18666,18667,18666,1,-1,1.0
18666,18667,18666,3,-3,3.0
18666,18667,18666,1,-1,1.0
18666,18667,18666,2,-2,2.0
18665,18666,18666,1,1,1.0
18666,18667,18666,1,-1,1.0
18665,18667,18665,1,-1,1.0
18665,18666,18665,1,-1,1.0
18665,18666,18665,1,-1,1.0
18665,18666,18665,1,-1,1.0
18665,18666,18665,1,-1,1.0
18665,18666,18665,1,-1,1.0
18665,18666,18666,1,1,1.0
18665,18666,18666,1,1,1.0
18666,18667,18666,1,-1,1.0
18665,18666,18665,2,-2,2.0
18664,18665,18665,2,2,2.0
18664,18665,18665,2,2,2.0
18664,18666,18665,1,1,-1.0
18664,18666,18665,1,1,-1.0
18664,18665,18664,1,-1,1.0
18664,18665,18664,1,-1,1.0
18664,18665,18664,1,-1,1.0
18663,18664,18663,1,-1,1.0
18663,18665,18663,1,-1,1.0
18663,18665,18664,1,-1,1.0
18664,18665,18664,3,-3,3.0
18664,18665,18665,2,2,2.0
18665,18666,18666,1,1,1.0
18665,18666,18666,1,1,1.0
18665,18666,18666,2,2,2.0
18665,18666,18666,1,1,1.0
18666,18667,18666,1,-1,1.0
18665,18666,18666,2,2,2.0
18665,18666,18665,2,-2,2.0
18665,18666,18665,1,-1,1.0
18665,18666,18665,1,-1,1.0
18665,18666,18665,1,-1,1.0
18664,18665,18665,1,1,1.0
18664,18665,18664,1,-1,1.0
18664,18665,18664,1,-1,1.0
18664,18665,18665,2,2,2.0
18664,18665,18664,1,-1,1.0
18664,18665,18664,1,-1,1.0
18664,18665,18664,1,-1,1.0
18664,18665,18664,3,-3,3.0
18664,18665,18665,3,3,3.0
18664,18665,18664,1,-1,1.0
18664,18665,18665,1,1,1.0
18664,18665,18665,1,1,1.0
18665,18666,18665,1,-1,1.0
18665,18666,18665,1,-1,1.0
18664,18666,18666,1,1,1.0
18664,18666,18666,3,3,3.0
18665,18666,18665,1,-1,1.0
18664,18665,18664,1,-1,1.0
18664,18665,18664,1,-1,1.0
18663,18664,18664,1,1,1.0
18663,18664,18664,1,1,1.0
18663,18664,18664,2,2,2.0
18663,18664,18664,1,1,1.0
18663,18664,18664,1,1,1.0
18663,18664,18664,1,1,1.0
18664,18665,18665,1,1,1.0
18664,18665,18664,1,-1,1.0
18664,18665,18664,1,-1,1.0
18663,18665,18663,2,-2,2.0
18663,18665,18663,1,-1,1.0
18663,18665,18663,8,-8,8.0
18663,18664,18664,1,1,1.0
18663,18664,18663,3,-3,3.0
18662,18664,18662,1,-1,1.0
18662,18663,18662,1,-1,1.0
18662,18663,18662,1,-1,1.0
18662,18663,18662,5,-5,5.0
18662,18663,18662,2,-2,2.0
18662,18663,18662,1,-1,1.0
18662,18663,18662,2,-2,2.0
18661,18662,18662,1,1,1.0
18662,18663,18662,1,-1,1.0
18662,18663,18662,1,-1,1.0
18662,18663,18662,2,-2,2.0
18661,18663,18663,3,3,3.0
18661,18663,18662,1,1,-1.0
18661,18662,18661,1,-1,1.0
18661,18662,18661,1,-1,1.0
18661,18662,18661,1,-1,1.0
18661,18662,18661,1,-1,1.0
18661,18662,18661,1,-1,1.0
18661,18662,18660,1,-1,1.0
18661,18662,18661,3,-3,3.0
18660,18661,18660,1,-1,1.0
18660,18661,18660,2,-2,2.0
18660,18661,18660,1,-1,1.0
18660,18661,18661,2,2,2.0
18660,18662,18662,3,3,3.0
18661,18662,18662,1,1,1.0
18661,18662,18661,2,-2,2.0
18661,18662,18661,2,-2,2.0
18660,18661,18661,1,1,1.0
18660,18662,18660,3,-3,3.0
18660,18661,18660,1,-1,1.0
18660,18661,18660,2,-2,2.0
18660,18661,18661,2,2,2.0
18660,18661,18661,1,1,1.0
18660,18661,18661,1,1,1.0
18660,18662,18660,2,-2,2.0
18660,18662,18660,1,-1,1.0
18660,18661,18661,1,1,1.0
18659,18661,18661,1,1,1.0
18661,18662,18661,1,-1,1.0
18660,18661,18660,2,-2,2.0
18660,18661,18661,1,1,1.0
18661,18662,18661,1,-1,1.0
18661,18662,18661,1,-1,1.0
18661,18662,18662,3,3,3.0
18661,18662,18661,3,-3,3.0
18661,18662,18662,2,2,2.0
18661,18662,18661,2,-2,2.0
18661,18662,18662,1,1,1.0
18661,18663,18663,1,1,1.0
18662,18663,18663,2,2,2.0
18662,18663,18663,1,1,1.0
18662,18664,18664,1,1,1.0
18663,18664,18663,2,-2,2.0
18663,18664,18663,3,-3,3.0
18663,18664,18663,1,-1,1.0
18663,18664,18663,1,-1,1.0
18662,18663,18662,1,-1,1.0
18663,18664,18663,1,-1,1.0
18663,18664,18663,1,-1,1.0
18662,18664,18662,1,-1,1.0
18662,18663,18662,1,-1,1.0
18662,18664,18662,2,-2,2.0
18663,18664,18664,1,1,1.0
18664,18665,18664,1,-1,1.0
18664,18665,18664,1,-1,1.0
18664,18665,18664,3,-3,3.0
18662,18664,18664,1,1,1.0
18662,18664,18664,1,1,1.0
18663,18664,18664,1,1,1.0
18663,18664,18664,1,1,1.0
18663,18664,18664,1,1,1.0
18663,18665,18665,1,1,1.0
18663,18665,18665,1,1,1.0
18663,18665,18665,1,1,1.0
18663,18665,18665,1,1,1.0
18663,18665,18665,1,1,1.0
18663,18665,18664,1,1,-1.0
18663,18665,18665,1,1,1.0
18663,18665,18665,1,1,1.0
18663,18665,18665,1,1,1.0
18663,18665,18665,1,1,1.0
18664,18665,18665,1,1,1.0
18664,18665,18665,1,1,1.0
18664,18665,18664,1,-1,1.0
18664,18665,18665,2,2,2.0
18664,18665,18664,1,-1,1.0
18665,18666,18665,1,-1,1.0
18665,18666,18665,1,-1,1.0
18665,18666,18665,1,-1,1.0
18665,18666,18665,1,-1,1.0
18665,18666,18666,1,1,1.0
18665,18666,18666,2,2,2.0
18665,18666,18665,1,-1,1.0
18665,18666,18665,1,-1,1.0
18665,18666,18666,4,4,4.0
18665,18666,18665,1,-1,1.0
18665,18666,18666,1,1,1.0
18665,18666,18666,1,1,1.0
18665,18666,18666,11,11,11.0
18665,18666,18666,1,1,1.0
18665,18667,18667,1,1,1.0
18665,18667,18667,1,1,1.0
18666,18667,18667,3,3,3.0
18666,18667,18666,1,-1,1.0
18666,18667,18666,1,-1,1.0
18666,18667,18666,1,-1,1.0
18665,18666,18666,1,1,1.0
18665,18666,18666,1,1,1.0
18665,18666,18666,2,2,2.0
18666,18667,18667,2,2,2.0
18666,18667,18667,2,2,2.0
18666,18667,18666,4,-4,4.0
18666,18667,18666,1,-1,1.0
18666,18667,18666,1,-1,1.0
18665,18666,18665,6,-6,6.0
18665,18666,18666,1,1,1.0
18665,18666,18665,1,-1,1.0
18665,18666,18665,1,-1,1.0
18664,18666,18666,2,2,2.0
18664,18666,18666,2,2,2.0
18664,18666,18664,2,-2,2.0
18664,18666,18664,1,-1,1.0
18664,18665,18664,1,-1,1.0
18664,18666,18664,1,-1,1.0
18664,18666,18664,1,-1,1.0
18663,18665,18665,4,4,4.0
18663,18664,18664,1,1,1.0
18663,18664,18665,1,1,-1.0
18663,18664,18663,2,-2,2.0
18662,18663,18663,4,4,4.0
18663,18664,18663,1,-1,1.0
18663,18665,18663,1,-1,1.0
18663,18665,18663,1,-1,1.0
18663,18665,18663,1,-1,1.0
18663,18664,18664,2,2,2.0
18664,18665,18664,1,-1,1.0
18663,18665,18663,1,-1,1.0
18663,18664,18664,1,1,1.0
18663,18664,18664,2,2,2.0
18664,18665,18664,1,-1,1.0
18664,18665,18665,2,2,2.0
18664,18666,18665,1,1,-1.0
18664,18666,18665,1,1,-1.0
18665,18666,18665,1,-1,1.0
18664,18665,18665,1,1,1.0
18663,18665,18664,1,1,-1.0
18663,18665,18665,1,1,1.0
18663,18665,18663,1,-1,1.0
18663,18665,18665,2,2,2.0
18663,18665,18663,1,-1,1.0
18663,18665,18663,2,-2,2.0
18664,18665,18665,1,1,1.0
18664,18665,18665,2,2,2.0
18664,18665,18665,1,1,1.0
18664,18665,18665,2,2,2.0
18664,18665,18665,2,2,2.0
18665,18666,18665,1,-1,1.0
18665,18666,18665,1,-1,1.0
18665,18666,18665,2,-2,2.0
18665,18666,18665,1,-1,1.0
18664,18666,18664,1,-1,1.0
18664,18665,18665,1,1,1.0
18664,18666,18664,8,-8,8.0
18664,18665,18664,1,-1,1.0
18664,18665,18665,2,2,2.0
18664,18665,18665,1,1,1.0
18665,18666,18665,1,-1,1.0
18665,18666,18666,10,10,10.0
18664,18666,18666,18,18,18.0
18664,18666,18666,1,1,1.0
18664,18665,18664,2,-2,2.0
18664,18665,18664,2,-2,2.0
18664,18665,18664,2,-2,2.0
18663,18664,18663,1,-1,1.0
18663,18664,18663,2,-2,2.0
18662,18663,18662,3,-3,3.0
18662,18663,18662,1,-1,1.0
18662,18663,18662,1,-1,1.0
18661,18662,18662,5,5,5.0
18661,18662,18661,3,-3,3.0
18661,18662,18662,1,1,1.0
18661,18662,18662,1,1,1.0
18662,18663,18662,1,-1,1.0
18662,18663,18662,3,-3,3.0
18661,18662,18661,11,-11,11.0
18660,18661,18660,2,-2,2.0
18660,18661,18661,1,1,1.0
18660,18661,18660,3,-3,3.0
18660,18661,18661,1,1,1.0
18660,18661,18661,1,1,1.0
18660,18661,18661,1,1,1.0
18660,18661,18660,9,-9,9.0
18659,18660,18659,1,-1,1.0
18659,18660,18659,1,-1,1.0
18659,18660,18659,1,-1,1.0
18659,18660,18659,19,-19,19.0
18659,18660,18659,1,-1,1.0
18659,18660,18659,2,-2,2.0
18659,18660,18659,1,-1,1.0
18658,18659,18659,1,1,1.0
18658,18659,18659,1,1,1.0
18658,18659,18658,4,-4,4.0
18658,18659,18659,1,1,1.0
18659,18660,18659,2,-2,2.0
18659,18660,18659,1,-1,1.0
18659,18660,18658,4,-4,4.0
18659,18660,18659,2,-2,2.0
18658,18659,18658,1,-1,1.0
18658,18659,18658,1,-1,1.0
18658,18659,18659,1,1,1.0
18658,18659,18659,2,2,2.0
18658,18659,18659,1,1,1.0
18658,18660,18659,1,1,-1.0
18659,18660,18659,3,-3,3.0
18659,18660,18659,1,-1,1.0
18659,18660,18659,3,-3,3.0
18658,18659,18659,1,1,1.0
18658,18659,18658,3,-3,3.0
18658,18659,18658,1,-1,1.0
18658,18659,18659,4,4,4.0
18658,18659,18659,1,1,1.0
18658,18659,18659,2,2,2.0
18658,18659,18659,1,1,1.0
18659,18660,18659,4,-4,4.0
18659,18660,18658,2,-2,2.0
18659,18660,18659,1,-1,1.0
18659,18660,18659,1,-1,1.0
18659,18660,18660,5,5,5.0
18659,18660,18660,2,2,2.0
18660,18661,18660,1,-1,1.0
18660,18661,18659,3,-3,3.0
18659,18660,18660,2,2,2.0
18659,18660,18660,5,5,5.0
18659,18660,18660,1,1,1.0
18659,18660,18660,1,1,1.0
18659,18660,18660,1,1,1.0
18659,18660,18660,1,1,1.0
18659,18660,18660,16,16,16.0
18660,18661,18660,1,-1,1.0
18660,18661,18660,1,-1,1.0
18660,18661,18661,1,1,1.0
18660,18662,18660,1,-1,1.0
18660,18662,18660,1,-1,1.0
18660,18661,18660,1,-1,1.0
18661,18662,18661,2,-2,2.0
18660,18662,18660,11,-11,11.0
18659,18660,18659,1,-1,1.0
18660,18661,18661,2,2,2.0
18660,18662,18660,1,-1,1.0
18661,18662,18661,1,-1,1.0
18661,18662,18661,1,-1,1.0
18661,18662,18661,1,-1,1.0
18661,18662,18661,1,-1,1.0
18660,18662,18660,1,-1,1.0
18660,18662,18660,2,-2,2.0
18660,18661,18661,1,1,1.0
18660,18661,18661,1,1,1.0
18661,18662,18661,1,-1,1.0
18661,18662,18662,1,1,1.0
18661,18662,18661,1,-1,1.0
18661,18662,18662,1,1,1.0
18661,18662,18661,1,-1,1.0
18661,18662,18661,2,-2,2.0
18660,18661,18660,1,-1,1.0
18660,18661,18661,1,1,1.0
18660,18661,18660,1,-1,1.0
18660,18661,18660,1,-1,1.0
18660,18661,18660,2,-2,2.0
18659,18660,18659,1,-1,1.0
18659,18660,18659,1,-1,1.0
18659,18660,18659,2,-2,2.0
18659,18660,18659,7,-7,7.0
18658,18659,18658,2,-2,2.0
18658,18659,18658,1,-1,1.0
18658,18659,18658,1,-1,1.0
18658,18659,18658,3,-3,3.0
18658,18659,18659,1,1,1.0
18658,18659,18659,1,1,1.0
18658,18659,18659,1,1,1.0
18659,18660,18659,1,-1,1.0
18659,18660,18659,1,-1,1.0
18659,18660,18659,3,-3,3.0
18659,18660,18659,1,-1,1.0
18659,18660,18659,1,-1,1.0
18659,18660,18659,3,-3,3.0
18659,18660,18659,1,-1,1.0
18659,18660,18660,2,2,2.0
18659,18660,18660,1,1,1.0
18659,18661,18659,3,-3,3.0
18659,18661,18659,3,-3,3.0
18659,18661,18659,3,-3,3.0
18659,18660,18660,1,1,1.0
18659,18660,18660,1,1,1.0
18659,18660,18660,1,1,1.0
18660,18661,18660,2,-2,2.0
18660,18661,18659,1,-1,1.0
18660,18661,18660,1,-1,1.0
18659,18661,18659,1,-1,1.0
18659,18660,18660,1,1,1.0
18659,18660,18660,2,2,2.0
18659,18660,18660,1,1,1.0
18659,18660,18660,1,1,1.0
18660,18661,18661,1,1,1.0
18660,18662,18660,15,-15,15.0
18660,18661,18660,3,-3,3.0
18659,18660,18660,1,1,1.0
18660,18662,18660,4,-4,4.0
18659,18660,18659,2,-2,2.0
18659,18660,18659,3,-3,3.0
18658,18659,18658,1,-1,1.0
18658,18660,18658,2,-2,2.0
18658,18660,18660,1,1,1.0
18658,18660,18659,1,1,-1.0
18659,18660,18660,1,1,1.0
18659,18661,18660,2,2,-2.0
18659,18661,18659,2,-2,2.0
18659,18660,18659,2,-2,2.0
18658,18659,18659,1,1,1.0
18658,18659,18659,1,1,1.0
18659,18660,18658,2,-2,2.0
18659,18660,18659,1,-1,1.0
18658,18660,18660,1,1,1.0
18658,18659,18659,1,1,1.0
18659,18660,18660,1,1,1.0
18659,18660,18660,1,1,1.0
18660,18661,18660,1,-1,1.0
18660,18661,18661,1,1,1.0
18660,18661,18660,3,-3,3.0
18659,18661,18661,3,3,3.0
18661,18662,18661,1,-1,1.0
18661,18662,18661,2,-2,2.0
18660,18662,18662,1,1,1.0
18661,18662,18661,1,-1,1.0
18660,18662,18660,1,-1,1.0
18660,18662,18660,1,-1,1.0
18660,18662,18660,12,-12,12.0
18660,18662,18660,1,-1,1.0
18660,18661,18660,1,-1,1.0
18660,18661,18660,1,-1,1.0
18660,18661,18661,1,1,1.0
18660,18661,18661,1,1,1.0
18661,18662,18662,1,1,1.0
18661,18663,18662,1,1,-1.0
18661,18663,18661,1,-1,1.0
18661,18663,18661,1,-1,1.0
18662,18663,18663,1,1,1.0
18662,18663,18662,1,-1,1.0
18662,18663,18663,3,3,3.0
18662,18663,18663,1,1,1.0
18662,18663,18663,1,1,1.0
18662,18664,18664,1,1,1.0
18662,18664,18664,1,1,1.0
18662,18663,18662,1,-1,1.0
18662,18663,18662,1,-1,1.0
18661,18663,18663,4,4,4.0
18662,18663,18662,1,-1,1.0
18661,18662,18661,1,-1,1.0
18661,18662,18662,1,1,1.0
18661,18662,18662,1,1,1.0
18661,18662,18662,1,1,1.0
18661,18662,18661,1,-1,1.0
18660,18662,18660,3,-3,3.0
18660,18661,18660,1,-1,1.0
18660,18661,18661,1,1,1.0
18660,18661,18661,1,1,1.0
18661,18662,18662,1,1,1.0
18662,18663,18663,1,1,1.0
18662,18664,18664,6,6,6.0
18662,18664,18664,1,1,1.0
18663,18664,18663,1,-1,1.0
18662,18664,18664,1,1,1.0
18663,18664,18663,1,-1,1.0
18662,18664,18664,1,1,1.0
18662,18664,18663,1,1,-1.0
18662,18663,18663,1,1,1.0
18662,18663,18663,1,1,1.0
18662,18663,18663,1,1,1.0
18663,18664,18663,2,-2,2.0
18663,18664,18663,1,-1,1.0
18663,18664,18663,1,-1,1.0
18663,18664,18663,1,-1,1.0
18663,18664,18663,1,-1,1.0
18663,18664,18663,2,-2,2.0
18663,18664,18663,1,-1,1.0
18663,18664,18663,1,-1,1.0
18662,18663,18662,2,-2,2.0
18661,18662,18662,1,1,1.0
18662,18664,18662,1,-1,1.0
18663,18664,18663,1,-1,1.0
18662,18664,18664,2,2,2.0
18662,18664,18662,3,-3,3.0
18662,18664,18663,1,-1,1.0
18662,18664,18663,1,-1,1.0
18663,18664,18664,4,4,4.0
18663,18664,18664,4,4,4.0
18663,18664,18663,1,-1,1.0
18663,18664,18663,2,-2,2.0
18663,18664,18663,1,-1,1.0
18662,18663,18662,1,-1,1.0
18661,18663,18661,1,-1,1.0
18661,18663,18663,1,1,1.0
18661,18663,18661,1,-1,1.0
18661,18663,18661,1,-1,1.0
18662,18663,18662,1,-1,1.0
18662,18663,18663,1,1,1.0
18662,18663,18663,2,2,2.0
18662,18663,18663,2,2,2.0
18662,18663,18663,2,2,2.0
18662,18663,18663,3,3,3.0
18662,18663,18664,3,3,-3.0
18662,18663,18664,2,2,-2.0
18662,18663,18664,2,2,-2.0
18662,18663,18664,4,4,-4.0
18662,18663,18664,2,2,-2.0
18662,18663,18664,2,2,-2.0
18662,18663,18664,2,2,-2.0
18662,18664,18664,2,2,2.0
18662,18664,18664,2,2,2.0
18662,18664,18664,1,1,1.0
18662,18664,18664,2,2,2.0
18662,18664,18664,2,2,2.0
18662,18664,18664,2,2,2.0
18662,18664,18664,2,2,2.0
18662,18664,18664,2,2,2.0
18662,18664,18665,2,2,-2.0
18662,18664,18665,2,2,-2.0
18662,18664,18664,1,1,1.0
18662,18664,18665,1,1,-1.0
18662,18664,18665,4,4,-4.0
18663,18665,18665,1,1,1.0
18663,18665,18665,1,1,1.0
18662,18663,18663,1,1,1.0
18662,18663,18663,2,2,2.0
18662,18664,18662,1,-1,1.0
18662,18664,18662,1,-1,1.0
18663,18664,18664,1,1,1.0
18663,18665,18665,1,1,1.0
18663,18664,18664,1,1,1.0
18663,18664,18663,1,-1,1.0
18662,18663,18663,1,1,1.0
18662,18664,18664,14,14,14.0
18663,18665,18665,14,14,14.0
18664,18665,18665,2,2,2.0
18664,18665,18664,2,-2,2.0
18663,18664,18663,4,-4,4.0
18663,18664,18663,1,-1,1.0
18663,18664,18663,1,-1,1.0
18663,18664,18663,1,-1,1.0
18663,18664,18664,1,1,1.0
18663,18664,18664,3,3,3.0
18663,18665,18663,14,-14,14.0
18662,18663,18662,1,-1,1.0
18662,18663,18662,6,-6,6.0
18662,18663,18662,1,-1,1.0
18661,18662,18662,1,1,1.0
18661,18662,18661,1,-1,1.0
18661,18662,18661,4,-4,4.0
18661,18663,18663,1,1,1.0
18661,18663,18661,3,-3,3.0
18661,18663,18663,3,3,3.0
18661,18663,18661,3,-3,3.0
18661,18662,18661,2,-2,2.0
18660,18661,18661,1,1,1.0
18660,18662,18661,3,3,-3.0
18660,18661,18661,1,1,1.0
18660,18662,18660,1,-1,1.0
18660,18661,18661,2,2,2.0
18661,18662,18661,3,-3,3.0
18660,18661,18661,1,1,1.0
18660,18661,18661,1,1,1.0
18660,18662,18662,1,1,1.0
18660,18661,18661,1,1,1.0
18660,18661,18661,1,1,1.0
18660,18661,18661,1,1,1.0
18660,18661,18661,1,1,1.0
18660,18661,18661,1,1,1.0
18661,18662,18661,1,-1,1.0
18660,18661,18660,6,-6,6.0
18660,18661,18660,3,-3,3.0
18660,18661,18660,19,-19,19.0
18659,18660,18660,1,1,1.0
18660,18661,18661,1,1,1.0
18660,18661,18660,14,-14,14.0
18660,18661,18661,7,7,7.0
18661,18662,18661,1,-1,1.0
18661,18662,18661,3,-3,3.0
18661,18662,18661,2,-2,2.0
18661,18662,18661,7,-7,7.0
18661,18662,18661,3,-3,3.0
18661,18662,18661,5,-5,5.0
18660,18661,18661,1,1,1.0
18660,18661,18661,1,1,1.0
18660,18661,18661,1,1,1.0
18661,18662,18661,1,-1,1.0
18661,18662,18662,2,2,2.0
18661,18662,18662,1,1,1.0
18661,18663,18661,1,-1,1.0
18661,18663,18663,1,1,1.0
18662,18663,18662,1,-1,1.0
18661,18663,18661,1,-1,1.0
18662,18663,18662,1,-1,1.0
18661,18662,18662,3,3,3.0
18661,18662,18661,1,-1,1.0
18660,18661,18660,10,-10,10.0
18659,18660,18659,1,-1,1.0
18659,18660,18659,1,-1,1.0
18659,18660,18660,1,1,1.0
18659,18660,18660,1,1,1.0
18660,18661,18661,1,1,1.0
18661,18662,18661,3,-3,3.0
18661,18662,18661,1,-1,1.0
18661,18662,18662,1,1,1.0
18662,18663,18663,3,3,3.0
18662,18663,18663,25,25,25.0
18662,18664,18664,2,2,2.0
18663,18664,18664,1,1,1.0
18663,18664,18663,1,-1,1.0
18662,18663,18663,4,4,4.0
18662,18663,18663,2,2,2.0
18662,18664,18662,2,-2,2.0
18661,18662,18661,1,-1,1.0
18661,18662,18661,1,-1,1.0
18660,18661,18660,1,-1,1.0
18660,18661,18660,1,-1,1.0
18660,18661,18660,1,-1,1.0
18660,18661,18660,1,-1,1.0
18660,18661,18660,1,-1,1.0
18660,18661,18660,1,-1,1.0
18660,18661,18660,7,-7,7.0
18659,18660,18659,24,-24,24.0
18658,18659,18659,2,2,2.0
18658,18660,18658,1,-1,1.0
18658,18660,18658,2,-2,2.0
18658,18660,18658,1,-1,1.0
18658,18660,18658,1,-1,1.0
18658,18660,18658,2,-2,2.0
18658,18660,18658,6,-6,6.0
18658,18660,18658,1,-1,1.0
18659,18660,18659,1,-1,1.0
18658,18659,18659,1,1,1.0
18659,18660,18659,1,-1,1.0
18659,18660,18659,1,-1,1.0
18658,18659,18658,1,-1,1.0
18658,18659,18659,1,1,1.0
18658,18659,18659,1,1,1.0
18659,18660,18659,1,-1,1.0
18659,18660,18659,2,-2,2.0
18659,18660,18659,1,-1,1.0
18659,18660,18659,1,-1,1.0
18659,18660,18660,5,5,5.0
18659,18660,18659,1,-1,1.0
18659,18660,18659,1,-1,1.0
18659,18660,18659,3,-3,3.0
18658,18659,18659,1,1,1.0
18658,18659,18658,10,-10,10.0
18657,18658,18657,1,-1,1.0
18657,18658,18657,1,-1,1.0
18657,18658,18657,1,-1,1.0
18657,18658,18657,1,-1,1.0
18657,18658,18657,2,-2,2.0
18657,18658,18657,1,-1,1.0
18657,18658,18657,1,-1,1.0
18657,18658,18657,1,-1,1.0
18657,18658,18657,2,-2,2.0
18657,18658,18657,8,-8,8.0
18656,18657,18657,1,1,1.0
18656,18657,18656,1,-1,1.0
18656,18657,18656,1,-1,1.0
18656,18657,18656,1,-1,1.0
18656,18657,18656,1,-1,1.0
18656,18657,18656,2,-2,2.0
18656,18657,18656,1,-1,1.0
18656,18657,18656,1,-1,1.0
18656,18657,18656,1,-1,1.0
18656,18657,18656,7,-7,7.0
18655,18656,18655,1,-1,1.0
18655,18656,18655,1,-1,1.0
18655,18657,18655,1,-1,1.0
18655,18657,18655,6,-6,6.0
18655,18657,18655,1,-1,1.0
18655,18657,18655,4,-4,4.0
18655,18657,18655,1,-1,1.0
18655,18657,18655,4,-4,4.0
18656,18657,18656,1,-1,1.0
18656,18657,18656,1,-1,1.0
18657,18658,18658,1,1,1.0
18657,18658,18657,1,-1,1.0
18657,18658,18657,1,-1,1.0
18657,18658,18658,1,1,1.0
18657,18658,18658,1,1,1.0
18657,18658,18657,8,-8,8.0
18657,18658,18658,1,1,1.0
18657,18658,18659,2,2,-2.0
18657,18658,18658,1,1,1.0
18657,18658,18658,1,1,1.0
18657,18658,18657,1,-1,1.0
18657,18658,18657,2,-2,2.0
18657,18658,18658,2,2,2.0
18657,18658,18658,1,1,1.0
18657,18658,18658,3,3,3.0
18658,18659,18658,2,-2,2.0
18658,18659,18657,2,-2,2.0
18658,18659,18658,1,-1,1.0
18657,18658,18658,1,1,1.0
18657,18659,18657,9,-9,9.0
18657,18658,18657,3,-3,3.0
18657,18658,18657,6,-6,6.0
18656,18657,18657,1,1,1.0
18656,18657,18656,2,-2,2.0
18656,18657,18656,2,-2,2.0
18655,18656,18656,1,1,1.0
18656,18657,18656,2,-2,2.0
18656,18657,18656,1,-1,1.0
18656,18658,18656,2,-2,2.0
18656,18658,18656,2,-2,2.0
18656,18658,18656,1,-1,1.0
18656,18658,18656,1,-1,1.0
18656,18658,18657,1,-1,1.0
18655,18657,18655,1,-1,1.0
18655,18657,18655,2,-2,2.0
18655,18657,18655,2,-2,2.0
18655,18657,18655,1,-1,1.0
18655,18657,18655,1,-1,1.0
18655,18657,18655,4,-4,4.0
18655,18657,18655,1,-1,1.0
18655,18656,18655,1,-1,1.0
18655,18656,18655,1,-1,1.0
18655,18656,18655,2,-2,2.0
18655,18656,18655,2,-2,2.0
18655,18656,18655,2,-2,2.0
18655,18656,18655,1,-1,1.0
18655,18656,18655,1,-1,1.0
18655,18656,18655,1,-1,1.0
18655,18656,18655,2,-2,2.0
18655,18656,18655,1,-1,1.0
18655,18656,18654,1,-1,1.0
18655,18656,18654,1,-1,1.0
18654,18656,18654,1,-1,1.0
18654,18656,18654,1,-1,1.0
18654,18656,18654,6,-6,6.0
18654,18656,18654,3,-3,3.0
18654,18656,18654,1,-1,1.0
18654,18656,18654,2,-2,2.0
18654,18656,18654,1,-1,1.0
18654,18656,18654,2,-2,2.0
18654,18656,18654,2,-2,2.0
18654,18656,18654,1,-1,1.0
18654,18655,18654,2,-2,2.0
18654,18655,18654,1,-1,1.0
18654,18655,18654,1,-1,1.0
18654,18655,18654,1,-1,1.0
18654,18656,18654,1,-1,1.0
18654,18656,18654,1,-1,1.0
18655,18656,18656,2,2,2.0
18655,18656,18656,1,1,1.0
18655,18656,18657,2,2,-2.0
18655,18657,18657,1,1,1.0
18655,18657,18655,1,-1,1.0
18655,18657,18655,1,-1,1.0
18655,18656,18656,1,1,1.0
18655,18656,18656,1,1,1.0
18656,18657,18656,1,-1,1.0
18656,18657,18656,1,-1,1.0
18656,18657,18657,2,2,2.0
18656,18657,18656,4,-4,4.0
18655,18656,18656,1,1,1.0
18655,18656,18656,1,1,1.0
18656,18657,18656,1,-1,1.0
18656,18657,18656,1,-1,1.0
18656,18657,18657,1,1,1.0
18656,18657,18657,1,1,1.0
18656,18657,18657,1,1,1.0
18656,18657,18657,1,1,1.0
18656,18657,18657,1,1,1.0
18656,18657,18656,2,-2,2.0
18656,18657,18656,2,-2,2.0
18656,18657,18656,1,-1,1.0
18656,18657,18656,1,-1,1.0
18656,18657,18656,2,-2,2.0
18655,18656,18656,1,1,1.0
18655,18656,18655,2,-2,2.0
18655,18656,18656,1,1,1.0
18655,18656,18654,3,-3,3.0
18655,18656,18655,1,-1,1.0
18655,18656,18655,2,-2,2.0
18655,18656,18655,4,-4,4.0
18655,18656,18656,1,1,1.0
18656,18657,18656,1,-1,1.0
18656,18657,18657,1,1,1.0
18656,18657,18657,2,2,2.0
18656,18657,18656,11,-11,11.0
18656,18657,18656,1,-1,1.0
18656,18657,18656,1,-1,1.0
18655,18657,18657,1,1,1.0
18656,18657,18657,1,1,1.0
18656,18657,18656,1,-1,1.0
18656,18657,18657,1,1,1.0
18656,18657,18657,1,1,1.0
18656,18657,18657,2,2,2.0
18657,18658,18658,1,1,1.0
18658,18659,18658,1,-1,1.0
18657,18658,18658,2,2,2.0
18657,18658,18658,1,1,1.0
18657,18658,18657,2,-2,2.0
18657,18658,18657,1,-1,1.0
18657,18658,18658,2,2,2.0
18657,18658,18658,1,1,1.0
18658,18659,18659,1,1,1.0
18658,18659,18659,1,1,1.0
18658,18659,18659,1,1,1.0
18658,18659,18659,1,1,1.0
18658,18659,18659,2,2,2.0
18659,18660,18659,1,-1,1.0
18658,18659,18659,1,1,1.0
18658,18659,18658,3,-3,3.0
18658,18659,18658,1,-1,1.0
18658,18659,18658,14,-14,14.0
18658,18659,18658,1,-1,1.0
18658,18659,18658,3,-3,3.0
18658,18659,18658,1,-1,1.0
18658,18659,18658,1,-1,1.0
18658,18659,18658,10,-10,10.0
18658,18659,18658,5,-5,5.0
18658,18659,18658,1,-1,1.0
18657,18658,18658,1,1,1.0
18657,18658,18658,1,1,1.0
18658,18659,18659,2,2,2.0
18658,18659,18658,3,-3,3.0
18658,18659,18659,1,1,1.0
18658,18659,18659,1,1,1.0
18659,18660,18659,1,-1,1.0
18659,18660,18659,1,-1,1.0
18659,18660,18659,1,-1,1.0
18658,18659,18659,1,1,1.0
18659,18660,18660,1,1,1.0
18659,18660,18660,3,3,3.0
18659,18660,18659,1,-1,1.0
18659,18660,18659,1,-1,1.0
18658,18660,18658,1,-1,1.0
18658,18659,18659,1,1,1.0
18658,18659,18659,1,1,1.0
18659,18660,18659,1,-1,1.0
18659,18660,18659,1,-1,1.0
18658,18659,18659,2,2,2.0
18658,18660,18658,1,-1,1.0
18658,18659,18659,1,1,1.0
18659,18660,18659,1,-1,1.0
18658,18659,18659,3,3,3.0
18659,18660,18659,4,-4,4.0
18658,18659,18659,1,1,1.0
18658,18659,18659,3,3,3.0
18658,18659,18658,1,-1,1.0
18658,18659,18658,1,-1,1.0
18657,18658,18658,1,1,1.0
18657,18658,18658,1,1,1.0
18657,18658,18658,1,1,1.0
18658,18659,18659,3,3,3.0
18658,18659,18657,1,-1,1.0
18657,18658,18657,1,-1,1.0
18657,18658,18657,4,-4,4.0
18656,18657,18657,1,1,1.0
18656,18657,18656,1,-1,1.0
18656,18657,18656,1,-1,1.0
18655,18656,18656,1,1,1.0
18656,18657,18657,3,3,3.0
18656,18657,18657,1,1,1.0
18656,18657,18657,2,2,2.0
18657,18658,18658,1,1,1.0
18657,18658,18658,5,5,5.0
18657,18658,18657,6,-6,6.0
18656,18657,18657,1,1,1.0
18656,18657,18656,3,-3,3.0
18656,18657,18657,1,1,1.0
18657,18658,18657,1,-1,1.0
18656,18657,18657,2,2,2.0
18656,18657,18657,1,1,1.0
18656,18657,18657,1,1,1.0
18657,18658,18658,2,2,2.0
18657,18659,18658,1,1,-1.0
18657,18659,18659,1,1,1.0
18658,18659,18659,3,3,3.0
18658,18659,18659,1,1,1.0
18658,18660,18660,1,1,1.0
18658,18660,18660,7,7,7.0
18658,18660,18658,2,-2,2.0
18658,18660,18658,2,-2,2.0
18658,18660,18658,2,-2,2.0
18659,18660,18659,1,-1,1.0
18658,18659,18659,1,1,1.0
18658,18659,18659,1,1,1.0
18659,18660,18659,1,-1,1.0
18658,18659,18659,1,1,1.0
18658,18659,18659,1,1,1.0
18658,18659,18659,1,1,1.0
18659,18660,18659,1,-1,1.0
18659,18660,18659,1,-1,1.0
18659,18660,18659,1,-1,1.0
18659,18660,18659,3,-3,3.0
18659,18660,18659,1,-1,1.0
18659,18660,18658,1,-1,1.0
18659,18660,18658,2,-2,2.0
18659,18660,18657,1,-1,1.0
18658,18659,18659,1,1,1.0
18658,18659,18659,1,1,1.0
18658,18659,18658,1,-1,1.0
18658,18660,18658,2,-2,2.0
18658,18660,18658,1,-1,1.0
18659,18660,18659,1,-1,1.0
18658,18660,18658,1,-1,1.0
18659,18660,18659,1,-1,1.0
18659,18660,18660,3,3,3.0
18659,18660,18660,3,3,3.0
18659,18660,18659,2,-2,2.0
18659,18660,18660,1,1,1.0
18659,18660,18660,1,1,1.0
18659,18660,18660,2,2,2.0
18659,18660,18659,5,-5,5.0
18659,18660,18660,1,1,1.0
18660,18661,18660,4,-4,4.0
18660,18661,18660,1,-1,1.0
18659,18660,18659,3,-3,3.0
18659,18660,18660,1,1,1.0
18659,18660,18660,5,5,5.0
18659,18660,18660,1,1,1.0
18659,18660,18659,1,-1,1.0
18659,18660,18660,3,3,3.0
18658,18660,18660,1,1,1.0
18659,18660,18660,1,1,1.0
18659,18660,18660,2,2,2.0
18659,18660,18660,4,4,4.0
18659,18660,18660,2,2,2.0
18660,18661,18660,2,-2,2.0
18659,18660,18659,1,-1,1.0
18659,18660,18659,1,-1,1.0
18659,18660,18659,2,-2,2.0
18659,18660,18659,1,-1,1.0
18659,18660,18659,1,-1,1.0
18659,18660,18659,1,-1,1.0
18658,18659,18659,3,3,3.0
18658,18659,18660,3,3,-3.0
18658,18660,18660,2,2,2.0
18659,18660,18659,1,-1,1.0
18659,18660,18660,2,2,2.0
18659,18660,18660,2,2,2.0
18659,18660,18660,1,1,1.0
18660,18661,18660,2,-2,2.0
18660,18661,18661,1,1,1.0
18660,18661,18660,1,-1,1.0
18659,18660,18659,1,-1,1.0
18659,18660,18658,1,-1,1.0
18658,18659,18658,2,-2,2.0
18657,18658,18658,2,2,2.0
18657,18658,18658,1,1,1.0
18657,18658,18658,1,1,1.0
18657,18658,18657,1,-1,1.0
18657,18659,18657,2,-2,2.0
18657,18658,18658,4,4,4.0
18657,18658,18659,15,15,-15.0
18657,18658,18658,2,2,2.0
18657,18658,18658,1,1,1.0
18658,18659,18658,1,-1,1.0
18658,18659,18659,1,1,1.0
18658,18659,18660,3,3,-3.0
18659,18660,18659,1,-1,1.0
18659,18660,18659,1,-1,1.0
18659,18660,18659,1,-1,1.0
18659,18660,18659,1,-1,1.0
18659,18660,18660,1,1,1.0
18659,18660,18660,2,2,2.0
18660,18661,18660,1,-1,1.0
18660,18661,18660,1,-1,1.0
18660,18661,18660,1,-1,1.0
18659,18661,18660,1,-1,1.0
18659,18660,18660,1,1,1.0
18659,18660,18660,1,1,1.0
18659,18661,18661,1,1,1.0
18659,18660,18660,1,1,1.0
18659,18660,18659,1,-1,1.0
18659,18660,18659,2,-2,2.0
18659,18660,18659,2,-2,2.0
18658,18659,18658,1,-1,1.0
18658,18659,18659,1,1,1.0
18658,18659,18660,1,1,-1.0
18658,18659,18658,1,-1,1.0
18658,18660,18660,1,1,1.0
18658,18660,18658,5,-5,5.0
18658,18659,18658,1,-1,1.0
18658,18659,18658,1,-1,1.0
18658,18659,18658,1,-1,1.0
18658,18659,18658,1,-1,1.0
18658,18659,18659,1,1,1.0
18658,18659,18658,1,-1,1.0
18658,18659,18658,1,-1,1.0
18658,18659,18659,1,1,1.0
18659,18660,18659,1,-1,1.0
18659,18660,18659,2,-2,2.0
18658,18659,18658,1,-1,1.0
18658,18659,18658,1,-1,1.0
18658,18659,18658,1,-1,1.0
18657,18659,18657,1,-1,1.0
18657,18658,18658,2,2,2.0
18657,18658,18658,2,2,2.0
18657,18658,18658,1,1,1.0
18657,18658,18658,1,1,1.0
18657,18658,18658,1,1,1.0
18657,18658,18658,1,1,1.0
18657,18658,18658,1,1,1.0
18658,18659,18658,1,-1,1.0
18657,18658,18657,1,-1,1.0
18657,18658,18657,4,-4,4.0
18657,18658,18657,1,-1,1.0
18656,18658,18656,1,-1,1.0
18656,18657,18656,1,-1,1.0
18656,18657,18657,1,1,1.0
18656,18658,18658,1,1,1.0
18656,18657,18657,1,1,1.0
18658,18659,18658,1,-1,1.0
18658,18659,18659,2,2,2.0
18658,18659,18658,2,-2,2.0
18658,18659,18658,1,-1,1.0
18658,18659,18657,1,-1,1.0
18658,18659,18657,5,-5,5.0
18658,18659,18657,1,-1,1.0
18657,18658,18657,1,-1,1.0
18657,18658,18657,4,-4,4.0
18656,18658,18656,2,-2,2.0
18656,18658,18656,2,-2,2.0
18656,18658,18656,1,-1,1.0
18656,18658,18656,2,-2,2.0
18656,18658,18656,2,-2,2.0
18656,18657,18656,1,-1,1.0
18656,18657,18655,3,-3,3.0
18656,18657,18656,2,-2,2.0
18655,18657,18655,1,-1,1.0
18655,18657,18655,4,-4,4.0
18655,18657,18655,3,-3,3.0
18655,18657,18655,3,-3,3.0
18655,18656,18655,1,-1,1.0
18655,18656,18655,1,-1,1.0
18655,18656,18655,1,-1,1.0
18655,18656,18655,3,-3,3.0
18655,18656,18655,3,-3,3.0
18655,18656,18655,3,-3,3.0
18655,18656,18655,2,-2,2.0
18655,18656,18656,1,1,1.0
18656,18657,18657,1,1,1.0
18656,18657,18657,3,3,3.0
18657,18659,18657,3,-3,3.0
18657,18659,18656,5,-5,5.0
18657,18659,18657,12,-12,12.0
18657,18658,18657,1,-1,1.0
18657,18658,18657,1,-1,1.0
18657,18658,18658,1,1,1.0
18657,18658,18658,3,3,3.0
18657,18659,18659,1,1,1.0
18658,18659,18659,1,1,1.0
18658,18659,18659,1,1,1.0
18658,18659,18658,1,-1,1.0
18657,18659,18658,3,-3,3.0
18658,18659,18658,3,-3,3.0
18658,18660,18658,1,-1,1.0
18657,18659,18657,7,-7,7.0
18657,18658,18657,1,-1,1.0
18657,18658,18658,1,1,1.0
18657,18658,18658,1,1,1.0
18657,18658,18658,2,2,2.0
18657,18658,18658,1,1,1.0
18657,18659,18657,1,-1,1.0
18657,18659,18659,1,1,1.0
18658,18659,18658,3,-3,3.0
18658,18659,18659,1,1,1.0
18658,18659,18659,1,1,1.0
18658,18659,18658,1,-1,1.0
18657,18659,18657,2,-2,2.0
18657,18659,18657,1,-1,1.0
18657,18659,18657,1,-1,1.0
18657,18659,18657,1,-1,1.0
18657,18659,18657,1,-1,1.0
18657,18659,18657,1,-1,1.0
18657,18658,18657,1,-1,1.0
18657,18658,18657,1,-1,1.0
18657,18658,18656,1,-1,1.0
18657,18658,18656,2,-2,2.0
18657,18658,18656,1,-1,1.0
18657,18658,18656,1,-1,1.0
18656,18657,18656,3,-3,3.0
18656,18657,18655,1,-1,1.0
18656,18657,18656,1,-1,1.0
18656,18657,18655,1,-1,1.0
18656,18657,18655,1,-1,1.0
18655,18657,18657,1,1,1.0
18656,18657,18656,1,-1,1.0
18656,18657,18657,1,1,1.0
18657,18658,18658,3,3,3.0
18657,18658,18657,1,-1,1.0
18657,18658,18657,1,-1,1.0
18657,18658,18657,2,-2,2.0
18657,18658,18657,4,-4,4.0
18657,18658,18657,4,-4,4.0
18657,18658,18657,2,-2,2.0
18657,18658,18657,2,-2,2.0
18656,18657,18656,1,-1,1.0
18656,18657,18656,1,-1,1.0
18656,18657,18657,1,1,1.0
18657,18658,18657,1,-1,1.0
18657,18658,18658,1,1,1.0
18657,18658,18657,1,-1,1.0
18657,18658,18658,1,1,1.0
18657,18658,18657,1,-1,1.0
18657,18658,18658,1,1,1.0
18658,18659,18659,3,3,3.0
18658,18659,18658,5,-5,5.0
18658,18659,18658,1,-1,1.0
18658,18659,18658,1,-1,1.0
18658,18659,18658,1,-1,1.0
18658,18659,18659,1,1,1.0
18658,18659,18659,1,1,1.0
18658,18659,18658,1,-1,1.0
18658,18659,18658,1,-1,1.0
18658,18659,18658,1,-1,1.0
18658,18659,18658,2,-2,2.0
18658,18659,18658,1,-1,1.0
18658,18659,18658,2,-2,2.0
18658,18659,18658,1,-1,1.0
18658,18659,18659,2,2,2.0
18658,18660,18658,1,-1,1.0
18658,18660,18658,1,-1,1.0
18658,18660,18658,2,-2,2.0
18658,18659,18658,1,-1,1.0
18658,18659,18658,1,-1,1.0
18657,18659,18657,1,-1,1.0
18657,18659,18657,1,-1,1.0
18658,18659,18659,1,1,1.0
18659,18660,18659,1,-1,1.0
18658,18659,18659,1,1,1.0
18658,18659,18658,2,-2,2.0
18658,18659,18659,3,3,3.0
18658,18660,18660,1,1,1.0
18658,18660,18660,1,1,1.0
18658,18660,18660,3,3,3.0
18658,18660,18659,1,1,-1.0
18658,18660,18660,1,1,1.0
18658,18660,18660,1,1,1.0
18659,18660,18660,7,7,7.0
18659,18660,18660,4,4,4.0
18659,18660,18660,1,1,1.0
18659,18660,18660,1,1,1.0
18660,18661,18660,1,-1,1.0
18659,18660,18659,2,-2,2.0
18659,18660,18660,1,1,1.0
18659,18660,18659,1,-1,1.0
18659,18660,18659,1,-1,1.0
18658,18659,18659,1,1,1.0
18658,18659,18659,1,1,1.0
18658,18659,18659,3,3,3.0
18658,18659,18659,2,2,2.0
18659,18660,18659,1,-1,1.0
18658,18659,18659,3,3,3.0
18658,18659,18659,4,4,4.0
18659,18660,18660,1,1,1.0
18659,18660,18660,2,2,2.0
18659,18660,18660,1,1,1.0
18659,18660,18659,2,-2,2.0
18659,18660,18659,2,-2,2.0
18659,18660,18660,1,1,1.0
18659,18660,18660,1,1,1.0
18659,18660,18660,1,1,1.0
18659,18660,18660,2,2,2.0
18659,18660,18660,1,1,1.0
18659,18660,18661,1,1,-1.0
18659,18660,18661,1,1,-1.0
18659,18660,18660,1,1,1.0
18659,18660,18661,1,1,-1.0
18659,18661,18661,1,1,1.0
18659,18660,18660,1,1,1.0
18659,18660,18660,2,2,2.0
18659,18660,18659,1,-1,1.0
18659,18660,18658,10,-10,10.0
18659,18660,18659,2,-2,2.0
18658,18659,18658,1,-1,1.0
18658,18659,18659,2,2,2.0
18658,18659,18660,1,1,-1.0
18658,18660,18658,6,-6,6.0
18658,18659,18658,4,-4,4.0
18657,18659,18659,1,1,1.0
18657,18659,18657,1,-1,1.0
18657,18659,18657,1,-1,1.0
18657,18659,18659,1,1,1.0
18658,18659,18659,4,4,4.0
18658,18659,18658,2,-2,2.0
18658,18659,18659,3,3,3.0
18658,18659,18659,1,1,1.0
18658,18659,18658,1,-1,1.0
18658,18659,18659,1,1,1.0
18658,18659,18659,1,1,1.0
18658,18659,18659,1,1,1.0
18658,18660,18660,3,3,3.0
18659,18660,18659,1,-1,1.0
18659,18660,18659,1,-1,1.0
18658,18660,18658,1,-1,1.0
18658,18659,18659,1,1,1.0
18659,18660,18660,1,1,1.0
18659,18660,18660,6,6,6.0
18660,18661,18661,4,4,4.0
18660,18661,18661,1,1,1.0
18660,18661,18661,29,29,29.0
18660,18661,18662,8,8,-8.0
18660,18661,18662,4,4,-4.0
18660,18661,18662,4,4,-4.0
18662,18663,18663,2,2,2.0
18662,18663,18663,2,2,2.0
18662,18663,18663,11,11,11.0
18662,18664,18664,1,1,1.0
18662,18664,18664,1,1,1.0
18662,18664,18664,2,2,2.0
18662,18664,18664,1,1,1.0
18662,18664,18664,2,2,2.0
18662,18664,18664,1,1,1.0
18662,18664,18664,1,1,1.0
18663,18664,18664,1,1,1.0
18663,18664,18664,2,2,2.0
18663,18664,18663,1,-1,1.0
18663,18664,18663,2,-2,2.0
18662,18663,18662,1,-1,1.0
18662,18663,18662,1,-1,1.0
18662,18663,18662,1,-1,1.0
18661,18662,18662,1,1,1.0
18662,18663,18663,1,1,1.0
18662,18663,18663,4,4,4.0
18662,18663,18663,1,1,1.0
18662,18663,18663,1,1,1.0
18663,18664,18664,1,1,1.0
18663,18664,18663,1,-1,1.0
18663,18664,18663,1,-1,1.0
18663,18664,18664,1,1,1.0
18663,18664,18663,3,-3,3.0
18662,18663,18663,1,1,1.0
18662,18663,18663,7,7,7.0
18662,18663,18664,3,3,-3.0
18662,18663,18662,1,-1,1.0
18662,18663,18663,1,1,1.0
18662,18663,18662,1,-1,1.0
18662,18663,18662,1,-1,1.0
18662,18663,18662,1,-1,1.0
18662,18663,18662,1,-1,1.0
18661,18663,18661,1,-1,1.0
18661,18662,18662,1,1,1.0
18661,18663,18661,1,-1,1.0
18662,18663,18662,1,-1,1.0
18662,18663,18663,2,2,2.0
18662,18663,18663,1,1,1.0
18662,18664,18664,20,20,20.0
18664,18665,18664,1,-1,1.0
18664,18665,18664,1,-1,1.0
18663,18664,18663,2,-2,2.0
18663,18664,18664,1,1,1.0
18664,18665,18664,1,-1,1.0
18664,18665,18665,3,3,3.0
18664,18665,18665,1,1,1.0
18664,18665,18665,1,1,1.0
18664,18665,18665,2,2,2.0
18664,18665,18665,1,1,1.0
18664,18665,18665,4,4,4.0
18664,18665,18665,1,1,1.0
18664,18665,18665,1,1,1.0
18664,18665,18665,1,1,1.0
18664,18665,18665,1,1,1.0
18664,18665,18664,1,-1,1.0
18664,18665,18665,5,5,5.0
18664,18665,18665,2,2,2.0
18664,18665,18665,1,1,1.0
18665,18666,18666,1,1,1.0
18665,18666,18666,10,10,10.0
18665,18666,18666,6,6,6.0
18665,18666,18666,1,1,1.0
18665,18666,18666,1,1,1.0
18665,18666,18666,1,1,1.0
18665,18666,18666,1,1,1.0
18665,18666,18666,1,1,1.0
18665,18666,18666,1,1,1.0
18665,18666,18666,1,1,1.0
18665,18666,18666,2,2,2.0
18665,18666,18666,1,1,1.0
18665,18666,18666,2,2,2.0
18665,18666,18666,1,1,1.0
18665,18666,18666,1,1,1.0
18665,18666,18666,1,1,1.0
18665,18666,18666,1,1,1.0
18665,18666,18666,1,1,1.0
18665,18666,18666,1,1,1.0
18665,18666,18665,1,-1,1.0
18665,18666,18665,1,-1,1.0
18665,18666,18665,1,-1,1.0
18665,18666,18666,1,1,1.0
18664,18666,18664,1,-1,1.0
18664,18666,18666,1,1,1.0
18664,18666,18664,1,-1,1.0
18664,18666,18664,1,-1,1.0
18664,18666,18664,1,-1,1.0
18664,18666,18664,1,-1,1.0
18665,18666,18665,1,-1,1.0
18665,18666,18666,2,2,2.0
18665,18666,18666,1,1,1.0
18665,18666,18666,2,2,2.0
18665,18666,18666,1,1,1.0
18665,18666,18666,1,1,1.0
18665,18666,18666,1,1,1.0
18665,18666,18666,1,1,1.0
18665,18666,18666,1,1,1.0
18665,18666,18666,1,1,1.0
18665,18666,18666,1,1,1.0
18665,18667,18667,1,1,1.0
18665,18667,18667,1,1,1.0
18665,18667,18667,1,1,1.0
18665,18667,18667,1,1,1.0
18665,18667,18667,1,1,1.0
18665,18667,18667,1,1,1.0
18665,18667,18667,1,1,1.0
18665,18667,18667,1,1,1.0
18665,18667,18667,1,1,1.0
18665,18667,18667,1,1,1.0
18665,18667,18667,1,1,1.0
18665,18667,18667,1,1,1.0
18665,18667,18667,6,6,6.0
18666,18667,18667,1,1,1.0
18666,18667,18667,1,1,1.0
18666,18667,18667,2,2,2.0
18666,18667,18667,1,1,1.0
18666,18667,18667,1,1,1.0
18666,18667,18667,1,1,1.0
18666,18667,18667,1,1,1.0
18666,18667,18667,1,1,1.0
18666,18667,18666,1,-1,1.0
18666,18667,18666,1,-1,1.0
18666,18667,18667,1,1,1.0
18666,18667,18667,1,1,1.0
18666,18667,18667,1,1,1.0
18666,18667,18667,1,1,1.0
18667,18668,18667,1,-1,1.0
18666,18667,18667,1,1,1.0
18666,18667,18667,1,1,1.0
18666,18667,18667,1,1,1.0
18666,18667,18667,1,1,1.0
18666,18667,18667,2,2,2.0
18666,18667,18667,1,1,1.0
18666,18667,18667,1,1,1.0
18666,18667,18667,1,1,1.0
18666,18667,18667,2,2,2.0
18666,18667,18667,1,1,1.0
18666,18667,18667,1,1,1.0
18666,18667,18666,4,-4,4.0
18666,18667,18667,2,2,2.0
18666,18667,18666,1,-1,1.0
18666,18667,18666,1,-1,1.0
18666,18667,18666,1,-1,1.0
18666,18667,18667,2,2,2.0
18666,18667,18666,1,-1,1.0
18666,18667,18666,1,-1,1.0
18665,18666,18665,1,-1,1.0
18665,18666,18666,2,2,2.0
18665,18666,18665,1,-1,1.0
18665,18666,18665,1,-1,1.0
18665,18666,18665,1,-1,1.0
18664,18666,18664,1,-1,1.0
18664,18665,18665,1,1,1.0
18665,18666,18665,2,-2,2.0
18665,18666,18665,1,-1,1.0
18665,18666,18665,1,-1,1.0
18665,18666,18665,1,-1,1.0
18665,18666,18665,1,-1,1.0
18665,18666,18665,1,-1,1.0
18664,18665,18664,1,-1,1.0
18664,18665,18665,1,1,1.0
18664,18665,18665,1,1,1.0
18664,18666,18666,1,1,1.0
18664,18665,18665,1,1,1.0
18664,18665,18665,1,1,1.0
18665,18666,18665,3,-3,3.0
18664,18665,18665,1,1,1.0
18664,18665,18665,1,1,1.0
18665,18666,18665,1,-1,1.0
18665,18666,18665,1,-1,1.0
18665,18666,18666,2,2,2.0
18665,18666,18666,3,3,3.0
18665,18666,18665,1,-1,1.0
18665,18666,18665,1,-1,1.0
18665,18666,18665,1,-1,1.0
18664,18666,18666,4,4,4.0
18665,18666,18666,2,2,2.0
18665,18666,18666,5,5,5.0
18665,18666,18666,1,1,1.0
18665,18666,18666,2,2,2.0
18665,18666,18667,1,1,-1.0
18665,18667,18667,1,1,1.0
18665,18667,18667,1,1,1.0
18665,18667,18667,3,3,3.0
18665,18667,18667,3,3,3.0
18665,18667,18667,1,1,1.0
18665,18667,18667,1,1,1.0
18665,18667,18667,1,1,1.0
18665,18667,18667,4,4,4.0
18665,18667,18667,2,2,2.0
18666,18667,18667,1,1,1.0
18666,18667,18667,5,5,5.0
18666,18667,18667,1,1,1.0
18666,18667,18667,4,4,4.0
18666,18667,18667,2,2,2.0
18666,18667,18666,1,-1,1.0
18665,18667,18667,1,1,1.0
18665,18667,18667,4,4,4.0
18666,18667,18666,1,-1,1.0
18666,18667,18667,1,1,1.0
18666,18667,18666,1,-1,1.0
18666,18667,18666,1,-1,1.0
18666,18667,18667,1,1,1.0
18666,18667,18666,7,-7,7.0
18666,18667,18667,1,1,1.0
18666,18667,18667,1,1,1.0
18666,18667,18667,1,1,1.0
18666,18667,18667,1,1,1.0
18666,18667,18667,11,11,11.0
18667,18668,18668,1,1,1.0
18667,18668,18668,1,1,1.0
18667,18668,18668,10,10,10.0
18667,18668,18668,1,1,1.0
18667,18668,18668,1,1,1.0
18667,18668,18668,1,1,1.0
18667,18668,18668,5,5,5.0
18667,18668,18668,1,1,1.0
18667,18668,18668,4,4,4.0
18667,18668,18668,1,1,1.0
18667,18668,18668,2,2,2.0
18667,18668,18668,2,2,2.0
18667,18668,18668,1,1,1.0
18667,18668,18668,1,1,1.0
18667,18668,18668,1,1,1.0
18667,18668,18668,1,1,1.0
18667,18668,18668,1,1,1.0
18667,18668,18668,1,1,1.0
18667,18668,18668,1,1,1.0
18667,18668,18668,2,2,2.0
18667,18668,18668,3,3,3.0
18667,18668,18668,3,3,3.0
18667,18668,18668,2,2,2.0
18668,18669,18669,4,4,4.0
18668,18669,18669,2,2,2.0
18668,18669,18669,1,1,1.0
18668,18669,18669,2,2,2.0
18668,18669,18669,1,1,1.0
18668,18669,18669,3,3,3.0
18668,18669,18669,1,1,1.0
18668,18669,18669,1,1,1.0
18668,18669,18669,1,1,1.0
18668,18669,18669,2,2,2.0
18668,18669,18669,1,1,1.0
18668,18669,18669,3,3,3.0
18668,18669,18669,1,1,1.0
18668,18669,18669,2,2,2.0
18668,18669,18669,1,1,1.0
18668,18669,18669,3,3,3.0
18668,18669,18669,1,1,1.0
18668,18669,18669,1,1,1.0
18668,18669,18669,1,1,1.0
18668,18669,18669,1,1,1.0
18668,18669,18669,1,1,1.0
18668,18669,18669,14,14,14.0
18668,18669,18670,6,6,-6.0
18668,18669,18670,2,2,-2.0
18668,18669,18670,7,7,-7.0
18668,18669,18670,1,1,-1.0
18668,18669,18670,2,2,-2.0
18668,18669,18670,4,4,-4.0
18668,18669,18670,1,1,-1.0
18668,18669,18670,3,3,-3.0
18668,18669,18670,10,10,-10.0
18668,18669,18670,2,2,-2.0
18668,18669,18670,3,3,-3.0
18668,18669,18670,1,1,-1.0
18668,18669,18670,1,1,-1.0
18668,18669,18670,1,1,-1.0
18668,18669,18670,2,2,-2.0
18668,18669,18670,4,4,-4.0
18668,18669,18670,4,4,-4.0
18668,18669,18670,2,2,-2.0
18668,18669,18670,4,4,-4.0
18668,18669,18670,1,1,-1.0
18668,18669,18670,4,4,-4.0
18668,18669,18670,2,2,-2.0
18668,18669,18670,4,4,-4.0
18668,18669,18670,4,4,-4.0
18668,18669,18670,1,1,-1.0
18668,18669,18670,5,5,-5.0
18668,18669,18670,1,1,-1.0
18668,18669,18670,1,1,-1.0
18668,18669,18670,2,2,-2.0
18668,18669,18670,1,1,-1.0
18669,18670,18670,3,3,3.0
18669,18670,18671,2,2,-2.0
18669,18670,18671,1,1,-1.0
18669,18670,18670,1,1,1.0
18669,18670,18670,1,1,1.0
18669,18670,18670,1,1,1.0
18669,18670,18670,2,2,2.0
18669,18670,18670,1,1,1.0
18669,18670,18670,1,1,1.0
18669,18670,18670,1,1,1.0
18669,18670,18670,1,1,1.0
18669,18670,18670,4,4,4.0
18669,18670,18669,1,-1,1.0
18669,18670,18670,1,1,1.0
18669,18670,18669,3,-3,3.0
18668,18669,18668,2,-2,2.0
18667,18668,18668,1,1,1.0
18667,18668,18668,1,1,1.0
18668,18669,18668,1,-1,1.0
18668,18669,18669,2,2,2.0
18668,18670,18670,1,1,1.0
18668,18669,18669,1,1,1.0
18668,18669,18669,3,3,3.0
18668,18669,18669,1,1,1.0
18668,18669,18669,1,1,1.0
18669,18670,18669,1,-1,1.0
18668,18669,18668,1,-1,1.0
18668,18669,18668,2,-2,2.0
18668,18669,18668,1,-1,1.0
18667,18668,18668,1,1,1.0
18668,18669,18669,1,1,1.0
18668,18669,18669,3,3,3.0
18668,18669,18668,1,-1,1.0
18668,18669,18669,1,1,1.0
18668,18669,18669,1,1,1.0
18668,18669,18669,2,2,2.0
18668,18669,18669,1,1,1.0
18668,18669,18669,1,1,1.0
18668,18669,18669,1,1,1.0
18668,18669,18669,1,1,1.0
18668,18669,18669,1,1,1.0
18668,18669,18669,1,1,1.0
18669,18670,18669,1,-1,1.0
18669,18670,18669,1,-1,1.0
18669,18670,18670,1,1,1.0
18669,18670,18669,1,-1,1.0
18669,18670,18669,1,-1,1.0
18669,18670,18668,2,-2,2.0
18669,18670,18669,1,-1,1.0
18668,18669,18669,1,1,1.0
18669,18670,18670,2,2,2.0
18669,18670,18670,1,1,1.0
18669,18670,18670,1,1,1.0
18669,18670,18670,1,1,1.0
18669,18670,18670,1,1,1.0
18669,18670,18670,1,1,1.0
18669,18670,18670,1,1,1.0
18669,18670,18670,3,3,3.0
18669,18670,18670,2,2,2.0
18669,18671,18671,1,1,1.0
18669,18671,18671,1,1,1.0
18669,18671,18671,1,1,1.0
18670,18671,18670,1,-1,1.0
18670,18671,18671,1,1,1.0
18670,18671,18671,1,1,1.0
18670,18671,18671,1,1,1.0
18670,18671,18671,5,5,5.0
18670,18671,18671,1,1,1.0
18670,18671,18670,1,-1,1.0
18670,18671,18671,1,1,1.0
18670,18671,18671,4,4,4.0
18670,18671,18671,3,3,3.0
18670,18671,18671,3,3,3.0
18670,18671,18671,2,2,2.0
18670,18671,18671,1,1,1.0
18670,18671,18671,1,1,1.0
18670,18671,18671,1,1,1.0
18670,18671,18671,5,5,5.0
18671,18672,18671,1,-1,1.0
18671,18672,18671,18,-18,18.0
18670,18671,18670,1,-1,1.0
18670,18671,18671,2,2,2.0
18670,18671,18671,1,1,1.0
18670,18671,18671,1,1,1.0
18670,18671,18671,1,1,1.0
18670,18671,18670,1,-1,1.0
18670,18671,18670,1,-1,1.0
18670,18671,18670,1,-1,1.0
18670,18671,18670,1,-1,1.0
18670,18671,18671,5,5,5.0
18670,18671,18671,1,1,1.0
18670,18671,18671,1,1,1.0
18670,18671,18671,2,2,2.0
18670,18671,18671,1,1,1.0
18670,18671,18671,2,2,2.0
18670,18671,18671,2,2,2.0
18670,18671,18671,38,38,38.0
18670,18671,18672,1,1,-1.0
18670,18671,18672,1,1,-1.0
18670,18671,18672,1,1,-1.0
18670,18671,18672,1,1,-1.0
18670,18671,18672,3,3,-3.0
18671,18672,18672,1,1,1.0
18671,18672,18672,2,2,2.0
18671,18672,18672,1,1,1.0
18671,18672,18672,1,1,1.0
18671,18672,18672,1,1,1.0
18671,18672,18672,12,12,12.0
18671,18673,18671,1,-1,1.0
18671,18673,18672,1,-1,1.0
18672,18673,18672,1,-1,1.0
18671,18672,18672,1,1,1.0
18671,18672,18672,1,1,1.0
18671,18672,18672,1,1,1.0
18671,18672,18672,3,3,3.0
18672,18673,18673,1,1,1.0
18672,18673,18672,1,-1,1.0
18672,18673,18672,1,-1,1.0
18672,18673,18672,1,-1,1.0
18672,18673,18672,2,-2,2.0
18672,18673,18672,2,-2,2.0
18671,18672,18672,1,1,1.0
18671,18672,18672,3,3,3.0
18671,18672,18672,1,1,1.0
18671,18672,18671,1,-1,1.0
18671,18672,18671,1,-1,1.0
18671,18672,18671,1,-1,1.0
18670,18672,18672,1,1,1.0
18670,18671,18671,1,1,1.0
18670,18672,18672,1,1,1.0
18670,18672,18672,1,1,1.0
18670,18672,18672,1,1,1.0
18670,18672,18672,5,5,5.0
18670,18672,18672,2,2,2.0
18670,18671,18671,1,1,1.0
18670,18671,18671,1,1,1.0
18670,18671,18671,1,1,1.0
18670,18672,18672,2,2,2.0
18670,18672,18670,1,-1,1.0
18670,18672,18672,1,1,1.0
18670,18672,18671,1,1,-1.0
18670,18672,18672,1,1,1.0
18670,18672,18672,1,1,1.0
18670,18672,18672,1,1,1.0
18671,18672,18671,3,-3,3.0
18671,18672,18672,1,1,1.0
18671,18672,18672,1,1,1.0
18671,18672,18672,1,1,1.0
18671,18672,18672,1,1,1.0
18671,18672,18672,2,2,2.0
18671,18672,18672,3,3,3.0
18671,18673,18673,1,1,1.0
18671,18673,18673,1,1,1.0
18671,18672,18672,1,1,1.0
18671,18672,18672,1,1,1.0
18671,18672,18672,1,1,1.0
18671,18673,18673,1,1,1.0
18671,18672,18671,1,-1,1.0
18671,18672,18672,1,1,1.0
18671,18672,18672,1,1,1.0
18671,18672,18671,1,-1,1.0
18671,18672,18671,2,-2,2.0
18671,18672,18672,1,1,1.0
18671,18672,18671,1,-1,1.0
18671,18672,18672,1,1,1.0
18671,18672,18672,2,2,2.0
18671,18672,18672,1,1,1.0
18671,18672,18671,1,-1,1.0
18671,18672,18671,1,-1,1.0
18671,18672,18671,1,-1,1.0
18671,18672,18671,1,-1,1.0
18671,18672,18672,2,2,2.0
18671,18672,18671,1,-1,1.0
18671,18672,18672,1,1,1.0
18671,18672,18672,1,1,1.0
18672,18673,18672,1,-1,1.0
18672,18673,18673,1,1,1.0
18672,18673,18673,1,1,1.0
18672,18673,18673,1,1,1.0
18672,18673,18673,1,1,1.0
18672,18673,18673,1,1,1.0
18672,18673,18673,1,1,1.0
18672,18673,18673,14,14,14.0
18672,18673,18673,2,2,2.0
18672,18673,18673,1,1,1.0
18672,18673,18674,30,30,-30.0
18672,18673,18674,1,1,-1.0
18672,18673,18673,1,1,1.0
18673,18675,18675,2,2,2.0
18673,18675,18675,2,2,2.0
18673,18674,18673,2,-2,2.0
18673,18674,18674,1,1,1.0
18673,18674,18674,1,1,1.0
18673,18674,18674,1,1,1.0
18673,18674,18673,1,-1,1.0
18673,18674,18673,1,-1,1.0
18673,18674,18673,2,-2,2.0
18673,18674,18673,2,-2,2.0
18673,18674,18673,2,-2,2.0
18672,18673,18672,1,-1,1.0
18672,18673,18673,1,1,1.0
18672,18673,18671,2,-2,2.0
18672,18673,18672,4,-4,4.0
18671,18673,18671,1,-1,1.0
18671,18673,18671,1,-1,1.0
18671,18673,18671,1,-1,1.0
18671,18673,18673,1,1,1.0
18671,18673,18671,1,-1,1.0
18671,18673,18671,1,-1,1.0
18671,18672,18671,1,-1,1.0
18671,18672,18671,1,-1,1.0
18671,18672,18672,1,1,1.0
18671,18672,18672,2,2,2.0
18671,18672,18672,1,1,1.0
18671,18672,18672,3,3,3.0
18672,18673,18673,1,1,1.0
18672,18673,18672,2,-2,2.0
18672,18673,18672,1,-1,1.0
18671,18673,18671,1,-1,1.0
18671,18672,18672,1,1,1.0
18671,18672,18672,1,1,1.0
18671,18672,18672,1,1,1.0
18671,18672,18671,1,-1,1.0
18671,18672,18671,1,-1,1.0
18671,18672,18671,1,-1,1.0
18671,18672,18671,2,-2,2.0
18671,18672,18671,1,-1,1.0
18671,18672,18671,1,-1,1.0
18671,18672,18671,3,-3,3.0
18671,18672,18671,1,-1,1.0
18670,18671,18670,1,-1,1.0
18670,18671,18671,1,1,1.0
18670,18671,18670,1,-1,1.0
18670,18671,18671,1,1,1.0
18670,18671,18670,1,-1,1.0
18670,18671,18670,1,-1,1.0
18670,18671,18671,6,6,6.0
18670,18671,18671,1,1,1.0
18670,18671,18671,1,1,1.0
18670,18671,18671,1,1,1.0
18671,18672,18671,1,-1,1.0
18671,18672,18671,1,-1,1.0
18671,18672,18671,1,-1,1.0
18671,18672,18672,1,1,1.0
18671,18672,18671,1,-1,1.0
18671,18672,18672,1,1,1.0
18671,18672,18671,2,-2,2.0
18671,18672,18671,1,-1,1.0
18671,18672,18671,1,-1,1.0
18671,18672,18671,1,-1,1.0
18671,18672,18671,1,-1,1.0
18671,18672,18671,3,-3,3.0
18671,18672,18671,1,-1,1.0
18671,18672,18671,1,-1,1.0
18671,18672,18671,1,-1,1.0
18671,18672,18671,1,-1,1.0
18671,18672,18672,1,1,1.0
18671,18672,18672,10,10,10.0
18672,18673,18672,1,-1,1.0
18672,18673,18673,1,1,1.0
18672,18673,18673,1,1,1.0
18672,18673,18672,1,-1,1.0
18672,18673,18672,1,-1,1.0
18672,18673,18672,6,-6,6.0
18672,18673,18672,1,-1,1.0
18672,18673,18672,1,-1,1.0
18672,18673,18672,2,-2,2.0
18672,18673,18672,2,-2,2.0
18672,18673,18672,3,-3,3.0
18672,18673,18672,1,-1,1.0
18672,18673,18672,1,-1,1.0
18672,18673,18672,2,-2,2.0
18672,18673,18672,5,-5,5.0
18672,18673,18671,1,-1,1.0
18671,18672,18671,6,-6,6.0
18671,18672,18672,1,1,1.0
18671,18673,18671,2,-2,2.0
18671,18673,18673,3,3,3.0
18672,18673,18673,1,1,1.0
18672,18673,18673,3,3,3.0
18672,18673,18673,1,1,1.0
18672,18673,18673,1,1,1.0
18672,18673,18673,4,4,4.0
18672,18673,18673,1,1,1.0
18672,18673,18673,1,1,1.0
18673,18674,18674,2,2,2.0
18673,18674,18674,2,2,2.0
18673,18674,18674,1,1,1.0
18673,18674,18674,1,1,1.0
18673,18674,18674,1,1,1.0
18673,18674,18674,3,3,3.0
18673,18674,18674,2,2,2.0
18673,18674,18674,2,2,2.0
18673,18674,18674,1,1,1.0
18673,18674,18674,1,1,1.0
18673,18674,18674,2,2,2.0
18673,18675,18674,1,1,-1.0
18673,18674,18674,1,1,1.0
18673,18674,18674,2,2,2.0
18674,18675,18674,3,-3,3.0
18673,18674,18673,1,-1,1.0
18673,18674,18674,1,1,1.0
18673,18674,18674,10,10,10.0
18674,18675,18674,1,-1,1.0
18674,18675,18674,1,-1,1.0
18674,18675,18675,2,2,2.0
18674,18675,18675,1,1,1.0
18674,18675,18675,17,17,17.0
18674,18675,18676,1,1,-1.0
18674,18675,18676,1,1,-1.0
18674,18675,18676,1,1,-1.0
18675,18676,18676,12,12,12.0
18675,18676,18676,1,1,1.0
18675,18676,18676,1,1,1.0
18675,18676,18676,1,1,1.0
18675,18676,18676,1,1,1.0
18675,18676,18676,2,2,2.0
18675,18676,18676,1,1,1.0
18675,18676,18676,1,1,1.0
18675,18676,18676,1,1,1.0
18675,18676,18676,1,1,1.0
18675,18676,18676,1,1,1.0
18675,18676,18676,1,1,1.0
18675,18676,18676,1,1,1.0
18675,18676,18676,1,1,1.0
18675,18676,18677,1,1,-1.0
18675,18676,18676,2,2,2.0
18675,18676,18677,1,1,-1.0
18675,18676,18676,1,1,1.0
18675,18676,18676,1,1,1.0
18675,18676,18676,1,1,1.0
18674,18676,18676,5,5,5.0
18674,18676,18676,5,5,5.0
18675,18676,18676,1,1,1.0
18674,18676,18676,2,2,2.0
18674,18675,18675,1,1,1.0
18674,18675,18675,1,1,1.0
18674,18676,18676,1,1,1.0
18675,18676,18675,1,-1,1.0
18675,18676,18675,1,-1,1.0
18675,18676,18676,1,1,1.0
18675,18676,18675,1,-1,1.0
18674,18675,18674,1,-1,1.0
18674,18675,18674,1,-1,1.0
18674,18675,18675,1,1,1.0
18674,18675,18675,1,1,1.0
18674,18676,18674,1,-1,1.0
18674,18676,18674,1,-1,1.0
18674,18676,18674,1,-1,1.0
18674,18676,18674,1,-1,1.0
18674,18676,18674,1,-1,1.0
18674,18676,18674,1,-1,1.0
18674,18675,18674,1,-1,1.0
18674,18675,18675,1,1,1.0
18674,18675,18675,1,1,1.0
18675,18676,18676,1,1,1.0
18675,18676,18675,1,-1,1.0
18675,18676,18675,1,-1,1.0
18675,18676,18674,1,-1,1.0
18674,18675,18675,3,3,3.0
18674,18675,18675,1,1,1.0
18674,18675,18674,1,-1,1.0
18674,18675,18674,1,-1,1.0
18674,18675,18674,1,-1,1.0
18674,18675,18674,1,-1,1.0
18674,18675,18674,1,-1,1.0
18674,18675,18674,1,-1,1.0
18674,18675,18674,1,-1,1.0
18673,18674,18673,1,-1,1.0
18673,18674,18673,5,-5,5.0
18673,18674,18673,2,-2,2.0
18673,18674,18673,1,-1,1.0
18673,18674,18673,3,-3,3.0
18673,18674,18673,1,-1,1.0
18673,18674,18673,1,-1,1.0
18673,18674,18673,1,-1,1.0
18673,18674,18673,1,-1,1.0
18672,18673,18672,1,-1,1.0
18672,18673,18672,1,-1,1.0
18672,18673,18673,2,2,2.0
18672,18673,18672,1,-1,1.0
18672,18673,18672,1,-1,1.0
18671,18672,18672,3,3,3.0
18671,18672,18671,1,-1,1.0
18670,18672,18670,2,-2,2.0
18670,18672,18670,1,-1,1.0
18670,18672,18670,14,-14,14.0
18670,18672,18670,2,-2,2.0
18670,18671,18671,1,1,1.0
18670,18671,18671,1,1,1.0
18670,18671,18671,1,1,1.0
18670,18671,18671,3,3,3.0
18671,18672,18671,1,-1,1.0
18671,18672,18671,3,-3,3.0
18671,18672,18671,3,-3,3.0
18671,18672,18671,1,-1,1.0
18670,18671,18670,1,-1,1.0
18670,18671,18670,1,-1,1.0
18670,18671,18670,1,-1,1.0
18669,18670,18670,1,1,1.0
18669,18670,18670,1,1,1.0
18669,18670,18670,1,1,1.0
18669,18670,18670,1,1,1.0
18669,18670,18670,2,2,2.0
18669,18670,18670,3,3,3.0
18670,18671,18671,1,1,1.0
18670,18671,18670,1,-1,1.0
18670,18671,18670,2,-2,2.0
18670,18671,18670,1,-1,1.0
18670,18671,18670,2,-2,2.0
18670,18671,18670,1,-1,1.0
18669,18670,18670,1,1,1.0
18669,18670,18670,1,1,1.0
18669,18670,18670,1,1,1.0
18669,18670,18669,1,-1,1.0
18669,18670,18670,1,1,1.0
18669,18670,18670,1,1,1.0
18670,18671,18670,1,-1,1.0
18670,18671,18670,1,-1,1.0
18670,18671,18670,1,-1,1.0
18670,18671,18670,1,-1,1.0
18670,18671,18670,1,-1,1.0
18670,18671,18670,1,-1,1.0
18670,18671,18670,1,-1,1.0
18670,18671,18670,2,-2,2.0
18669,18670,18669,1,-1,1.0
18669,18670,18670,1,1,1.0
18669,18670,18670,1,1,1.0
18669,18670,18669,1,-1,1.0
18669,18670,18669,1,-1,1.0
18669,18670,18669,2,-2,2.0
18669,18670,18669,1,-1,1.0
18669,18670,18670,3,3,3.0
18669,18670,18669,1,-1,1.0
18669,18670,18670,1,1,1.0
18669,18670,18669,5,-5,5.0
18669,18670,18669,1,-1,1.0
18669,18670,18669,1,-1,1.0
18669,18670,18669,2,-2,2.0
18669,18670,18669,2,-2,2.0
18669,18670,18669,1,-1,1.0
18669,18670,18669,1,-1,1.0
18669,18670,18669,1,-1,1.0
18669,18670,18670,2,2,2.0
18669,18670,18669,1,-1,1.0
18669,18670,18669,1,-1,1.0
18669,18670,18669,3,-3,3.0
18669,18670,18670,5,5,5.0
18669,18670,18670,1,1,1.0
18669,18670,18670,1,1,1.0
18669,18670,18670,1,1,1.0
18669,18670,18670,1,1,1.0
18669,18670,18670,1,1,1.0
18669,18670,18670,3,3,3.0
18669,18670,18670,1,1,1.0
18669,18670,18670,6,6,6.0
18669,18670,18671,1,1,-1.0
18669,18670,18671,3,3,-3.0
18669,18670,18671,1,1,-1.0
18669,18670,18671,2,2,-2.0
18669,18670,18672,1,1,-1.0
18669,18670,18672,1,1,-1.0
18670,18672,18672,1,1,1.0
18670,18672,18672,1,1,1.0
18670,18672,18672,2,2,2.0
18670,18672,18672,1,1,1.0
18670,18672,18672,1,1,1.0
18671,18672,18672,4,4,4.0
18671,18672,18672,2,2,2.0
18671,18672,18672,2,2,2.0
18671,18672,18673,1,1,-1.0
18671,18673,18673,1,1,1.0
18671,18673,18673,1,1,1.0
18671,18673,18673,1,1,1.0
18671,18673,18673,1,1,1.0
18672,18673,18672,1,-1,1.0
18671,18672,18672,1,1,1.0
18671,18673,18673,3,3,3.0
18671,18673,18671,1,-1,1.0
18671,18672,18671,1,-1,1.0
18671,18672,18672,1,1,1.0
18671,18672,18672,1,1,1.0
18671,18673,18673,1,1,1.0
18671,18673,18673,1,1,1.0
18671,18673,18672,1,1,-1.0
18671,18673,18673,1,1,1.0
18671,18672,18672,1,1,1.0
18671,18673,18673,1,1,1.0
18672,18673,18672,1,-1,1.0
18672,18673,18673,1,1,1.0
18672,18673,18672,1,-1,1.0
18672,18673,18672,1,-1,1.0
18672,18673,18672,1,-1,1.0
18672,18673,18672,1,-1,1.0
18672,18673,18672,1,-1,1.0
18672,18673,18672,1,-1,1.0
18671,18673,18671,1,-1,1.0
18671,18672,18671,1,-1,1.0
18671,18672,18671,1,-1,1.0
18671,18672,18671,1,-1,1.0
18671,18672,18672,2,2,2.0
18672,18673,18672,1,-1,1.0
18672,18673,18673,1,1,1.0
18672,18673,18673,2,2,2.0
18672,18673,18673,5,5,5.0
18673,18674,18673,2,-2,2.0
18673,18674,18673,2,-2,2.0
18672,18673,18673,1,1,1.0
18672,18673,18673,1,1,1.0
18672,18673,18673,1,1,1.0
18673,18674,18674,1,1,1.0
18673,18674,18673,2,-2,2.0
18673,18674,18673,4,-4,4.0
18673,18674,18673,1,-1,1.0
18673,18674,18673,1,-1,1.0
18673,18674,18673,1,-1,1.0
18672,18673,18672,1,-1,1.0
18672,18673,18672,1,-1,1.0
18671,18672,18671,1,-1,1.0
18671,18672,18672,4,4,4.0
18671,18672,18671,1,-1,1.0
18671,18672,18671,1,-1,1.0
18671,18672,18671,1,-1,1.0
18670,18671,18671,1,1,1.0
18670,18672,18670,1,-1,1.0
18670,18671,18670,1,-1,1.0
18670,18671,18670,1,-1,1.0
18670,18671,18670,1,-1,1.0
18670,18671,18670,1,-1,1.0
18670,18671,18670,1,-1,1.0
18670,18671,18670,1,-1,1.0
18670,18671,18671,1,1,1.0
18670,18671,18671,1,1,1.0
18670,18671,18671,1,1,1.0
18671,18672,18671,1,-1,1.0
18670,18671,18670,1,-1,1.0
18670,18672,18672,1,1,1.0
18670,18671,18670,1,-1,1.0
18670,18672,18672,1,1,1.0
18670,18672,18672,1,1,1.0
18671,18672,18672,1,1,1.0
18671,18672,18672,1,1,1.0
18671,18672,18671,1,-1,1.0
18671,18672,18671,1,-1,1.0
18671,18672,18672,1,1,1.0
18671,18672,18671,1,-1,1.0
18671,18672,18671,1,-1,1.0
18671,18672,18671,1,-1,1.0
18671,18672,18671,1,-1,1.0
18671,18672,18671,1,-1,1.0
18670,18672,18670,1,-1,1.0
18670,18672,18670,1,-1,1.0
18670,18672,18670,1,-1,1.0
18670,18672,18670,1,-1,1.0
18670,18672,18670,1,-1,1.0
18670,18672,18670,1,-1,1.0
18670,18671,18670,5,-5,5.0
18670,18671,18670,1,-1,1.0
18670,18671,18670,1,-1,1.0
18669,18670,18669,1,-1,1.0
18669,18670,18669,1,-1,1.0
18669,18670,18670,1,1,1.0
18669,18671,18671,1,1,1.0
18669,18670,18670,1,1,1.0
18670,18671,18670,1,-1,1.0
18669,18671,18671,1,1,1.0
18669,18670,18669,1,-1,1.0
18669,18670,18670,1,1,1.0
18669,18670,18670,1,1,1.0
18669,18670,18670,2,2,2.0
18669,18671,18669,1,-1,1.0
18669,18670,18670,1,1,1.0
18669,18670,18670,1,1,1.0
18669,18670,18670,1,1,1.0
18669,18670,18670,1,1,1.0
18669,18670,18669,1,-1,1.0
18669,18670,18669,2,-2,2.0
18669,18670,18670,1,1,1.0
18669,18670,18669,1,-1,1.0
18669,18670,18670,1,1,1.0
18669,18671,18671,1,1,1.0
18670,18671,18670,3,-3,3.0
18669,18670,18670,1,1,1.0
18669,18670,18670,1,1,1.0
18669,18670,18670,1,1,1.0
18669,18671,18671,1,1,1.0
18669,18671,18671,1,1,1.0
18669,18671,18671,1,1,1.0
18670,18671,18671,1,1,1.0
18670,18671,18670,2,-2,2.0
18670,18671,18670,1,-1,1.0
18669,18671,18671,3,3,3.0
18670,18671,18670,1,-1,1.0
18669,18670,18669,1,-1,1.0
18669,18670,18670,1,1,1.0
18669,18670,18670,1,1,1.0
18669,18670,18670,1,1,1.0
18669,18670,18670,1,1,1.0
18670,18671,18670,1,-1,1.0
18670,18671,18670,2,-2,2.0
18670,18671,18671,3,3,3.0
18670,18671,18671,1,1,1.0
18670,18671,18671,1,1,1.0
18670,18672,18670,1,-1,1.0
18670,18672,18670,1,-1,1.0
18670,18672,18669,1,-1,1.0
18670,18672,18669,1,-1,1.0
18670,18672,18669,1,-1,1.0
18670,18672,18669,1,-1,1.0
18669,18671,18669,1,-1,1.0
18670,18671,18671,1,1,1.0
18670,18671,18671,1,1,1.0
18671,18672,18672,1,1,1.0
18671,18672,18671,1,-1,1.0
18670,18671,18670,1,-1,1.0
18670,18671,18671,2,2,2.0
18670,18671,18671,1,1,1.0
18670,18671,18672,1,1,-1.0
18670,18672,18670,1,-1,1.0
18670,18671,18671,1,1,1.0
18671,18672,18671,3,-3,3.0
18670,18672,18672,3,3,3.0
18670,18672,18670,1,-1,1.0
18670,18672,18672,2,2,2.0
18670,18672,18672,3,3,3.0
18670,18672,18670,1,-1,1.0
18670,18672,18670,3,-3,3.0
18671,18672,18672,1,1,1.0
18671,18672,18672,3,3,3.0
18671,18672,18671,2,-2,2.0
18671,18672,18671,1,-1,1.0
18670,18671,18670,1,-1,1.0
18670,18671,18671,1,1,1.0
18670,18671,18671,1,1,1.0
18670,18671,18670,1,-1,1.0
18670,18671,18670,1,-1,1.0
18670,18671,18670,3,-3,3.0
18669,18670,18669,1,-1,1.0
18669,18670,18669,1,-1,1.0
18669,18670,18669,14,-14,14.0
18668,18669,18669,1,1,1.0
18668,18669,18668,1,-1,1.0
18668,18669,18668,1,-1,1.0
18668,18669,18668,1,-1,1.0
18668,18669,18668,2,-2,2.0
18668,18669,18668,1,-1,1.0
18668,18669,18668,1,-1,1.0
18668,18669,18668,1,-1,1.0
18668,18669,18668,1,-1,1.0
18667,18668,18667,1,-1,1.0
18667,18668,18667,2,-2,2.0
18667,18668,18667,1,-1,1.0
18667,18668,18667,1,-1,1.0
18667,18668,18667,1,-1,1.0
18667,18668,18667,1,-1,1.0
18667,18668,18667,1,-1,1.0
18667,18668,18667,1,-1,1.0
18667,18668,18667,1,-1,1.0
18667,18668,18667,2,-2,2.0
18667,18668,18667,1,-1,1.0
18667,18668,18667,1,-1,1.0
18667,18668,18667,1,-1,1.0
18667,18668,18667,1,-1,1.0
18666,18667,18667,1,1,1.0
18666,18667,18667,1,1,1.0
18667,18668,18667,1,-1,1.0
18667,18668,18667,2,-2,2.0
18667,18668,18668,2,2,2.0
18667,18668,18667,1,-1,1.0
18667,18668,18667,3,-3,3.0
18667,18668,18667,1,-1,1.0
18666,18668,18666,1,-1,1.0
18666,18667,18667,1,1,1.0
18666,18668,18667,1,1,-1.0
18666,18667,18667,1,1,1.0
18666,18668,18668,1,1,1.0
18667,18668,18667,1,-1,1.0
18666,18667,18666,1,-1,1.0
18666,18667,18666,2,-2,2.0
18666,18667,18667,1,1,1.0
18666,18668,18668,1,1,1.0
18666,18667,18666,6,-6,6.0
18666,18667,18667,1,1,1.0
18666,18667,18667,1,1,1.0
18666,18667,18666,1,-1,1.0
18666,18667,18666,2,-2,2.0
18666,18667,18666,17,-17,17.0
18665,18666,18666,2,2,2.0
18665,18666,18666,2,2,2.0
18665,18666,18666,1,1,1.0
18665,18666,18665,1,-1,1.0
18665,18666,18666,1,1,1.0
18665,18666,18666,1,1,1.0
18665,18666,18666,1,1,1.0
18665,18667,18667,1,1,1.0
18665,18667,18665,1,-1,1.0
18665,18666,18666,1,1,1.0
18665,18666,18665,1,-1,1.0
18665,18666,18666,1,1,1.0
18665,18666,18666,1,1,1.0
18666,18667,18667,2,2,2.0
18666,18667,18667,1,1,1.0
18666,18667,18667,2,2,2.0
18666,18667,18667,2,2,2.0
18666,18667,18668,1,1,-1.0
18666,18668,18668,2,2,2.0
18666,18668,18668,3,3,3.0
18666,18668,18668,4,4,4.0
18666,18668,18668,1,1,1.0
18667,18668,18668,3,3,3.0
18667,18668,18668,1,1,1.0
18666,18668,18668,3,3,3.0
18666,18668,18668,4,4,4.0
18666,18668,18668,2,2,2.0
18667,18669,18668,1,1,-1.0
18667,18669,18668,1,1,-1.0
18667,18669,18668,1,1,-1.0
18667,18669,18667,2,-2,2.0
18667,18668,18668,3,3,3.0
18666,18668,18666,1,-1,1.0
18667,18668,18668,3,3,3.0
18668,18669,18669,1,1,1.0
18668,18669,18669,2,2,2.0
18668,18669,18669,1,1,1.0
18668,18669,18669,1,1,1.0
18668,18670,18668,1,-1,1.0
18669,18670,18669,2,-2,2.0
18669,18670,18669,2,-2,2.0
18669,18670,18669,2,-2,2.0
18669,18670,18669,1,-1,1.0
18668,18669,18668,1,-1,1.0
18668,18669,18668,1,-1,1.0
18668,18669,18668,1,-1,1.0
18668,18669,18668,1,-1,1.0
18668,18669,18668,1,-1,1.0
18668,18669,18668,1,-1,1.0
18667,18669,18669,1,1,1.0
18667,18668,18667,2,-2,2.0
18667,18668,18668,1,1,1.0
18667,18668,18668,1,1,1.0
18667,18668,18668,4,4,4.0
18667,18668,18668,1,1,1.0
18667,18669,18669,1,1,1.0
18667,18669,18667,1,-1,1.0
18667,18669,18669,1,1,1.0
18667,18668,18668,1,1,1.0
18667,18668,18668,1,1,1.0
18667,18668,18668,1,1,1.0
18667,18668,18668,1,1,1.0
18667,18668,18668,1,1,1.0
18667,18669,18669,1,1,1.0
18668,18669,18669,1,1,1.0
18668,18669,18668,1,-1,1.0
18668,18669,18669,1,1,1.0
18668,18669,18668,1,-1,1.0
18668,18669,18668,1,-1,1.0
18668,18669,18668,1,-1,1.0
18668,18669,18668,1,-1,1.0
18668,18669,18668,1,-1,1.0
18668,18669,18668,1,-1,1.0
18668,18669,18668,1,-1,1.0
18668,18669,18668,1,-1,1.0
18667,18668,18667,2,-2,2.0
18666,18668,18666,1,-1,1.0
18666,18668,18666,1,-1,1.0
18666,18668,18668,1,1,1.0
18666,18668,18668,2,2,2.0
18667,18668,18667,1,-1,1.0
18666,18667,18666,1,-1,1.0
18666,18667,18667,1,1,1.0
18666,18667,18667,1,1,1.0
18666,18667,18666,1,-1,1.0
18666,18667,18666,4,-4,4.0
18666,18667,18666,1,-1,1.0
18666,18667,18667,2,2,2.0
18666,18667,18667,2,2,2.0
18667,18668,18667,1,-1,1.0
18667,18668,18668,1,1,1.0
18667,18669,18669,1,1,1.0
18668,18669,18668,1,-1,1.0
18667,18669,18667,1,-1,1.0
18667,18669,18669,1,1,1.0
18667,18669,18669,3,3,3.0
18667,18669,18667,1,-1,1.0
18667,18669,18669,1,1,1.0
18667,18668,18667,1,-1,1.0
18667,18668,18667,1,-1,1.0
18667,18668,18667,1,-1,1.0
18667,18668,18667,1,-1,1.0
18667,18668,18668,1,1,1.0
18667,18669,18667,1,-1,1.0
18667,18668,18668,1,1,1.0
18667,18668,18668,1,1,1.0
18667,18669,18669,1,1,1.0
18668,18669,18669,1,1,1.0
18668,18669,18669,2,2,2.0
18668,18669,18669,2,2,2.0
18668,18669,18668,1,-1,1.0
18668,18669,18668,1,-1,1.0
18667,18669,18667,1,-1,1.0
18667,18668,18667,1,-1,1.0
18667,18668,18667,1,-1,1.0
18666,18668,18668,1,1,1.0
18666,18668,18666,1,-1,1.0
18667,18668,18667,1,-1,1.0
18666,18667,18667,1,1,1.0
18666,18668,18668,1,1,1.0
18667,18668,18668,1,1,1.0
18667,18668,18667,1,-1,1.0
18667,18668,18667,1,-1,1.0
18666,18668,18666,1,-1,1.0
18666,18667,18666,1,-1,1.0
18666,18667,18666,3,-3,3.0
18666,18667,18666,7,-7,7.0
18666,18668,18666,1,-1,1.0
18666,18667,18667,1,1,1.0
18666,18667,18667,1,1,1.0
18666,18668,18668,1,1,1.0
18666,18667,18666,1,-1,1.0
18666,18667,18666,1,-1,1.0
18666,18667,18666,1,-1,1.0
18666,18667,18667,1,1,1.0
18666,18667,18666,1,-1,1.0
18666,18667,18666,1,-1,1.0
18665,18667,18665,1,-1,1.0
18665,18666,18665,12,-12,12.0
18664,18665,18665,1,1,1.0
18664,18666,18666,1,1,1.0
18665,18666,18665,1,-1,1.0
18664,18666,18664,2,-2,2.0
18664,18666,18664,1,-1,1.0
18664,18666,18664,2,-2,2.0
18664,18666,18664,1,-1,1.0
18665,18667,18665,1,-1,1.0
18665,18667,18667,1,1,1.0
18665,18667,18665,1,-1,1.0
18665,18667,18666,1,-1,1.0
18665,18667,18665,1,-1,1.0
18665,18667,18667,1,1,1.0
18666,18667,18666,1,-1,1.0
18666,18667,18667,1,1,1.0
18666,18668,18668,1,1,1.0
18667,18668,18667,1,-1,1.0
18666,18667,18667,1,1,1.0
18666,18667,18667,1,1,1.0
18667,18668,18667,1,-1,1.0
18666,18668,18668,1,1,1.0
18666,18668,18667,1,1,-1.0
18666,18668,18666,1,-1,1.0
18666,18668,18668,1,1,1.0
18667,18668,18668,1,1,1.0
18667,18669,18669,1,1,1.0
18667,18668,18668,1,1,1.0
18667,18668,18667,1,-1,1.0
18666,18668,18666,1,-1,1.0
18667,18668,18668,1,1,1.0
18667,18668,18668,1,1,1.0
18667,18668,18668,1,1,1.0
18668,18669,18668,1,-1,1.0
18667,18669,18669,5,5,5.0
18667,18669,18669,2,2,2.0
18667,18669,18669,5,5,5.0
18668,18669,18669,5,5,5.0
18668,18669,18670,2,2,-2.0
18668,18670,18670,1,1,1.0
18668,18670,18668,2,-2,2.0
18668,18669,18669,1,1,1.0
18669,18670,18670,1,1,1.0
18669,18670,18670,1,1,1.0
18669,18670,18670,1,1,1.0
18669,18670,18670,1,1,1.0
18669,18670,18670,1,1,1.0
18669,18670,18670,2,2,2.0
18669,18670,18670,3,3,3.0
18669,18670,18670,31,31,31.0
18670,18671,18670,1,-1,1.0
18670,18671,18670,1,-1,1.0
18669,18670,18670,1,1,1.0
18669,18670,18670,1,1,1.0
18669,18670,18670,1,1,1.0
18670,18671,18670,1,-1,1.0
18670,18671,18670,1,-1,1.0
18670,18671,18670,1,-1,1.0
18670,18671,18670,1,-1,1.0
18668,18669,18668,1,-1,1.0
18667,18668,18668,1,1,1.0
18667,18668,18668,1,1,1.0
18667,18668,18668,1,1,1.0
18668,18670,18667,2,-2,2.0
18668,18670,18668,8,-8,8.0
18667,18669,18669,3,3,3.0
18668,18669,18669,1,1,1.0
18668,18669,18669,1,1,1.0
18668,18669,18669,1,1,1.0
18668,18669,18668,1,-1,1.0
18668,18669,18669,1,1,1.0
18668,18670,18668,1,-1,1.0
18668,18670,18670,1,1,1.0
18668,18669,18668,1,-1,1.0
18668,18669,18669,1,1,1.0
18668,18669,18669,1,1,1.0
18668,18670,18669,1,1,-1.0
18669,18670,18670,2,2,2.0
18669,18670,18670,1,1,1.0
18669,18670,18670,1,1,1.0
18669,18670,18670,1,1,1.0
18669,18670,18670,2,2,2.0
18669,18670,18670,1,1,1.0
18669,18670,18670,1,1,1.0
18669,18670,18670,1,1,1.0
18669,18670,18670,1,1,1.0
18669,18671,18669,1,-1,1.0
18669,18671,18669,1,-1,1.0
18669,18670,18669,1,-1,1.0
18669,18670,18669,1,-1,1.0
18669,18670,18669,1,-1,1.0
18669,18670,18669,1,-1,1.0
18669,18670,18670,10,10,10.0
18669,18670,18669,1,-1,1.0
18669,18670,18669,1,-1,1.0
18668,18670,18668,1,-1,1.0
18669,18670,18670,3,3,3.0
18669,18670,18670,3,3,3.0
18670,18671,18671,1,1,1.0
18670,18671,18670,1,-1,1.0
18670,18671,18671,1,1,1.0
18670,18671,18671,1,1,1.0
18670,18671,18670,1,-1,1.0
18669,18671,18669,1,-1,1.0
18670,18671,18670,1,-1,1.0
18670,18671,18671,1,1,1.0
18670,18671,18670,1,-1,1.0
18670,18671,18671,1,1,1.0
18670,18671,18671,1,1,1.0
18670,18671,18671,1,1,1.0
18670,18671,18670,3,-3,3.0
18669,18671,18671,1,1,1.0
18669,18671,18671,1,1,1.0
18669,18671,18671,1,1,1.0
18669,18671,18671,1,1,1.0
18670,18671,18670,1,-1,1.0
18670,18671,18671,1,1,1.0
18670,18671,18671,1,1,1.0
18670,18671,18671,2,2,2.0
18670,18671,18671,3,3,3.0
18670,18671,18670,1,-1,1.0
18670,18671,18670,1,-1,1.0
18670,18671,18670,1,-1,1.0
18669,18671,18669,1,-1,1.0
18669,18671,18669,1,-1,1.0
18669,18670,18670,1,1,1.0
18669,18670,18670,1,1,1.0
18669,18670,18670,1,1,1.0
18669,18670,18670,1,1,1.0
18670,18671,18670,1,-1,1.0
18669,18670,18670,1,1,1.0
18670,18671,18670,1,-1,1.0
18669,18670,18670,1,1,1.0
18669,18670,18670,1,1,1.0
18669,18671,18671,1,1,1.0
18669,18670,18670,1,1,1.0
18669,18670,18669,1,-1,1.0
18669,18670,18669,1,-1,1.0
18669,18670,18670,1,1,1.0
18669,18670,18670,1,1,1.0
18669,18670,18670,1,1,1.0
18669,18670,18670,1,1,1.0
18669,18670,18669,1,-1,1.0
18669,18670,18670,1,1,1.0
18669,18671,18671,1,1,1.0
18669,18670,18670,1,1,1.0
18669,18670,18670,1,1,1.0
18669,18670,18670,1,1,1.0
18669,18670,18669,1,-1,1.0
18669,18670,18669,1,-1,1.0
18669,18670,18669,1,-1,1.0
18669,18670,18669,1,-1,1.0
18668,18670,18668,1,-1,1.0
18668,18670,18668,1,-1,1.0
18668,18670,18669,1,-1,1.0
18668,18670,18669,1,-1,1.0
18668,18670,18669,1,-1,1.0
18669,18670,18669,1,-1,1.0
18669,18670,18670,2,2,2.0
18669,18670,18671,1,1,-1.0
18669,18671,18671,1,1,1.0
18670,18671,18670,1,-1,1.0
18670,18671,18670,1,-1,1.0
18670,18671,18670,1,-1,1.0
18670,18671,18670,8,-8,8.0
18669,18670,18669,2,-2,2.0
18669,18670,18670,1,1,1.0
18669,18670,18670,3,3,3.0
18670,18671,18670,1,-1,1.0
18670,18671,18670,1,-1,1.0
18669,18671,18669,10,-10,10.0
18668,18670,18668,1,-1,1.0
18668,18670,18670,1,1,1.0
18668,18670,18668,10,-10,10.0
18668,18670,18670,1,1,1.0
18668,18669,18669,1,1,1.0
18669,18670,18669,1,-1,1.0
18668,18670,18668,1,-1,1.0
18668,18670,18670,3,3,3.0
18668,18670,18668,1,-1,1.0
18668,18669,18669,1,1,1.0
18668,18669,18669,1,1,1.0
18668,18670,18670,1,1,1.0
18668,18669,18668,3,-3,3.0
18667,18668,18667,5,-5,5.0
18667,18668,18667,6,-6,6.0
18666,18667,18667,3,3,3.0
18666,18667,18667,1,1,1.0
18666,18668,18668,1,1,1.0
18667,18668,18667,2,-2,2.0
18667,18668,18667,1,-1,1.0
18666,18668,18666,1,-1,1.0
18667,18668,18667,1,-1,1.0
18666,18668,18666,1,-1,1.0
18666,18668,18666,2,-2,2.0
18666,18668,18666,2,-2,2.0
18666,18668,18666,1,-1,1.0
18666,18668,18666,1,-1,1.0
18666,18668,18666,1,-1,1.0
18666,18667,18666,2,-2,2.0
18667,18668,18666,2,-2,2.0
18667,18668,18667,1,-1,1.0
18667,18668,18668,1,1,1.0
18667,18668,18668,1,1,1.0
18667,18668,18668,1,1,1.0
18667,18668,18668,1,1,1.0
18667,18668,18668,1,1,1.0
18667,18669,18669,1,1,1.0
18667,18668,18668,1,1,1.0
18667,18668,18668,1,1,1.0
18667,18669,18669,1,1,1.0
18667,18668,18668,1,1,1.0
18667,18668,18668,7,7,7.0
18668,18669,18668,1,-1,1.0
18667,18668,18667,1,-1,1.0
18667,18668,18667,1,-1,1.0
18667,18668,18667,2,-2,2.0
18667,18668,18667,1,-1,1.0
18667,18668,18667,1,-1,1.0
18667,18668,18667,5,-5,5.0
18666,18667,18666,1,-1,1.0
18666,18668,18666,8,-8,8.0
18666,18668,18666,1,-1,1.0
18666,18668,18668,1,1,1.0
18667,18668,18668,2,2,2.0
18667,18668,18668,1,1,1.0
18667,18668,18668,1,1,1.0
18667,18668,18668,1,1,1.0
18667,18668,18668,1,1,1.0
18667,18669,18667,12,-12,12.0
18667,18668,18668,3,3,3.0
18667,18668,18668,1,1,1.0
18668,18669,18668,1,-1,1.0
18668,18669,18668,1,-1,1.0
18667,18669,18669,1,1,1.0
18667,18669,18667,1,-1,1.0
18666,18668,18668,3,3,3.0
18666,18667,18666,1,-1,1.0
18666,18668,18666,2,-2,2.0
18666,18668,18666,1,-1,1.0
18666,18668,18668,1,1,1.0
18666,18667,18667,1,1,1.0
18667,18668,18668,4,4,4.0
18667,18668,18667,1,-1,1.0
18666,18668,18666,1,-1,1.0
18666,18668,18666,1,-1,1.0
18666,18668,18668,1,1,1.0
18666,18668,18668,1,1,1.0
18667,18668,18668,7,7,7.0
18667,18668,18668,1,1,1.0
18667,18668,18668,1,1,1.0
18667,18668,18668,1,1,1.0
18667,18669,18669,1,1,1.0
18667,18668,18668,3,3,3.0
18667,18668,18668,1,1,1.0
18668,18669,18668,2,-2,2.0
18668,18669,18667,4,-4,4.0
18668,18669,18668,1,-1,1.0
18668,18669,18668,1,-1,1.0
18668,18669,18668,1,-1,1.0
18668,18669,18668,1,-1,1.0
18668,18669,18668,1,-1,1.0
18667,18669,18667,1,-1,1.0
18667,18669,18667,1,-1,1.0
18667,18669,18667,1,-1,1.0
18667,18669,18667,1,-1,1.0
18667,18669,18667,2,-2,2.0
18667,18669,18667,2,-2,2.0
18668,18669,18669,1,1,1.0
18668,18669,18669,3,3,3.0
18668,18669,18669,2,2,2.0
18669,18670,18670,1,1,1.0
18669,18670,18670,10,10,10.0
18668,18670,18670,3,3,3.0
18668,18669,18668,7,-7,7.0
18668,18669,18668,8,-8,8.0
18667,18669,18669,5,5,5.0
18667,18668,18667,7,-7,7.0
18666,18668,18668,1,1,1.0
18667,18668,18668,1,1,1.0
18667,18668,18668,2,2,2.0
18667,18669,18669,1,1,1.0
18667,18669,18667,1,-1,1.0
18667,18668,18668,1,1,1.0
18667,18668,18667,1,-1,1.0
18667,18668,18668,1,1,1.0
18667,18668,18668,1,1,1.0
18667,18669,18667,1,-1,1.0
18667,18668,18668,1,1,1.0
18667,18668,18668,1,1,1.0
18667,18668,18667,7,-7,7.0
18667,18668,18667,1,-1,1.0
18666,18667,18667,1,1,1.0
18666,18668,18666,16,-16,16.0
18665,18667,18665,15,-15,15.0
18664,18665,18664,9,-9,9.0
18663,18664,18663,6,-6,6.0
18663,18664,18663,3,-3,3.0
18662,18663,18662,1,-1,1.0
18662,18663,18662,1,-1,1.0
18662,18663,18662,1,-1,1.0
18662,18663,18662,1,-1,1.0
18662,18663,18662,1,-1,1.0
18662,18663,18662,1,-1,1.0
18662,18663,18662,1,-1,1.0
18662,18663,18662,2,-2,2.0
18662,18663,18662,1,-1,1.0
18662,18663,18662,1,-1,1.0
18662,18663,18662,1,-1,1.0
18662,18663,18662,2,-2,2.0
18662,18663,18662,1,-1,1.0
18662,18663,18662,6,-6,6.0
18662,18663,18662,1,-1,1.0
18663,18664,18664,1,1,1.0
18663,18664,18663,3,-3,3.0
18663,18664,18663,1,-1,1.0
18663,18664,18663,3,-3,3.0
18662,18663,18662,10,-10,10.0
18662,18663,18662,1,-1,1.0
18662,18663,18663,1,1,1.0
18662,18663,18663,8,8,8.0
18663,18665,18663,1,-1,1.0
18663,18664,18663,3,-3,3.0
18662,18663,18662,7,-7,7.0
18662,18663,18663,2,2,2.0
18662,18663,18663,2,2,2.0
18662,18663,18663,1,1,1.0
18662,18663,18663,1,1,1.0
18663,18664,18663,1,-1,1.0
18662,18664,18662,1,-1,1.0
18662,18664,18664,1,1,1.0
18663,18664,18664,1,1,1.0
18663,18664,18662,15,-15,15.0
18662,18663,18663,2,2,2.0
18662,18664,18662,2,-2,2.0
18662,18663,18662,9,-9,9.0
18662,18663,18662,3,-3,3.0
18662,18663,18662,2,-2,2.0
18661,18662,18662,1,1,1.0
18662,18663,18663,1,1,1.0
18662,18663,18662,5,-5,5.0
18662,18663,18662,1,-1,1.0
18662,18663,18662,1,-1,1.0
18661,18663,18661,1,-1,1.0
18661,18663,18661,1,-1,1.0
18661,18663,18661,25,-25,25.0
18661,18663,18661,1,-1,1.0
18660,18662,18660,1,-1,1.0
18660,18662,18660,1,-1,1.0
18660,18662,18660,1,-1,1.0
18660,18662,18660,1,-1,1.0
18660,18661,18661,3,3,3.0
18660,18662,18662,1,1,1.0
18661,18662,18662,2,2,2.0
18661,18663,18663,1,1,1.0
18661,18663,18663,1,1,1.0
18661,18663,18661,2,-2,2.0
18662,18663,18662,1,-1,1.0
18662,18663,18662,1,-1,1.0
18662,18663,18662,1,-1,1.0
18662,18663,18662,1,-1,1.0
18662,18663,18662,1,-1,1.0
18661,18663,18661,1,-1,1.0
18661,18663,18661,1,-1,1.0
18661,18662,18662,1,1,1.0
18661,18663,18661,1,-1,1.0
18661,18663,18663,1,1,1.0
18662,18663,18663,1,1,1.0
18662,18663,18662,1,-1,1.0
18661,18663,18661,1,-1,1.0
18661,18662,18661,4,-4,4.0
18661,18662,18661,7,-7,7.0
18661,18662,18660,1,-1,1.0
18660,18662,18660,2,-2,2.0
18660,18662,18660,1,-1,1.0
18660,18661,18660,1,-1,1.0
18660,18661,18661,1,1,1.0
18660,18661,18660,1,-1,1.0
18660,18661,18660,1,-1,1.0
18660,18661,18660,5,-5,5.0
18660,18661,18660,4,-4,4.0
18660,18661,18660,1,-1,1.0
18660,18661,18660,5,-5,5.0
18659,18660,18660,1,1,1.0
18660,18662,18662,1,1,1.0
18661,18662,18661,1,-1,1.0
18661,18662,18662,1,1,1.0
18661,18663,18663,1,1,1.0
18662,18663,18663,1,1,1.0
18662,18663,18662,1,-1,1.0
18662,18664,18664,1,1,1.0
18663,18664,18664,1,1,1.0
18663,18664,18663,1,-1,1.0
18663,18664,18663,1,-1,1.0
18663,18664,18662,1,-1,1.0
18662,18663,18663,1,1,1.0
18662,18663,18663,1,1,1.0
18662,18664,18664,1,1,1.0
18662,18664,18664,1,1,1.0
18663,18664,18664,8,8,8.0
18664,18665,18665,2,2,2.0
18663,18664,18664,1,1,1.0
18663,18665,18665,1,1,1.0
18663,18665,18665,1,1,1.0
18663,18665,18663,1,-1,1.0
18663,18665,18663,1,-1,1.0
18663,18665,18663,1,-1,1.0
18662,18664,18662,1,-1,1.0
18663,18664,18663,1,-1,1.0
18662,18663,18663,1,1,1.0
18662,18664,18661,1,-1,1.0
18662,18664,18662,12,-12,12.0
18662,18664,18662,1,-1,1.0
18663,18664,18664,1,1,1.0
18663,18664,18664,1,1,1.0
18663,18664,18664,3,3,3.0
18663,18664,18664,1,1,1.0
18663,18664,18664,1,1,1.0
18663,18664,18664,1,1,1.0
18663,18664,18664,1,1,1.0
18663,18664,18664,1,1,1.0
18663,18664,18664,1,1,1.0
18664,18665,18665,1,1,1.0
18664,18665,18664,1,-1,1.0
18664,18665,18664,1,-1,1.0
18664,18665,18664,1,-1,1.0
18663,18665,18663,1,-1,1.0
18663,18665,18663,1,-1,1.0
18663,18665,18665,1,1,1.0
18663,18665,18663,2,-2,2.0
18663,18664,18664,6,6,6.0
18663,18664,18664,3,3,3.0
18664,18665,18665,1,1,1.0
18664,18665,18664,1,-1,1.0
18664,18665,18664,2,-2,2.0
18664,18665,18664,1,-1,1.0
18664,18665,18664,1,-1,1.0
18664,18665,18664,1,-1,1.0
18664,18665,18664,1,-1,1.0
18663,18665,18663,1,-1,1.0
18664,18665,18665,1,1,1.0
18664,18665,18664,2,-2,2.0
18664,18665,18664,2,-2,2.0
18664,18665,18665,1,1,1.0
18664,18665,18665,3,3,3.0
18664,18666,18666,1,1,1.0
18665,18666,18666,1,1,1.0
18665,18666,18666,2,2,2.0
18665,18666,18666,1,1,1.0
18665,18666,18666,1,1,1.0
18665,18666,18665,1,-1,1.0
18665,18666,18665,1,-1,1.0
18665,18666,18666,1,1,1.0
18665,18666,18666,1,1,1.0
18665,18666,18666,2,2,2.0
18665,18667,18665,1,-1,1.0
18665,18667,18667,1,1,1.0
18666,18667,18667,1,1,1.0
18666,18667,18666,1,-1,1.0
18666,18667,18666,1,-1,1.0
18666,18667,18665,1,-1,1.0
18666,18667,18666,1,-1,1.0
18666,18667,18666,1,-1,1.0
18666,18667,18667,1,1,1.0
18666,18667,18666,1,-1,1.0
18666,18667,18667,1,1,1.0
18666,18667,18667,1,1,1.0
18666,18667,18666,3,-3,3.0
18665,18666,18665,1,-1,1.0
18665,18666,18665,1,-1,1.0
18665,18666,18666,1,1,1.0
18665,18666,18666,1,1,1.0
18665,18666,18666,2,2,2.0
18665,18667,18665,1,-1,1.0
18665,18666,18666,1,1,1.0
18665,18667,18667,1,1,1.0
18665,18667,18667,2,2,2.0
18665,18667,18665,1,-1,1.0
18665,18666,18666,2,2,2.0
18665,18666,18665,1,-1,1.0
18665,18666,18666,2,2,2.0
18665,18667,18667,1,1,1.0
18665,18666,18665,3,-3,3.0
18665,18666,18665,11,-11,11.0
18664,18665,18665,2,2,2.0
18664,18665,18664,2,-2,2.0
18664,18665,18664,1,-1,1.0
18664,18665,18664,1,-1,1.0
18664,18665,18665,2,2,2.0
18663,18665,18665,2,2,2.0
18663,18665,18663,2,-2,2.0
18663,18665,18662,1,-1,1.0
18663,18665,18663,1,-1,1.0
18662,18664,18662,1,-1,1.0
18662,18664,18662,1,-1,1.0
18662,18664,18662,1,-1,1.0
18662,18664,18664,1,1,1.0
18662,18664,18662,1,-1,1.0
18662,18664,18662,1,-1,1.0
18663,18664,18663,2,-2,2.0
18663,18664,18664,1,1,1.0
18663,18664,18664,1,1,1.0
18663,18665,18665,1,1,1.0
18663,18664,18664,1,1,1.0
18663,18664,18664,1,1,1.0
18663,18664,18664,1,1,1.0
18663,18664,18664,2,2,2.0
18663,18664,18664,1,1,1.0
18663,18664,18664,1,1,1.0
18663,18665,18665,1,1,1.0
18663,18664,18664,1,1,1.0
18663,18664,18663,1,-1,1.0
18663,18664,18663,1,-1,1.0
18663,18664,18663,1,-1,1.0
18662,18663,18662,1,-1,1.0
18662,18663,18662,2,-2,2.0
18661,18663,18661,1,-1,1.0
18661,18663,18661,1,-1,1.0
18662,18663,18661,1,-1,1.0
18662,18663,18662,1,-1,1.0
18661,18663,18661,2,-2,2.0
18662,18663,18662,1,-1,1.0
18662,18663,18663,1,1,1.0
18662,18664,18664,1,1,1.0
18662,18664,18664,1,1,1.0
18662,18664,18662,1,-1,1.0
18662,18664,18664,1,1,1.0
18662,18664,18664,1,1,1.0
18662,18664,18664,1,1,1.0
18662,18664,18662,1,-1,1.0
18662,18664,18662,1,-1,1.0
18662,18664,18662,1,-1,1.0
18662,18664,18662,1,-1,1.0
18662,18664,18662,1,-1,1.0
18661,18664,18661,1,-1,1.0
18661,18664,18661,1,-1,1.0
18661,18664,18661,2,-2,2.0
18662,18664,18664,1,1,1.0
18662,18664,18664,1,1,1.0
18662,18664,18662,1,-1,1.0
18662,18664,18664,1,1,1.0
18661,18664,18661,1,-1,1.0
18661,18664,18661,1,-1,1.0
18661,18664,18664,1,1,1.0
18662,18663,18662,2,-2,2.0
18662,18663,18662,1,-1,1.0
18663,18664,18664,1,1,1.0
18663,18665,18663,1,-1,1.0
18663,18665,18665,1,1,1.0
18663,18665,18665,1,1,1.0
18663,18665,18663,1,-1,1.0
18663,18665,18663,1,-1,1.0
18663,18665,18665,1,1,1.0
18663,18665,18665,5,5,5.0
18664,18665,18664,1,-1,1.0
18663,18665,18663,1,-1,1.0
18663,18665,18663,1,-1,1.0
18662,18665,18662,1,-1,1.0
18662,18665,18665,1,1,1.0
18662,18665,18665,3,3,3.0
18662,18665,18666,7,7,-7.0
18663,18665,18665,1,1,1.0
18663,18665,18665,1,1,1.0
18663,18665,18665,1,1,1.0
18663,18665,18663,1,-1,1.0
18663,18665,18663,1,-1,1.0
18663,18665,18663,1,-1,1.0
18663,18665,18665,1,1,1.0
18663,18665,18663,1,-1,1.0
18663,18665,18663,1,-1,1.0
18662,18665,18662,1,-1,1.0
18662,18665,18662,1,-1,1.0
18662,18665,18665,1,1,1.0
18662,18665,18665,1,1,1.0
18662,18665,18665,1,1,1.0
18662,18665,18662,1,-1,1.0
18662,18665,18665,1,1,1.0
18662,18665,18662,1,-1,1.0
18662,18665,18662,1,-1,1.0
18662,18665,18665,1,1,1.0
18662,18665,18665,1,1,1.0
18662,18665,18662,1,-1,1.0
18662,18665,18665,1,1,1.0
18662,18665,18662,1,-1,1.0
18662,18665,18665,1,1,1.0
18663,18665,18663,1,-1,1.0
18663,18665,18665,1,1,1.0
18663,18665,18665,1,1,1.0
18663,18665,18665,1,1,1.0
18663,18665,18665,1,1,1.0
18664,18666,18666,1,1,1.0
18664,18666,18664,1,-1,1.0
18664,18666,18664,1,-1,1.0
18664,18666,18664,1,-1,1.0
18663,18666,18663,1,-1,1.0
18663,18666,18666,1,1,1.0
18663,18666,18663,1,-1,1.0
18663,18666,18663,1,-1,1.0
18663,18666,18663,1,-1,1.0
18662,18665,18662,1,-1,1.0
18662,18665,18662,1,-1,1.0
18662,18665,18665,2,2,2.0
18663,18665,18665,1,1,1.0
18663,18665,18663,1,-1,1.0
18662,18665,18662,1,-1,1.0
18662,18665,18665,1,1,1.0
18662,18665,18662,1,-1,1.0
18662,18665,18665,1,1,1.0
18662,18665,18662,1,-1,1.0
18662,18665,18665,1,1,1.0
18662,18665,18665,1,1,1.0
18662,18665,18662,1,-1,1.0
18662,18665,18665,1,1,1.0
18662,18665,18662,1,-1,1.0
18662,18665,18665,1,1,1.0
18663,18665,18663,2,-2,2.0
18662,18665,18662,1,-1,1.0
18663,18665,18665,1,1,1.0
18663,18664,18663,1,-1,1.0
18663,18665,18663,1,-1,1.0
18663,18665,18665,1,1,1.0
18663,18665,18665,1,1,1.0
18663,18665,18663,1,-1,1.0
18662,18665,18662,1,-1,1.0
18662,18665,18665,1,1,1.0
18662,18665,18662,1,-1,1.0
18662,18665,18665,1,1,1.0
18662,18665,18662,1,-1,1.0
18662,18665,18665,1,1,1.0
18662,18665,18662,1,-1,1.0
18663,18665,18664,1,-1,1.0
18663,18665,18663,1,-1,1.0
18663,18665,18665,1,1,1.0
18663,18665,18665,1,1,1.0
18663,18665,18665,2,2,2.0
18663,18665,18665,4,4,4.0
18664,18666,18664,1,-1,1.0
18664,18666,18664,1,-1,1.0
18663,18666,18663,1,-1,1.0
18663,18666,18666,1,1,1.0
18663,18666,18663,1,-1,1.0
18663,18666,18666,1,1,1.0
18663,18666,18663,1,-1,1.0
18663,18666,18666,1,1,1.0
18663,18666,18663,1,-1,1.0
18663,18665,18665,1,1,1.0
18664,18666,18666,1,1,1.0
18664,18666,18666,1,1,1.0
18664,18666,18664,1,-1,1.0
18664,18666,18664,1,-1,1.0
18663,18666,18663,1,-1,1.0
18663,18666,18666,1,1,1.0
18663,18666,18666,1,1,1.0
18663,18666,18663,1,-1,1.0
18664,18665,18665,1,1,1.0
18664,18666,18666,1,1,1.0
18664,18666,18666,1,1,1.0
18664,18666,18664,1,-1,1.0
18664,18666,18664,1,-1,1.0
18665,18666,18666,3,3,3.0
18665,18666,18665,1,-1,1.0
18664,18667,18664,2,-2,2.0
18664,18667,18664,1,-1,1.0
18664,18667,18664,1,-1,1.0
18664,18667,18667,1,1,1.0
18664,18667,18667,3,3,3.0
18664,18667,18667,1,1,1.0
18664,18667,18667,1,1,1.0
18664,18667,18667,1,1,1.0
18664,18667,18664,1,-1,1.0
18664,18667,18667,1,1,1.0
18664,18667,18667,1,1,1.0
18664,18667,18664,1,-1,1.0
18664,18667,18667,1,1,1.0
18664,18667,18667,1,1,1.0
18664,18667,18664,1,-1,1.0
18664,18667,18667,1,1,1.0
18665,18667,18665,1,-1,1.0
18664,18667,18667,1,1,1.0
18664,18667,18664,1,-1,1.0
18664,18667,18667,1,1,1.0
18665,18667,18665,1,-1,1.0
18665,18667,18665,1,-1,1.0
18664,18667,18667,1,1,1.0
18665,18667,18665,1,-1,1.0
18664,18667,18664,1,-1,1.0
18664,18667,18667,1,1,1.0
18665,18667,18665,1,-1,1.0
18665,18667,18667,1,1,1.0
18665,18667,18667,1,1,1.0
18665,18667,18667,1,1,1.0
18665,18667,18667,1,1,1.0
18665,18667,18667,1,1,1.0
18665,18667,18667,1,1,1.0
18665,18667,18667,1,1,1.0
18665,18667,18667,1,1,1.0
18665,18667,18667,1,1,1.0
18665,18667,18667,1,1,1.0
18666,18667,18667,2,2,2.0
18665,18668,18668,1,1,1.0
18665,18668,18665,1,-1,1.0
18665,18668,18665,1,-1,1.0
18665,18668,18668,1,1,1.0
18665,18668,18668,1,1,1.0
18665,18668,18665,1,-1,1.0
18665,18668,18668,1,1,1.0
18665,18668,18665,3,-3,3.0
18665,18667,18665,3,-3,3.0
18665,18667,18667,1,1,1.0
18665,18666,18666,1,1,1.0
18665,18667,18665,1,-1,1.0
18665,18667,18665,1,-1,1.0
18665,18667,18665,1,-1,1.0
18665,18667,18665,1,-1,1.0
18665,18667,18665,1,-1,1.0
18665,18667,18665,1,-1,1.0
18665,18667,18666,2,-2,2.0
18665,18667,18665,1,-1,1.0
18665,18667,18667,1,1,1.0
18665,18667,18665,1,-1,1.0
18665,18667,18665,1,-1,1.0
18665,18668,18665,1,-1,1.0
18667,18668,18668,12,12,12.0
18667,18668,18668,1,1,1.0
18667,18668,18668,1,1,1.0
18667,18668,18668,1,1,1.0
18667,18668,18668,1,1,1.0
18667,18668,18668,1,1,1.0
18667,18668,18668,1,1,1.0
18667,18668,18668,1,1,1.0
18667,18668,18668,1,1,1.0
18667,18668,18668,1,1,1.0
18666,18668,18666,1,-1,1.0
18666,18668,18666,1,-1,1.0
18666,18668,18668,1,1,1.0
18666,18668,18668,2,2,2.0
18666,18668,18666,1,-1,1.0
18666,18668,18666,1,-1,1.0
18666,18668,18666,1,-1,1.0
18666,18668,18666,1,-1,1.0
18666,18668,18666,1,-1,1.0
18666,18668,18666,1,-1,1.0
18666,18668,18666,1,-1,1.0
18665,18668,18668,2,2,2.0
18665,18668,18665,1,-1,1.0
18666,18668,18666,1,-1,1.0
18666,18668,18666,1,-1,1.0
18666,18668,18666,1,-1,1.0
18665,18668,18665,1,-1,1.0
18665,18668,18665,1,-1,1.0
18665,18668,18665,1,-1,1.0
18665,18668,18665,1,-1,1.0
18666,18668,18668,1,1,1.0
18666,18668,18666,1,-1,1.0
18668,18669,18669,3,3,3.0
18668,18669,18669,3,3,3.0
18668,18669,18668,2,-2,2.0
18668,18669,18669,1,1,1.0
18668,18669,18669,1,1,1.0
18668,18669,18669,1,1,1.0
18668,18669,18669,1,1,1.0
18668,18669,18669,1,1,1.0
18668,18669,18669,1,1,1.0
18668,18669,18669,1,1,1.0
18668,18669,18669,1,1,1.0
18668,18669,18669,1,1,1.0
18668,18669,18668,1,-1,1.0
18668,18669,18669,1,1,1.0
18668,18669,18669,1,1,1.0
18668,18669,18668,1,-1,1.0
18666,18668,18668,1,1,1.0
18666,18668,18668,1,1,1.0
18666,18667,18667,1,1,1.0
18665,18667,18665,1,-1,1.0
18665,18667,18667,1,1,1.0
18665,18667,18665,1,-1,1.0
18665,18667,18665,1,-1,1.0
18665,18667,18665,1,-1,1.0
18665,18667,18665,1,-1,1.0
18665,18667,18665,1,-1,1.0
18665,18666,18666,1,1,1.0
18665,18666,18665,1,-1,1.0
18665,18666,18666,1,1,1.0
18665,18666,18665,1,-1,1.0
18665,18666,18664,1,-1,1.0
18665,18666,18664,1,-1,1.0
18665,18666,18666,1,1,1.0
18665,18666,18666,2,2,2.0
18665,18666,18666,1,1,1.0
18665,18666,18665,1,-1,1.0
18665,18666,18665,1,-1,1.0
18664,18666,18664,1,-1,1.0
18664,18666,18664,1,-1,1.0
18664,18666,18666,1,1,1.0
18665,18666,18666,1,1,1.0
18666,18667,18666,1,-1,1.0
18665,18667,18665,1,-1,1.0
18664,18667,18664,1,-1,1.0
18664,18667,18667,1,1,1.0
18664,18666,18664,1,-1,1.0
18664,18666,18664,1,-1,1.0
18663,18666,18663,1,-1,1.0
18663,18666,18663,1,-1,1.0
18663,18666,18663,2,-2,2.0
18663,18666,18663,2,-2,2.0
18663,18666,18663,1,-1,1.0
18663,18666,18663,1,-1,1.0
18663,18666,18663,1,-1,1.0
18663,18666,18663,1,-1,1.0
18663,18666,18663,2,-2,2.0
18664,18665,18664,1,-1,1.0
18663,18665,18665,1,1,1.0
18663,18665,18663,1,-1,1.0
18663,18665,18665,1,1,1.0
18664,18665,18665,1,1,1.0
18664,18665,18665,1,1,1.0
18664,18665,18665,1,1,1.0
18664,18666,18666,1,1,1.0
18665,18666,18666,1,1,1.0
18665,18666,18666,1,1,1.0
18665,18666,18666,1,1,1.0
18665,18666,18666,1,1,1.0
18665,18666,18666,1,1,1.0
18665,18666,18665,1,-1,1.0
18665,18666,18665,1,-1,1.0
18664,18666,18664,1,-1,1.0
18664,18666,18664,1,-1,1.0
18663,18666,18663,1,-1,1.0
18663,18666,18663,1,-1,1.0
18663,18666,18663,1,-1,1.0
18663,18666,18663,1,-1,1.0
18663,18666,18663,1,-1,1.0
18665,18666,18666,1,1,1.0
18665,18666,18665,1,-1,1.0
18665,18666,18665,1,-1,1.0
18664,18666,18664,1,-1,1.0
18663,18666,18663,1,-1,1.0
18664,18665,18664,1,-1,1.0
18664,18665,18664,1,-1,1.0
18664,18666,18664,1,-1,1.0
18664,18666,18664,1,-1,1.0
18664,18666,18665,1,-1,1.0
18663,18666,18663,1,-1,1.0
18664,18666,18664,1,-1,1.0
18664,18666,18664,1,-1,1.0
18663,18666,18663,1,-1,1.0
18664,18666,18664,1,-1,1.0
18664,18666,18664,1,-1,1.0
18663,18666,18666,1,1,1.0
18663,18666,18666,1,1,1.0
18663,18666,18666,1,1,1.0
18663,18666,18666,1,1,1.0
18664,18666,18664,1,-1,1.0
18664,18666,18664,1,-1,1.0
18664,18665,18664,1,-1,1.0
18664,18665,18664,1,-1,1.0
18663,18665,18663,1,-1,1.0
18663,18665,18663,1,-1,1.0
18663,18665,18663,1,-1,1.0
18663,18665,18663,1,-1,1.0
18663,18665,18665,1,1,1.0
18663,18665,18663,2,-2,2.0
18663,18665,18665,1,1,1.0
18663,18665,18665,1,1,1.0
18663,18665,18665,1,1,1.0
18663,18665,18665,1,1,1.0
18664,18665,18665,1,1,1.0
18664,18665,18665,1,1,1.0
18664,18665,18665,1,1,1.0
18664,18665,18665,1,1,1.0
18664,18666,18666,1,1,1.0
18664,18666,18666,1,1,1.0
18664,18665,18664,1,-1,1.0
18664,18665,18664,1,-1,1.0
18663,18665,18664,1,-1,1.0
18663,18665,18664,1,-1,1.0
18663,18664,18663,1,-1,1.0
18663,18664,18663,1,-1,1.0
18663,18664,18663,1,-1,1.0
18663,18664,18663,1,-1,1.0
18663,18664,18663,1,-1,1.0
18663,18664,18664,1,1,1.0
18663,18665,18663,1,-1,1.0
18665,18666,18665,1,-1,1.0
18665,18666,18665,1,-1,1.0
18665,18666,18665,1,-1,1.0
18665,18666,18665,1,-1,1.0
18664,18666,18664,1,-1,1.0
18665,18666,18666,1,1,1.0
18665,18666,18665,1,-1,1.0
18665,18666,18665,1,-1,1.0
18665,18666,18665,3,-3,3.0
18663,18666,18666,1,1,1.0
18663,18666,18666,1,1,1.0
18663,18666,18666,1,1,1.0
18663,18666,18663,1,-1,1.0
18663,18666,18666,1,1,1.0
18663,18666,18666,1,1,1.0
18664,18666,18664,1,-1,1.0
18664,18666,18664,1,-1,1.0
18663,18666,18663,1,-1,1.0
18663,18666,18663,1,-1,1.0
18663,18666,18666,1,1,1.0
18663,18666,18666,1,1,1.0
18663,18666,18663,1,-1,1.0
18663,18666,18663,1,-1,1.0
18663,18665,18663,1,-1,1.0
18663,18665,18663,1,-1,1.0
18663,18665,18663,1,-1,1.0
18662,18665,18665,1,1,1.0
18663,18665,18663,1,-1,1.0
18662,18665,18662,1,-1,1.0
18662,18664,18662,1,-1,1.0
18663,18664,18663,1,-1,1.0
18663,18664,18663,1,-1,1.0
18662,18664,18664,1,1,1.0
18662,18663,18662,1,-1,1.0
18662,18663,18662,1,-1,1.0
18662,18663,18662,1,-1,1.0
18662,18663,18663,1,1,1.0
18662,18664,18662,1,-1,1.0
18662,18664,18662,1,-1,1.0
18662,18664,18664,1,1,1.0
18663,18664,18663,1,-1,1.0
18663,18664,18664,1,1,1.0
18663,18665,18665,1,1,1.0
18663,18665,18663,1,-1,1.0
18662,18664,18662,1,-1,1.0
18662,18664,18662,1,-1,1.0
18662,18664,18662,1,-1,1.0
18662,18664,18662,1,-1,1.0
18662,18664,18662,1,-1,1.0
18662,18664,18662,1,-1,1.0
18661,18664,18661,1,-1,1.0
18661,18664,18661,1,-1,1.0
18661,18664,18661,1,-1,1.0
18661,18664,18661,1,-1,1.0
18661,18664,18661,1,-1,1.0
18663,18664,18661,3,-3,3.0
18663,18664,18663,2,-2,2.0
18663,18664,18661,2,-2,2.0
18663,18664,18660,1,-1,1.0
18663,18664,18661,4,-4,4.0
18663,18664,18660,7,-7,7.0
18660,18664,18660,4,-4,4.0
18660,18664,18660,1,-1,1.0
18660,18664,18660,6,-6,6.0
18660,18664,18660,1,-1,1.0
18660,18663,18660,1,-1,1.0
18660,18663,18660,1,-1,1.0
18660,18663,18659,1,-1,1.0
18660,18663,18659,2,-2,2.0
18660,18663,18659,1,-1,1.0
18660,18663,18659,1,-1,1.0
18659,18663,18659,7,-7,7.0
18659,18663,18659,1,-1,1.0
18659,18663,18659,1,-1,1.0
18659,18663,18659,1,-1,1.0
18659,18663,18659,1,-1,1.0
18659,18663,18659,1,-1,1.0
18660,18663,18660,1,-1,1.0
18660,18662,18659,2,-2,2.0
18660,18662,18660,1,-1,1.0
18661,18662,18661,1,-1,1.0
18661,18662,18661,1,-1,1.0
18660,18662,18662,2,2,2.0
18661,18662,18659,1,-1,1.0
18661,18662,18660,1,-1,1.0
18661,18662,18661,2,-2,2.0
18659,18662,18659,4,-4,4.0
18660,18661,18661,1,1,1.0
18661,18662,18662,1,1,1.0
18661,18662,18662,1,1,1.0
18661,18662,18662,1,1,1.0
18661,18662,18662,1,1,1.0
18661,18662,18662,1,1,1.0
18661,18662,18662,1,1,1.0
18661,18662,18662,1,1,1.0
18661,18662,18662,1,1,1.0
18661,18662,18662,1,1,1.0
18661,18663,18663,1,1,1.0
18661,18663,18661,1,-1,1.0
18661,18662,18662,1,1,1.0
18661,18662,18662,1,1,1.0
18661,18662,18662,1,1,1.0
18661,18662,18662,1,1,1.0
18661,18662,18661,1,-1,1.0
18660,18661,18661,1,1,1.0
18661,18662,18660,3,-3,3.0
18661,18662,18661,1,-1,1.0
18659,18661,18661,1,1,1.0
18659,18662,18659,4,-4,4.0
18659,18661,18658,3,-3,3.0
18659,18661,18659,1,-1,1.0
18658,18661,18658,2,-2,2.0
18658,18661,18661,1,1,1.0
18659,18661,18659,1,-1,1.0
18659,18661,18658,3,-3,3.0
18659,18661,18659,1,-1,1.0
18659,18660,18659,1,-1,1.0
18659,18660,18659,1,-1,1.0
18658,18660,18659,1,-1,1.0
18658,18660,18658,1,-1,1.0
18658,18660,18658,1,-1,1.0
18658,18660,18658,2,-2,2.0
18658,18659,18658,1,-1,1.0
18658,18659,18658,1,-1,1.0
18658,18660,18660,1,1,1.0
18658,18661,18658,2,-2,2.0
18658,18661,18661,1,1,1.0
18658,18661,18661,1,1,1.0
18658,18661,18661,1,1,1.0
18658,18660,18659,1,1,-1.0
18659,18660,18659,1,-1,1.0
18659,18660,18659,1,-1,1.0
18659,18660,18659,1,-1,1.0
18659,18660,18659,1,-1,1.0
18659,18660,18659,1,-1,1.0
18659,18660,18659,1,-1,1.0
18659,18660,18659,1,-1,1.0
18659,18660,18659,1,-1,1.0
18659,18661,18659,1,-1,1.0
18659,18661,18659,1,-1,1.0
18659,18661,18659,1,-1,1.0
18659,18661,18659,1,-1,1.0
18659,18661,18659,1,-1,1.0
18658,18661,18658,1,-1,1.0
18658,18661,18658,1,-1,1.0
18658,18661,18658,1,-1,1.0
18658,18661,18661,1,1,1.0
18659,18661,18659,1,-1,1.0
18659,18661,18661,1,1,1.0
18660,18661,18660,1,-1,1.0
18660,18661,18659,2,-2,2.0
18660,18661,18660,3,-3,3.0
18659,18661,18661,1,1,1.0
18660,18661,18661,1,1,1.0
18660,18662,18660,1,-1,1.0
18659,18662,18662,1,1,1.0
18659,18662,18659,1,-1,1.0
18659,18662,18659,1,-1,1.0
18659,18662,18659,1,-1,1.0
18659,18662,18662,1,1,1.0
18659,18662,18659,2,-2,2.0
18659,18662,18659,1,-1,1.0
18659,18662,18659,1,-1,1.0
18659,18662,18659,1,-1,1.0
18659,18662,18662,1,1,1.0
18659,18661,18659,1,-1,1.0
18659,18661,18659,1,-1,1.0
18660,18661,18660,1,-1,1.0
18660,18661,18661,1,1,1.0
18660,18661,18660,2,-2,2.0
18659,18661,18659,1,-1,1.0
18660,18661,18659,4,-4,4.0
18660,18661,18660,1,-1,1.0
18659,18661,18661,1,1,1.0
18659,18661,18661,1,1,1.0
18659,18661,18659,1,-1,1.0
18659,18661,18661,1,1,1.0
18659,18661,18661,1,1,1.0
18659,18662,18659,1,-1,1.0
18659,18662,18662,1,1,1.0
18659,18662,18662,1,1,1.0
18659,18661,18661,1,1,1.0
18659,18661,18659,1,-1,1.0
18659,18661,18659,1,-1,1.0
18659,18661,18659,1,-1,1.0
18659,18661,18660,1,-1,1.0
18659,18660,18660,3,3,3.0
18659,18661,18661,2,2,2.0
18659,18661,18659,1,-1,1.0
18659,18661,18659,1,-1,1.0
18659,18661,18659,1,-1,1.0
18659,18661,18659,1,-1,1.0
18659,18661,18658,1,-1,1.0
18659,18661,18658,1,-1,1.0
18659,18661,18658,1,-1,1.0
18659,18661,18658,1,-1,1.0
18659,18661,18658,1,-1,1.0
18659,18661,18658,1,-1,1.0
18658,18660,18658,1,-1,1.0
18658,18660,18658,1,-1,1.0
18658,18660,18657,1,-1,1.0
18658,18660,18658,5,-5,5.0
18658,18660,18657,1,-1,1.0
18658,18660,18657,1,-1,1.0
18658,18660,18657,1,-1,1.0
18658,18660,18657,1,-1,1.0
18658,18660,18657,1,-1,1.0
18657,18660,18657,1,-1,1.0
18657,18660,18657,1,-1,1.0
18657,18660,18657,2,-2,2.0
18657,18660,18657,1,-1,1.0
18657,18660,18657,2,-2,2.0
18657,18660,18657,1,-1,1.0
18657,18660,18657,2,-2,2.0
18657,18660,18657,2,-2,2.0
18657,18660,18656,1,-1,1.0
18657,18660,18657,1,-1,1.0
18657,18660,18659,2,2,-2.0
18657,18660,18659,1,1,-1.0
18656,18659,18659,1,1,1.0
18656,18659,18656,1,-1,1.0
18656,18659,18656,4,-4,4.0
18656,18659,18656,1,-1,1.0
18656,18659,18659,1,1,1.0
18656,18659,18656,3,-3,3.0
18656,18659,18656,2,-2,2.0
18656,18658,18657,1,-1,1.0
18656,18658,18657,1,-1,1.0
18656,18658,18656,3,-3,3.0
18656,18658,18657,1,-1,1.0
18656,18658,18658,1,1,1.0
18657,18659,18657,1,-1,1.0
18657,18659,18656,2,-2,2.0
18656,18659,18656,1,-1,1.0
18656,18659,18656,1,-1,1.0
18656,18659,18656,1,-1,1.0
18656,18659,18656,1,-1,1.0
18656,18659,18656,2,-2,2.0
18656,18659,18656,2,-2,2.0
18656,18659,18656,1,-1,1.0
18656,18659,18656,1,-1,1.0
18656,18659,18656,1,-1,1.0
18656,18659,18656,1,-1,1.0
18656,18659,18655,1,-1,1.0
18656,18659,18655,1,-1,1.0
18656,18659,18655,1,-1,1.0
18655,18658,18655,2,-2,2.0
18655,18658,18655,1,-1,1.0
18655,18658,18655,1,-1,1.0
18655,18658,18655,1,-1,1.0
18655,18658,18655,1,-1,1.0
18655,18658,18655,1,-1,1.0
18655,18658,18655,1,-1,1.0
18655,18658,18655,8,-8,8.0
18656,18659,18656,1,-1,1.0
18656,18659,18659,1,1,1.0
18656,18659,18656,1,-1,1.0
18656,18659,18656,1,-1,1.0
18656,18659,18656,1,-1,1.0
18656,18659,18659,1,1,1.0
18656,18659,18659,1,1,1.0
18656,18659,18659,1,1,1.0
18656,18659,18656,1,-1,1.0
18656,18659,18656,1,-1,1.0
18656,18659,18656,1,-1,1.0
18657,18659,18658,1,-1,1.0
18657,18659,18658,1,-1,1.0
18657,18659,18658,1,-1,1.0
18657,18658,18658,1,1,1.0
18657,18659,18659,1,1,1.0
18658,18659,18659,1,1,1.0
18658,18659,18659,1,1,1.0
18658,18659,18659,1,1,1.0
18658,18660,18659,2,2,-2.0
18658,18659,18659,1,1,1.0
18658,18659,18659,1,1,1.0
18658,18659,18659,1,1,1.0
18658,18659,18659,1,1,1.0
18658,18659,18658,1,-1,1.0
18658,18659,18658,1,-1,1.0
18658,18659,18658,1,-1,1.0
18657,18659,18657,1,-1,1.0
18656,18658,18656,1,-1,1.0
18656,18658,18658,1,1,1.0
18657,18659,18659,1,1,1.0
18657,18659,18657,1,-1,1.0
18657,18660,18657,1,-1,1.0
18657,18660,18657,1,-1,1.0
18658,18660,18660,1,1,1.0
18658,18661,18661,1,1,1.0
18658,18661,18661,1,1,1.0
18658,18661,18658,5,-5,5.0
18657,18660,18657,1,-1,1.0
18657,18660,18657,1,-1,1.0
18657,18660,18657,1,-1,1.0
18657,18660,18659,1,1,-1.0
18659,18660,18660,1,1,1.0
18659,18661,18661,1,1,1.0
18659,18661,18659,1,-1,1.0
18659,18661,18661,1,1,1.0
18659,18661,18661,1,1,1.0
18659,18661,18661,1,1,1.0
18659,18661,18659,1,-1,1.0
18658,18661,18661,1,1,1.0
18658,18661,18658,1,-1,1.0
18658,18661,18661,1,1,1.0
18658,18661,18661,1,1,1.0
18659,18660,18659,1,-1,1.0
18659,18660,18659,2,-2,2.0
18657,18658,18657,1,-1,1.0
18657,18658,18657,1,-1,1.0
18656,18658,18656,1,-1,1.0
18656,18657,18656,3,-3,3.0
18656,18657,18656,1,-1,1.0
18656,18657,18656,1,-1,1.0
18656,18657,18656,1,-1,1.0
18655,18657,18655,1,-1,1.0
18655,18657,18655,1,-1,1.0
18655,18657,18655,1,-1,1.0
18655,18657,18655,1,-1,1.0
18655,18657,18655,1,-1,1.0
18655,18657,18655,1,-1,1.0
18656,18657,18656,1,-1,1.0
18656,18657,18656,1,-1,1.0
18656,18657,18656,1,-1,1.0
18656,18657,18656,1,-1,1.0
18656,18657,18656,1,-1,1.0
18656,18657,18656,1,-1,1.0
18656,18657,18657,1,1,1.0
18656,18657,18657,1,1,1.0
18656,18657,18657,3,3,3.0
18657,18658,18657,1,-1,1.0
18657,18659,18659,1,1,1.0
18657,18659,18659,1,1,1.0
18658,18659,18659,4,4,4.0
18658,18659,18658,1,-1,1.0
18657,18659,18659,2,2,2.0
18657,18660,18657,1,-1,1.0
18657,18660,18657,1,-1,1.0
18656,18659,18656,1,-1,1.0
18656,18659,18656,1,-1,1.0
18656,18659,18656,1,-1,1.0
18656,18659,18659,1,1,1.0
18656,18659,18659,1,1,1.0
18656,18659,18656,1,-1,1.0
18656,18659,18656,1,-1,1.0
18656,18659,18656,2,-2,2.0
18656,18659,18656,1,-1,1.0
18656,18659,18659,1,1,1.0
18656,18659,18659,1,1,1.0
18656,18659,18656,1,-1,1.0
18656,18659,18659,1,1,1.0
18657,18660,18660,1,1,1.0
18657,18660,18657,1,-1,1.0
18657,18660,18660,1,1,1.0
18658,18660,18658,1,-1,1.0
18658,18660,18660,1,1,1.0
18658,18660,18658,1,-1,1.0
18657,18660,18657,1,-1,1.0
18657,18660,18657,1,-1,1.0
18657,18660,18657,1,-1,1.0
18657,18660,18660,1,1,1.0
18657,18660,18657,1,-1,1.0
18657,18660,18660,1,1,1.0
18657,18660,18657,1,-1,1.0
18657,18660,18657,1,-1,1.0
18657,18660,18657,2,-2,2.0
18657,18660,18657,1,-1,1.0
18657,18660,18656,3,-3,3.0
18657,18660,18656,3,-3,3.0
18656,18658,18658,2,2,2.0
18657,18659,18659,1,1,1.0
18657,18659,18657,1,-1,1.0
18657,18659,18657,1,-1,1.0
18657,18659,18657,1,-1,1.0
18657,18659,18657,1,-1,1.0
18657,18659,18659,1,1,1.0
18657,18659,18659,1,1,1.0
18657,18659,18659,1,1,1.0
18657,18659,18659,1,1,1.0
18657,18659,18659,1,1,1.0
18657,18659,18657,1,-1,1.0
18658,18659,18659,2,2,2.0
18658,18661,18661,4,4,4.0
18658,18661,18661,1,1,1.0
18659,18662,18659,1,-1,1.0
18658,18661,18658,1,-1,1.0
18658,18661,18658,1,-1,1.0
18658,18661,18658,1,-1,1.0
18658,18661,18658,1,-1,1.0
18657,18661,18657,1,-1,1.0
18657,18660,18657,1,-1,1.0
18657,18660,18660,1,1,1.0
18658,18660,18660,1,1,1.0
18658,18660,18658,1,-1,1.0
18658,18660,18657,1,-1,1.0
18657,18660,18660,1,1,1.0
18657,18660,18657,1,-1,1.0
18657,18660,18657,2,-2,2.0
18657,18659,18656,1,-1,1.0
18657,18659,18657,1,-1,1.0
18656,18659,18656,1,-1,1.0
18656,18659,18656,3,-3,3.0
18656,18659,18656,1,-1,1.0
18656,18658,18656,1,-1,1.0
18657,18658,18657,1,-1,1.0
18657,18658,18658,3,3,3.0
18657,18659,18657,1,-1,1.0
18657,18659,18657,1,-1,1.0
18657,18659,18657,1,-1,1.0
18657,18659,18657,1,-1,1.0
18657,18659,18659,1,1,1.0
18657,18659,18659,1,1,1.0
18657,18659,18659,1,1,1.0
18657,18659,18659,1,1,1.0
18657,18659,18659,1,1,1.0
18657,18659,18659,1,1,1.0
18656,18658,18657,1,1,-1.0
18657,18658,18658,1,1,1.0
18657,18658,18657,2,-2,2.0
18657,18658,18658,1,1,1.0
18657,18659,18657,4,-4,4.0
18656,18658,18656,1,-1,1.0
18656,18658,18658,1,1,1.0
18656,18658,18656,1,-1,1.0
18656,18658,18656,1,-1,1.0
18656,18658,18656,1,-1,1.0
18656,18658,18656,1,-1,1.0
18656,18658,18656,1,-1,1.0
18655,18658,18655,1,-1,1.0
18655,18658,18655,2,-2,2.0
18655,18658,18655,1,-1,1.0
18655,18658,18655,2,-2,2.0
18655,18658,18655,1,-1,1.0
18655,18658,18655,1,-1,1.0
18655,18658,18655,1,-1,1.0
18655,18658,18655,1,-1,1.0
18655,18658,18655,1,-1,1.0
18655,18658,18655,1,-1,1.0
18656,18658,18656,3,-3,3.0
18656,18658,18656,1,-1,1.0
18657,18659,18659,1,1,1.0
18657,18659,18657,1,-1,1.0
18657,18659,18659,1,1,1.0
18657,18659,18659,1,1,1.0
18658,18659,18659,1,1,1.0
18658,18660,18658,1,-1,1.0
18657,18660,18660,1,1,1.0
18657,18660,18660,1,1,1.0
18657,18660,18660,1,1,1.0
18657,18660,18657,1,-1,1.0
18657,18659,18659,1,1,1.0
18657,18659,18659,1,1,1.0
18657,18660,18660,1,1,1.0
18657,18658,18658,4,4,4.0
18657,18659,18657,1,-1,1.0
18657,18658,18657,1,-1,1.0
18656,18658,18657,1,-1,1.0
18657,18658,18657,1,-1,1.0
18657,18658,18657,1,-1,1.0
18657,18658,18657,1,-1,1.0
18657,18658,18657,1,-1,1.0
18656,18658,18656,1,-1,1.0
18657,18658,18657,1,-1,1.0
18657,18658,18657,1,-1,1.0
18657,18658,18657,1,-1,1.0
18656,18658,18656,1,-1,1.0
18658,18659,18659,1,1,1.0
18659,18660,18660,2,2,2.0
18659,18660,18660,2,2,2.0
18659,18661,18659,1,-1,1.0
18659,18661,18661,2,2,2.0
18659,18661,18659,1,-1,1.0
18659,18661,18659,1,-1,1.0
18660,18661,18661,1,1,1.0
18660,18661,18661,1,1,1.0
18660,18661,18661,1,1,1.0
18660,18662,18660,1,-1,1.0
18660,18662,18662,1,1,1.0
18660,18661,18660,1,-1,1.0
18660,18661,18660,1,-1,1.0
18659,18661,18659,1,-1,1.0
18659,18661,18659,1,-1,1.0
18658,18661,18661,1,1,1.0
18660,18661,18661,1,1,1.0
18660,18661,18660,1,-1,1.0
18658,18661,18658,1,-1,1.0
18658,18661,18658,1,-1,1.0
18658,18661,18661,1,1,1.0
18658,18661,18658,1,-1,1.0
18658,18661,18658,1,-1,1.0
18658,18660,18660,1,1,1.0
18658,18660,18660,1,1,1.0
18658,18661,18661,1,1,1.0
18658,18661,18661,1,1,1.0
18658,18661,18658,2,-2,2.0
18658,18661,18661,1,1,1.0
18658,18661,18661,1,1,1.0
18658,18660,18659,1,1,-1.0
18658,18660,18659,1,1,-1.0
18658,18660,18659,1,1,-1.0
18659,18660,18659,1,-1,1.0
18659,18660,18659,1,-1,1.0
18658,18660,18658,1,-1,1.0
18658,18660,18659,1,-1,1.0
18659,18661,18659,1,-1,1.0
18659,18661,18659,1,-1,1.0
18659,18661,18659,1,-1,1.0
18658,18660,18660,1,1,1.0
18658,18661,18661,1,1,1.0
18658,18661,18658,1,-1,1.0
18658,18661,18658,1,-1,1.0
18658,18661,18661,1,1,1.0
18658,18661,18661,1,1,1.0
18658,18661,18658,1,-1,1.0
18658,18661,18661,1,1,1.0
18658,18661,18658,1,-1,1.0
18658,18660,18658,1,-1,1.0
18658,18660,18660,1,1,1.0
18658,18661,18658,1,-1,1.0
18658,18661,18658,1,-1,1.0
18658,18661,18658,1,-1,1.0
18658,18661,18658,1,-1,1.0
18658,18661,18661,1,1,1.0
18659,18660,18660,1,1,1.0
18659,18661,18661,1,1,1.0
18659,18661,18659,1,-1,1.0
18659,18661,18659,1,-1,1.0
18659,18661,18659,1,-1,1.0
18659,18661,18659,1,-1,1.0
18658,18661,18658,1,-1,1.0
18658,18661,18658,3,-3,3.0
18658,18661,18658,1,-1,1.0
18658,18660,18660,1,1,1.0
18658,18660,18658,2,-2,2.0
18658,18660,18657,2,-2,2.0
18658,18660,18658,2,-2,2.0
18658,18660,18657,4,-4,4.0
18658,18660,18657,4,-4,4.0
18657,18660,18656,2,-2,2.0
18657,18660,18657,2,-2,2.0
18657,18660,18656,1,-1,1.0
18657,18660,18657,2,-2,2.0
18657,18660,18656,2,-2,2.0
18657,18660,18656,1,-1,1.0
18656,18660,18656,2,-2,2.0
18657,18660,18660,4,4,4.0
18658,18660,18658,1,-1,1.0
18657,18660,18657,1,-1,1.0
18658,18659,18659,1,1,1.0
18658,18659,18659,3,3,3.0
18658,18659,18660,13,13,-13.0
18658,18659,18661,3,3,-3.0
18658,18659,18661,2,2,-2.0
18660,18662,18660,1,-1,1.0
18660,18661,18660,1,-1,1.0
18660,18661,18660,1,-1,1.0
18660,18661,18660,1,-1,1.0
18660,18661,18660,1,-1,1.0
18660,18661,18660,1,-1,1.0
18660,18661,18660,1,-1,1.0
18660,18661,18660,1,-1,1.0
18660,18661,18661,1,1,1.0
18660,18662,18662,1,1,1.0
18660,18662,18660,1,-1,1.0
18660,18662,18662,1,1,1.0
18661,18662,18661,1,-1,1.0
18661,18662,18661,1,-1,1.0
18661,18662,18662,1,1,1.0
18661,18662,18661,3,-3,3.0
18661,18662,18662,1,1,1.0
18661,18662,18662,7,7,7.0
18661,18662,18662,1,1,1.0
18661,18662,18662,1,1,1.0
18661,18662,18663,1,1,-1.0
18661,18662,18663,1,1,-1.0
18661,18662,18663,2,2,-2.0
18661,18663,18661,1,-1,1.0
18661,18663,18663,1,1,1.0
18661,18662,18662,2,2,2.0
18662,18663,18662,1,-1,1.0
18661,18663,18663,1,1,1.0
18661,18662,18661,1,-1,1.0
18661,18662,18662,1,1,1.0
18661,18662,18662,1,1,1.0
18661,18662,18661,2,-2,2.0
18661,18662,18662,5,5,5.0
18661,18662,18663,3,3,-3.0
18661,18662,18659,3,-3,3.0
18661,18662,18661,3,-3,3.0
18661,18662,18664,4,4,-4.0
18660,18663,18660,1,-1,1.0
18659,18662,18662,1,1,1.0
18660,18662,18662,1,1,1.0
18660,18661,18660,1,-1,1.0
18660,18661,18660,8,-8,8.0
18660,18661,18661,1,1,1.0
18659,18661,18659,1,-1,1.0
18659,18661,18659,3,-3,3.0
18658,18660,18660,1,1,1.0
18658,18661,18658,1,-1,1.0
18658,18661,18658,1,-1,1.0
18657,18661,18658,1,-1,1.0
18657,18660,18657,1,-1,1.0
18657,18660,18660,1,1,1.0
18657,18658,18658,1,1,1.0
18657,18660,18660,1,1,1.0
18657,18661,18661,1,1,1.0
18657,18661,18656,3,-3,3.0
18657,18661,18657,2,-2,2.0
18656,18660,18660,1,1,1.0
18657,18658,18657,1,-1,1.0
18656,18658,18658,1,1,1.0
18656,18658,18660,4,4,-4.0
18656,18661,18656,1,-1,1.0
18656,18661,18656,4,-4,4.0
18630,18631,18634,330,330,-330.0
18634,18635,18635,1,1,1.0
18634,18636,18635,3,3,-3.0
18634,18636,18635,2,2,-2.0
18634,18636,18635,2,2,-2.0
18634,18636,18635,4,4,-4.0
18634,18636,18635,1,1,-1.0
18634,18636,18635,1,1,-1.0
18634,18636,18635,3,3,-3.0
18634,18636,18634,1,-1,1.0
18634,18636,18634,1,-1,1.0
18634,18636,18634,1,-1,1.0
18634,18636,18634,4,-4,4.0
18634,18636,18634,1,-1,1.0
18634,18636,18633,1,-1,1.0
18634,18636,18633,1,-1,1.0
18634,18636,18633,1,-1,1.0
18634,18636,18633,2,-2,2.0
18634,18636,18633,1,-1,1.0
18634,18636,18633,1,-1,1.0
18634,18636,18633,1,-1,1.0
18633,18636,18633,5,-5,5.0
18633,18636,18633,2,-2,2.0
18633,18636,18633,1,-1,1.0
18633,18636,18633,1,-1,1.0
18633,18636,18632,5,-5,5.0
18632,18636,18636,1,1,1.0
18632,18636,18632,8,-8,8.0
18632,18636,18631,13,-13,13.0
18632,18636,18630,3,-3,3.0
18632,18636,18630,5,-5,5.0
18632,18636,18636,1,1,1.0
18632,18636,18631,2,-2,2.0
18632,18636,18631,1,-1,1.0
18632,18636,18630,2,-2,2.0
18632,18636,18630,1,-1,1.0
18632,18636,18634,3,-3,3.0
18632,18636,18635,1,1,-1.0
18632,18636,18636,6,6,6.0
18632,18636,18631,2,-2,2.0
18632,18636,18630,2,-2,2.0
18630,18636,18632,1,-1,1.0
18630,18636,18633,1,-1,1.0
18630,18636,18636,1,1,1.0
18630,18636,18636,2,2,2.0
18630,18636,18633,2,2,-2.0
18630,18636,18635,1,1,-1.0
18630,18636,18633,4,4,-4.0
18630,18636,18633,1,1,-1.0
18630,18636,18632,3,-3,3.0
18630,18636,18631,3,-3,3.0
18630,18636,18630,1,-1,1.0
18630,18636,18634,2,2,-2.0
18630,18636,18630,2,-2,2.0
18630,18636,18630,2,-2,2.0
18630,18636,18630,1,-1,1.0
18630,18636,18630,1,-1,1.0
18630,18636,18630,1,-1,1.0
18630,18634,18630,1,-1,1.0
18630,18634,18630,1,-1,1.0
18630,18634,18630,1,-1,1.0
18630,18634,18633,1,1,-1.0
18630,18634,18634,1,1,1.0
18630,18634,18631,2,-2,2.0
18630,18634,18630,1,-1,1.0
18630,18634,18633,1,1,-1.0
18630,18634,18630,1,-1,1.0
18630,18634,18630,1,-1,1.0
18630,18633,18633,1,1,1.0
18630,18633,18634,2,2,-2.0
18630,18633,18635,2,2,-2.0
18630,18633,18631,1,-1,1.0
18630,18633,18635,2,2,-2.0
18630,18633,18632,1,1,-1.0
18630,18633,18632,1,1,-1.0
18630,18633,18631,4,-4,4.0
18630,18633,18630,4,-4,4.0
18630,18633,18632,1,1,-1.0
18630,18633,18631,1,-1,1.0
18630,18633,18632,1,1,-1.0
18630,18633,18631,1,-1,1.0
18630,18633,18634,2,2,-2.0
18630,18633,18635,2,2,-2.0
18630,18633,18631,1,-1,1.0
18630,18633,18631,1,-1,1.0
18630,18633,18631,1,-1,1.0
18630,18633,18630,1,-1,1.0
18630,18633,18634,1,1,-1.0
18630,18633,18634,1,1,-1.0
18630,18633,18631,1,-1,1.0
18630,18633,18631,1,-1,1.0
18631,18635,18631,1,-1,1.0
18631,18635,18631,2,-2,2.0
18631,18635,18630,4,-4,4.0
18631,18635,18630,2,-2,2.0
18631,18635,18630,5,-5,5.0
18631,18635,18632,1,-1,1.0
18631,18635,18630,1,-1,1.0
18630,18634,18630,1,-1,1.0
18630,18634,18632,1,-1,1.0
18630,18634,18632,2,-2,2.0
18630,18634,18632,1,-1,1.0
18630,18634,18630,2,-2,2.0
18630,18634,18630,1,-1,1.0
18630,18634,18633,1,1,-1.0
18630,18634,18630,1,-1,1.0
18630,18634,18634,1,1,1.0
18630,18634,18630,1,-1,1.0
18630,18634,18630,1,-1,1.0
18630,18634,18634,2,2,2.0
18630,18634,18630,1,-1,1.0
18630,18634,18633,3,3,-3.0
18630,18634,18633,1,1,-1.0
18630,18634,18630,1,-1,1.0
18630,18634,18630,2,-2,2.0
18630,18634,18633,1,1,-1.0
18630,18634,18633,2,2,-2.0
18630,18634,18633,1,1,-1.0
18630,18634,18634,3,3,3.0
18630,18634,18632,1,1,-1.0
18630,18634,18633,1,1,-1.0
18630,18634,18632,2,2,-2.0
18630,18634,18632,1,1,-1.0
18630,18634,18634,1,1,1.0
18630,18634,18632,2,2,-2.0
18630,18634,18635,4,4,-4.0
18630,18634,18636,8,8,-8.0
18630,18634,18632,2,2,-2.0
18632,18636,18636,1,1,1.0
18632,18636,18632,1,-1,1.0
18632,18636,18632,2,-2,2.0
18632,18636,18632,1,-1,1.0
18632,18636,18636,1,1,1.0
18632,18636,18634,1,1,-1.0
18632,18636,18632,2,-2,2.0
18632,18636,18632,2,-2,2.0
18632,18636,18632,2,-2,2.0
18632,18636,18632,1,-1,1.0
18632,18636,18634,1,-1,1.0
18632,18636,18632,1,-1,1.0
18632,18636,18631,1,-1,1.0
18631,18635,18631,2,-2,2.0
18631,18635,18635,2,2,2.0
18631,18635,18631,1,-1,1.0
18631,18635,18631,1,-1,1.0
18631,18635,18631,1,-1,1.0
18631,18635,18631,1,-1,1.0
18631,18635,18631,1,-1,1.0
18631,18635,18631,2,-2,2.0
18631,18634,18631,1,-1,1.0
18631,18634,18631,1,-1,1.0
18631,18634,18631,1,-1,1.0
18631,18634,18632,1,-1,1.0
18631,18634,18631,1,-1,1.0
18631,18634,18631,1,-1,1.0
18631,18634,18631,2,-2,2.0
18633,18634,18633,1,-1,1.0
18633,18634,18632,1,-1,1.0
18633,18634,18631,1,-1,1.0
18633,18634,18634,1,1,1.0
18633,18634,18635,1,1,-1.0
18633,18634,18631,1,-1,1.0
18633,18634,18634,1,1,1.0
18633,18634,18633,1,-1,1.0
18633,18634,18632,2,-2,2.0
18633,18634,18631,2,-2,2.0
18631,18635,18635,1,1,1.0
18632,18635,18634,1,1,-1.0
18632,18635,18633,1,-1,1.0
18632,18635,18634,1,1,-1.0
18632,18635,18634,1,1,-1.0
18632,18635,18634,1,1,-1.0
18632,18635,18634,1,1,-1.0
18633,18635,18634,1,1,-1.0
18633,18635,18633,2,-2,2.0
18633,18635,18632,1,-1,1.0
18633,18635,18633,1,-1,1.0
18633,18635,18634,1,-1,1.0
18633,18635,18632,2,-2,2.0
18632,18634,18632,2,-2,2.0
18632,18634,18631,1,-1,1.0
18631,18634,18635,1,1,-1.0
18632,18635,18635,1,1,1.0
18633,18635,18634,1,1,-1.0
18633,18635,18635,1,1,1.0
18633,18636,18636,1,1,1.0
18633,18636,18633,1,-1,1.0
18633,18636,18633,1,-1,1.0
18632,18635,18635,1,1,1.0
18632,18635,18636,1,1,-1.0
18632,18635,18635,1,1,1.0
18632,18635,18635,2,2,2.0
18634,18635,18634,1,-1,1.0
18634,18635,18635,1,1,1.0
18634,18636,18634,1,-1,1.0
18633,18634,18633,3,-3,3.0
18633,18634,18633,5,-5,5.0
18633,18634,18632,1,-1,1.0
18633,18634,18634,2,2,2.0
18633,18634,18633,1,-1,1.0
18632,18635,18632,1,-1,1.0
18632,18635,18633,1,-1,1.0
18632,18635,18634,1,1,-1.0
18632,18635,18634,1,1,-1.0
18632,18635,18632,1,-1,1.0
18632,18635,18632,1,-1,1.0
18632,18635,18632,2,-2,2.0
18632,18635,18632,1,-1,1.0
18632,18635,18632,1,-1,1.0
18632,18635,18632,1,-1,1.0
18632,18635,18635,5,5,5.0
18632,18634,18632,1,-1,1.0
18632,18634,18634,1,1,1.0
18632,18634,18634,1,1,1.0
18633,18634,18632,1,-1,1.0
18632,18635,18635,2,2,2.0
18632,18635,18636,5,5,-5.0
18633,18635,18635,1,1,1.0
18633,18636,18633,1,-1,1.0
18633,18635,18634,2,-2,2.0
18634,18635,18634,1,-1,1.0
18633,18636,18633,1,-1,1.0
18633,18636,18636,2,2,2.0
18633,18636,18634,1,-1,1.0
18633,18636,18636,2,2,2.0
18633,18636,18635,1,1,-1.0
18633,18636,18635,1,1,-1.0
18634,18636,18635,1,1,-1.0
18634,18636,18636,2,2,2.0
18634,18636,18636,1,1,1.0
18634,18636,18636,2,2,2.0
18634,18636,18637,1,1,-1.0
18634,18636,18637,6,6,-6.0
18635,18637,18635,1,-1,1.0
18635,18637,18635,1,-1,1.0
18635,18637,18635,1,-1,1.0
18635,18637,18637,1,1,1.0
18635,18637,18637,1,1,1.0
18635,18637,18637,2,2,2.0
18635,18637,18638,8,8,-8.0
18637,18638,18637,2,-2,2.0
18637,18638,18636,1,-1,1.0
18637,18638,18636,1,-1,1.0
18637,18638,18635,8,-8,8.0
18637,18638,18634,1,-1,1.0
18637,18638,18635,1,-1,1.0
18635,18637,18635,1,-1,1.0
18635,18637,18637,1,1,1.0
18635,18637,18635,1,-1,1.0
18635,18637,18637,1,1,1.0
18635,18637,18635,1,-1,1.0
18635,18638,18635,1,-1,1.0
18635,18638,18635,4,-4,4.0
18635,18638,18634,6,-6,6.0
18635,18638,18634,1,-1,1.0
18633,18636,18633,10,-10,10.0
18633,18636,18635,1,1,-1.0
18633,18636,18635,1,1,-1.0
18633,18636,18633,2,-2,2.0
18633,18635,18635,1,1,1.0
18633,18635,18633,1,-1,1.0
18633,18634,18634,1,1,1.0
18633,18634,18634,2,2,2.0
18633,18634,18635,2,2,-2.0
18633,18634,18636,1,1,-1.0
18633,18634,18633,2,-2,2.0
18633,18634,18633,4,-4,4.0
18632,18634,18634,1,1,1.0
18632,18634,18634,4,4,4.0
18632,18634,18635,6,6,-6.0
18632,18634,18636,5,5,-5.0
18632,18634,18635,2,2,-2.0
18633,18635,18635,2,2,2.0
18633,18636,18636,2,2,2.0
18633,18636,18636,1,1,1.0
18633,18634,18634,1,1,1.0
18633,18634,18634,9,9,9.0
18634,18636,18634,1,-1,1.0
18634,18635,18635,1,1,1.0
18634,18635,18634,2,-2,2.0
18634,18635,18634,1,-1,1.0
18633,18634,18634,7,7,7.0
18633,18636,18636,1,1,1.0
18633,18636,18635,1,1,-1.0
18633,18635,18635,1,1,1.0
18633,18635,18635,5,5,5.0
18633,18635,18635,1,1,1.0
18633,18635,18635,1,1,1.0
18634,18635,18634,1,-1,1.0
18633,18635,18635,1,1,1.0
18633,18635,18635,3,3,3.0
18634,18636,18636,3,3,3.0
18634,18636,18637,1,1,-1.0
18634,18636,18635,2,2,-2.0
18634,18636,18634,1,-1,1.0
18634,18635,18635,1,1,1.0
18635,18636,18635,4,-4,4.0
18635,18636,18634,2,-2,2.0
18634,18636,18634,1,-1,1.0
18634,18636,18636,2,2,2.0
18634,18636,18636,1,1,1.0
18634,18636,18636,1,1,1.0
18634,18636,18634,1,-1,1.0
18634,18636,18636,1,1,1.0
18634,18636,18634,1,-1,1.0
18634,18635,18634,1,-1,1.0
18634,18635,18634,1,-1,1.0
18634,18635,18635,1,1,1.0
18635,18636,18636,4,4,4.0
18635,18636,18637,6,6,-6.0
18635,18638,18635,1,-1,1.0
18635,18638,18636,1,-1,1.0
18635,18636,18636,1,1,1.0
18635,18638,18638,5,5,5.0
18635,18638,18638,1,1,1.0
18635,18638,18639,4,4,-4.0
18635,18638,18639,5,5,-5.0
18635,18638,18640,5,5,-5.0
18638,18640,18638,1,-1,1.0
18638,18640,18638,1,-1,1.0
18638,18640,18638,1,-1,1.0
18638,18640,18640,1,1,1.0
18638,18640,18640,2,2,2.0
18638,18640,18640,1,1,1.0
18638,18640,18640,1,1,1.0
18638,18640,18638,1,-1,1.0
18638,18640,18640,6,6,6.0
18638,18640,18641,2,2,-2.0
18639,18641,18641,1,1,1.0
18639,18641,18641,1,1,1.0
18639,18641,18642,1,1,-1.0
18639,18641,18642,1,1,-1.0
18639,18642,18639,1,-1,1.0
18638,18642,18638,3,-3,3.0
18638,18640,18640,1,1,1.0
18638,18640,18640,1,1,1.0
18638,18640,18640,1,1,1.0
18639,18640,18640,1,1,1.0
18639,18641,18641,1,1,1.0
18639,18640,18640,1,1,1.0
18639,18640,18640,1,1,1.0
18639,18641,18640,1,1,-1.0
18640,18641,18640,1,-1,1.0
18640,18641,18641,1,1,1.0
18640,18642,18640,1,-1,1.0
18640,18642,18640,1,-1,1.0
18640,18642,18640,1,-1,1.0
18639,18640,18640,1,1,1.0
18639,18640,18641,2,2,-2.0
18640,18641,18641,1,1,1.0
18640,18641,18641,1,1,1.0
18640,18642,18642,3,3,3.0
18640,18642,18643,2,2,-2.0
18641,18643,18643,1,1,1.0
18641,18642,18642,1,1,1.0
18641,18642,18642,1,1,1.0
18641,18642,18642,1,1,1.0
18642,18643,18643,1,1,1.0
18642,18643,18643,2,2,2.0
18642,18643,18642,1,-1,1.0
18642,18643,18642,2,-2,2.0
18641,18643,18641,1,-1,1.0
18642,18643,18643,1,1,1.0
18642,18643,18643,3,3,3.0
18642,18644,18644,2,2,2.0
18642,18644,18643,1,1,-1.0
18642,18644,18644,1,1,1.0
18642,18644,18644,1,1,1.0
18642,18644,18643,2,2,-2.0
18642,18644,18644,1,1,1.0
18642,18644,18642,1,-1,1.0
18642,18644,18643,1,-1,1.0
18643,18644,18643,2,-2,2.0
18643,18644,18642,1,-1,1.0
18642,18643,18643,1,1,1.0
18642,18644,18642,2,-2,2.0
18642,18643,18642,1,-1,1.0
18642,18644,18644,1,1,1.0
18643,18644,18644,1,1,1.0
18643,18644,18644,1,1,1.0
18643,18644,18644,1,1,1.0
18643,18644,18644,2,2,2.0
18643,18644,18644,1,1,1.0
18643,18644,18644,1,1,1.0
18643,18644,18644,2,2,2.0
18643,18644,18644,2,2,2.0
18643,18644,18644,1,1,1.0
18643,18644,18644,1,1,1.0
18644,18645,18644,2,-2,2.0
18644,18645,18644,1,-1,1.0
18644,18645,18644,1,-1,1.0
18644,18645,18645,5,5,5.0
18644,18645,18644,2,-2,2.0
18644,18645,18644,2,-2,2.0
18644,18645,18644,1,-1,1.0
18643,18645,18645,1,1,1.0
18643,18645,18643,2,-2,2.0
18643,18645,18645,4,4,4.0
18643,18645,18645,1,1,1.0
18644,18646,18645,1,1,-1.0
18644,18645,18644,1,-1,1.0
18644,18645,18644,1,-1,1.0
18644,18645,18645,1,1,1.0
18644,18645,18646,1,1,-1.0
18645,18646,18645,1,-1,1.0
18645,18646,18646,6,6,6.0
18645,18646,18647,7,7,-7.0
18646,18647,18647,3,3,3.0
18646,18647,18648,2,2,-2.0
18646,18648,18648,1,1,1.0
18647,18648,18648,1,1,1.0
18647,18648,18649,2,2,-2.0
18647,18648,18649,2,2,-2.0
18647,18649,18647,2,-2,2.0
18647,18649,18649,1,1,1.0
18647,18649,18647,1,-1,1.0
18646,18648,18648,2,2,2.0
18646,18648,18649,3,3,-3.0
18647,18649,18649,1,1,1.0
18647,18648,18647,2,-2,2.0
18647,18648,18647,3,-3,3.0
18647,18648,18646,2,-2,2.0
18645,18647,18645,1,-1,1.0
18645,18646,18645,1,-1,1.0
18645,18646,18646,3,3,3.0
18645,18646,18647,2,2,-2.0
18646,18647,18647,1,1,1.0
18646,18647,18646,1,-1,1.0
18645,18647,18645,1,-1,1.0
18645,18647,18645,2,-2,2.0
18644,18646,18646,1,1,1.0
18644,18646,18646,1,1,1.0
18644,18646,18646,7,7,7.0
18644,18646,18647,1,1,-1.0
18644,18646,18646,1,1,1.0
18644,18646,18646,1,1,1.0
18644,18646,18644,2,-2,2.0
18644,18646,18644,2,-2,2.0
18644,18646,18644,1,-1,1.0
18644,18646,18645,1,-1,1.0
18643,18645,18643,1,-1,1.0
18643,18645,18645,1,1,1.0
18643,18645,18643,4,-4,4.0
18643,18645,18645,5,5,5.0
18643,18645,18645,1,1,1.0
18643,18645,18645,2,2,2.0
18643,18645,18645,2,2,2.0
18643,18645,18643,1,-1,1.0
18643,18645,18645,1,1,1.0
18644,18645,18644,1,-1,1.0
18644,18645,18644,1,-1,1.0
18643,18645,18643,1,-1,1.0
18643,18645,18643,1,-1,1.0
18643,18644,18644,2,2,2.0
18643,18644,18645,3,3,-3.0
18643,18645,18643,1,-1,1.0
18643,18644,18643,1,-1,1.0
18643,18644,18643,1,-1,1.0
18643,18644,18643,3,-3,3.0
18642,18644,18642,1,-1,1.0
18642,18644,18642,1,-1,1.0
18642,18644,18642,9,-9,9.0
18641,18642,18641,3,-3,3.0
18641,18642,18641,1,-1,1.0
18641,18642,18641,2,-2,2.0
18641,18642,18641,5,-5,5.0
18641,18642,18641,1,-1,1.0
18641,18642,18641,2,-2,2.0
18640,18641,18640,10,-10,10.0
18639,18641,18639,3,-3,3.0
18639,18641,18639,3,-3,3.0
18639,18640,18640,2,2,2.0
18639,18640,18639,5,-5,5.0
18639,18640,18640,4,4,4.0
18639,18641,18639,1,-1,1.0
18639,18641,18638,1,-1,1.0
18638,18640,18638,1,-1,1.0
18638,18640,18638,1,-1,1.0
18638,18640,18638,3,-3,3.0
18638,18640,18638,1,-1,1.0
18638,18640,18638,1,-1,1.0
18638,18640,18638,1,-1,1.0
18638,18640,18638,1,-1,1.0
18638,18640,18638,1,-1,1.0
18638,18640,18637,1,-1,1.0
18638,18640,18637,1,-1,1.0
18638,18640,18637,1,-1,1.0
18638,18640,18637,6,-6,6.0
18638,18640,18636,1,-1,1.0
18638,18640,18636,3,-3,3.0
18638,18640,18636,3,-3,3.0
18638,18640,18635,3,-3,3.0
18635,18636,18635,3,-3,3.0
18635,18636,18635,1,-1,1.0
18634,18636,18634,2,-2,2.0
18634,18636,18634,11,-11,11.0
18634,18636,18633,20,-20,20.0
18634,18636,18632,16,-16,16.0
18634,18636,18631,13,-13,13.0
18634,18636,18631,3,-3,3.0
18634,18636,18630,14,-14,14.0
18634,18636,18629,20,-20,20.0
18634,18636,18628,23,-23,23.0
18634,18636,18632,1,-1,1.0
18634,18636,18631,1,-1,1.0
18634,18636,18630,1,-1,1.0
18634,18636,18630,1,-1,1.0
18634,18636,18630,1,-1,1.0
18634,18636,18630,3,-3,3.0
18634,18636,18629,5,-5,5.0
18634,18636,18628,52,-52,52.0
18634,18636,18629,1,-1,1.0
18634,18636,18629,1,-1,1.0
18634,18636,18629,1,-1,1.0
18634,18636,18629,2,-2,2.0
18634,18636,18629,1,-1,1.0
18634,18636,18629,1,-1,1.0
18634,18636,18628,5,-5,5.0
18634,18636,18627,44,-44,44.0
18634,18636,18626,10,-10,10.0
18634,18636,18629,1,-1,1.0
18627,18628,18627,1,-1,1.0
18627,18628,18626,1,-1,1.0
18627,18628,18626,1,-1,1.0
18627,18628,18626,2,-2,2.0
18627,18628,18625,1,-1,1.0
18627,18628,18625,2,-2,2.0
18627,18628,18625,1,-1,1.0
18627,18628,18625,1,-1,1.0
18627,18628,18625,1,-1,1.0
18627,18628,18627,2,-2,2.0
18627,18628,18625,37,-37,37.0
18627,18628,18624,23,-23,23.0
18627,18628,18624,2,-2,2.0
18627,18628,18623,1,-1,1.0
18627,18628,18623,5,-5,5.0
18627,18628,18622,28,-28,28.0
18627,18628,18621,9,-9,9.0
18627,18628,18620,18,-18,18.0
18627,18628,18621,1,-1,1.0
18627,18628,18621,1,-1,1.0
18627,18628,18621,3,-3,3.0
18627,18628,18620,45,-45,45.0
18627,18628,18620,12,-12,12.0
18627,18628,18619,36,-36,36.0
18627,18628,18619,2,-2,2.0
18619,18620,18620,1,1,1.0
18619,18620,18619,1,-1,1.0
18619,18620,18619,1,-1,1.0
18619,18620,18619,1,-1,1.0
18619,18620,18619,1,-1,1.0
18619,18620,18620,1,1,1.0
18619,18620,18619,2,-2,2.0
18619,18620,18619,1,-1,1.0
18619,18620,18619,1,-1,1.0
18619,18620,18619,1,-1,1.0
18619,18620,18618,2,-2,2.0
18619,18620,18618,1,-1,1.0
18619,18620,18618,7,-7,7.0
18619,18620,18617,1,-1,1.0
18619,18620,18617,1,-1,1.0
18619,18620,18618,1,-1,1.0
18619,18620,18619,1,-1,1.0
18619,18620,18618,1,-1,1.0
18619,18620,18618,1,-1,1.0
18619,18620,18618,2,-2,2.0
18619,18620,18618,1,-1,1.0
18619,18620,18618,1,-1,1.0
18619,18620,18617,4,-4,4.0
18619,18620,18616,1,-1,1.0
18619,18620,18617,1,-1,1.0
18619,18620,18617,1,-1,1.0
18617,18619,18617,1,-1,1.0
18617,18619,18616,4,-4,4.0
18617,18619,18616,1,-1,1.0
18617,18619,18616,1,-1,1.0
18617,18619,18616,5,-5,5.0
18617,18619,18616,1,-1,1.0
18617,18619,18616,2,-2,2.0
18617,18619,18615,1,-1,1.0
18617,18619,18615,1,-1,1.0
18617,18619,18615,5,-5,5.0
18617,18619,18615,3,-3,3.0
18617,18619,18614,2,-2,2.0
18617,18619,18614,2,-2,2.0
18617,18619,18614,8,-8,8.0
18617,18619,18613,4,-4,4.0
18617,18619,18613,5,-5,5.0
18617,18619,18613,1,-1,1.0
18617,18619,18613,2,-2,2.0
18617,18619,18613,2,-2,2.0
18617,18619,18614,7,-7,7.0
18617,18619,18613,5,-5,5.0
18617,18619,18613,5,-5,5.0
18617,18619,18613,1,-1,1.0
18617,18619,18613,1,-1,1.0
18613,18615,18613,1,-1,1.0
18613,18615,18613,1,-1,1.0
18613,18615,18614,12,-12,12.0
18613,18615,18613,1,-1,1.0
18613,18615,18613,2,-2,2.0
18613,18615,18613,2,-2,2.0
18613,18615,18613,1,-1,1.0
18613,18615,18613,3,-3,3.0
18613,18615,18612,6,-6,6.0
18613,18615,18612,2,-2,2.0
18613,18615,18612,2,-2,2.0
18613,18615,18612,1,-1,1.0
18613,18615,18611,4,-4,4.0
18613,18615,18611,5,-5,5.0
18613,18615,18611,2,-2,2.0
18613,18615,18611,5,-5,5.0
18613,18615,18611,1,-1,1.0
18613,18615,18611,4,-4,4.0
18613,18615,18610,6,-6,6.0
18613,18615,18610,1,-1,1.0
18613,18615,18610,1,-1,1.0
18613,18615,18610,5,-5,5.0
18613,18615,18609,5,-5,5.0
18613,18615,18609,9,-9,9.0
18613,18615,18608,1,-1,1.0
18613,18615,18608,2,-2,2.0
18613,18615,18608,2,-2,2.0
18613,18615,18608,4,-4,4.0
18613,18615,18608,1,-1,1.0
18613,18615,18608,4,-4,4.0
18613,18615,18608,4,-4,4.0
18613,18615,18607,1,-1,1.0
18607,18609,18607,1,-1,1.0
18607,18609,18609,1,1,1.0
18607,18609,18607,5,-5,5.0
18607,18609,18606,1,-1,1.0
18607,18609,18606,3,-3,3.0
18607,18609,18606,1,-1,1.0
18607,18609,18605,1,-1,1.0
18607,18609,18606,1,-1,1.0
18607,18609,18605,5,-5,5.0
18607,18609,18605,1,-1,1.0
18607,18609,18605,1,-1,1.0
18607,18609,18607,2,-2,2.0
18607,18609,18608,1,-1,1.0
18607,18609,18608,3,-3,3.0
18607,18609,18608,2,-2,2.0
18607,18609,18606,1,-1,1.0
18607,18609,18608,1,-1,1.0
18607,18609,18607,1,-1,1.0
18607,18609,18606,1,-1,1.0
18607,18609,18608,1,-1,1.0
18607,18609,18607,1,-1,1.0
18607,18609,18608,1,-1,1.0
18606,18608,18606,1,-1,1.0
18606,18608,18606,1,-1,1.0
18606,18608,18605,2,-2,2.0
18606,18608,18605,1,-1,1.0
18606,18608,18605,1,-1,1.0
18606,18608,18605,1,-1,1.0
18606,18608,18605,1,-1,1.0
18606,18608,18605,1,-1,1.0
18606,18608,18608,1,1,1.0
18606,18608,18607,1,1,-1.0
18606,18608,18608,1,1,1.0
18606,18608,18605,1,-1,1.0
18606,18608,18605,1,-1,1.0
18606,18608,18606,1,-1,1.0
18606,18608,18606,1,-1,1.0
18606,18608,18607,1,-1,1.0
18606,18608,18605,1,-1,1.0
18606,18608,18605,3,-3,3.0
18606,18608,18604,1,-1,1.0
18606,18608,18608,2,2,2.0
18606,18608,18608,2,2,2.0
18606,18608,18605,2,-2,2.0
18606,18608,18607,1,-1,1.0
18606,18608,18607,1,-1,1.0
18606,18608,18607,1,-1,1.0
18606,18608,18608,2,2,2.0
18606,18608,18608,1,1,1.0
18606,18608,18608,5,5,5.0
18606,18608,18608,1,1,1.0
18606,18608,18608,1,1,1.0
18606,18608,18609,2,2,-2.0
18606,18608,18608,1,1,1.0
18606,18608,18608,1,1,1.0
18606,18608,18607,1,1,-1.0
18606,18608,18608,1,1,1.0
18607,18609,18607,1,-1,1.0
18607,18609,18606,1,-1,1.0
18607,18609,18607,1,-1,1.0
18607,18609,18608,1,-1,1.0
18607,18609,18607,1,-1,1.0
18607,18609,18608,1,-1,1.0
18607,18609,18607,1,-1,1.0
18607,18609,18608,1,-1,1.0
18607,18609,18607,1,-1,1.0
18607,18609,18608,1,-1,1.0
18607,18609,18608,1,-1,1.0
18607,18609,18608,1,-1,1.0
18607,18609,18608,1,-1,1.0
18607,18609,18607,1,-1,1.0
18607,18609,18607,1,-1,1.0
18607,18609,18609,2,2,2.0
18607,18609,18608,1,1,-1.0
18607,18609,18609,1,1,1.0
18607,18609,18608,2,2,-2.0
18607,18609,18607,4,-4,4.0
18607,18609,18606,4,-4,4.0
18607,18609,18607,1,-1,1.0
18607,18609,18608,1,-1,1.0
18606,18609,18606,4,-4,4.0
18606,18609,18605,8,-8,8.0
18606,18609,18608,1,1,-1.0
18606,18609,18607,1,-1,1.0
18606,18609,18608,1,1,-1.0
18606,18609,18607,1,-1,1.0
18606,18609,18606,2,-2,2.0
18606,18609,18605,5,-5,5.0
18606,18609,18604,2,-2,2.0
18606,18609,18607,1,-1,1.0
18606,18609,18606,1,-1,1.0
18606,18609,18607,1,-1,1.0
18606,18609,18606,1,-1,1.0
18606,18609,18608,4,4,-4.0
18606,18609,18609,3,3,3.0
18606,18609,18608,1,1,-1.0
18606,18609,18609,1,1,1.0
18606,18609,18608,1,1,-1.0
18606,18609,18607,1,-1,1.0
18606,18609,18607,3,-3,3.0
18606,18609,18606,2,-2,2.0
18606,18609,18605,3,-3,3.0
18606,18609,18604,4,-4,4.0
18606,18609,18607,1,-1,1.0
18606,18609,18607,1,-1,1.0
18606,18609,18606,2,-2,2.0
18606,18609,18608,1,1,-1.0
18606,18609,18606,1,-1,1.0
18606,18609,18608,2,2,-2.0
18608,18610,18608,1,-1,1.0
18608,18610,18608,2,-2,2.0
18608,18610,18607,4,-4,4.0
18608,18610,18609,1,-1,1.0
18608,18610,18607,1,-1,1.0
18608,18610,18609,3,-3,3.0
18608,18610,18608,1,-1,1.0
18608,18610,18609,1,-1,1.0
18608,18610,18608,1,-1,1.0
18608,18610,18609,1,-1,1.0
18608,18610,18609,1,-1,1.0
18608,18610,18608,1,-1,1.0
18607,18610,18608,1,-1,1.0
18607,18610,18609,1,1,-1.0
18607,18610,18610,4,4,4.0
18607,18610,18610,1,1,1.0
18607,18610,18609,1,1,-1.0
18607,18610,18609,1,1,-1.0
18609,18610,18609,1,-1,1.0
18609,18610,18609,1,-1,1.0
18609,18610,18608,4,-4,4.0
18609,18610,18608,1,-1,1.0
18609,18610,18608,6,-6,6.0
18609,18610,18607,6,-6,6.0
18609,18610,18608,1,-1,1.0
18609,18610,18608,1,-1,1.0
18609,18610,18608,3,-3,3.0
18609,18610,18608,1,-1,1.0
18609,18610,18607,1,-1,1.0
18609,18610,18607,1,-1,1.0
18609,18610,18606,2,-2,2.0
18609,18610,18606,1,-1,1.0
18609,18610,18607,1,-1,1.0
18606,18608,18606,1,-1,1.0
18606,18608,18607,2,-2,2.0
18606,18608,18606,1,-1,1.0
18606,18608,18606,6,-6,6.0
18606,18608,18606,3,-3,3.0
18606,18608,18605,3,-3,3.0
18606,18608,18605,6,-6,6.0
18606,18608,18606,1,-1,1.0
18606,18608,18607,1,-1,1.0
18606,18608,18607,1,-1,1.0
18606,18608,18607,2,-2,2.0
18606,18608,18608,2,2,2.0
18606,18608,18606,1,-1,1.0
18606,18608,18606,1,-1,1.0
18606,18608,18605,1,-1,1.0
18606,18608,18605,4,-4,4.0
18606,18608,18606,1,-1,1.0
18606,18608,18607,1,-1,1.0
18606,18608,18606,1,-1,1.0
18606,18608,18605,1,-1,1.0
18606,18608,18604,13,-13,13.0
18606,18608,18603,9,-9,9.0
18606,18608,18602,1,-1,1.0
18604,18605,18605,1,1,1.0
18604,18605,18606,1,1,-1.0
18604,18605,18605,1,1,1.0
18605,18607,18607,2,2,2.0
18605,18607,18607,1,1,1.0
18605,18607,18607,1,1,1.0
18605,18608,18605,1,-1,1.0
18605,18608,18607,1,1,-1.0
18605,18608,18607,1,1,-1.0
18605,18608,18607,1,1,-1.0
18606,18608,18606,1,-1,1.0
18606,18608,18605,1,-1,1.0
18606,18608,18605,2,-2,2.0
18606,18608,18605,2,-2,2.0
18606,18608,18604,5,-5,5.0
18606,18608,18603,1,-1,1.0
18606,18608,18605,1,-1,1.0
18606,18608,18606,4,-4,4.0
18606,18608,18605,2,-2,2.0
18606,18608,18606,1,-1,1.0
18606,18608,18608,1,1,1.0
18606,18608,18608,1,1,1.0
18607,18608,18608,1,1,1.0
18607,18608,18609,2,2,-2.0
18607,18608,18607,1,-1,1.0
18607,18608,18607,1,-1,1.0
18607,18608,18607,2,-2,2.0
18607,18609,18607,3,-3,3.0
18607,18609,18606,11,-11,11.0
18607,18609,18608,1,-1,1.0
18607,18609,18609,3,3,3.0
18607,18609,18609,1,1,1.0
18607,18609,18609,1,1,1.0
18607,18609,18609,1,1,1.0
18607,18609,18609,1,1,1.0
18607,18609,18609,1,1,1.0
18607,18609,18609,1,1,1.0
18607,18609,18609,3,3,3.0
18607,18609,18609,1,1,1.0
18607,18609,18607,1,-1,1.0
18608,18610,18610,1,1,1.0
18608,18610,18608,1,-1,1.0
18608,18610,18610,1,1,1.0
18608,18610,18608,1,-1,1.0
18608,18610,18610,1,1,1.0
18608,18610,18610,1,1,1.0
18610,18611,18610,1,-1,1.0
18610,18611,18610,1,-1,1.0
18610,18611,18609,1,-1,1.0
18610,18611,18608,1,-1,1.0
18610,18611,18610,1,-1,1.0
18610,18611,18609,1,-1,1.0
18610,18611,18608,1,-1,1.0
18608,18611,18611,1,1,1.0
18608,18611,18611,27,27,27.0
18608,18611,18610,1,1,-1.0
18610,18611,18610,1,-1,1.0
18610,18611,18609,3,-3,3.0
18610,18611,18611,1,1,1.0
18609,18611,18611,1,1,1.0
18609,18611,18611,1,1,1.0
18609,18611,18612,9,9,-9.0
18609,18611,18611,1,1,1.0
18609,18611,18610,1,1,-1.0
18610,18612,18612,1,1,1.0
18610,18612,18612,7,7,7.0
18612,18613,18613,1,1,1.0
18612,18613,18612,1,-1,1.0
18612,18613,18613,1,1,1.0
18612,18613,18613,5,5,5.0
18612,18613,18613,2,2,2.0
18612,18613,18613,7,7,7.0
18612,18613,18614,1,1,-1.0
18613,18614,18613,1,-1,1.0
18613,18614,18614,1,1,1.0
18612,18614,18614,1,1,1.0
18612,18614,18613,1,1,-1.0
18612,18614,18614,3,3,3.0
18612,18614,18615,1,1,-1.0
18612,18614,18613,4,4,-4.0
18613,18614,18614,6,6,6.0
18613,18614,18615,4,4,-4.0
18613,18614,18615,1,1,-1.0
18614,18615,18614,1,-1,1.0
18614,18615,18615,10,10,10.0
18614,18615,18615,1,1,1.0
18615,18616,18616,1,1,1.0
18615,18616,18616,1,1,1.0
18615,18616,18616,1,1,1.0
18615,18616,18615,2,-2,2.0
18615,18616,18616,1,1,1.0
18615,18616,18616,2,2,2.0
18615,18616,18616,1,1,1.0
18615,18616,18616,2,2,2.0
18615,18616,18616,1,1,1.0
18615,18616,18616,1,1,1.0
18615,18616,18616,1,1,1.0
18615,18616,18616,1,1,1.0
18615,18616,18616,24,24,24.0
18615,18616,18617,3,3,-3.0
18616,18617,18617,1,1,1.0
18616,18617,18617,8,8,8.0
18616,18617,18617,1,1,1.0
18616,18617,18617,2,2,2.0
18616,18617,18617,2,2,2.0
18616,18617,18616,1,-1,1.0
18617,18618,18617,2,-2,2.0
18617,18618,18617,1,-1,1.0
18617,18618,18618,13,13,13.0
18617,18619,18619,1,1,1.0
18617,18619,18619,5,5,5.0
18617,18619,18621,1,1,-1.0
18617,18619,18622,1,1,-1.0
18620,18622,18620,1,-1,1.0
18620,18622,18621,1,-1,1.0
18619,18622,18619,1,-1,1.0
18620,18622,18622,1,1,1.0
18620,18622,18622,1,1,1.0
18620,18622,18621,1,1,-1.0
18620,18622,18623,3,3,-3.0
18620,18622,18624,1,1,-1.0
18621,18623,18621,1,-1,1.0
18621,18623,18623,1,1,1.0
18621,18623,18624,1,1,-1.0
18622,18624,18624,1,1,1.0
18622,18624,18623,6,6,-6.0
18621,18623,18623,1,1,1.0
18621,18623,18623,1,1,1.0
18621,18623,18622,2,2,-2.0
18621,18623,18621,3,-3,3.0
18621,18623,18621,1,-1,1.0
18621,18622,18623,1,1,-1.0
18621,18623,18622,1,1,-1.0
18621,18623,18621,1,-1,1.0
18620,18622,18622,1,1,1.0
18620,18622,18620,1,-1,1.0
18620,18622,18620,1,-1,1.0
18620,18622,18620,1,-1,1.0
18620,18622,18620,1,-1,1.0
18620,18622,18620,1,-1,1.0
18620,18622,18620,1,-1,1.0
18620,18622,18620,1,-1,1.0
18620,18622,18620,1,-1,1.0
18620,18622,18621,1,-1,1.0
18619,18621,18619,1,-1,1.0
18619,18621,18621,1,1,1.0
18619,18621,18619,1,-1,1.0
18619,18621,18620,1,-1,1.0
18620,18621,18620,1,-1,1.0
18620,18621,18621,2,2,2.0
18619,18621,18619,2,-2,2.0
18619,18621,18619,1,-1,1.0
18620,18621,18620,1,-1,1.0
18620,18621,18620,1,-1,1.0
18620,18621,18619,1,-1,1.0
18620,18621,18620,1,-1,1.0
18620,18621,18620,1,-1,1.0
18619,18621,18621,1,1,1.0
18620,18622,18620,1,-1,1.0
18620,18621,18621,1,1,1.0
18620,18622,18620,1,-1,1.0
18620,18622,18620,4,-4,4.0
18620,18622,18619,1,-1,1.0
18620,18622,18621,1,-1,1.0
18620,18622,18621,1,-1,1.0
18620,18622,18622,1,1,1.0
18621,18622,18621,1,-1,1.0
18621,18622,18621,1,-1,1.0
18621,18622,18620,1,-1,1.0
18621,18622,18621,1,-1,1.0
18621,18622,18621,2,-2,2.0
18621,18622,18621,1,-1,1.0
18621,18622,18620,1,-1,1.0
18620,18622,18622,1,1,1.0
18620,18622,18623,1,1,-1.0
18622,18623,18623,2,2,2.0
18622,18623,18623,3,3,3.0
18622,18623,18622,2,-2,2.0
18622,18623,18622,3,-3,3.0
18622,18623,18623,2,2,2.0
18622,18624,18622,1,-1,1.0
18621,18623,18624,1,1,-1.0
18622,18624,18622,2,-2,2.0
18621,18623,18621,1,-1,1.0
18621,18623,18623,1,1,1.0
18621,18623,18621,1,-1,1.0
18621,18623,18623,1,1,1.0
18621,18622,18622,1,1,1.0
18621,18622,18622,2,2,2.0
18621,18622,18621,1,-1,1.0
18621,18622,18621,1,-1,1.0
18621,18622,18622,1,1,1.0
18621,18622,18621,1,-1,1.0
18621,18622,18623,1,1,-1.0
18621,18622,18621,1,-1,1.0
18620,18622,18622,1,1,1.0
18620,18622,18620,12,-12,12.0
18620,18622,18620,3,-3,3.0
18620,18622,18620,1,-1,1.0
18620,18622,18620,1,-1,1.0
18620,18622,18620,1,-1,1.0
18620,18622,18620,1,-1,1.0
18620,18622,18620,2,-2,2.0
18620,18622,18620,1,-1,1.0
18620,18622,18621,2,-2,2.0
18619,18621,18621,1,1,1.0
18619,18621,18621,1,1,1.0
18619,18621,18621,1,1,1.0
18619,18621,18619,1,-1,1.0
18619,18621,18621,3,3,3.0
18619,18621,18621,1,1,1.0
18619,18621,18619,1,-1,1.0
18619,18620,18619,2,-2,2.0
18619,18620,18619,1,-1,1.0
18619,18620,18619,1,-1,1.0
18619,18620,18619,2,-2,2.0
18619,18620,18619,1,-1,1.0
18619,18620,18620,1,1,1.0
18618,18620,18620,3,3,3.0
18618,18620,18618,1,-1,1.0
18618,18620,18620,1,1,1.0
18618,18620,18618,1,-1,1.0
18618,18620,18620,1,1,1.0
18618,18619,18618,1,-1,1.0
18618,18619,18619,1,1,1.0
18618,18619,18619,1,1,1.0
18618,18620,18620,2,2,2.0
18618,18620,18620,1,1,1.0
18619,18620,18620,1,1,1.0
18619,18621,18619,1,-1,1.0
18619,18621,18619,1,-1,1.0
18619,18621,18619,1,-1,1.0
18619,18621,18619,1,-1,1.0
18619,18621,18619,1,-1,1.0
18619,18621,18618,1,-1,1.0
18619,18621,18618,1,-1,1.0
18619,18620,18619,1,-1,1.0
18619,18620,18618,8,-8,8.0
18619,18620,18617,1,-1,1.0
18617,18618,18617,1,-1,1.0
18617,18618,18617,1,-1,1.0
18617,18618,18617,3,-3,3.0
18617,18618,18618,12,12,12.0
18617,18619,18617,3,-3,3.0
18617,18619,18617,1,-1,1.0
18617,18619,18619,1,1,1.0
18617,18619,18617,6,-6,6.0
18617,18619,18616,4,-4,4.0
18616,18618,18616,2,-2,2.0
18616,18618,18616,1,-1,1.0
18616,18617,18616,1,-1,1.0
18616,18617,18617,1,1,1.0
18616,18617,18617,2,2,2.0
18616,18617,18616,1,-1,1.0
18615,18617,18617,1,1,1.0
18615,18617,18617,1,1,1.0
18616,18617,18616,1,-1,1.0
18616,18617,18616,1,-1,1.0
18615,18617,18616,1,-1,1.0
18616,18617,18617,2,2,2.0
18616,18617,18617,1,1,1.0
18616,18617,18617,1,1,1.0
18615,18617,18617,1,1,1.0
18615,18617,18617,2,2,2.0
18617,18618,18617,1,-1,1.0
18617,18618,18618,2,2,2.0
18617,18618,18618,4,4,4.0
18618,18619,18618,1,-1,1.0
18618,18619,18618,1,-1,1.0
18618,18619,18618,1,-1,1.0
18618,18619,18618,1,-1,1.0
18617,18619,18617,5,-5,5.0
18617,18619,18619,1,1,1.0
18617,18619,18617,1,-1,1.0
18617,18619,18619,1,1,1.0
18618,18619,18619,2,2,2.0
18618,18619,18619,1,1,1.0
18618,18619,18618,1,-1,1.0
18618,18620,18618,1,-1,1.0
18618,18620,18618,1,-1,1.0
18618,18620,18618,1,-1,1.0
18618,18620,18619,1,-1,1.0
18618,18620,18619,1,-1,1.0
18618,18620,18618,1,-1,1.0
18618,18620,18618,1,-1,1.0
18618,18620,18620,1,1,1.0
18618,18620,18620,1,1,1.0
18618,18620,18620,3,3,3.0
18618,18620,18620,2,2,2.0
18619,18620,18619,3,-3,3.0
18618,18620,18620,4,4,4.0
18618,18620,18621,1,1,-1.0
18619,18621,18621,3,3,3.0
18619,18620,18620,1,1,1.0
18619,18621,18619,1,-1,1.0
18619,18621,18619,1,-1,1.0
18619,18621,18619,1,-1,1.0
18619,18621,18618,1,-1,1.0
18619,18621,18618,1,-1,1.0
18618,18619,18618,1,-1,1.0
18618,18619,18619,4,4,4.0
18619,18620,18619,1,-1,1.0
18619,18620,18619,1,-1,1.0
18619,18620,18619,1,-1,1.0
18619,18620,18620,2,2,2.0
18619,18620,18620,1,1,1.0
18619,18620,18620,1,1,1.0
18619,18620,18620,1,1,1.0
18619,18620,18620,1,1,1.0
18619,18620,18620,2,2,2.0
18619,18620,18620,1,1,1.0
18619,18620,18620,1,1,1.0
18619,18620,18620,1,1,1.0
18619,18620,18620,5,5,5.0
18620,18621,18620,2,-2,2.0
18620,18621,18621,1,1,1.0
18620,18621,18621,2,2,2.0
18620,18621,18621,2,2,2.0
18620,18621,18621,3,3,3.0
18620,18621,18621,1,1,1.0
18621,18622,18621,2,-2,2.0
18620,18622,18620,1,-1,1.0
18620,18622,18621,1,-1,1.0
18621,18622,18622,1,1,1.0
18621,18622,18621,1,-1,1.0
18621,18622,18622,1,1,1.0
18622,18623,18623,1,1,1.0
18622,18623,18623,1,1,1.0
18622,18623,18622,1,-1,1.0
18622,18623,18621,1,-1,1.0
18622,18623,18623,1,1,1.0
18622,18623,18623,1,1,1.0
18622,18623,18623,1,1,1.0
18622,18623,18623,1,1,1.0
18622,18623,18622,2,-2,2.0
18621,18623,18623,4,4,4.0
18622,18623,18622,1,-1,1.0
18622,18623,18623,9,9,9.0
18622,18623,18624,6,6,-6.0
18623,18624,18623,1,-1,1.0
18623,18624,18623,1,-1,1.0
18623,18624,18623,1,-1,1.0
18623,18624,18624,1,1,1.0
18623,18624,18625,1,1,-1.0
18623,18624,18623,3,-3,3.0
18622,18624,18622,3,-3,3.0
18621,18623,18621,2,-2,2.0
18621,18623,18623,1,1,1.0
18621,18623,18623,1,1,1.0
18621,18623,18621,1,-1,1.0
18621,18623,18623,2,2,2.0
18621,18623,18623,5,5,5.0
18622,18623,18623,4,4,4.0
18622,18623,18623,1,1,1.0
18622,18624,18622,1,-1,1.0
18622,18623,18622,1,-1,1.0
18622,18623,18623,1,1,1.0
18622,18624,18623,1,1,-1.0
18622,18624,18623,1,1,-1.0
18622,18624,18624,1,1,1.0
18622,18624,18622,1,-1,1.0
18622,18624,18624,1,1,1.0
18622,18623,18623,1,1,1.0
18622,18623,18623,1,1,1.0
18623,18624,18623,2,-2,2.0
18623,18624,18624,4,4,4.0
18623,18624,18623,1,-1,1.0
18623,18624,18622,2,-2,2.0
18622,18623,18623,1,1,1.0
18622,18623,18622,1,-1,1.0
18622,18623,18622,1,-1,1.0
18622,18623,18623,1,1,1.0
18622,18623,18622,2,-2,2.0
18621,18623,18621,1,-1,1.0
18621,18623,18623,1,1,1.0
18621,18623,18621,1,-1,1.0
18621,18623,18621,1,-1,1.0
18621,18623,18621,1,-1,1.0
18621,18622,18621,1,-1,1.0
18621,18622,18622,1,1,1.0
18621,18622,18621,1,-1,1.0
18621,18623,18621,1,-1,1.0
18621,18623,18621,1,-1,1.0
18621,18623,18621,1,-1,1.0
18621,18623,18621,1,-1,1.0
18621,18623,18621,2,-2,2.0
18621,18623,18621,1,-1,1.0
18621,18623,18621,7,-7,7.0
18621,18623,18621,1,-1,1.0
18621,18623,18621,1,-1,1.0
18620,18621,18621,1,1,1.0
18620,18621,18620,1,-1,1.0
18620,18621,18620,1,-1,1.0
18620,18621,18620,1,-1,1.0
18620,18621,18620,3,-3,3.0
18620,18621,18620,8,-8,8.0
18620,18621,18619,1,-1,1.0
18620,18621,18619,1,-1,1.0
18620,18621,18619,1,-1,1.0
18619,18620,18619,8,-8,8.0
18618,18619,18619,1,1,1.0
18618,18619,18618,1,-1,1.0
18618,18619,18618,7,-7,7.0
18617,18618,18618,1,1,1.0
18617,18618,18617,5,-5,5.0
18617,18618,18617,6,-6,6.0
18617,18618,18617,1,-1,1.0
18617,18618,18616,1,-1,1.0
18617,18618,18616,3,-3,3.0
18617,18618,18616,1,-1,1.0
18617,18618,18616,18,-18,18.0
18617,18618,18615,20,-20,20.0
18617,18618,18615,3,-3,3.0
18617,18618,18614,1,-1,1.0
18617,18618,18614,1,-1,1.0
18617,18618,18614,8,-8,8.0
18617,18618,18613,3,-3,3.0
18617,18618,18612,2,-2,2.0
18612,18613,18612,10,-10,10.0
18612,18613,18611,3,-3,3.0
18612,18613,18611,1,-1,1.0
18611,18612,18612,1,1,1.0
18611,18612,18612,2,2,2.0
18611,18613,18613,10,10,10.0
18612,18614,18612,2,-2,2.0
18612,18614,18612,1,-1,1.0
18612,18614,18612,2,-2,2.0
18611,18613,18612,1,-1,1.0
18611,18613,18611,1,-1,1.0
18612,18613,18612,1,-1,1.0
18612,18614,18612,3,-3,3.0
18612,18614,18612,1,-1,1.0
18612,18614,18612,2,-2,2.0
18611,18612,18611,5,-5,5.0
18611,18612,18611,1,-1,1.0
18611,18612,18612,4,4,4.0
18612,18613,18613,1,1,1.0
18612,18613,18612,1,-1,1.0
18612,18613,18612,1,-1,1.0
18612,18613,18612,1,-1,1.0
18611,18612,18612,1,1,1.0
18611,18612,18612,1,1,1.0
18611,18612,18611,1,-1,1.0
18611,18612,18613,1,1,-1.0
18611,18612,18613,1,1,-1.0
18612,18614,18612,2,-2,2.0
18611,18613,18611,2,-2,2.0
18611,18613,18611,1,-1,1.0
18611,18613,18611,1,-1,1.0
18611,18613,18611,1,-1,1.0
18611,18613,18611,1,-1,1.0
18611,18613,18611,2,-2,2.0
18611,18613,18611,2,-2,2.0
18611,18613,18610,1,-1,1.0
18611,18613,18612,1,-1,1.0
18611,18613,18612,1,-1,1.0
18611,18612,18612,1,1,1.0
18611,18612,18610,26,-26,26.0
18611,18612,18609,21,-21,21.0
18611,18612,18608,1,-1,1.0
18611,18612,18609,1,-1,1.0
18611,18612,18608,24,-24,24.0
18611,18612,18607,23,-23,23.0
18611,18612,18606,1,-1,1.0
18611,18612,18608,2,-2,2.0
18607,18608,18607,1,-1,1.0
18607,18608,18606,1,-1,1.0
18607,18608,18608,1,1,1.0
18607,18608,18607,2,-2,2.0
18607,18608,18606,6,-6,6.0
18607,18608,18606,1,-1,1.0
18607,18608,18606,7,-7,7.0
18607,18608,18606,5,-5,5.0
18607,18608,18605,1,-1,1.0
18605,18607,18607,1,1,1.0
18605,18607,18605,1,-1,1.0
18606,18607,18607,1,1,1.0
18606,18607,18608,1,1,-1.0
18606,18607,18606,1,-1,1.0
18606,18607,18606,1,-1,1.0
18606,18607,18605,1,-1,1.0
18606,18607,18607,1,1,1.0
18606,18607,18607,2,2,2.0
18606,18607,18606,4,-4,4.0
18606,18608,18606,4,-4,4.0
18606,18608,18608,1,1,1.0
18606,18608,18608,1,1,1.0
18606,18608,18609,3,3,-3.0
18606,18608,18610,7,7,-7.0
18606,18608,18611,1,1,-1.0
18610,18611,18611,1,1,1.0
18610,18611,18612,1,1,-1.0
18610,18611,18612,1,1,-1.0
18611,18613,18613,1,1,1.0
18611,18612,18611,1,-1,1.0
18611,18612,18612,1,1,1.0
18611,18612,18612,1,1,1.0
18611,18612,18610,1,-1,1.0
18610,18612,18610,1,-1,1.0
18610,18612,18610,1,-1,1.0
18610,18612,18610,1,-1,1.0
18610,18612,18610,1,-1,1.0
18610,18612,18609,1,-1,1.0
18610,18612,18609,1,-1,1.0
18610,18612,18609,1,-1,1.0
18610,18612,18609,1,-1,1.0
18610,18612,18609,1,-1,1.0
18610,18612,18609,1,-1,1.0
18610,18612,18609,1,-1,1.0
18610,18612,18608,1,-1,1.0
18609,18611,18609,1,-1,1.0
18609,18611,18609,2,-2,2.0
18609,18611,18611,1,1,1.0
18609,18611,18610,2,2,-2.0
18610,18612,18610,4,-4,4.0
18610,18611,18610,1,-1,1.0
18609,18611,18609,3,-3,3.0
18609,18611,18608,4,-4,4.0
18608,18609,18609,1,1,1.0
18608,18609,18610,5,5,-5.0
18608,18609,18610,1,1,-1.0
18608,18610,18608,3,-3,3.0
18608,18609,18608,1,-1,1.0
18607,18609,18609,1,1,1.0
18607,18609,18609,1,1,1.0
18607,18609,18607,1,-1,1.0
18607,18609,18607,1,-1,1.0
18607,18609,18607,1,-1,1.0
18607,18608,18607,1,-1,1.0
18607,18608,18607,2,-2,2.0
18607,18608,18606,3,-3,3.0
18606,18608,18608,1,1,1.0
18606,18608,18608,1,1,1.0
18606,18608,18607,1,1,-1.0
18606,18607,18607,1,1,1.0
18606,18607,18607,1,1,1.0
18606,18607,18607,1,1,1.0
18607,18608,18608,1,1,1.0
18608,18609,18608,1,-1,1.0
18607,18609,18608,1,-1,1.0
18607,18609,18609,2,2,2.0
18608,18609,18607,2,-2,2.0
18607,18609,18607,1,-1,1.0
18607,18608,18608,1,1,1.0
18607,18608,18607,1,-1,1.0
18607,18608,18608,1,1,1.0
18607,18609,18607,3,-3,3.0
18607,18608,18609,1,1,-1.0
18607,18608,18607,1,-1,1.0
18607,18608,18607,1,-1,1.0
18607,18608,18608,1,1,1.0
18607,18608,18607,1,-1,1.0
18607,18608,18607,1,-1,1.0
18606,18608,18606,1,-1,1.0
18606,18608,18608,1,1,1.0
18606,18608,18608,2,2,2.0
18607,18609,18607,5,-5,5.0
18607,18609,18608,1,-1,1.0
18607,18609,18607,3,-3,3.0
18607,18609,18606,2,-2,2.0
18606,18608,18608,1,1,1.0
18606,18608,18607,1,1,-1.0
18606,18608,18606,5,-5,5.0
18606,18608,18607,1,-1,1.0
18607,18608,18607,1,-1,1.0
18607,18608,18606,1,-1,1.0
18606,18608,18608,1,1,1.0
18606,18608,18608,1,1,1.0
18606,18608,18608,2,2,2.0
18606,18608,18606,1,-1,1.0
18606,18608,18608,1,1,1.0
18607,18608,18607,1,-1,1.0
18607,18608,18608,1,1,1.0
18607,18608,18608,1,1,1.0
18607,18608,18608,1,1,1.0
18607,18608,18608,3,3,3.0
18607,18608,18608,1,1,1.0
18607,18608,18608,1,1,1.0
18607,18608,18608,1,1,1.0
18607,18608,18608,2,2,2.0
18607,18608,18608,1,1,1.0
18607,18608,18609,2,2,-2.0
18607,18608,18608,2,2,2.0
18607,18608,18608,1,1,1.0
18607,18608,18610,1,1,-1.0
18609,18610,18610,1,1,1.0
18609,18610,18609,1,-1,1.0
18609,18610,18609,1,-1,1.0
18609,18610,18608,1,-1,1.0
18609,18610,18610,1,1,1.0
18609,18610,18610,1,1,1.0
18609,18610,18610,1,1,1.0
18611,18612,18612,1,1,1.0
18611,18612,18613,1,1,-1.0
18612,18613,18612,1,-1,1.0
18612,18613,18613,1,1,1.0
18612,18613,18613,1,1,1.0
18612,18613,18612,2,-2,2.0
18612,18613,18611,3,-3,3.0
18611,18613,18613,1,1,1.0
18611,18613,18613,1,1,1.0
18612,18613,18613,1,1,1.0
18612,18613,18613,1,1,1.0
18612,18614,18613,1,1,-1.0
18612,18614,18612,1,-1,1.0
18612,18614,18611,1,-1,1.0
18612,18614,18611,1,-1,1.0
18612,18614,18611,1,-1,1.0
18612,18614,18611,1,-1,1.0
18611,18612,18612,1,1,1.0
18611,18612,18612,1,1,1.0
18611,18612,18613,1,1,-1.0
18612,18613,18613,1,1,1.0
18612,18613,18613,2,2,2.0
18613,18614,18614,1,1,1.0
18613,18615,18613,1,-1,1.0
18613,18615,18615,1,1,1.0
18613,18615,18615,1,1,1.0
18614,18615,18615,3,3,3.0
18614,18615,18615,2,2,2.0
18614,18615,18615,1,1,1.0
18614,18615,18616,1,1,-1.0
18614,18615,18616,3,3,-3.0
18614,18615,18617,2,2,-2.0
18616,18617,18616,1,-1,1.0
18616,18617,18615,1,-1,1.0
18614,18616,18616,5,5,5.0
18614,18616,18616,1,1,1.0
18614,18616,18617,1,1,-1.0
18615,18617,18617,1,1,1.0
18616,18617,18617,1,1,1.0
18616,18617,18616,1,-1,1.0
18616,18617,18617,1,1,1.0
18616,18617,18616,2,-2,2.0
18616,18617,18615,2,-2,2.0
18616,18617,18614,4,-4,4.0
18613,18615,18613,1,-1,1.0
18613,18615,18613,1,-1,1.0
18613,18614,18614,1,1,1.0
18613,18614,18614,1,1,1.0
18613,18614,18613,2,-2,2.0
18613,18614,18612,1,-1,1.0
18611,18612,18612,1,1,1.0
18611,18613,18613,2,2,2.0
18612,18614,18612,1,-1,1.0
18611,18612,18612,1,1,1.0
18611,18612,18611,2,-2,2.0
18611,18613,18612,1,-1,1.0
18612,18614,18612,1,-1,1.0
18611,18613,18613,1,1,1.0
18612,18614,18612,1,-1,1.0
18612,18614,18612,1,-1,1.0
18612,18614,18612,1,-1,1.0
18612,18614,18612,1,-1,1.0
18612,18613,18612,1,-1,1.0
18612,18613,18613,2,2,2.0
18612,18613,18612,2,-2,2.0
18612,18613,18611,2,-2,2.0
18612,18614,18613,1,-1,1.0
18612,18614,18612,4,-4,4.0
18612,18614,18612,1,-1,1.0
18611,18614,18611,1,-1,1.0
18612,18613,18612,1,-1,1.0
18611,18612,18612,1,1,1.0
18611,18612,18612,1,1,1.0
18611,18612,18612,1,1,1.0
18612,18614,18614,7,7,7.0
18612,18614,18615,3,3,-3.0
18612,18614,18613,1,1,-1.0
18613,18614,18613,1,-1,1.0
18613,18614,18612,1,-1,1.0
18612,18614,18614,1,1,1.0
18612,18614,18614,1,1,1.0
18612,18614,18614,1,1,1.0
18613,18615,18615,2,2,2.0
18612,18614,18612,1,-1,1.0
18612,18614,18614,1,1,1.0
18612,18614,18614,1,1,1.0
18613,18614,18614,2,2,2.0
18613,18614,18614,1,1,1.0
18614,18615,18614,1,-1,1.0
18614,18615,18615,1,1,1.0
18614,18615,18615,1,1,1.0
18614,18615,18615,1,1,1.0
18614,18615,18616,1,1,-1.0
18614,18615,18614,5,-5,5.0
18614,18615,18615,1,1,1.0
18614,18615,18614,1,-1,1.0
18614,18615,18614,1,-1,1.0
18613,18615,18615,2,2,2.0
18614,18615,18615,1,1,1.0
18614,18615,18615,1,1,1.0
18614,18615,18615,1,1,1.0
18614,18615,18615,1,1,1.0
18614,18615,18615,1,1,1.0
18615,18616,18615,1,-1,1.0
18615,18616,18615,1,-1,1.0
18615,18616,18615,1,-1,1.0
18615,18616,18615,1,-1,1.0
18615,18616,18615,2,-2,2.0
18615,18616,18615,2,-2,2.0
18615,18616,18615,1,-1,1.0
18615,18616,18615,2,-2,2.0
18615,18616,18615,1,-1,1.0
18615,18616,18615,1,-1,1.0
18614,18615,18615,1,1,1.0
18614,18615,18614,5,-5,5.0
18614,18615,18613,3,-3,3.0
18614,18615,18613,2,-2,2.0
18614,18615,18613,1,-1,1.0
18614,18615,18613,3,-3,3.0
18614,18615,18613,1,-1,1.0
18614,18615,18613,1,-1,1.0
18614,18615,18613,1,-1,1.0
18614,18615,18613,2,-2,2.0
18614,18615,18613,6,-6,6.0
18612,18613,18613,2,2,2.0
18612,18613,18613,1,1,1.0
18612,18614,18612,6,-6,6.0
18612,18614,18612,3,-3,3.0
18612,18614,18612,1,-1,1.0
18611,18613,18613,4,4,4.0
18611,18613,18613,1,1,1.0
18612,18614,18613,1,1,-1.0
18611,18613,18612,1,1,-1.0
18611,18613,18613,3,3,3.0
18611,18613,18614,4,4,-4.0
18612,18613,18613,1,1,1.0
18612,18613,18612,2,-2,2.0
18611,18613,18613,3,3,3.0
18611,18613,18614,3,3,-3.0
18612,18614,18614,1,1,1.0
18612,18614,18614,2,2,2.0
18612,18614,18612,2,-2,2.0
18612,18614,18612,1,-1,1.0
18612,18614,18612,1,-1,1.0
18612,18614,18612,1,-1,1.0
18612,18614,18613,1,-1,1.0
18612,18613,18612,2,-2,2.0
18612,18613,18611,1,-1,1.0
18612,18613,18611,11,-11,11.0
18612,18613,18610,4,-4,4.0
18612,18613,18610,1,-1,1.0
18610,18611,18611,5,5,5.0
18610,18611,18610,1,-1,1.0
18610,18611,18610,5,-5,5.0
18610,18611,18610,5,-5,5.0
18609,18610,18610,2,2,2.0
18609,18610,18610,2,2,2.0
18609,18610,18610,3,3,3.0
18609,18610,18610,1,1,1.0
18609,18610,18610,1,1,1.0
18609,18610,18610,1,1,1.0
18609,18610,18610,1,1,1.0
18609,18610,18609,1,-1,1.0
18609,18610,18609,6,-6,6.0
18609,18610,18609,1,-1,1.0
18609,18610,18609,2,-2,2.0
18609,18610,18608,1,-1,1.0
18608,18609,18609,6,6,6.0
18608,18609,18610,11,11,-11.0
18608,18609,18610,1,1,-1.0
18608,18609,18610,12,12,-12.0
18608,18610,18608,3,-3,3.0
18609,18610,18610,1,1,1.0
18609,18610,18609,1,-1,1.0
18609,18610,18610,1,1,1.0
18609,18610,18610,1,1,1.0
18609,18610,18609,2,-2,2.0
18608,18609,18608,12,-12,12.0
18608,18609,18608,1,-1,1.0
18608,18609,18608,1,-1,1.0
18607,18609,18609,1,1,1.0
18607,18609,18607,1,-1,1.0
18607,18609,18609,1,1,1.0
18607,18609,18607,1,-1,1.0
18607,18609,18609,1,1,1.0
18608,18609,18608,4,-4,4.0
18607,18608,18608,1,1,1.0
18607,18608,18607,2,-2,2.0
18607,18608,18607,1,-1,1.0
18607,18608,18607,5,-5,5.0
18607,18608,18607,1,-1,1.0
18607,18608,18607,1,-1,1.0
18606,18607,18607,1,1,1.0
18606,18607,18606,1,-1,1.0
18606,18607,18607,1,1,1.0
18606,18607,18606,1,-1,1.0
18606,18607,18607,1,1,1.0
18606,18607,18606,2,-2,2.0
18606,18607,18607,1,1,1.0
18606,18607,18606,2,-2,2.0
18606,18607,18606,10,-10,10.0
18606,18607,18606,5,-5,5.0
18606,18607,18606,3,-3,3.0
18606,18607,18606,1,-1,1.0
18606,18607,18605,20,-20,20.0
18606,18607,18605,8,-8,8.0
18606,18607,18605,2,-2,2.0
18606,18607,18605,2,-2,2.0
18606,18607,18605,2,-2,2.0
18606,18607,18605,1,-1,1.0
18604,18605,18605,1,1,1.0
18604,18605,18605,1,1,1.0
18605,18606,18605,1,-1,1.0
18604,18605,18605,1,1,1.0
18604,18605,18604,2,-2,2.0
18604,18605,18604,23,-23,23.0
18603,18605,18603,1,-1,1.0
18603,18605,18603,1,-1,1.0
18603,18605,18603,1,-1,1.0
18603,18605,18603,1,-1,1.0
18603,18605,18605,1,1,1.0
18604,18605,18605,1,1,1.0
18604,18605,18606,2,2,-2.0
18605,18606,18605,1,-1,1.0
18605,18606,18604,1,-1,1.0
18605,18606,18605,1,-1,1.0
18605,18606,18605,1,-1,1.0
18604,18606,18605,1,-1,1.0
18605,18606,18605,1,-1,1.0
18605,18606,18604,2,-2,2.0
18604,18606,18604,1,-1,1.0
18604,18605,18604,2,-2,2.0
18604,18605,18604,1,-1,1.0
18603,18604,18603,1,-1,1.0
18603,18604,18603,33,-33,33.0
18603,18604,18602,17,-17,17.0
18603,18604,18603,1,-1,1.0
18603,18604,18602,13,-13,13.0
18603,18604,18602,1,-1,1.0
18603,18604,18601,4,-4,4.0
18603,18604,18602,2,-2,2.0
18601,18602,18601,3,-3,3.0
18601,18602,18601,3,-3,3.0
18601,18602,18601,3,-3,3.0
18601,18602,18601,3,-3,3.0
18601,18602,18601,10,-10,10.0
18601,18602,18602,1,1,1.0
18601,18602,18601,2,-2,2.0
18601,18602,18601,3,-3,3.0
18601,18602,18601,3,-3,3.0
18601,18602,18601,2,-2,2.0
18601,18602,18601,16,-16,16.0
18601,18602,18601,71,-71,71.0
18601,18602,18600,5,-5,5.0
18601,18602,18600,4,-4,4.0
18601,18602,18600,4,-4,4.0
18601,18602,18600,4,-4,4.0
18601,18602,18600,1,-1,1.0
18601,18602,18600,1,-1,1.0
18601,18602,18600,1,-1,1.0
18601,18602,18600,1,-1,1.0
18601,18602,18600,1,-1,1.0
18601,18602,18600,2,-2,2.0
18601,18602,18600,1,-1,1.0
18601,18602,18600,1,-1,1.0
18601,18602,18600,1,-1,1.0
18601,18602,18600,1,-1,1.0
18601,18602,18600,14,-14,14.0
18601,18602,18600,4,-4,4.0
18601,18602,18600,4,-4,4.0
18601,18602,18600,1,-1,1.0
18601,18602,18600,1,-1,1.0
18601,18602,18600,1,-1,1.0
18601,18602,18600,1,-1,1.0
18601,18602,18600,4,-4,4.0
18601,18602,18600,4,-4,4.0
18601,18602,18600,2,-2,2.0
18601,18602,18600,1,-1,1.0
18601,18602,18600,1,-1,1.0
18601,18602,18600,2,-2,2.0
18600,18601,18600,1,-1,1.0
18600,18601,18601,1,1,1.0
18600,18601,18600,1,-1,1.0
18600,18601,18600,1,-1,1.0
18600,18601,18600,1,-1,1.0
18600,18601,18601,1,1,1.0
18600,18601,18600,1,-1,1.0
18600,18601,18601,2,2,2.0
18600,18601,18600,5,-5,5.0
18600,18601,18600,1,-1,1.0
18600,18601,18599,1,-1,1.0
18600,18601,18599,3,-3,3.0
18600,18601,18599,1,-1,1.0
18600,18601,18601,1,1,1.0
18599,18601,18599,1,-1,1.0
18599,18601,18601,1,1,1.0
18600,18601,18600,2,-2,2.0
18600,18601,18600,1,-1,1.0
18600,18601,18600,1,-1,1.0
18599,18601,18600,2,-2,2.0
18599,18601,18600,1,-1,1.0
18600,18601,18601,1,1,1.0
18600,18601,18601,2,2,2.0
18602,18603,18602,1,-1,1.0
18602,18603,18602,2,-2,2.0
18602,18603,18603,1,1,1.0
18602,18603,18603,1,1,1.0
18602,18603,18602,4,-4,4.0
18602,18603,18602,2,-2,2.0
18602,18603,18601,1,-1,1.0
18602,18603,18603,1,1,1.0
18602,18603,18603,2,2,2.0
18602,18603,18604,2,2,-2.0
18602,18603,18603,1,1,1.0
18602,18603,18603,1,1,1.0
18603,18604,18604,1,1,1.0
18603,18604,18603,1,-1,1.0
18603,18604,18603,2,-2,2.0
18603,18604,18602,5,-5,5.0
18602,18604,18602,1,-1,1.0
18603,18604,18603,1,-1,1.0
18602,18604,18604,3,3,3.0
18602,18604,18602,1,-1,1.0
18602,18604,18602,1,-1,1.0
18601,18603,18602,1,-1,1.0
18601,18603,18603,1,1,1.0
18602,18603,18602,1,-1,1.0
18602,18603,18603,1,1,1.0
18601,18602,18602,2,2,2.0
18601,18602,18601,1,-1,1.0
18601,18602,18602,1,1,1.0
18601,18602,18602,1,1,1.0
18601,18602,18602,1,1,1.0
18601,18602,18601,1,-1,1.0
18601,18602,18602,1,1,1.0
18601,18602,18601,1,-1,1.0
18601,18602,18602,2,2,2.0
18601,18602,18602,2,2,2.0
18601,18602,18603,1,1,-1.0
18601,18602,18602,1,1,1.0
18602,18604,18602,1,-1,1.0
18602,18604,18602,1,-1,1.0
18602,18603,18603,2,2,2.0
18602,18603,18603,1,1,1.0
18602,18603,18603,1,1,1.0
18602,18603,18603,1,1,1.0
18603,18604,18603,1,-1,1.0
18603,18604,18603,1,-1,1.0
18602,18604,18604,3,3,3.0
18603,18604,18604,1,1,1.0
18603,18604,18604,4,4,4.0
18603,18604,18605,1,1,-1.0
18603,18604,18605,5,5,-5.0
18605,18606,18605,3,-3,3.0
18605,18606,18605,2,-2,2.0
18605,18606,18606,1,1,1.0
18605,18606,18605,1,-1,1.0
18605,18606,18605,1,-1,1.0
18605,18606,18605,1,-1,1.0
18605,18606,18606,1,1,1.0
18605,18606,18606,1,1,1.0
18605,18606,18606,1,1,1.0
18606,18607,18606,1,-1,1.0
18606,18607,18606,1,-1,1.0
18606,18607,18606,1,-1,1.0
18606,18607,18607,1,1,1.0
18606,18607,18606,1,-1,1.0
18606,18607,18606,3,-3,3.0
18606,18607,18605,2,-2,2.0
18606,18607,18605,6,-6,6.0
18606,18607,18605,3,-3,3.0
18604,18606,18606,1,1,1.0
18604,18606,18606,2,2,2.0
18605,18607,18604,1,-1,1.0
18605,18606,18605,2,-2,2.0
18604,18605,18604,1,-1,1.0
18604,18605,18604,1,-1,1.0
18604,18605,18605,1,1,1.0
18604,18605,18604,2,-2,2.0
18604,18605,18604,5,-5,5.0
18603,18604,18604,1,1,1.0
18603,18604,18604,1,1,1.0
18603,18604,18604,1,1,1.0
18603,18604,18604,1,1,1.0
18603,18604,18604,1,1,1.0
18603,18604,18603,2,-2,2.0
18603,18604,18604,1,1,1.0
18603,18604,18603,6,-6,6.0
18603,18604,18603,2,-2,2.0
18602,18603,18602,5,-5,5.0
18602,18603,18602,3,-3,3.0
18602,18603,18602,1,-1,1.0
18602,18603,18602,1,-1,1.0
18601,18603,18601,1,-1,1.0
18601,18602,18602,1,1,1.0
18601,18602,18602,1,1,1.0
18601,18602,18602,1,1,1.0
18601,18602,18601,1,-1,1.0
18601,18602,18602,5,5,5.0
18601,18602,18602,1,1,1.0
18601,18602,18602,1,1,1.0
18601,18602,18602,1,1,1.0
18601,18602,18602,1,1,1.0
18601,18602,18602,1,1,1.0
18601,18602,18602,1,1,1.0
18601,18602,18602,3,3,3.0
18601,18602,18602,1,1,1.0
18601,18602,18602,1,1,1.0
18601,18602,18602,1,1,1.0
18601,18602,18602,1,1,1.0
18602,18603,18602,1,-1,1.0
18602,18603,18602,1,-1,1.0
18602,18603,18602,1,-1,1.0
18602,18603,18602,1,-1,1.0
18602,18603,18602,4,-4,4.0
18602,18603,18602,1,-1,1.0
18602,18603,18603,1,1,1.0
18602,18603,18603,6,6,6.0
18602,18603,18603,9,9,9.0
18602,18603,18602,1,-1,1.0
18602,18604,18604,1,1,1.0
18603,18604,18604,1,1,1.0
18603,18604,18603,1,-1,1.0
18602,18603,18603,1,1,1.0
18602,18603,18603,1,1,1.0
18602,18603,18603,1,1,1.0
18602,18603,18603,1,1,1.0
18602,18603,18603,1,1,1.0
18602,18604,18603,5,5,-5.0
18602,18604,18604,1,1,1.0
18603,18605,18605,10,10,10.0
18603,18605,18605,1,1,1.0
18605,18606,18606,1,1,1.0
18605,18606,18606,2,2,2.0
18605,18606,18607,1,1,-1.0
18606,18608,18608,1,1,1.0
18608,18610,18608,1,-1,1.0
18608,18610,18609,1,-1,1.0
18607,18609,18609,1,1,1.0
18607,18609,18609,5,5,5.0
18609,18610,18609,5,-5,5.0
18609,18610,18608,5,-5,5.0
18608,18610,18609,2,-2,2.0
18608,18610,18610,4,4,4.0
18608,18610,18610,5,5,5.0
18608,18610,18608,2,-2,2.0
18608,18609,18608,2,-2,2.0
18607,18608,18608,1,1,1.0
18607,18608,18607,5,-5,5.0
18605,18607,18607,1,1,1.0
18605,18607,18607,1,1,1.0
18605,18607,18607,1,1,1.0
18605,18607,18607,1,1,1.0
18605,18607,18605,1,-1,1.0
18605,18607,18606,1,-1,1.0
18606,18607,18607,1,1,1.0
18606,18607,18606,1,-1,1.0
18605,18607,18605,3,-3,3.0
18605,18607,18605,7,-7,7.0
18603,18605,18605,1,1,1.0
18603,18605,18605,1,1,1.0
18603,18605,18605,2,2,2.0
18603,18605,18605,1,1,1.0
18605,18607,18605,1,-1,1.0
18605,18607,18606,2,-2,2.0
18605,18607,18606,1,-1,1.0
18606,18607,18607,1,1,1.0
18606,18607,18607,1,1,1.0
18606,18607,18606,1,-1,1.0
18605,18607,18605,2,-2,2.0
18604,18606,18604,1,-1,1.0
18603,18605,18603,1,-1,1.0
18603,18605,18603,1,-1,1.0
18603,18605,18603,1,-1,1.0
18602,18603,18602,6,-6,6.0
18602,18603,18602,1,-1,1.0
18602,18603,18602,1,-1,1.0
18602,18603,18603,1,1,1.0
18602,18603,18603,1,1,1.0
18602,18603,18602,5,-5,5.0
18602,18603,18602,1,-1,1.0
18602,18603,18602,1,-1,1.0
18601,18602,18602,1,1,1.0
18601,18602,18602,1,1,1.0
18601,18602,18603,1,1,-1.0
18601,18602,18602,5,5,5.0
18601,18602,18603,1,1,-1.0
18601,18602,18601,3,-3,3.0
18601,18602,18601,1,-1,1.0
18601,18602,18602,1,1,1.0
18601,18602,18601,3,-3,3.0
18601,18602,18601,3,-3,3.0
18601,18602,18601,2,-2,2.0
18601,18602,18601,2,-2,2.0
18601,18602,18601,1,-1,1.0
18601,18602,18602,1,1,1.0
18601,18602,18601,5,-5,5.0
18600,18602,18600,1,-1,1.0
18600,18602,18600,2,-2,2.0
18600,18602,18600,2,-2,2.0
18600,18602,18602,1,1,1.0
18600,18602,18602,1,1,1.0
18601,18602,18601,1,-1,1.0
18601,18602,18600,1,-1,1.0
18601,18602,18601,1,-1,1.0
18600,18601,18600,5,-5,5.0
18600,18601,18600,12,-12,12.0
18600,18601,18600,20,-20,20.0
18600,18601,18599,4,-4,4.0
18600,18601,18599,1,-1,1.0
18600,18601,18599,2,-2,2.0
18600,18601,18599,1,-1,1.0
18600,18601,18599,1,-1,1.0
18600,18601,18599,1,-1,1.0
18600,18601,18599,4,-4,4.0
18600,18601,18599,1,-1,1.0
18600,18601,18599,1,-1,1.0
18600,18601,18599,2,-2,2.0
18598,18599,18598,2,-2,2.0
18598,18599,18598,2,-2,2.0
18598,18599,18598,2,-2,2.0
18598,18599,18598,2,-2,2.0
18598,18599,18598,1,-1,1.0
18598,18599,18598,29,-29,29.0
18598,18599,18597,1,-1,1.0
18597,18598,18597,5,-5,5.0
18597,18598,18597,2,-2,2.0
18597,18598,18597,1,-1,1.0
18597,18598,18597,1,-1,1.0
18597,18598,18598,1,1,1.0
18597,18598,18597,2,-2,2.0
18597,18598,18596,14,-14,14.0
18597,18598,18596,3,-3,3.0
18597,18598,18596,1,-1,1.0
18597,18598,18597,1,-1,1.0
18597,18598,18597,1,-1,1.0
18596,18597,18597,5,5,5.0
18596,18597,18596,1,-1,1.0
18596,18597,18597,1,1,1.0
18596,18597,18596,2,-2,2.0
18596,18597,18597,1,1,1.0
18596,18597,18596,5,-5,5.0
18596,18597,18597,2,2,2.0
18596,18597,18596,1,-1,1.0
18596,18597,18597,1,1,1.0
18596,18598,18597,1,1,-1.0
18597,18598,18597,1,-1,1.0
18597,18598,18596,3,-3,3.0
18596,18598,18598,1,1,1.0
18597,18598,18597,1,-1,1.0
18597,18598,18597,1,-1,1.0
18596,18598,18597,1,-1,1.0
18597,18598,18597,2,-2,2.0
18597,18598,18597,1,-1,1.0
18597,18598,18597,1,-1,1.0
18596,18598,18598,4,4,4.0
18596,18598,18598,1,1,1.0
18598,18600,18600,1,1,1.0
18598,18600,18600,1,1,1.0
18598,18600,18600,4,4,4.0
18598,18600,18600,2,2,2.0
18598,18600,18600,2,2,2.0
18598,18600,18601,1,1,-1.0
18598,18600,18601,1,1,-1.0
18598,18600,18601,2,2,-2.0
18598,18600,18603,2,2,-2.0
18603,18604,18603,1,-1,1.0
18602,18604,18604,2,2,2.0
18602,18604,18602,2,-2,2.0
18602,18604,18602,1,-1,1.0
18602,18604,18602,1,-1,1.0
18602,18603,18602,1,-1,1.0
18602,18603,18602,3,-3,3.0
18601,18602,18602,1,1,1.0
18601,18602,18601,5,-5,5.0
18600,18601,18601,1,1,1.0
18600,18601,18601,2,2,2.0
18600,18601,18600,2,-2,2.0
18600,18601,18600,4,-4,4.0
18600,18601,18601,1,1,1.0
18600,18601,18601,1,1,1.0
18600,18602,18600,5,-5,5.0
18599,18602,18599,1,-1,1.0
18600,18602,18602,1,1,1.0
18601,18603,18601,2,-2,2.0
18601,18603,18600,2,-2,2.0
18600,18602,18600,1,-1,1.0
18600,18602,18602,1,1,1.0
18600,18602,18602,2,2,2.0
18600,18602,18602,1,1,1.0
18601,18603,18603,2,2,2.0
18601,18602,18602,1,1,1.0
18601,18602,18602,1,1,1.0
18601,18602,18601,3,-3,3.0
18601,18602,18602,1,1,1.0
18601,18602,18602,1,1,1.0
18602,18603,18602,1,-1,1.0
18602,18603,18602,6,-6,6.0
18602,18603,18601,6,-6,6.0
18602,18603,18601,6,-6,6.0
18602,18603,18601,1,-1,1.0
18600,18602,18602,1,1,1.0
18600,18601,18600,22,-22,22.0
18600,18601,18599,1,-1,1.0
18599,18600,18599,3,-3,3.0
18598,18600,18598,2,-2,2.0
18598,18600,18599,1,-1,1.0
18598,18599,18599,1,1,1.0
18598,18599,18599,1,1,1.0
18598,18599,18598,1,-1,1.0
18598,18599,18598,1,-1,1.0
18598,18599,18599,1,1,1.0
18598,18599,18598,1,-1,1.0
18598,18599,18599,1,1,1.0
18598,18599,18599,1,1,1.0
18598,18600,18598,1,-1,1.0
18598,18600,18598,1,-1,1.0
18598,18600,18597,1,-1,1.0
18597,18599,18597,1,-1,1.0
18597,18599,18599,1,1,1.0
18598,18599,18599,1,1,1.0
18598,18599,18598,1,-1,1.0
18598,18599,18598,1,-1,1.0
18597,18599,18599,2,2,2.0
18598,18599,18598,1,-1,1.0
18598,18599,18599,1,1,1.0
18597,18599,18599,1,1,1.0
18599,18600,18600,3,3,3.0
18599,18600,18600,1,1,1.0
18599,18600,18600,1,1,1.0
18599,18600,18600,1,1,1.0
18599,18601,18599,1,-1,1.0
18600,18601,18601,4,4,4.0
18600,18601,18601,1,1,1.0
18600,18601,18601,3,3,3.0
18600,18601,18601,2,2,2.0
18601,18602,18601,1,-1,1.0
18601,18602,18601,6,-6,6.0
18601,18602,18600,1,-1,1.0
18600,18602,18601,1,-1,1.0
18601,18602,18602,1,1,1.0
18601,18602,18602,2,2,2.0
18601,18602,18602,2,2,2.0
18601,18602,18602,1,1,1.0
18601,18602,18602,1,1,1.0
18602,18603,18602,2,-2,2.0
18602,18603,18603,2,2,2.0
18602,18603,18603,1,1,1.0
18602,18603,18603,2,2,2.0
18602,18603,18603,1,1,1.0
18603,18604,18603,5,-5,5.0
18601,18603,18603,1,1,1.0
18601,18603,18603,1,1,1.0
18601,18603,18603,4,4,4.0
18601,18603,18603,1,1,1.0
18601,18603,18603,1,1,1.0
18602,18603,18602,1,-1,1.0
18602,18603,18602,1,-1,1.0
18602,18603,18603,1,1,1.0
18602,18603,18602,3,-3,3.0
18601,18602,18601,2,-2,2.0
18601,18602,18601,4,-4,4.0
18601,18602,18601,2,-2,2.0
18600,18602,18600,1,-1,1.0
18600,18602,18600,1,-1,1.0
18600,18602,18602,1,1,1.0
18600,18601,18600,1,-1,1.0
18600,18601,18600,4,-4,4.0
18600,18601,18600,1,-1,1.0
18600,18601,18599,2,-2,2.0
18599,18601,18601,3,3,3.0
18600,18601,18600,1,-1,1.0
18600,18601,18600,3,-3,3.0
18599,18600,18600,1,1,1.0
18599,18600,18600,1,1,1.0
18599,18600,18600,1,1,1.0
18599,18600,18600,1,1,1.0
18599,18600,18600,3,3,3.0
18599,18600,18599,5,-5,5.0
18599,18600,18599,1,-1,1.0
18599,18600,18600,1,1,1.0
18599,18600,18600,1,1,1.0
18599,18600,18599,1,-1,1.0
18599,18600,18600,4,4,4.0
18600,18601,18600,1,-1,1.0
18600,18601,18600,1,-1,1.0
18599,18601,18600,1,-1,1.0
18600,18601,18601,1,1,1.0
18600,18601,18601,5,5,5.0
18601,18602,18602,1,1,1.0
18601,18603,18601,1,-1,1.0
18601,18603,18603,2,2,2.0
18601,18603,18603,1,1,1.0
18601,18603,18601,4,-4,4.0
18601,18603,18601,2,-2,2.0
18601,18602,18602,1,1,1.0
18601,18602,18602,2,2,2.0
18602,18603,18603,5,5,5.0
18603,18604,18604,1,1,1.0
18603,18604,18604,1,1,1.0
18603,18604,18603,2,-2,2.0
18603,18604,18604,1,1,1.0
18603,18604,18604,2,2,2.0
18603,18604,18604,1,1,1.0
18604,18605,18604,1,-1,1.0
18603,18605,18605,3,3,3.0
18604,18605,18605,1,1,1.0
18604,18605,18605,1,1,1.0
18604,18605,18605,1,1,1.0
18604,18605,18605,1,1,1.0
18605,18606,18605,2,-2,2.0
18604,18605,18604,1,-1,1.0
18604,18605,18605,1,1,1.0
18604,18605,18605,2,2,2.0
18604,18605,18605,1,1,1.0
18605,18606,18605,1,-1,1.0
18605,18606,18605,1,-1,1.0
18605,18606,18605,2,-2,2.0
18604,18606,18604,4,-4,4.0
18604,18606,18604,1,-1,1.0
18604,18605,18604,1,-1,1.0
18604,18605,18604,5,-5,5.0
18604,18605,18603,1,-1,1.0
18604,18605,18603,1,-1,1.0
18604,18605,18603,8,-8,8.0
18604,18605,18604,1,-1,1.0
18604,18605,18604,1,-1,1.0
18604,18605,18604,1,-1,1.0
18602,18604,18602,1,-1,1.0
18602,18604,18602,3,-3,3.0
18602,18604,18602,1,-1,1.0
18602,18604,18602,1,-1,1.0
18602,18603,18602,1,-1,1.0
18602,18603,18602,5,-5,5.0
18601,18602,18601,1,-1,1.0
18601,18602,18602,1,1,1.0
18601,18602,18602,1,1,1.0
18601,18602,18601,1,-1,1.0
18601,18602,18601,1,-1,1.0
18601,18602,18601,2,-2,2.0
18601,18602,18601,1,-1,1.0
18601,18602,18601,1,-1,1.0
18600,18602,18600,1,-1,1.0
18600,18602,18600,1,-1,1.0
18600,18602,18602,3,3,3.0
18601,18602,18601,1,-1,1.0
18601,18602,18601,1,-1,1.0
18601,18602,18600,2,-2,2.0
18601,18602,18600,1,-1,1.0
18600,18602,18602,2,2,2.0
18602,18603,18602,2,-2,2.0
18602,18603,18602,1,-1,1.0
18602,18603,18601,1,-1,1.0
18602,18603,18601,2,-2,2.0
18601,18603,18601,4,-4,4.0
18601,18603,18603,1,1,1.0
18603,18604,18604,1,1,1.0
18603,18605,18603,5,-5,5.0
18603,18605,18605,2,2,2.0
18603,18605,18605,2,2,2.0
18604,18606,18606,1,1,1.0
18604,18606,18604,1,-1,1.0
18604,18606,18604,1,-1,1.0
18604,18606,18603,1,-1,1.0
18604,18606,18605,1,-1,1.0
18603,18605,18605,1,1,1.0
18603,18605,18603,1,-1,1.0
18603,18605,18605,2,2,2.0
18603,18605,18603,10,-10,10.0
18601,18603,18601,1,-1,1.0
18601,18603,18601,2,-2,2.0
18601,18603,18601,6,-6,6.0
18600,18601,18600,2,-2,2.0
18600,18601,18600,3,-3,3.0
18600,18601,18600,1,-1,1.0
18600,18601,18601,1,1,1.0
18600,18601,18601,3,3,3.0
18600,18601,18601,2,2,2.0
18600,18602,18602,2,2,2.0
18600,18602,18602,1,1,1.0
18601,18603,18601,1,-1,1.0
18600,18601,18601,1,1,1.0
18600,18601,18602,4,4,-4.0
18600,18602,18602,3,3,3.0
18601,18602,18602,1,1,1.0
18601,18603,18603,1,1,1.0
18601,18603,18601,2,-2,2.0
18601,18603,18601,2,-2,2.0
18601,18603,18601,4,-4,4.0
18600,18602,18602,1,1,1.0
18601,18602,18601,1,-1,1.0
18601,18602,18601,1,-1,1.0
18601,18602,18602,1,1,1.0
18601,18602,18601,1,-1,1.0
18601,18602,18602,1,1,1.0
18602,18603,18603,1,1,1.0
18602,18603,18603,1,1,1.0
18603,18604,18604,1,1,1.0
18603,18604,18604,1,1,1.0
18603,18604,18604,2,2,2.0
18604,18605,18605,1,1,1.0
18604,18605,18604,1,-1,1.0
18604,18605,18605,2,2,2.0
18604,18605,18605,1,1,1.0
18605,18606,18605,1,-1,1.0
18604,18606,18606,1,1,1.0
18604,18606,18604,2,-2,2.0
18604,18606,18606,1,1,1.0
18604,18606,18604,2,-2,2.0
18604,18605,18604,1,-1,1.0
18603,18605,18603,1,-1,1.0
18603,18605,18603,1,-1,1.0
18603,18605,18603,1,-1,1.0
18602,18604,18603,12,-12,12.0
18602,18604,18604,5,5,5.0
18602,18604,18604,1,1,1.0
18603,18604,18603,3,-3,3.0
18603,18604,18603,1,-1,1.0
18602,18604,18602,5,-5,5.0
18602,18603,18602,3,-3,3.0
18602,18603,18602,4,-4,4.0
18602,18603,18603,1,1,1.0
18602,18603,18603,1,1,1.0
18602,18603,18603,1,1,1.0
18602,18603,18603,1,1,1.0
18604,18605,18605,1,1,1.0
18605,18606,18605,1,-1,1.0
18604,18605,18605,2,2,2.0
18604,18605,18605,3,3,3.0
18604,18605,18605,1,1,1.0
18605,18606,18606,1,1,1.0
18605,18606,18606,1,1,1.0
18605,18606,18606,1,1,1.0
18606,18607,18607,2,2,2.0
18606,18607,18607,1,1,1.0
18607,18608,18607,1,-1,1.0
18605,18607,18607,1,1,1.0
18605,18607,18607,1,1,1.0
18606,18608,18608,1,1,1.0
18606,18608,18608,1,1,1.0
18606,18608,18608,1,1,1.0
18606,18608,18608,1,1,1.0
18606,18608,18608,1,1,1.0
18607,18608,18608,1,1,1.0
18607,18608,18608,1,1,1.0
18607,18608,18608,1,1,1.0
18607,18608,18608,1,1,1.0
18607,18608,18608,1,1,1.0
18608,18609,18609,1,1,1.0
18608,18609,18608,1,-1,1.0
18608,18609,18608,1,-1,1.0
18607,18609,18607,1,-1,1.0
18607,18609,18607,1,-1,1.0
18606,18608,18606,1,-1,1.0
18608,18609,18608,1,-1,1.0
18608,18609,18609,2,2,2.0
18608,18609,18610,2,2,-2.0
18608,18610,18610,1,1,1.0
18608,18610,18610,1,1,1.0
18608,18610,18610,1,1,1.0
18609,18610,18609,1,-1,1.0
18609,18610,18610,1,1,1.0
18609,18610,18609,1,-1,1.0
18609,18610,18609,1,-1,1.0
18609,18610,18610,1,1,1.0
18609,18610,18610,1,1,1.0
18609,18610,18609,1,-1,1.0
18608,18609,18609,1,1,1.0
18608,18609,18609,1,1,1.0
18609,18610,18609,1,-1,1.0
18609,18610,18608,1,-1,1.0
18609,18610,18610,18,18,18.0
18609,18610,18611,2,2,-2.0
18609,18610,18611,1,1,-1.0
18609,18610,18611,9,9,-9.0
18609,18610,18611,1,1,-1.0
18609,18610,18611,1,1,-1.0
18609,18610,18611,18,18,-18.0
18609,18610,18611,1,1,-1.0
18609,18610,18611,1,1,-1.0
18609,18610,18611,1,1,-1.0
18609,18610,18611,2,2,-2.0
18609,18610,18612,14,14,-14.0
18609,18610,18612,11,11,-11.0
18609,18610,18612,1,1,-1.0
18609,18610,18612,3,3,-3.0
18609,18610,18612,6,6,-6.0
18612,18613,18613,1,1,1.0
18612,18613,18612,1,-1,1.0
18611,18613,18611,1,-1,1.0
18611,18612,18612,1,1,1.0
18611,18612,18611,5,-5,5.0
18611,18613,18611,1,-1,1.0
18611,18613,18611,1,-1,1.0
18611,18613,18611,2,-2,2.0
18609,18611,18609,1,-1,1.0
18609,18611,18609,1,-1,1.0
18609,18611,18609,1,-1,1.0
18609,18611,18611,1,1,1.0
18609,18611,18611,1,1,1.0
18609,18611,18609,1,-1,1.0
18610,18612,18610,2,-2,2.0
18609,18610,18609,1,-1,1.0
18608,18609,18608,1,-1,1.0
18608,18609,18609,1,1,1.0
18608,18609,18608,1,-1,1.0
18608,18610,18608,1,-1,1.0
18608,18610,18608,1,-1,1.0
18608,18610,18608,1,-1,1.0
18608,18610,18609,1,-1,1.0
18608,18610,18608,1,-1,1.0
18609,18610,18609,1,-1,1.0
18608,18609,18609,1,1,1.0
18608,18609,18610,4,4,-4.0
18608,18609,18609,1,1,1.0
18608,18609,18609,1,1,1.0
18608,18609,18609,1,1,1.0
18608,18609,18609,1,1,1.0
18608,18609,18609,1,1,1.0
18608,18609,18609,1,1,1.0
18609,18610,18609,1,-1,1.0
18609,18610,18608,11,-11,11.0
18607,18609,18608,1,-1,1.0
18607,18609,18609,1,1,1.0
18608,18610,18608,1,-1,1.0
18608,18609,18609,1,1,1.0
18609,18610,18610,1,1,1.0
18609,18610,18609,1,-1,1.0
18609,18610,18609,1,-1,1.0
18608,18609,18608,1,-1,1.0
18608,18610,18610,10,10,10.0
18610,18611,18610,1,-1,1.0
18609,18611,18609,1,-1,1.0
18610,18611,18610,1,-1,1.0
18609,18611,18611,3,3,3.0
18610,18611,18611,2,2,2.0
18610,18611,18612,8,8,-8.0
18611,18613,18611,1,-1,1.0
18612,18613,18612,1,-1,1.0
18612,18613,18612,1,-1,1.0
18611,18613,18613,1,1,1.0
18611,18612,18611,1,-1,1.0
18611,18612,18611,1,-1,1.0
18611,18612,18612,4,4,4.0
18611,18612,18612,2,2,2.0
18611,18612,18612,2,2,2.0
18612,18613,18612,1,-1,1.0
18612,18613,18612,1,-1,1.0
18612,18613,18612,1,-1,1.0
18612,18613,18612,2,-2,2.0
18612,18613,18612,3,-3,3.0
18612,18613,18612,20,-20,20.0
18612,18613,18611,1,-1,1.0
18612,18613,18611,1,-1,1.0
18610,18611,18610,4,-4,4.0
18610,18611,18610,2,-2,2.0
18609,18610,18609,1,-1,1.0
18608,18610,18609,2,-2,2.0
18608,18609,18608,1,-1,1.0
18608,18609,18609,1,1,1.0
18608,18610,18608,1,-1,1.0
18608,18609,18609,1,1,1.0
18609,18610,18609,1,-1,1.0
18608,18609,18609,1,1,1.0
18609,18610,18610,1,1,1.0
18609,18610,18610,2,2,2.0
18609,18610,18609,1,-1,1.0
18609,18610,18609,1,-1,1.0
18609,18610,18609,1,-1,1.0
18609,18610,18609,1,-1,1.0
18609,18610,18610,2,2,2.0
18609,18610,18610,1,1,1.0
18609,18610,18610,1,1,1.0
18609,18611,18610,1,1,-1.0
18609,18610,18609,1,-1,1.0
18609,18610,18610,1,1,1.0
18609,18610,18609,1,-1,1.0
18609,18610,18609,1,-1,1.0
18609,18610,18609,1,-1,1.0
18609,18610,18609,3,-3,3.0
18609,18610,18608,1,-1,1.0
18609,18610,18608,4,-4,4.0
18609,18610,18608,1,-1,1.0
18609,18610,18608,1,-1,1.0
18609,18610,18608,2,-2,2.0
18609,18610,18608,2,-2,2.0
18609,18610,18608,1,-1,1.0
18609,18610,18608,1,-1,1.0
18609,18610,18608,3,-3,3.0
18607,18608,18608,1,1,1.0
18607,18608,18607,5,-5,5.0
18607,18608,18608,1,1,1.0
18607,18608,18607,1,-1,1.0
18607,18608,18607,18,-18,18.0
18606,18607,18606,14,-14,14.0
18606,18607,18605,4,-4,4.0
18606,18607,18605,2,-2,2.0
18606,18607,18605,11,-11,11.0
18604,18605,18604,1,-1,1.0
18604,18605,18603,1,-1,1.0
18604,18605,18603,2,-2,2.0
18604,18605,18603,2,-2,2.0
18604,18605,18603,3,-3,3.0
18604,18605,18602,4,-4,4.0
18604,18605,18602,4,-4,4.0
18604,18605,18603,1,-1,1.0
18602,18603,18603,1,1,1.0
18602,18603,18603,4,4,4.0
18602,18603,18603,4,4,4.0
18602,18603,18604,6,6,-6.0
18602,18603,18603,1,1,1.0
18602,18604,18602,1,-1,1.0
18602,18603,18602,1,-1,1.0
18602,18603,18603,1,1,1.0
18602,18603,18602,1,-1,1.0
18602,18603,18602,1,-1,1.0
18602,18603,18602,1,-1,1.0
18601,18603,18602,1,-1,1.0
18601,18603,18601,9,-9,9.0
18601,18603,18601,2,-2,2.0
18601,18603,18601,5,-5,5.0
18601,18603,18601,4,-4,4.0
18601,18603,18601,4,-4,4.0
18602,18603,18602,1,-1,1.0
18602,18603,18603,1,1,1.0
18602,18603,18602,1,-1,1.0
18602,18603,18603,1,1,1.0
18602,18604,18602,1,-1,1.0
18602,18604,18602,1,-1,1.0
18602,18603,18603,2,2,2.0
18602,18603,18603,1,1,1.0
18602,18603,18603,3,3,3.0
18602,18603,18603,1,1,1.0
18602,18603,18603,2,2,2.0
18603,18604,18603,1,-1,1.0
18603,18604,18603,2,-2,2.0
18603,18604,18603,1,-1,1.0
18603,18604,18603,1,-1,1.0
18603,18604,18603,1,-1,1.0
18603,18604,18604,1,1,1.0
18603,18604,18604,1,1,1.0
18603,18604,18604,6,6,6.0
18604,18605,18603,1,-1,1.0
18603,18604,18603,1,-1,1.0
18602,18604,18603,1,-1,1.0
18602,18604,18602,1,-1,1.0
18602,18604,18602,1,-1,1.0
18602,18603,18603,1,1,1.0
18602,18603,18603,1,1,1.0
18602,18603,18603,1,1,1.0
18602,18603,18602,1,-1,1.0
18602,18603,18602,10,-10,10.0
18602,18603,18602,2,-2,2.0
18602,18603,18602,2,-2,2.0
18602,18603,18602,1,-1,1.0
18602,18603,18602,7,-7,7.0
18602,18603,18601,12,-12,12.0
18602,18603,18601,1,-1,1.0
18600,18601,18601,2,2,2.0
18600,18601,18602,3,3,-3.0
18600,18601,18601,1,1,1.0
18600,18601,18601,1,1,1.0
18600,18602,18600,3,-3,3.0
18600,18602,18600,4,-4,4.0
18600,18602,18602,1,1,1.0
18600,18602,18602,1,1,1.0
18601,18603,18601,1,-1,1.0
18601,18602,18602,1,1,1.0
18601,18603,18603,1,1,1.0
18601,18603,18603,1,1,1.0
18601,18603,18601,1,-1,1.0
18601,18603,18603,2,2,2.0
18601,18603,18603,1,1,1.0
18602,18603,18603,1,1,1.0
18602,18603,18603,2,2,2.0
18602,18604,18602,1,-1,1.0
18603,18604,18603,1,-1,1.0
18602,18604,18604,1,1,1.0
18603,18605,18605,1,1,1.0
18603,18605,18603,2,-2,2.0
18603,18604,18604,1,1,1.0
18603,18605,18605,1,1,1.0
18603,18605,18603,3,-3,3.0
18603,18605,18603,1,-1,1.0
18603,18605,18603,1,-1,1.0
18603,18605,18605,1,1,1.0
18603,18605,18605,1,1,1.0
18603,18605,18605,1,1,1.0
18603,18605,18603,1,-1,1.0
18603,18605,18603,1,-1,1.0
18603,18605,18603,1,-1,1.0
18604,18605,18604,1,-1,1.0
18604,18605,18604,1,-1,1.0
18603,18604,18603,1,-1,1.0
18603,18604,18603,1,-1,1.0
18603,18604,18603,1,-1,1.0
18603,18604,18603,1,-1,1.0
18603,18604,18603,1,-1,1.0
18603,18604,18603,1,-1,1.0
18603,18604,18602,1,-1,1.0
18602,18603,18602,1,-1,1.0
18602,18603,18603,4,4,4.0
18602,18603,18602,1,-1,1.0
18602,18603,18602,1,-1,1.0
18602,18603,18602,3,-3,3.0
18602,18603,18601,19,-19,19.0
18602,18603,18601,2,-2,2.0
18602,18603,18601,1,-1,1.0
18602,18603,18601,1,-1,1.0
18602,18603,18600,1,-1,1.0
18602,18603,18600,6,-6,6.0
18602,18603,18600,7,-7,7.0
18602,18603,18600,4,-4,4.0
18602,18603,18600,1,-1,1.0
18602,18603,18600,1,-1,1.0
18602,18603,18600,4,-4,4.0
18602,18603,18600,1,-1,1.0
18602,18603,18600,1,-1,1.0
18602,18603,18600,5,-5,5.0
18602,18603,18600,2,-2,2.0
18602,18603,18600,2,-2,2.0
18602,18603,18600,2,-2,2.0
18602,18603,18600,1,-1,1.0
18600,18601,18601,1,1,1.0
18600,18601,18601,1,1,1.0
18601,18602,18601,1,-1,1.0
18600,18602,18600,3,-3,3.0
18600,18602,18602,1,1,1.0
18600,18602,18600,1,-1,1.0
18600,18602,18600,2,-2,2.0
18600,18602,18600,1,-1,1.0
18600,18602,18600,1,-1,1.0
18600,18602,18600,1,-1,1.0
18600,18602,18602,1,1,1.0
18600,18602,18600,49,-49,49.0
18600,18602,18599,2,-2,2.0
18600,18602,18599,3,-3,3.0
18600,18602,18599,5,-5,5.0
18600,18602,18599,5,-5,5.0
18600,18602,18599,35,-35,35.0
18600,18602,18599,1,-1,1.0
18600,18602,18598,1,-1,1.0
18598,18599,18598,2,-2,2.0
18598,18599,18599,1,1,1.0
18598,18599,18598,1,-1,1.0
18598,18599,18598,1,-1,1.0
18598,18599,18598,1,-1,1.0
18598,18599,18598,1,-1,1.0
18598,18599,18598,1,-1,1.0
18598,18599,18599,1,1,1.0
18598,18599,18598,27,-27,27.0
18597,18598,18598,7,7,7.0
18597,18598,18599,14,14,-14.0
18597,18598,18600,25,25,-25.0
18597,18598,18601,22,22,-22.0
18597,18598,18602,16,16,-16.0
18597,18598,18601,1,1,-1.0
18597,18598,18601,1,1,-1.0
18597,18598,18601,3,3,-3.0
18597,18598,18601,1,1,-1.0
18597,18598,18600,5,5,-5.0
18597,18598,18600,2,2,-2.0
18597,18598,18600,3,3,-3.0
18600,18601,18600,1,-1,1.0
18600,18601,18600,1,-1,1.0
18600,18601,18600,1,-1,1.0
18600,18601,18600,1,-1,1.0
18600,18601,18600,1,-1,1.0
18600,18601,18600,1,-1,1.0
18600,18601,18600,1,-1,1.0
18600,18601,18601,1,1,1.0
18600,18601,18600,5,-5,5.0
18600,18601,18600,1,-1,1.0
18600,18601,18601,1,1,1.0
18600,18601,18600,1,-1,1.0
18600,18601,18600,1,-1,1.0
18600,18601,18600,2,-2,2.0
18600,18601,18600,3,-3,3.0
18600,18601,18599,4,-4,4.0
18599,18601,18601,4,4,4.0
18599,18601,18601,1,1,1.0
18601,18602,18602,1,1,1.0
18601,18602,18602,2,2,2.0
18601,18602,18602,1,1,1.0
18602,18603,18603,1,1,1.0
18602,18603,18602,1,-1,1.0
18602,18603,18603,1,1,1.0
18602,18603,18603,2,2,2.0
18602,18603,18604,4,4,-4.0
18602,18603,18604,2,2,-2.0
18603,18605,18603,1,-1,1.0
18603,18605,18603,1,-1,1.0
18602,18604,18602,2,-2,2.0
18602,18604,18602,1,-1,1.0
18601,18603,18601,1,-1,1.0
18601,18603,18601,1,-1,1.0
18601,18602,18602,1,1,1.0
18601,18602,18601,1,-1,1.0
18601,18602,18601,1,-1,1.0
18600,18602,18602,1,1,1.0
18600,18602,18602,1,1,1.0
18601,18602,18601,2,-2,2.0
18601,18602,18601,1,-1,1.0
18601,18602,18602,1,1,1.0
18601,18602,18602,5,5,5.0
18602,18603,18602,1,-1,1.0
18602,18603,18603,1,1,1.0
18601,18603,18603,4,4,4.0
18601,18603,18604,20,20,-20.0
18601,18603,18605,18,18,-18.0
18601,18603,18606,22,22,-22.0
18601,18603,18607,22,22,-22.0
18601,18603,18607,1,1,-1.0
18601,18603,18607,1,1,-1.0
18601,18603,18606,1,1,-1.0
18601,18603,18607,2,2,-2.0
18601,18603,18608,1,1,-1.0
18607,18609,18609,1,1,1.0
18607,18609,18609,2,2,2.0
18607,18609,18607,2,-2,2.0
18606,18608,18608,2,2,2.0
18606,18608,18607,1,1,-1.0
18607,18609,18609,2,2,2.0
18607,18609,18609,9,9,9.0
18607,18609,18610,25,25,-25.0
18607,18609,18611,24,24,-24.0
18607,18609,18612,15,15,-15.0
18607,18609,18612,1,1,-1.0
18607,18609,18610,1,1,-1.0
18607,18609,18610,5,5,-5.0
18607,18609,18609,3,3,3.0
18607,18609,18609,3,3,3.0
18607,18609,18609,1,1,1.0
18607,18609,18609,2,2,2.0
18607,18609,18610,1,1,-1.0
18607,18609,18610,1,1,-1.0
18607,18609,18610,1,1,-1.0
18607,18609,18612,1,1,-1.0
18607,18609,18610,1,1,-1.0
18607,18609,18610,1,1,-1.0
18610,18612,18612,1,1,1.0
18610,18612,18611,1,1,-1.0
18610,18612,18610,1,-1,1.0
18610,18611,18610,1,-1,1.0
18609,18611,18610,1,-1,1.0
18609,18611,18610,1,-1,1.0
18609,18611,18609,1,-1,1.0
18609,18611,18611,5,5,5.0
18609,18611,18612,14,14,-14.0
18609,18611,18613,10,10,-10.0
18609,18611,18611,1,1,1.0
18611,18613,18611,1,-1,1.0
18611,18612,18611,1,-1,1.0
18611,18612,18611,1,-1,1.0
18610,18612,18610,1,-1,1.0
18610,18612,18610,1,-1,1.0
18610,18612,18610,1,-1,1.0
18610,18612,18610,4,-4,4.0
18610,18612,18609,4,-4,4.0
18608,18610,18607,1,-1,1.0
18606,18608,18606,1,-1,1.0
18606,18607,18607,1,1,1.0
18606,18607,18607,1,1,1.0
18606,18608,18608,1,1,1.0
18606,18608,18608,1,1,1.0
18606,18607,18606,1,-1,1.0
18605,18607,18607,2,2,2.0
18605,18607,18607,2,2,2.0
18605,18607,18608,2,2,-2.0
18606,18608,18606,1,-1,1.0
18606,18608,18606,1,-1,1.0
18606,18608,18606,6,-6,6.0
18605,18606,18606,5,5,5.0
18605,18606,18606,2,2,2.0
18605,18606,18605,1,-1,1.0
18603,18604,18603,1,-1,1.0
18603,18604,18603,1,-1,1.0
18603,18604,18603,2,-2,2.0
18603,18604,18604,2,2,2.0
18602,18604,18604,1,1,1.0
18602,18604,18602,1,-1,1.0
18602,18604,18602,4,-4,4.0
18602,18603,18603,3,3,3.0
18602,18603,18604,7,7,-7.0
18602,18603,18605,1,1,-1.0
18603,18605,18603,1,-1,1.0
18603,18605,18604,1,-1,1.0
18603,18605,18604,1,-1,1.0
18602,18604,18602,4,-4,4.0
18602,18604,18602,1,-1,1.0
18602,18604,18602,1,-1,1.0
18602,18604,18602,1,-1,1.0
18602,18604,18602,1,-1,1.0
18602,18604,18602,1,-1,1.0
18602,18604,18602,1,-1,1.0
18602,18604,18602,1,-1,1.0
18602,18604,18602,3,-3,3.0
18603,18605,18603,1,-1,1.0
18603,18605,18603,1,-1,1.0
18603,18605,18603,1,-1,1.0
18602,18603,18602,1,-1,1.0
18602,18603,18602,4,-4,4.0
18602,18603,18601,18,-18,18.0
18602,18603,18602,2,-2,2.0
18600,18602,18602,1,1,1.0
18600,18602,18602,1,1,1.0
18601,18602,18600,7,-7,7.0
18600,18602,18600,2,-2,2.0
18600,18602,18600,1,-1,1.0
18600,18602,18600,1,-1,1.0
18600,18602,18602,1,1,1.0
18600,18602,18602,1,1,1.0
18600,18602,18600,9,-9,9.0
18599,18601,18600,1,-1,1.0
18600,18601,18601,1,1,1.0
18600,18601,18600,2,-2,2.0
18600,18601,18600,1,-1,1.0
18600,18601,18601,1,1,1.0
18600,18601,18601,1,1,1.0
18600,18601,18601,1,1,1.0
18600,18602,18602,1,1,1.0
18600,18602,18600,1,-1,1.0
18600,18602,18602,1,1,1.0
18601,18602,18601,1,-1,1.0
18601,18602,18601,1,-1,1.0
18601,18602,18601,1,-1,1.0
18600,18602,18600,2,-2,2.0
18600,18602,18602,1,1,1.0
18600,18602,18601,1,1,-1.0
18600,18602,18602,2,2,2.0
18600,18602,18602,1,1,1.0
18601,18602,18601,1,-1,1.0
18600,18602,18600,1,-1,1.0
18600,18602,18602,1,1,1.0
18600,18601,18601,1,1,1.0
18600,18601,18602,19,19,-19.0
18600,18601,18603,12,12,-12.0
18602,18604,18602,2,-2,2.0
18602,18603,18602,1,-1,1.0
18601,18603,18602,2,-2,2.0
18601,18603,18603,1,1,1.0
18601,18603,18601,3,-3,3.0
18601,18603,18602,1,-1,1.0
18602,18603,18602,1,-1,1.0
18602,18603,18602,1,-1,1.0
18602,18603,18602,1,-1,1.0
18602,18603,18602,2,-2,2.0
18602,18603,18603,1,1,1.0
18602,18603,18602,1,-1,1.0
18602,18603,18602,1,-1,1.0
18602,18603,18602,3,-3,3.0
18602,18603,18602,2,-2,2.0
18602,18603,18602,1,-1,1.0
18602,18603,18602,1,-1,1.0
18602,18603,18602,1,-1,1.0
18602,18603,18602,2,-2,2.0
18602,18603,18601,2,-2,2.0
18601,18603,18601,1,-1,1.0
18601,18603,18601,1,-1,1.0
18601,18603,18601,1,-1,1.0
18601,18603,18603,1,1,1.0
18601,18603,18601,1,-1,1.0
18601,18603,18601,2,-2,2.0
18601,18603,18601,1,-1,1.0
18601,18603,18601,1,-1,1.0
18601,18603,18601,1,-1,1.0
18601,18603,18601,2,-2,2.0
18601,18603,18601,1,-1,1.0
18601,18603,18601,3,-3,3.0
18601,18603,18600,2,-2,2.0
18600,18601,18600,19,-19,19.0
18599,18600,18600,1,1,1.0
18599,18600,18600,1,1,1.0
18599,18600,18599,3,-3,3.0
18599,18600,18600,1,1,1.0
18599,18600,18600,1,1,1.0
18599,18600,18600,1,1,1.0
18599,18600,18600,1,1,1.0
18601,18603,18600,1,-1,1.0
18601,18603,18600,2,-2,2.0
18601,18603,18600,2,-2,2.0
18601,18603,18601,1,-1,1.0
18602,18603,18603,1,1,1.0
18602,18603,18603,2,2,2.0
18602,18603,18603,1,1,1.0
18603,18604,18603,1,-1,1.0
18603,18604,18604,1,1,1.0
18604,18605,18605,1,1,1.0
18605,18606,18605,1,-1,1.0
18605,18606,18605,1,-1,1.0
18605,18606,18606,1,1,1.0
18605,18606,18606,1,1,1.0
18605,18606,18605,1,-1,1.0
18605,18606,18604,1,-1,1.0
18604,18606,18606,1,1,1.0
18604,18606,18604,1,-1,1.0
18604,18606,18606,1,1,1.0
18605,18606,18606,1,1,1.0
18605,18606,18607,4,4,-4.0
18606,18607,18607,2,2,2.0
18606,18608,18606,1,-1,1.0
18606,18607,18606,1,-1,1.0
18606,18607,18606,1,-1,1.0
18604,18606,18606,5,5,5.0
18605,18607,18605,7,-7,7.0
18605,18607,18604,20,-20,20.0
18605,18607,18603,16,-16,16.0
18605,18607,18602,33,-33,33.0
18605,18607,18602,8,-8,8.0
18605,18607,18602,1,-1,1.0
18605,18607,18602,2,-2,2.0
18605,18607,18602,2,-2,2.0
18605,18607,18602,1,-1,1.0
18605,18607,18602,2,-2,2.0
18605,18607,18602,1,-1,1.0
18605,18607,18602,1,-1,1.0
18605,18607,18602,3,-3,3.0
18605,18607,18602,3,-3,3.0
18605,18607,18602,4,-4,4.0
18605,18607,18601,1,-1,1.0
18601,18603,18603,1,1,1.0
18601,18603,18602,2,2,-2.0
18601,18603,18602,4,4,-4.0
18602,18603,18603,1,1,1.0
18602,18603,18602,1,-1,1.0
18602,18603,18602,1,-1,1.0
18602,18603,18602,6,-6,6.0
18602,18603,18602,2,-2,2.0
18602,18603,18602,1,-1,1.0
18602,18603,18602,1,-1,1.0
18602,18603,18602,2,-2,2.0
18601,18603,18603,1,1,1.0
18602,18603,18603,1,1,1.0
18602,18603,18603,2,2,2.0
18603,18605,18604,4,4,-4.0
18603,18605,18603,1,-1,1.0
18603,18605,18603,1,-1,1.0
18603,18605,18602,1,-1,1.0
18602,18604,18604,1,1,1.0
18602,18605,18605,1,1,1.0
18603,18605,18605,1,1,1.0
18604,18605,18605,1,1,1.0
18604,18605,18605,1,1,1.0
18604,18605,18606,1,1,-1.0
18605,18606,18606,1,1,1.0
18606,18607,18606,1,-1,1.0
18606,18607,18606,1,-1,1.0
18606,18607,18606,1,-1,1.0
18605,18606,18606,1,1,1.0
18605,18607,18607,1,1,1.0
18605,18607,18607,1,1,1.0
18606,18607,18607,1,1,1.0
18606,18607,18607,2,2,2.0
18606,18607,18607,2,2,2.0
18606,18607,18607,1,1,1.0
18606,18608,18606,3,-3,3.0
18605,18606,18605,2,-2,2.0
18605,18606,18605,1,-1,1.0
18603,18605,18603,1,-1,1.0
18603,18605,18603,1,-1,1.0
18602,18604,18602,1,-1,1.0
18602,18604,18602,1,-1,1.0
18602,18604,18603,1,-1,1.0
18602,18603,18602,1,-1,1.0
18602,18603,18603,3,3,3.0
18602,18603,18602,2,-2,2.0
18602,18603,18603,2,2,2.0
18602,18603,18603,1,1,1.0
18603,18605,18605,1,1,1.0
18603,18605,18605,4,4,4.0
18603,18605,18606,1,1,-1.0
18604,18606,18606,1,1,1.0
18604,18606,18606,1,1,1.0
18603,18605,18603,1,-1,1.0
18603,18605,18605,1,1,1.0
18604,18606,18606,2,2,2.0
18605,18606,18605,1,-1,1.0
18604,18606,18604,1,-1,1.0
18604,18606,18604,2,-2,2.0
18603,18604,18604,10,10,10.0
18603,18604,18603,1,-1,1.0
18603,18604,18603,9,-9,9.0
18602,18604,18604,1,1,1.0
18602,18603,18602,1,-1,1.0
18602,18603,18603,1,1,1.0
18602,18603,18602,3,-3,3.0
18602,18603,18602,4,-4,4.0
18602,18603,18602,1,-1,1.0
18602,18603,18602,1,-1,1.0
18601,18603,18601,1,-1,1.0
18601,18603,18603,1,1,1.0
18602,18604,18602,1,-1,1.0
18602,18604,18602,1,-1,1.0
18601,18603,18601,1,-1,1.0
18601,18603,18601,1,-1,1.0
18601,18603,18601,1,-1,1.0
18601,18603,18601,1,-1,1.0
18601,18603,18601,1,-1,1.0
18601,18603,18603,1,1,1.0
18601,18603,18601,1,-1,1.0
18601,18603,18601,1,-1,1.0
18601,18603,18601,1,-1,1.0
18601,18603,18601,1,-1,1.0
18601,18603,18601,1,-1,1.0
18601,18603,18601,1,-1,1.0
18601,18603,18603,1,1,1.0
18601,18603,18601,1,-1,1.0
18601,18603,18601,1,-1,1.0
18601,18603,18601,1,-1,1.0
18601,18603,18601,1,-1,1.0
18602,18603,18601,1,-1,1.0
18601,18603,18601,1,-1,1.0
18601,18603,18601,1,-1,1.0
18601,18603,18602,1,-1,1.0
18601,18603,18601,1,-1,1.0
18601,18603,18601,1,-1,1.0
18601,18603,18601,1,-1,1.0
18602,18603,18603,1,1,1.0
18602,18603,18602,1,-1,1.0
18602,18603,18603,2,2,2.0
18602,18603,18603,1,1,1.0
18603,18604,18604,1,1,1.0
18603,18604,18604,1,1,1.0
18603,18604,18603,1,-1,1.0
18603,18604,18604,1,1,1.0
18603,18604,18604,5,5,5.0
18603,18604,18604,1,1,1.0
18603,18604,18604,2,2,2.0
18603,18604,18604,3,3,3.0
18603,18604,18604,1,1,1.0
18603,18604,18604,7,7,7.0
18604,18605,18604,2,-2,2.0
18604,18605,18605,1,1,1.0
18605,18606,18605,1,-1,1.0
18605,18606,18604,1,-1,1.0
18604,18606,18604,1,-1,1.0
18604,18605,18605,1,1,1.0
18604,18605,18604,1,-1,1.0
18604,18605,18604,2,-2,2.0
18603,18604,18604,1,1,1.0
18603,18604,18604,2,2,2.0
18603,18604,18604,1,1,1.0
18604,18605,18604,1,-1,1.0
18604,18605,18604,1,-1,1.0
18604,18605,18605,1,1,1.0
18604,18605,18604,3,-3,3.0
18604,18605,18604,2,-2,2.0
18604,18605,18604,1,-1,1.0
18604,18605,18604,1,-1,1.0
18603,18605,18605,2,2,2.0
18603,18604,18603,3,-3,3.0
18603,18604,18603,11,-11,11.0
18602,18604,18604,1,1,1.0
18603,18604,18603,1,-1,1.0
18602,18603,18603,3,3,3.0
18602,18603,18603,1,1,1.0
18602,18603,18602,1,-1,1.0
18602,18603,18603,1,1,1.0
18602,18603,18603,1,1,1.0
18602,18603,18602,1,-1,1.0
18602,18603,18602,1,-1,1.0
18602,18603,18602,1,-1,1.0
18602,18603,18602,1,-1,1.0
18602,18603,18602,1,-1,1.0
18602,18603,18603,1,1,1.0
18602,18603,18602,6,-6,6.0
18602,18603,18602,1,-1,1.0
18602,18603,18602,11,-11,11.0
18601,18602,18602,1,1,1.0
18601,18602,18601,2,-2,2.0
18601,18602,18602,1,1,1.0
18601,18602,18601,4,-4,4.0
18601,18602,18601,1,-1,1.0
18601,18602,18601,1,-1,1.0
18601,18602,18601,1,-1,1.0
18601,18602,18601,1,-1,1.0
18601,18602,18601,3,-3,3.0
18601,18602,18602,1,1,1.0
18601,18602,18602,1,1,1.0
18601,18602,18602,10,10,10.0
18601,18602,18602,3,3,3.0
18602,18603,18602,1,-1,1.0
18602,18603,18602,1,-1,1.0
18602,18603,18601,1,-1,1.0
18602,18603,18601,4,-4,4.0
18602,18603,18601,9,-9,9.0
18602,18603,18601,4,-4,4.0
18602,18603,18601,1,-1,1.0
18602,18603,18601,1,-1,1.0
18602,18603,18601,1,-1,1.0
18600,18601,18601,1,1,1.0
18600,18601,18601,1,1,1.0
18600,18601,18600,5,-5,5.0
18600,18601,18601,3,3,3.0
18600,18601,18600,1,-1,1.0
18600,18601,18601,1,1,1.0
18600,18601,18601,3,3,3.0
18602,18604,18602,1,-1,1.0
18602,18604,18602,1,-1,1.0
18602,18604,18602,1,-1,1.0
18602,18604,18602,1,-1,1.0
18601,18603,18603,2,2,2.0
18601,18603,18602,1,1,-1.0
18602,18603,18602,1,-1,1.0
18602,18603,18603,1,1,1.0
18602,18603,18602,2,-2,2.0
18602,18603,18602,1,-1,1.0
18602,18603,18603,2,2,2.0
18602,18603,18603,2,2,2.0
18602,18603,18603,1,1,1.0
18602,18603,18603,1,1,1.0
18603,18604,18603,1,-1,1.0
18602,18604,18604,7,7,7.0
18602,18604,18605,34,34,-34.0
18602,18604,18605,1,1,-1.0
18602,18604,18605,2,2,-2.0
18605,18606,18606,45,45,45.0
18605,18606,18606,1,1,1.0
18605,18606,18606,4,4,4.0
18605,18606,18607,1,1,-1.0
18605,18606,18607,11,11,-11.0
18605,18606,18607,1,1,-1.0
18607,18608,18607,1,-1,1.0
18607,18608,18608,1,1,1.0
18607,18608,18607,3,-3,3.0
18607,18608,18607,1,-1,1.0
18607,18608,18608,1,1,1.0
18607,18608,18608,1,1,1.0
18607,18608,18607,5,-5,5.0
18606,18608,18606,2,-2,2.0
18604,18605,18605,2,2,2.0
18604,18605,18606,18,18,-18.0
18606,18608,18606,1,-1,1.0
18606,18608,18606,1,-1,1.0
18607,18608,18607,1,-1,1.0
18607,18608,18607,2,-2,2.0
18607,18608,18607,5,-5,5.0
18606,18607,18607,1,1,1.0
18606,18607,18607,1,1,1.0
18606,18607,18606,1,-1,1.0
18606,18607,18607,1,1,1.0
18607,18608,18608,1,1,1.0
18607,18608,18607,4,-4,4.0
18607,18608,18607,2,-2,2.0
18607,18608,18607,1,-1,1.0
18607,18608,18608,1,1,1.0
18607,18608,18608,1,1,1.0
18607,18608,18608,2,2,2.0
18607,18608,18608,7,7,7.0
18607,18608,18608,2,2,2.0
18607,18608,18608,1,1,1.0
18608,18609,18608,1,-1,1.0
18608,18609,18609,1,1,1.0
18608,18609,18609,1,1,1.0
18608,18609,18609,1,1,1.0
18608,18609,18609,1,1,1.0
18609,18610,18609,5,-5,5.0
18608,18610,18610,1,1,1.0
18608,18610,18610,1,1,1.0
18608,18610,18610,1,1,1.0
18609,18610,18610,1,1,1.0
18609,18610,18609,1,-1,1.0
18609,18610,18609,1,-1,1.0
18608,18610,18610,1,1,1.0
18609,18610,18610,1,1,1.0
18609,18610,18609,1,-1,1.0
18608,18609,18609,1,1,1.0
18608,18609,18609,2,2,2.0
18608,18609,18608,1,-1,1.0
18608,18609,18608,4,-4,4.0
18608,18609,18608,3,-3,3.0
18608,18609,18608,3,-3,3.0
18607,18608,18608,1,1,1.0
18607,18608,18608,1,1,1.0
18607,18608,18608,1,1,1.0
18607,18608,18608,2,2,2.0
18608,18609,18609,1,1,1.0
18608,18609,18608,1,-1,1.0
18608,18609,18609,1,1,1.0
18608,18609,18608,2,-2,2.0
18608,18609,18609,1,1,1.0
18608,18609,18609,1,1,1.0
18608,18609,18609,2,2,2.0
18608,18609,18608,1,-1,1.0
18608,18609,18609,2,2,2.0
18609,18610,18610,1,1,1.0
18609,18610,18610,2,2,2.0
18609,18610,18610,2,2,2.0
18609,18610,18610,1,1,1.0
18609,18610,18610,21,21,21.0
18609,18610,18611,3,3,-3.0
18609,18610,18611,16,16,-16.0
18611,18612,18612,1,1,1.0
18611,18612,18611,1,-1,1.0
18611,18612,18612,1,1,1.0
18611,18612,18611,1,-1,1.0
18611,18612,18612,1,1,1.0
18611,18612,18612,1,1,1.0
18611,18612,18612,1,1,1.0
18611,18612,18611,1,-1,1.0
18610,18611,18611,1,1,1.0
18610,18611,18611,1,1,1.0
18610,18612,18610,1,-1,1.0
18609,18611,18611,1,1,1.0
18609,18611,18611,1,1,1.0
18609,18611,18611,1,1,1.0
18610,18612,18612,1,1,1.0
18610,18612,18612,1,1,1.0
18610,18611,18611,1,1,1.0
18610,18611,18611,1,1,1.0
18611,18612,18611,1,-1,1.0
18611,18612,18612,3,3,3.0
18611,18612,18611,1,-1,1.0
18611,18612,18612,1,1,1.0
18611,18612,18612,1,1,1.0
18611,18612,18612,1,1,1.0
18611,18612,18612,1,1,1.0
18611,18612,18612,1,1,1.0
18611,18612,18612,1,1,1.0
18612,18613,18612,1,-1,1.0
18611,18612,18612,1,1,1.0
18612,18613,18612,1,-1,1.0
18611,18612,18611,1,-1,1.0
18611,18612,18611,2,-2,2.0
18610,18611,18611,1,1,1.0
18610,18611,18611,1,1,1.0
18610,18611,18611,2,2,2.0
18610,18611,18611,1,1,1.0
18610,18612,18612,2,2,2.0
18610,18612,18612,1,1,1.0
18610,18612,18610,1,-1,1.0
18610,18612,18610,1,-1,1.0
18610,18611,18611,1,1,1.0
18610,18611,18611,1,1,1.0
18610,18612,18612,8,8,8.0
18611,18612,18612,2,2,2.0
18611,18612,18611,1,-1,1.0
18611,18612,18612,1,1,1.0
18611,18612,18612,1,1,1.0
18611,18613,18612,1,1,-1.0
18612,18613,18612,1,-1,1.0
18612,18613,18612,1,-1,1.0
18612,18613,18613,1,1,1.0
18612,18613,18613,1,1,1.0
18612,18613,18612,1,-1,1.0
18612,18613,18613,1,1,1.0
18612,18613,18613,1,1,1.0
18612,18613,18613,1,1,1.0
18612,18613,18613,7,7,7.0
18612,18613,18613,1,1,1.0
18613,18614,18613,2,-2,2.0
18613,18614,18613,1,-1,1.0
18612,18614,18614,1,1,1.0
18613,18614,18614,9,9,9.0
18613,18614,18614,1,1,1.0
18613,18614,18614,1,1,1.0
18613,18614,18614,2,2,2.0
18613,18614,18614,2,2,2.0
18613,18614,18614,1,1,1.0
18613,18614,18614,2,2,2.0
18613,18614,18614,1,1,1.0
18613,18614,18614,1,1,1.0
18613,18614,18613,1,-1,1.0
18613,18614,18613,1,-1,1.0
18613,18614,18613,1,-1,1.0
18613,18614,18614,1,1,1.0
18613,18614,18614,8,8,8.0
18614,18615,18614,1,-1,1.0
18614,18615,18615,2,2,2.0
18614,18615,18615,2,2,2.0
18614,18615,18615,2,2,2.0
18614,18615,18615,1,1,1.0
18614,18615,18615,30,30,30.0
18614,18615,18616,1,1,-1.0
18615,18616,18615,1,-1,1.0
18615,18616,18616,1,1,1.0
18615,18616,18616,3,3,3.0
18615,18616,18616,16,16,16.0
18615,18616,18616,1,1,1.0
18615,18616,18616,2,2,2.0
18615,18616,18616,1,1,1.0
18615,18616,18616,7,7,7.0
18615,18616,18616,1,1,1.0
18615,18616,18616,2,2,2.0
18616,18617,18616,2,-2,2.0
18616,18617,18616,4,-4,4.0
18616,18617,18615,1,-1,1.0
18615,18616,18615,1,-1,1.0
18615,18616,18615,1,-1,1.0
18614,18616,18614,1,-1,1.0
18614,18616,18615,1,-1,1.0
18614,18616,18614,1,-1,1.0
18614,18615,18614,1,-1,1.0
18614,18615,18614,2,-2,2.0
18613,18614,18614,1,1,1.0
18613,18614,18614,1,1,1.0
18613,18614,18613,1,-1,1.0
18613,18614,18613,2,-2,2.0
18612,18614,18614,1,1,1.0
18612,18614,18613,1,1,-1.0
18612,18613,18613,1,1,1.0
18612,18613,18613,1,1,1.0
18613,18614,18613,2,-2,2.0
18613,18614,18613,1,-1,1.0
18613,18614,18613,1,-1,1.0
18613,18614,18613,1,-1,1.0
18613,18614,18612,1,-1,1.0
18612,18613,18613,2,2,2.0
18612,18613,18613,1,1,1.0
18612,18613,18613,1,1,1.0
18612,18614,18614,2,2,2.0
18613,18614,18613,1,-1,1.0
18612,18614,18614,5,5,5.0
18612,18614,18612,1,-1,1.0
18612,18613,18613,1,1,1.0
18612,18613,18613,1,1,1.0
18612,18613,18612,1,-1,1.0
18612,18613,18612,1,-1,1.0
18612,18613,18612,2,-2,2.0
18612,18613,18612,1,-1,1.0
18612,18613,18612,1,-1,1.0
18611,18613,18611,1,-1,1.0
18611,18613,18611,2,-2,2.0
18611,18612,18611,1,-1,1.0
18611,18612,18612,2,2,2.0
18611,18613,18611,1,-1,1.0
18611,18613,18611,3,-3,3.0
18610,18611,18610,1,-1,1.0
18610,18611,18610,5,-5,5.0
18610,18611,18610,1,-1,1.0
18610,18611,18610,1,-1,1.0
18610,18611,18610,2,-2,2.0
18610,18611,18610,1,-1,1.0
18610,18611,18610,4,-4,4.0
18610,18611,18610,1,-1,1.0
18610,18611,18610,5,-5,5.0
18610,18611,18610,1,-1,1.0
18610,18611,18610,1,-1,1.0
18609,18611,18611,1,1,1.0
18609,18611,18611,1,1,1.0
18609,18610,18610,1,1,1.0
18610,18611,18610,1,-1,1.0
18610,18611,18610,2,-2,2.0
18610,18611,18611,3,3,3.0
18610,18611,18612,5,5,-5.0
18611,18613,18611,1,-1,1.0
18611,18613,18611,5,-5,5.0
18611,18613,18611,1,-1,1.0
18611,18613,18613,1,1,1.0
18611,18612,18612,1,1,1.0
18611,18613,18611,1,-1,1.0
18611,18613,18611,1,-1,1.0
18612,18613,18612,2,-2,2.0
18611,18613,18611,5,-5,5.0
18611,18613,18611,1,-1,1.0
18611,18613,18613,7,7,7.0
18611,18613,18613,4,4,4.0
18611,18613,18613,1,1,1.0
18613,18614,18614,5,5,5.0
18613,18614,18614,1,1,1.0
18613,18614,18614,1,1,1.0
18613,18614,18614,12,12,12.0
18613,18614,18615,1,1,-1.0
18613,18614,18614,1,1,1.0
18613,18615,18613,1,-1,1.0
18613,18615,18613,1,-1,1.0
18613,18615,18613,1,-1,1.0
18613,18615,18613,8,-8,8.0
18613,18615,18614,1,-1,1.0
18613,18615,18614,1,-1,1.0
18613,18615,18613,1,-1,1.0
18613,18615,18613,2,-2,2.0
18613,18615,18613,2,-2,2.0
18613,18615,18612,5,-5,5.0
18613,18615,18611,28,-28,28.0
18613,18615,18610,27,-27,27.0
18613,18615,18610,1,-1,1.0
18613,18615,18610,2,-2,2.0
18613,18615,18611,3,-3,3.0
18613,18615,18610,1,-1,1.0
18610,18611,18610,5,-5,5.0
18610,18611,18609,14,-14,14.0
18610,18611,18608,30,-30,30.0
18610,18611,18607,11,-11,11.0
18610,18611,18608,1,-1,1.0
18610,18611,18609,1,-1,1.0
18610,18611,18609,5,-5,5.0
18610,18611,18608,1,-1,1.0
18610,18611,18608,1,-1,1.0
18610,18611,18609,5,-5,5.0
18610,18611,18608,1,-1,1.0
18610,18611,18610,2,-2,2.0
18610,18611,18611,3,3,3.0
18610,18611,18611,5,5,5.0
18610,18611,18612,5,5,-5.0
18610,18611,18612,5,5,-5.0
18610,18611,18612,3,3,-3.0
18610,18611,18613,2,2,-2.0
18610,18611,18612,2,2,-2.0
18610,18611,18613,3,3,-3.0
18610,18611,18613,5,5,-5.0
18610,18611,18613,5,5,-5.0
18610,18611,18613,3,3,-3.0
18610,18611,18613,1,1,-1.0
18610,18611,18613,2,2,-2.0
18610,18611,18613,5,5,-5.0
18610,18611,18613,2,2,-2.0
18610,18611,18613,1,1,-1.0
18610,18611,18613,1,1,-1.0
18610,18611,18613,1,1,-1.0
18610,18611,18613,4,4,-4.0
18613,18614,18613,1,-1,1.0
18613,18614,18613,1,-1,1.0
18613,18614,18613,2,-2,2.0
18613,18614,18613,5,-5,5.0
18613,18614,18613,1,-1,1.0
18613,18614,18613,1,-1,1.0
18613,18614,18613,1,-1,1.0
18613,18614,18614,2,2,2.0
18613,18614,18613,5,-5,5.0
18613,18614,18613,1,-1,1.0
18613,18614,18613,2,-2,2.0
18613,18614,18613,1,-1,1.0
18613,18614,18613,2,-2,2.0
18613,18614,18613,1,-1,1.0
18613,18614,18614,2,2,2.0
18613,18614,18612,1,-1,1.0
18612,18613,18612,1,-1,1.0
18612,18613,18612,1,-1,1.0
18612,18613,18611,1,-1,1.0
18611,18613,18611,1,-1,1.0
18611,18612,18610,1,-1,1.0
18611,18612,18610,1,-1,1.0
18610,18612,18610,1,-1,1.0
18610,18612,18610,1,-1,1.0
18610,18612,18610,1,-1,1.0
18609,18611,18611,1,1,1.0
18611,18612,18611,1,-1,1.0
18611,18612,18612,1,1,1.0
18611,18612,18612,1,1,1.0
18611,18612,18611,1,-1,1.0
18611,18612,18611,1,-1,1.0
18611,18612,18611,1,-1,1.0
18611,18612,18611,1,-1,1.0
18610,18611,18611,1,1,1.0
18610,18611,18610,1,-1,1.0
18609,18611,18609,1,-1,1.0
18609,18610,18609,1,-1,1.0
18608,18609,18609,1,1,1.0
18608,18609,18609,1,1,1.0
18610,18611,18610,1,-1,1.0
18608,18610,18608,1,-1,1.0
18608,18610,18610,2,2,2.0
18608,18610,18608,2,-2,2.0
18608,18609,18608,1,-1,1.0
18608,18609,18608,1,-1,1.0
18608,18609,18608,2,-2,2.0
18607,18608,18608,1,1,1.0
18607,18608,18607,1,-1,1.0
18607,18608,18607,2,-2,2.0
18606,18608,18606,1,-1,1.0
18606,18607,18607,1,1,1.0
18606,18607,18606,1,-1,1.0
18606,18607,18606,1,-1,1.0
18606,18607,18606,1,-1,1.0
18606,18607,18607,2,2,2.0
18606,18607,18606,1,-1,1.0
18606,18607,18606,1,-1,1.0
18607,18608,18608,2,2,2.0
18608,18609,18609,4,4,4.0
18609,18610,18609,1,-1,1.0
18609,18610,18608,1,-1,1.0
18609,18610,18608,2,-2,2.0
18608,18609,18608,1,-1,1.0
18608,18609,18609,1,1,1.0
18608,18609,18608,1,-1,1.0
18608,18609,18607,1,-1,1.0
18607,18609,18609,1,1,1.0
18607,18608,18607,1,-1,1.0
18607,18608,18606,1,-1,1.0
18606,18607,18607,3,3,3.0
18606,18607,18608,1,1,-1.0
18606,18608,18607,1,1,-1.0
18607,18608,18607,1,-1,1.0
18606,18608,18606,1,-1,1.0
18606,18608,18606,1,-1,1.0
18606,18608,18606,1,-1,1.0
18606,18608,18606,2,-2,2.0
18605,18607,18605,1,-1,1.0
18605,18607,18605,1,-1,1.0
18605,18607,18605,3,-3,3.0
18605,18607,18605,2,-2,2.0
18605,18607,18606,1,-1,1.0
18604,18606,18606,9,9,9.0
18604,18606,18604,5,-5,5.0
18604,18606,18606,2,2,2.0
18604,18606,18606,6,6,6.0
18604,18607,18606,1,1,-1.0
18604,18607,18606,2,2,-2.0
18604,18606,18605,1,1,-1.0
18604,18606,18605,1,1,-1.0
18604,18606,18605,1,1,-1.0
18604,18605,18605,1,1,1.0
18604,18605,18605,1,1,1.0
18604,18605,18604,1,-1,1.0
18604,18605,18605,1,1,1.0
18604,18606,18606,6,6,6.0
18605,18607,18605,5,-5,5.0
18605,18607,18605,1,-1,1.0
18605,18607,18605,1,-1,1.0
18605,18607,18605,1,-1,1.0
18605,18607,18605,1,-1,1.0
18605,18607,18605,1,-1,1.0
18604,18606,18605,1,-1,1.0
18604,18606,18606,5,5,5.0
18605,18607,18605,2,-2,2.0
18604,18606,18604,1,-1,1.0
18604,18606,18606,1,1,1.0
18604,18606,18606,1,1,1.0
18604,18606,18606,6,6,6.0
18604,18606,18606,4,4,4.0
18604,18606,18607,1,1,-1.0
18606,18607,18607,6,6,6.0
18606,18607,18607,2,2,2.0
18607,18608,18608,2,2,2.0
18609,18610,18610,1,1,1.0
18609,18610,18610,2,2,2.0
18610,18611,18611,4,4,4.0
18610,18612,18612,1,1,1.0
18610,18612,18612,1,1,1.0
18610,18612,18611,2,2,-2.0
18610,18611,18610,5,-5,5.0
18609,18611,18609,2,-2,2.0
18608,18610,18609,2,-2,2.0
18609,18610,18610,2,2,2.0
18609,18610,18610,1,1,1.0
18609,18610,18610,1,1,1.0
18609,18610,18610,1,1,1.0
18610,18611,18610,1,-1,1.0
18609,18611,18609,1,-1,1.0
18608,18610,18608,1,-1,1.0
18608,18610,18610,5,5,5.0
18609,18611,18611,3,3,3.0
18610,18612,18610,2,-2,2.0
18610,18612,18612,10,10,10.0
18610,18612,18611,1,1,-1.0
18611,18613,18613,2,2,2.0
18611,18613,18613,1,1,1.0
18611,18613,18613,5,5,5.0
18612,18614,18612,1,-1,1.0
18612,18614,18613,4,-4,4.0
18612,18614,18614,12,12,12.0
18612,18614,18612,4,-4,4.0
18611,18613,18611,1,-1,1.0
18611,18613,18613,4,4,4.0
18611,18613,18613,1,1,1.0
18612,18614,18614,1,1,1.0
18612,18614,18614,1,1,1.0
18612,18614,18612,8,-8,8.0
18611,18613,18613,2,2,2.0
18611,18613,18613,1,1,1.0
18611,18613,18613,1,1,1.0
18611,18613,18613,1,1,1.0
18611,18613,18613,2,2,2.0
18611,18613,18613,1,1,1.0
18612,18614,18614,1,1,1.0
18612,18614,18614,1,1,1.0
18612,18613,18613,2,2,2.0
18612,18613,18613,1,1,1.0
18612,18613,18613,1,1,1.0
18612,18614,18612,1,-1,1.0
18612,18614,18611,1,-1,1.0
18611,18613,18611,2,-2,2.0
18611,18612,18612,3,3,3.0
18611,18613,18611,1,-1,1.0
18611,18613,18610,1,-1,1.0
18610,18612,18612,1,1,1.0
18611,18613,18613,1,1,1.0
18612,18613,18613,1,1,1.0
18612,18613,18613,1,1,1.0
18613,18614,18614,1,1,1.0
18613,18614,18614,5,5,5.0
18613,18614,18614,2,2,2.0
18613,18614,18614,3,3,3.0
18614,18615,18614,8,-8,8.0
18612,18614,18613,1,-1,1.0
18613,18614,18613,1,-1,1.0
18612,18614,18614,2,2,2.0
18612,18614,18614,2,2,2.0
18612,18614,18612,1,-1,1.0
18612,18613,18613,1,1,1.0
18613,18614,18613,1,-1,1.0
18613,18614,18614,6,6,6.0
18613,18614,18614,2,2,2.0
18613,18615,18614,2,2,-2.0
18612,18614,18613,1,1,-1.0
18613,18614,18614,1,1,1.0
18613,18614,18614,1,1,1.0
18614,18615,18614,2,-2,2.0
18614,18615,18615,1,1,1.0
18614,18615,18615,2,2,2.0
18614,18615,18614,1,-1,1.0
18614,18615,18615,6,6,6.0
18614,18615,18615,2,2,2.0
18614,18615,18615,2,2,2.0
18614,18615,18614,5,-5,5.0
18613,18614,18614,2,2,2.0
18613,18614,18614,1,1,1.0
18614,18615,18614,1,-1,1.0
18613,18615,18614,1,-1,1.0
18614,18615,18614,1,-1,1.0
18613,18615,18613,1,-1,1.0
18613,18615,18613,1,-1,1.0
18613,18615,18613,1,-1,1.0
18613,18615,18613,3,-3,3.0
18614,18615,18614,1,-1,1.0
18613,18614,18613,1,-1,1.0
18613,18614,18614,1,1,1.0
18613,18614,18614,2,2,2.0
18613,18614,18613,1,-1,1.0
18613,18614,18614,2,2,2.0
18613,18614,18615,3,3,-3.0
18613,18614,18613,1,-1,1.0
18614,18615,18615,17,17,17.0
18614,18615,18615,2,2,2.0
18614,18615,18615,1,1,1.0
18614,18615,18615,14,14,14.0
18615,18616,18615,1,-1,1.0
18615,18616,18616,1,1,1.0
18615,18616,18616,1,1,1.0
18615,18616,18616,1,1,1.0
18615,18616,18616,1,1,1.0
18615,18616,18615,1,-1,1.0
18615,18616,18616,2,2,2.0
18615,18616,18616,1,1,1.0
18616,18617,18617,1,1,1.0
18616,18617,18617,2,2,2.0
18616,18617,18617,1,1,1.0
18616,18617,18617,2,2,2.0
18616,18617,18617,1,1,1.0
18616,18617,18617,1,1,1.0
18616,18617,18617,1,1,1.0
18616,18617,18617,1,1,1.0
18616,18617,18617,1,1,1.0
18616,18617,18617,1,1,1.0
18616,18617,18617,1,1,1.0
18616,18617,18617,3,3,3.0
18616,18617,18617,1,1,1.0
18616,18617,18617,1,1,1.0
18616,18617,18617,2,2,2.0
18616,18617,18616,4,-4,4.0
18616,18617,18616,5,-5,5.0
18615,18617,18616,1,-1,1.0
18615,18617,18616,1,-1,1.0
18615,18617,18616,2,-2,2.0
18615,18617,18616,2,-2,2.0
18615,18617,18617,1,1,1.0
18616,18617,18616,1,-1,1.0
18616,18617,18617,2,2,2.0
18616,18617,18617,1,1,1.0
18616,18617,18617,21,21,21.0
18616,18617,18618,4,4,-4.0
18616,18617,18618,16,16,-16.0
18618,18619,18619,1,1,1.0
18618,18619,18619,2,2,2.0
18618,18619,18619,1,1,1.0
18618,18619,18619,1,1,1.0
18618,18619,18619,2,2,2.0
18618,18619,18618,1,-1,1.0
18618,18619,18619,1,1,1.0
18618,18619,18619,20,20,20.0
18618,18619,18619,6,6,6.0
18618,18619,18619,2,2,2.0
18618,18619,18619,1,1,1.0
18619,18620,18620,16,16,16.0
18619,18620,18620,3,3,3.0
18619,18620,18620,4,4,4.0
18619,18620,18620,48,48,48.0
18619,18620,18621,6,6,-6.0
18619,18620,18620,1,1,1.0
18619,18621,18619,1,-1,1.0
18619,18621,18619,2,-2,2.0
18619,18621,18620,1,-1,1.0
18619,18621,18620,3,-3,3.0
18619,18621,18621,30,30,30.0
18619,18621,18621,1,1,1.0
18619,18621,18621,6,6,6.0
18619,18621,18620,1,1,-1.0
18619,18620,18621,1,1,-1.0
18619,18621,18619,6,-6,6.0
18619,18621,18619,1,-1,1.0
18619,18621,18621,1,1,1.0
18619,18621,18619,4,-4,4.0
18618,18619,18618,2,-2,2.0
18618,18619,18617,1,-1,1.0
18617,18619,18619,1,1,1.0
18617,18619,18619,1,1,1.0
18618,18619,18619,1,1,1.0
18618,18619,18619,1,1,1.0
18618,18620,18618,1,-1,1.0
18618,18620,18620,1,1,1.0
18618,18620,18618,1,-1,1.0
18618,18619,18619,1,1,1.0
18618,18619,18620,1,1,-1.0
18619,18620,18619,1,-1,1.0
18619,18620,18620,3,3,3.0
18618,18620,18619,1,1,-1.0
18619,18621,18621,1,1,1.0
18620,18621,18621,1,1,1.0
18620,18621,18620,2,-2,2.0
18620,18621,18620,1,-1,1.0
18619,18621,18620,1,-1,1.0
18619,18621,18621,2,2,2.0
18620,18621,18621,1,1,1.0
18620,18621,18622,4,4,-4.0
18620,18621,18621,1,1,1.0
18621,18622,18622,1,1,1.0
18621,18622,18622,5,5,5.0
18621,18622,18622,1,1,1.0
18621,18622,18622,1,1,1.0
18621,18622,18622,1,1,1.0
18621,18622,18621,1,-1,1.0
18621,18622,18622,5,5,5.0
18621,18622,18621,3,-3,3.0
18621,18622,18622,3,3,3.0
18621,18622,18621,1,-1,1.0
18621,18622,18621,3,-3,3.0
18621,18622,18621,1,-1,1.0
18621,18622,18621,1,-1,1.0
18621,18622,18621,1,-1,1.0
18620,18621,18621,1,1,1.0
18620,18621,18621,1,1,1.0
18620,18621,18620,1,-1,1.0
18620,18621,18621,1,1,1.0
18620,18621,18621,1,1,1.0
18620,18621,18622,1,1,-1.0
18620,18622,18621,1,1,-1.0
18620,18622,18621,1,1,-1.0
18620,18622,18620,1,-1,1.0
18620,18622,18620,1,-1,1.0
18620,18622,18620,1,-1,1.0
18620,18622,18620,1,-1,1.0
18620,18621,18621,1,1,1.0
18620,18621,18620,1,-1,1.0
18620,18621,18622,1,1,-1.0
18621,18622,18621,1,-1,1.0
18621,18622,18620,3,-3,3.0
18619,18620,18620,1,1,1.0
18619,18620,18619,2,-2,2.0
18619,18620,18620,1,1,1.0
18619,18620,18618,2,-2,2.0
18618,18619,18618,3,-3,3.0
18618,18619,18619,5,5,5.0
18618,18619,18619,1,1,1.0
18618,18619,18618,1,-1,1.0
18618,18619,18619,1,1,1.0
18618,18619,18618,3,-3,3.0
18618,18619,18618,1,-1,1.0
18618,18619,18618,1,-1,1.0
18617,18618,18617,5,-5,5.0
18617,18618,18617,1,-1,1.0
18617,18618,18618,1,1,1.0
18617,18618,18618,2,2,2.0
18617,18618,18617,1,-1,1.0
18615,18616,18615,2,-2,2.0
18615,18616,18615,1,-1,1.0
18615,18616,18615,4,-4,4.0
18615,18616,18614,1,-1,1.0
18614,18616,18614,1,-1,1.0
18614,18616,18614,1,-1,1.0
18614,18616,18616,1,1,1.0
18614,18616,18614,8,-8,8.0
18614,18615,18614,1,-1,1.0
18614,18615,18615,1,1,1.0
18614,18615,18614,1,-1,1.0
18613,18614,18614,1,1,1.0
18613,18614,18613,2,-2,2.0
18612,18613,18613,1,1,1.0
18612,18613,18613,1,1,1.0
18613,18614,18614,1,1,1.0
18613,18614,18612,4,-4,4.0
18612,18613,18612,2,-2,2.0
18612,18613,18612,1,-1,1.0
18612,18613,18613,1,1,1.0
18612,18613,18613,1,1,1.0
18612,18613,18613,2,2,2.0
18612,18613,18612,1,-1,1.0
18612,18613,18613,3,3,3.0
18613,18614,18613,2,-2,2.0
18612,18613,18613,1,1,1.0
18612,18613,18613,1,1,1.0
18612,18613,18614,5,5,-5.0
18612,18613,18612,1,-1,1.0
18612,18613,18613,1,1,1.0
18613,18615,18612,1,-1,1.0
18613,18614,18614,1,1,1.0
18613,18614,18614,1,1,1.0
18613,18615,18615,1,1,1.0
18615,18616,18615,1,-1,1.0
18615,18616,18616,1,1,1.0
18615,18616,18616,1,1,1.0
18615,18616,18616,1,1,1.0
18616,18617,18616,3,-3,3.0
18615,18617,18616,1,-1,1.0
18615,18617,18616,1,-1,1.0
18616,18617,18616,1,-1,1.0
18616,18617,18617,2,2,2.0
18616,18617,18617,1,1,1.0
18615,18617,18615,1,-1,1.0
18615,18617,18615,2,-2,2.0
18614,18616,18616,1,1,1.0
18614,18616,18616,1,1,1.0
18615,18616,18615,1,-1,1.0
18615,18616,18616,1,1,1.0
18615,18616,18616,1,1,1.0
18615,18616,18614,1,-1,1.0
18614,18615,18615,1,1,1.0
18614,18615,18615,1,1,1.0
18614,18616,18615,1,1,-1.0
18614,18616,18616,3,3,3.0
18614,18615,18615,2,2,2.0
18615,18616,18616,4,4,4.0
18615,18616,18616,1,1,1.0
18615,18616,18616,1,1,1.0
18615,18616,18615,5,-5,5.0
18615,18616,18616,1,1,1.0
18615,18616,18616,1,1,1.0
18615,18616,18615,2,-2,2.0
18615,18616,18615,9,-9,9.0
18613,18615,18615,1,1,1.0
18613,18615,18615,1,1,1.0
18613,18615,18615,1,1,1.0
18613,18615,18615,1,1,1.0
18613,18615,18614,1,1,-1.0
18614,18616,18614,1,-1,1.0
18613,18614,18614,1,1,1.0
18613,18614,18614,1,1,1.0
18613,18614,18614,1,1,1.0
18614,18615,18615,1,1,1.0
18614,18615,18615,1,1,1.0
18613,18614,18613,2,-2,2.0
18612,18614,18612,1,-1,1.0
18612,18614,18612,1,-1,1.0
18612,18614,18612,1,-1,1.0
18612,18614,18612,1,-1,1.0
18612,18613,18613,1,1,1.0
18612,18613,18613,1,1,1.0
18612,18613,18613,2,2,2.0
18612,18613,18613,1,1,1.0
18612,18613,18614,1,1,-1.0
18613,18614,18614,1,1,1.0
18613,18614,18614,1,1,1.0
18613,18614,18614,2,2,2.0
18613,18614,18613,1,-1,1.0
18613,18614,18614,1,1,1.0
18613,18614,18614,1,1,1.0
18613,18614,18613,2,-2,2.0
18613,18614,18612,3,-3,3.0
18611,18612,18612,2,2,2.0
18611,18612,18612,1,1,1.0
18611,18613,18611,1,-1,1.0
18611,18613,18611,1,-1,1.0
18611,18613,18611,1,-1,1.0
18611,18612,18611,5,-5,5.0
18610,18612,18612,1,1,1.0
18610,18612,18612,1,1,1.0
18611,18612,18610,1,-1,1.0
18610,18612,18612,1,1,1.0
18610,18612,18612,1,1,1.0
18610,18612,18611,2,2,-2.0
18610,18612,18610,1,-1,1.0
18611,18612,18612,6,6,6.0
18611,18612,18612,1,1,1.0
18612,18613,18612,2,-2,2.0
18612,18613,18612,1,-1,1.0
18611,18612,18611,5,-5,5.0
18611,18612,18612,1,1,1.0
18612,18613,18612,1,-1,1.0
18612,18613,18611,5,-5,5.0
18612,18613,18610,3,-3,3.0
18612,18613,18610,5,-5,5.0
18612,18613,18610,2,-2,2.0
18612,18613,18610,2,-2,2.0
18612,18613,18610,1,-1,1.0
18612,18613,18610,2,-2,2.0
18612,18613,18610,1,-1,1.0
18612,18613,18610,1,-1,1.0
18612,18613,18610,3,-3,3.0
18609,18610,18610,3,3,3.0
18609,18610,18612,1,1,-1.0
18609,18610,18612,1,1,-1.0
18611,18612,18611,1,-1,1.0
18611,18612,18612,1,1,1.0
18611,18612,18612,1,1,1.0
18611,18613,18611,1,-1,1.0
18611,18612,18612,1,1,1.0
18611,18612,18612,1,1,1.0
18611,18613,18612,1,1,-1.0
18611,18613,18611,2,-2,2.0
18611,18613,18611,1,-1,1.0
18611,18612,18611,1,-1,1.0
18611,18612,18611,1,-1,1.0
18611,18612,18611,1,-1,1.0
18611,18612,18611,1,-1,1.0
18611,18612,18611,1,-1,1.0
18611,18612,18612,1,1,1.0
18611,18613,18612,1,1,-1.0
18612,18613,18613,1,1,1.0
18612,18613,18613,1,1,1.0
18612,18613,18613,1,1,1.0
18613,18615,18613,1,-1,1.0
18612,18614,18612,1,-1,1.0
18612,18613,18613,1,1,1.0
18612,18613,18613,2,2,2.0
18612,18613,18613,1,1,1.0
18612,18613,18613,1,1,1.0
18612,18613,18613,1,1,1.0
18612,18613,18613,1,1,1.0
18612,18615,18612,1,-1,1.0
18612,18615,18612,1,-1,1.0
18612,18615,18612,1,-1,1.0
18612,18615,18612,1,-1,1.0
18612,18615,18613,1,-1,1.0
18613,18615,18614,1,-1,1.0
18613,18615,18613,2,-2,2.0
18613,18615,18615,15,15,15.0
18615,18616,18616,14,14,14.0
18615,18617,18617,1,1,1.0
18616,18617,18617,1,1,1.0
18616,18617,18617,3,3,3.0
18616,18617,18617,3,3,3.0
18616,18617,18617,1,1,1.0
18617,18618,18617,1,-1,1.0
18617,18618,18616,3,-3,3.0
18617,18618,18617,4,-4,4.0
18615,18616,18616,1,1,1.0
18615,18616,18615,1,-1,1.0
18615,18616,18616,1,1,1.0
18615,18617,18616,2,2,-2.0
18615,18616,18615,1,-1,1.0
18615,18616,18615,1,-1,1.0
18614,18615,18615,1,1,1.0
18614,18616,18616,1,1,1.0
18614,18615,18615,1,1,1.0
18614,18615,18615,1,1,1.0
18615,18616,18616,2,2,2.0
18615,18616,18615,1,-1,1.0
18615,18616,18616,1,1,1.0
18615,18616,18616,4,4,4.0
18616,18618,18617,2,2,-2.0
18616,18618,18617,2,2,-2.0
18615,18617,18616,1,1,-1.0
18615,18616,18615,6,-6,6.0
18615,18616,18614,1,-1,1.0
18615,18616,18614,1,-1,1.0
18615,18616,18614,1,-1,1.0
18613,18615,18615,5,5,5.0
18613,18615,18613,1,-1,1.0
18613,18615,18615,1,1,1.0
18614,18615,18615,2,2,2.0
18614,18615,18614,1,-1,1.0
18613,18615,18615,1,1,1.0
18613,18615,18615,2,2,2.0
18614,18615,18614,1,-1,1.0
18614,18615,18615,2,2,2.0
18615,18616,18615,2,-2,2.0
18615,18616,18615,2,-2,2.0
18615,18616,18615,1,-1,1.0
18614,18616,18616,2,2,2.0
18615,18616,18616,1,1,1.0
18615,18616,18616,1,1,1.0
18615,18617,18616,1,1,-1.0
18615,18616,18616,4,4,4.0
18615,18616,18616,2,2,2.0
18615,18617,18616,1,1,-1.0
18615,18617,18616,1,1,-1.0
18615,18617,18616,1,1,-1.0
18615,18617,18615,2,-2,2.0
18615,18617,18615,1,-1,1.0
18615,18617,18617,1,1,1.0
18615,18617,18616,3,3,-3.0
18616,18617,18616,1,-1,1.0
18616,18617,18616,5,-5,5.0
18615,18617,18615,3,-3,3.0
18615,18617,18616,1,-1,1.0
18615,18616,18615,1,-1,1.0
18615,18616,18616,1,1,1.0
18615,18617,18617,1,1,1.0
18616,18617,18616,1,-1,1.0
18616,18617,18617,1,1,1.0
18616,18617,18616,2,-2,2.0
18616,18617,18616,1,-1,1.0
18614,18616,18616,1,1,1.0
18614,18616,18615,1,1,-1.0
18615,18616,18615,1,-1,1.0
18614,18616,18616,7,7,7.0
18615,18617,18617,5,5,5.0
18616,18617,18615,1,-1,1.0
18615,18617,18615,1,-1,1.0
18615,18617,18615,3,-3,3.0
18615,18617,18616,1,-1,1.0
18616,18617,18617,6,6,6.0
18616,18617,18617,3,3,3.0
18616,18617,18617,1,1,1.0
18616,18618,18616,2,-2,2.0
18616,18618,18616,1,-1,1.0
18616,18617,18617,2,2,2.0
18617,18618,18618,3,3,3.0
18617,18618,18618,1,1,1.0
18616,18618,18618,3,3,3.0
18617,18618,18618,2,2,2.0
18617,18618,18617,1,-1,1.0
18617,18618,18618,3,3,3.0
18617,18618,18618,1,1,1.0
18617,18618,18618,23,23,23.0
18617,18619,18617,1,-1,1.0
18617,18618,18618,1,1,1.0
18617,18618,18618,1,1,1.0
18617,18619,18619,2,2,2.0
18618,18619,18619,1,1,1.0
18618,18619,18618,1,-1,1.0
18617,18619,18619,1,1,1.0
18617,18619,18619,3,3,3.0
18618,18619,18619,3,3,3.0
18618,18619,18619,1,1,1.0
18618,18620,18620,1,1,1.0
18619,18620,18620,1,1,1.0
18619,18620,18619,1,-1,1.0
18619,18620,18620,1,1,1.0
18619,18620,18620,1,1,1.0
18619,18620,18620,11,11,11.0
18619,18621,18620,1,1,-1.0
18619,18621,18619,1,-1,1.0
18620,18621,18620,1,-1,1.0
18619,18621,18619,1,-1,1.0
18620,18621,18621,1,1,1.0
18620,18621,18621,2,2,2.0
18620,18621,18621,1,1,1.0
18620,18622,18620,1,-1,1.0
18620,18622,18622,1,1,1.0
18620,18622,18622,1,1,1.0
18621,18622,18621,1,-1,1.0
18621,18622,18620,1,-1,1.0
18620,18622,18622,2,2,2.0
18621,18622,18621,2,-2,2.0
18620,18622,18622,1,1,1.0
18620,18622,18622,2,2,2.0
18620,18621,18621,2,2,2.0
18620,18621,18621,2,2,2.0
18620,18621,18620,1,-1,1.0
18620,18621,18620,9,-9,9.0
18619,18620,18620,1,1,1.0
18619,18620,18620,1,1,1.0
18620,18621,18621,2,2,2.0
18620,18621,18621,1,1,1.0
18620,18621,18621,1,1,1.0
18620,18622,18622,1,1,1.0
18620,18621,18621,1,1,1.0
18620,18621,18621,1,1,1.0
18620,18621,18622,1,1,-1.0
18621,18622,18622,2,2,2.0
18621,18622,18622,4,4,4.0
18621,18622,18622,1,1,1.0
18621,18622,18622,2,2,2.0
18621,18622,18622,4,4,4.0
18621,18622,18622,1,1,1.0
18621,18622,18622,2,2,2.0
18621,18622,18622,1,1,1.0
18621,18622,18622,1,1,1.0
18622,18623,18622,1,-1,1.0
18622,18623,18623,1,1,1.0
18622,18623,18623,4,4,4.0
18622,18623,18623,4,4,4.0
18622,18623,18623,4,4,4.0
18622,18623,18623,2,2,2.0
18622,18623,18624,2,2,-2.0
18622,18623,18624,17,17,-17.0
18622,18623,18624,1,1,-1.0
18622,18623,18624,1,1,-1.0
18622,18623,18624,7,7,-7.0
18622,18623,18624,15,15,-15.0
18622,18623,18623,1,1,1.0
18623,18624,18623,1,-1,1.0
18623,18624,18623,1,-1,1.0
18622,18623,18622,1,-1,1.0
18622,18623,18622,1,-1,1.0
18622,18623,18622,1,-1,1.0
18622,18623,18622,2,-2,2.0
18622,18623,18622,1,-1,1.0
18622,18623,18622,3,-3,3.0
18621,18622,18622,1,1,1.0
18621,18622,18622,1,1,1.0
18621,18622,18621,1,-1,1.0
18621,18622,18621,1,-1,1.0
18619,18620,18620,1,1,1.0
18619,18620,18620,1,1,1.0
18619,18620,18620,2,2,2.0
18619,18620,18620,1,1,1.0
18619,18620,18619,1,-1,1.0
18618,18620,18618,1,-1,1.0
18618,18620,18620,1,1,1.0
18619,18620,18619,1,-1,1.0
18619,18620,18618,1,-1,1.0
18618,18619,18619,1,1,1.0
18618,18619,18619,1,1,1.0
18619,18620,18620,1,1,1.0
18618,18620,18618,1,-1,1.0
18618,18620,18618,1,-1,1.0
18618,18619,18619,2,2,2.0
18619,18620,18619,5,-5,5.0
18618,18620,18619,1,-1,1.0
18618,18620,18618,1,-1,1.0
18618,18619,18619,2,2,2.0
18618,18620,18620,2,2,2.0
18618,18620,18620,1,1,1.0
18618,18620,18619,1,1,-1.0
18618,18619,18618,1,-1,1.0
18618,18619,18618,1,-1,1.0
18618,18619,18618,1,-1,1.0
18618,18619,18618,1,-1,1.0
18618,18619,18619,2,2,2.0
18618,18619,18619,1,1,1.0
18618,18619,18620,1,1,-1.0
18619,18620,18620,6,6,6.0
18620,18621,18621,4,4,4.0
18621,18622,18621,1,-1,1.0
18621,18622,18621,1,-1,1.0
18620,18622,18620,1,-1,1.0
18621,18622,18621,1,-1,1.0
18621,18622,18621,4,-4,4.0
18619,18621,18619,1,-1,1.0
18620,18621,18621,1,1,1.0
18620,18621,18620,1,-1,1.0
18620,18621,18620,1,-1,1.0
18620,18621,18620,2,-2,2.0
18620,18621,18620,8,-8,8.0
18619,18621,18621,1,1,1.0
18619,18621,18619,2,-2,2.0
18619,18620,18619,1,-1,1.0
18619,18620,18619,4,-4,4.0
18619,18620,18619,2,-2,2.0
18619,18620,18619,3,-3,3.0
18619,18620,18620,2,2,2.0
18619,18620,18619,1,-1,1.0
18619,18620,18619,1,-1,1.0
18619,18620,18620,1,1,1.0
18619,18620,18620,2,2,2.0
18620,18621,18620,1,-1,1.0
18620,18621,18621,2,2,2.0
18620,18621,18621,2,2,2.0
18620,18621,18621,4,4,4.0
18620,18621,18621,1,1,1.0
18620,18621,18621,2,2,2.0
18619,18620,18620,1,1,1.0
18619,18620,18620,1,1,1.0
18619,18621,18621,5,5,5.0
18619,18621,18619,6,-6,6.0
18619,18621,18619,1,-1,1.0
18618,18619,18618,3,-3,3.0
18618,18619,18618,4,-4,4.0
18617,18619,18617,1,-1,1.0
18617,18619,18618,1,-1,1.0
18617,18619,18617,1,-1,1.0
18617,18619,18617,1,-1,1.0
18617,18618,18618,1,1,1.0
18617,18618,18617,2,-2,2.0
18616,18618,18617,1,-1,1.0
18616,18618,18617,1,-1,1.0
18616,18618,18616,1,-1,1.0
18616,18618,18616,1,-1,1.0
18616,18618,18616,1,-1,1.0
18616,18618,18616,1,-1,1.0
18616,18618,18616,1,-1,1.0
18616,18618,18616,1,-1,1.0
18616,18618,18616,1,-1,1.0
18616,18618,18616,1,-1,1.0
18617,18618,18618,2,2,2.0
18616,18618,18618,1,1,1.0
18616,18618,18618,2,2,2.0
18616,18618,18618,5,5,5.0
18618,18620,18619,2,2,-2.0
18618,18620,18618,1,-1,1.0
18617,18618,18618,1,1,1.0
18617,18618,18618,2,2,2.0
18617,18618,18618,1,1,1.0
18617,18618,18618,1,1,1.0
18618,18619,18619,3,3,3.0
18619,18620,18619,1,-1,1.0
18619,18620,18618,1,-1,1.0
18618,18619,18618,1,-1,1.0
18618,18619,18619,1,1,1.0
18618,18619,18618,4,-4,4.0
18617,18619,18619,1,1,1.0
18617,18619,18618,1,1,-1.0
18617,18619,18618,1,1,-1.0
18617,18618,18618,1,1,1.0
18617,18618,18617,1,-1,1.0
18617,18618,18618,2,2,2.0
18617,18618,18618,1,1,1.0
18617,18618,18617,6,-6,6.0
18617,18618,18617,1,-1,1.0
18617,18618,18617,1,-1,1.0
18616,18617,18616,1,-1,1.0
18616,18617,18616,1,-1,1.0
18616,18617,18616,2,-2,2.0
18616,18617,18616,3,-3,3.0
18616,18617,18616,3,-3,3.0
18616,18617,18616,1,-1,1.0
18616,18617,18617,1,1,1.0
18616,18617,18617,5,5,5.0
18616,18617,18617,2,2,2.0
18616,18617,18617,1,1,1.0
18616,18617,18617,1,1,1.0
18616,18617,18618,2,2,-2.0
18617,18618,18618,3,3,3.0
18617,18618,18618,1,1,1.0
18617,18618,18619,2,2,-2.0
18619,18620,18619,2,-2,2.0
18619,18620,18620,2,2,2.0
18620,18621,18621,5,5,5.0
18620,18621,18621,2,2,2.0
18620,18621,18621,4,4,4.0
18620,18621,18621,1,1,1.0
18620,18621,18621,2,2,2.0
18620,18621,18621,2,2,2.0
18620,18621,18621,6,6,6.0
18620,18621,18621,1,1,1.0
18620,18621,18621,1,1,1.0
18620,18621,18621,1,1,1.0
18620,18621,18621,2,2,2.0
18620,18621,18621,2,2,2.0
18620,18621,18621,2,2,2.0
18620,18621,18621,1,1,1.0
18620,18621,18621,3,3,3.0
18620,18621,18621,4,4,4.0
18620,18621,18622,8,8,-8.0
18620,18621,18622,3,3,-3.0
18620,18621,18622,6,6,-6.0
18620,18621,18622,3,3,-3.0
18620,18621,18623,6,6,-6.0
18620,18621,18623,1,1,-1.0
18620,18621,18623,1,1,-1.0
18620,18621,18622,2,2,-2.0
18622,18623,18623,3,3,3.0
18622,18623,18622,1,-1,1.0
18622,18623,18622,4,-4,4.0
18622,18623,18621,1,-1,1.0
18622,18623,18622,1,-1,1.0
18622,18623,18623,1,1,1.0
18622,18623,18623,1,1,1.0
18622,18624,18624,22,22,22.0
18622,18624,18624,2,2,2.0
18624,18625,18624,1,-1,1.0
18624,18625,18625,1,1,1.0
18624,18625,18624,1,-1,1.0
18624,18625,18624,1,-1,1.0
18624,18625,18624,1,-1,1.0
18624,18625,18624,3,-3,3.0
18624,18625,18625,1,1,1.0
18623,18625,18625,15,15,15.0
18624,18625,18624,2,-2,2.0
18624,18625,18625,18,18,18.0
18624,18625,18625,1,1,1.0
18624,18625,18625,1,1,1.0
18624,18625,18625,1,1,1.0
18624,18625,18625,2,2,2.0
18625,18626,18625,1,-1,1.0
18624,18626,18624,1,-1,1.0
18624,18626,18626,1,1,1.0
18624,18626,18626,3,3,3.0
18624,18626,18626,3,3,3.0
18624,18626,18626,3,3,3.0
18624,18626,18627,5,5,-5.0
18624,18626,18627,8,8,-8.0
18624,18626,18625,1,1,-1.0
18624,18626,18627,19,19,-19.0
18624,18626,18628,1,1,-1.0
18627,18628,18628,4,4,4.0
18627,18628,18628,4,4,4.0
18627,18628,18628,1,1,1.0
18627,18628,18628,5,5,5.0
18627,18628,18628,19,19,19.0
18627,18628,18629,3,3,-3.0
18627,18628,18629,1,1,-1.0
18627,18628,18628,1,1,1.0
18627,18628,18628,1,1,1.0
18627,18628,18628,1,1,1.0
18627,18629,18627,1,-1,1.0
18627,18629,18627,1,-1,1.0
18627,18629,18629,1,1,1.0
18627,18629,18629,11,11,11.0
18627,18629,18630,29,29,-29.0
18627,18629,18630,3,3,-3.0
18629,18630,18630,11,11,11.0
18629,18630,18630,10,10,10.0
18629,18630,18630,1,1,1.0
18629,18630,18630,1,1,1.0
18629,18630,18630,1,1,1.0
18629,18630,18630,8,8,8.0
18629,18630,18631,12,12,-12.0
18629,18631,18631,8,8,8.0
18629,18631,18631,3,3,3.0
18629,18631,18632,2,2,-2.0
18629,18631,18630,4,4,-4.0
18630,18631,18631,4,4,4.0
18630,18631,18632,8,8,-8.0
18630,18631,18632,1,1,-1.0
18630,18631,18632,3,3,-3.0
18630,18631,18632,3,3,-3.0
18630,18631,18632,3,3,-3.0
18630,18631,18632,3,3,-3.0
18630,18631,18632,8,8,-8.0
18630,18631,18633,16,16,-16.0
18630,18631,18631,1,1,1.0
18630,18631,18631,1,1,1.0
18630,18631,18632,3,3,-3.0
18630,18631,18633,12,12,-12.0
18630,18631,18633,3,3,-3.0
18630,18631,18633,11,11,-11.0
18630,18631,18633,2,2,-2.0
18630,18631,18633,4,4,-4.0
18630,18631,18633,1,1,-1.0
18630,18631,18633,4,4,-4.0
18630,18631,18632,1,1,-1.0
18631,18633,18633,1,1,1.0
18631,18633,18631,1,-1,1.0
18631,18633,18633,1,1,1.0
18631,18633,18632,2,2,-2.0
18631,18633,18633,1,1,1.0
18631,18633,18633,1,1,1.0
18632,18633,18633,4,4,4.0
18632,18633,18634,8,8,-8.0
18632,18633,18634,4,4,-4.0
18632,18633,18634,1,1,-1.0
18632,18633,18634,1,1,-1.0
18632,18633,18634,4,4,-4.0
18632,18634,18634,2,2,2.0
18632,18634,18634,1,1,1.0
18632,18634,18632,1,-1,1.0
18632,18634,18633,1,-1,1.0
18632,18634,18633,1,-1,1.0
18632,18634,18633,1,-1,1.0
18632,18633,18633,1,1,1.0
18632,18633,18633,2,2,2.0
18632,18633,18633,13,13,13.0
18632,18633,18634,11,11,-11.0
18632,18633,18633,1,1,1.0
18632,18633,18631,1,-1,1.0
18631,18633,18633,1,1,1.0
18631,18633,18631,1,-1,1.0
18631,18633,18633,1,1,1.0
18631,18633,18633,1,1,1.0
18631,18633,18633,1,1,1.0
18631,18633,18633,7,7,7.0
18631,18633,18631,1,-1,1.0
18631,18633,18631,1,-1,1.0
18631,18632,18632,2,2,2.0
18631,18632,18631,2,-2,2.0
18630,18632,18632,1,1,1.0
18631,18632,18631,1,-1,1.0
18630,18632,18630,1,-1,1.0
18630,18631,18630,1,-1,1.0
18629,18630,18630,1,1,1.0
18629,18630,18630,1,1,1.0
18629,18631,18631,5,5,5.0
18629,18631,18630,2,2,-2.0
18629,18630,18630,1,1,1.0
18629,18630,18629,1,-1,1.0
18629,18630,18628,1,-1,1.0
18628,18629,18629,1,1,1.0
18628,18629,18630,1,1,-1.0
18628,18629,18629,1,1,1.0
18629,18630,18629,1,-1,1.0
18629,18630,18629,1,-1,1.0
18629,18630,18630,2,2,2.0
18629,18630,18630,5,5,5.0
18629,18630,18630,1,1,1.0
18630,18631,18631,4,4,4.0
18630,18631,18630,3,-3,3.0
18630,18631,18631,2,2,2.0
18629,18631,18631,3,3,3.0
18629,18631,18629,2,-2,2.0
18629,18631,18629,5,-5,5.0
18628,18630,18630,1,1,1.0
18629,18631,18629,1,-1,1.0
18629,18631,18629,1,-1,1.0
18629,18631,18629,1,-1,1.0
18628,18630,18630,2,2,2.0
18628,18629,18628,1,-1,1.0
18628,18629,18629,1,1,1.0
18628,18629,18628,1,-1,1.0
18628,18629,18628,1,-1,1.0
18628,18629,18628,1,-1,1.0
18628,18629,18628,1,-1,1.0
18628,18629,18629,4,4,4.0
18628,18630,18629,3,3,-3.0
18628,18630,18629,1,1,-1.0
18629,18630,18630,1,1,1.0
18629,18630,18630,4,4,4.0
18629,18630,18630,1,1,1.0
18629,18630,18630,4,4,4.0
18629,18630,18630,1,1,1.0
18629,18630,18630,2,2,2.0
18629,18630,18630,2,2,2.0
18629,18630,18630,1,1,1.0
18629,18630,18630,1,1,1.0
18629,18630,18630,6,6,6.0
18630,18631,18631,6,6,6.0
18630,18631,18631,1,1,1.0
18630,18631,18631,1,1,1.0
18630,18631,18631,1,1,1.0
18630,18631,18631,6,6,6.0
18630,18631,18631,7,7,7.0
18631,18632,18631,1,-1,1.0
18631,18632,18631,1,-1,1.0
18631,18632,18632,1,1,1.0
18631,18632,18631,1,-1,1.0
18631,18632,18631,1,-1,1.0
18631,18632,18630,2,-2,2.0
18631,18632,18631,2,-2,2.0
18630,18631,18630,4,-4,4.0
18630,18631,18630,1,-1,1.0
18629,18631,18631,1,1,1.0
18629,18631,18631,5,5,5.0
18630,18631,18631,1,1,1.0
18630,18631,18630,1,-1,1.0
18631,18632,18631,1,-1,1.0
18631,18632,18632,2,2,2.0
18631,18632,18631,1,-1,1.0
18631,18632,18631,1,-1,1.0
18631,18632,18632,5,5,5.0
18631,18632,18631,1,-1,1.0
18631,18632,18632,1,1,1.0
18631,18632,18631,6,-6,6.0
18630,18631,18631,4,4,4.0
18631,18632,18631,1,-1,1.0
18631,18632,18632,1,1,1.0
18631,18632,18631,1,-1,1.0
18630,18631,18630,2,-2,2.0
18630,18631,18630,1,-1,1.0
18630,18631,18630,1,-1,1.0
18629,18630,18629,2,-2,2.0
18629,18630,18630,1,1,1.0
18629,18630,18629,1,-1,1.0
18629,18631,18631,1,1,1.0
18629,18631,18631,1,1,1.0
18630,18631,18630,1,-1,1.0
18630,18631,18630,1,-1,1.0
18630,18631,18630,1,-1,1.0
18630,18631,18630,1,-1,1.0
18630,18631,18630,1,-1,1.0
18630,18631,18630,1,-1,1.0
18630,18631,18631,5,5,5.0
18630,18631,18630,1,-1,1.0
18630,18631,18631,4,4,4.0
18630,18631,18630,1,-1,1.0
18630,18631,18630,2,-2,2.0
18629,18630,18630,1,1,1.0
18630,18631,18630,1,-1,1.0
18630,18631,18631,1,1,1.0
18630,18631,18630,1,-1,1.0
18630,18631,18630,1,-1,1.0
18630,18631,18630,1,-1,1.0
18629,18630,18630,1,1,1.0
18629,18630,18629,1,-1,1.0
18629,18630,18630,2,2,2.0
18629,18630,18630,1,1,1.0
18629,18630,18629,1,-1,1.0
18629,18630,18630,2,2,2.0
18629,18630,18630,1,1,1.0
18629,18630,18629,1,-1,1.0
18629,18630,18630,1,1,1.0
18629,18630,18630,2,2,2.0
18630,18631,18631,2,2,2.0
18630,18631,18631,2,2,2.0
18631,18632,18631,1,-1,1.0
18631,18632,18632,4,4,4.0
18632,18633,18632,1,-1,1.0
18632,18633,18632,2,-2,2.0
18631,18632,18631,1,-1,1.0
18631,18632,18631,1,-1,1.0
18631,18632,18632,1,1,1.0
18631,18632,18631,1,-1,1.0
18631,18632,18631,1,-1,1.0
18632,18633,18632,1,-1,1.0
18632,18633,18632,1,-1,1.0
18631,18632,18632,1,1,1.0
18632,18633,18632,1,-1,1.0
18632,18633,18633,1,1,1.0
18632,18633,18632,1,-1,1.0
18632,18633,18632,4,-4,4.0
18631,18632,18632,1,1,1.0
18631,18632,18631,1,-1,1.0
18630,18631,18631,1,1,1.0
18630,18631,18630,4,-4,4.0
18630,18631,18631,6,6,6.0
18630,18632,18631,1,1,-1.0
18631,18632,18632,1,1,1.0
18631,18632,18632,5,5,5.0
18632,18633,18632,2,-2,2.0
18631,18632,18632,1,1,1.0
18631,18632,18632,2,2,2.0
18631,18632,18632,3,3,3.0
18631,18632,18632,2,2,2.0
18631,18632,18632,2,2,2.0
18631,18632,18631,1,-1,1.0
18631,18632,18632,1,1,1.0
18631,18632,18631,1,-1,1.0
18631,18632,18631,3,-3,3.0
18630,18631,18631,2,2,2.0
18630,18631,18631,1,1,1.0
18630,18631,18630,1,-1,1.0
18630,18631,18631,1,1,1.0
18630,18631,18631,1,1,1.0
18630,18631,18631,1,1,1.0
18630,18631,18631,1,1,1.0
18630,18631,18631,2,2,2.0
18631,18632,18631,2,-2,2.0
18630,18632,18631,1,-1,1.0
18630,18632,18630,1,-1,1.0
18630,18632,18630,2,-2,2.0
18630,18632,18630,1,-1,1.0
18630,18632,18630,4,-4,4.0
18629,18630,18630,5,5,5.0
18629,18630,18631,2,2,-2.0
18629,18630,18629,3,-3,3.0
18629,18630,18630,7,7,7.0
18629,18630,18630,1,1,1.0
18629,18631,18631,1,1,1.0
18629,18631,18631,1,1,1.0
18630,18631,18630,1,-1,1.0
18629,18631,18629,1,-1,1.0
18628,18630,18628,5,-5,5.0
18628,18630,18629,1,-1,1.0
18628,18630,18629,2,-2,2.0
18628,18630,18630,1,1,1.0
18628,18630,18629,1,1,-1.0
18628,18630,18628,5,-5,5.0
18628,18630,18628,1,-1,1.0
18628,18629,18629,2,2,2.0
18628,18629,18629,1,1,1.0
18628,18629,18628,3,-3,3.0
18628,18629,18628,9,-9,9.0
18628,18629,18628,1,-1,1.0
18627,18628,18628,1,1,1.0
18627,18628,18627,1,-1,1.0
18627,18629,18627,1,-1,1.0
18628,18629,18628,1,-1,1.0
18628,18629,18628,2,-2,2.0
18628,18629,18628,1,-1,1.0
18627,18629,18627,1,-1,1.0
18627,18628,18627,1,-1,1.0
18627,18628,18627,1,-1,1.0
18627,18628,18627,1,-1,1.0
18627,18628,18627,1,-1,1.0
18627,18628,18627,1,-1,1.0
18627,18628,18627,1,-1,1.0
18627,18628,18627,2,-2,2.0
18627,18628,18627,1,-1,1.0
18627,18628,18627,6,-6,6.0
18627,18628,18627,1,-1,1.0
18627,18628,18627,1,-1,1.0
18627,18628,18627,3,-3,3.0
18627,18628,18627,1,-1,1.0
18627,18628,18627,1,-1,1.0
18627,18628,18627,1,-1,1.0
18627,18628,18628,2,2,2.0
18627,18628,18628,4,4,4.0
18627,18628,18628,2,2,2.0
18627,18628,18628,3,3,3.0
18627,18628,18628,3,3,3.0
18627,18628,18628,1,1,1.0
18627,18628,18628,7,7,7.0
18627,18628,18628,1,1,1.0
18627,18629,18627,1,-1,1.0
18628,18629,18629,4,4,4.0
18628,18629,18629,1,1,1.0
18629,18630,18629,1,-1,1.0
18629,18630,18628,1,-1,1.0
18629,18630,18629,4,-4,4.0
18629,18630,18629,1,-1,1.0
18629,18630,18630,1,1,1.0
18629,18630,18630,2,2,2.0
18629,18630,18629,2,-2,2.0
18629,18630,18629,1,-1,1.0
18629,18630,18629,2,-2,2.0
18629,18630,18630,10,10,10.0
18629,18630,18630,1,1,1.0
18629,18630,18630,4,4,4.0
18629,18630,18630,1,1,1.0
18630,18631,18630,1,-1,1.0
18630,18631,18630,4,-4,4.0
18630,18631,18630,2,-2,2.0
18630,18631,18630,3,-3,3.0
18629,18631,18629,14,-14,14.0
18629,18631,18629,1,-1,1.0
18629,18631,18629,2,-2,2.0
18629,18631,18629,1,-1,1.0
18629,18631,18629,2,-2,2.0
18629,18631,18629,1,-1,1.0
18628,18630,18630,1,1,1.0
18628,18630,18629,1,1,-1.0
18629,18630,18629,1,-1,1.0
18629,18630,18629,1,-1,1.0
18629,18630,18630,1,1,1.0
18629,18630,18629,5,-5,5.0
18629,18630,18630,1,1,1.0
18629,18630,18631,18,18,-18.0
18629,18630,18631,1,1,-1.0
18630,18632,18632,1,1,1.0
18629,18631,18629,1,-1,1.0
18629,18631,18630,1,-1,1.0
18629,18631,18630,3,-3,3.0
18629,18630,18630,7,7,7.0
18630,18631,18631,1,1,1.0
18630,18631,18631,1,1,1.0
18630,18631,18631,5,5,5.0
18630,18631,18631,2,2,2.0
18630,18631,18631,2,2,2.0
18630,18631,18631,8,8,8.0
18630,18631,18631,3,3,3.0
18630,18631,18631,1,1,1.0
18630,18631,18632,1,1,-1.0
18631,18632,18631,1,-1,1.0
18631,18632,18630,1,-1,1.0
18630,18632,18632,7,7,7.0
18630,18632,18632,1,1,1.0
18631,18632,18632,1,1,1.0
18631,18632,18631,4,-4,4.0
18631,18632,18631,2,-2,2.0
18631,18632,18631,1,-1,1.0
18631,18632,18631,1,-1,1.0
18631,18632,18631,1,-1,1.0
18630,18632,18630,2,-2,2.0
18630,18631,18630,3,-3,3.0
18630,18631,18631,1,1,1.0
18630,18631,18630,1,-1,1.0
18630,18631,18631,1,1,1.0
18630,18631,18631,1,1,1.0
18630,18631,18630,1,-1,1.0
18630,18631,18630,1,-1,1.0
18630,18631,18631,6,6,6.0
18630,18631,18630,1,-1,1.0
18630,18631,18631,3,3,3.0
18630,18631,18631,1,1,1.0
18630,18631,18631,2,2,2.0
18631,18632,18631,1,-1,1.0
18631,18632,18632,24,24,24.0
18631,18632,18632,8,8,8.0
18631,18632,18632,1,1,1.0
18631,18632,18632,1,1,1.0
18631,18632,18632,5,5,5.0
18631,18632,18632,2,2,2.0
18631,18632,18632,1,1,1.0
18632,18633,18633,2,2,2.0
18631,18633,18631,2,-2,2.0
18631,18633,18633,1,1,1.0
18632,18633,18632,1,-1,1.0
18632,18633,18633,1,1,1.0
18632,18633,18633,1,1,1.0
18632,18633,18633,3,3,3.0
18632,18633,18633,16,16,16.0
18632,18633,18634,9,9,-9.0
18633,18634,18634,1,1,1.0
18633,18634,18634,1,1,1.0
18633,18634,18634,1,1,1.0
18633,18634,18634,1,1,1.0
18633,18634,18633,3,-3,3.0
18633,18634,18633,2,-2,2.0
18633,18634,18633,2,-2,2.0
18632,18633,18633,1,1,1.0
18632,18633,18634,3,3,-3.0
18632,18633,18634,3,3,-3.0
18632,18633,18633,1,1,1.0
18633,18634,18634,1,1,1.0
18633,18634,18634,2,2,2.0
18633,18634,18634,8,8,8.0
18633,18634,18633,1,-1,1.0
18632,18633,18633,1,1,1.0
18632,18633,18633,1,1,1.0
18632,18633,18634,16,16,-16.0
18632,18633,18635,8,8,-8.0
18633,18635,18635,1,1,1.0
18633,18635,18635,1,1,1.0
18633,18635,18635,1,1,1.0
18633,18635,18633,8,-8,8.0
18633,18635,18633,4,-4,4.0
18633,18635,18634,1,-1,1.0
18633,18635,18634,1,-1,1.0
18633,18635,18634,1,-1,1.0
18632,18634,18633,1,-1,1.0
18632,18634,18634,12,12,12.0
18632,18634,18635,39,39,-39.0
18634,18635,18635,1,1,1.0
18634,18635,18634,1,-1,1.0
18634,18635,18634,1,-1,1.0
18634,18635,18635,1,1,1.0
18634,18635,18635,5,5,5.0
18634,18635,18635,1,1,1.0
18634,18636,18636,25,25,25.0
18635,18636,18636,1,1,1.0
18635,18636,18636,3,3,3.0
18635,18636,18637,9,9,-9.0
18635,18636,18636,1,1,1.0
18635,18637,18636,1,1,-1.0
18635,18637,18636,1,1,-1.0
18635,18637,18636,2,2,-2.0
18635,18636,18636,1,1,1.0
18635,18636,18636,1,1,1.0
18635,18636,18636,1,1,1.0
18635,18636,18635,1,-1,1.0
18635,18636,18636,1,1,1.0
18635,18636,18636,1,1,1.0
18635,18636,18636,1,1,1.0
18635,18636,18635,1,-1,1.0
18635,18636,18635,1,-1,1.0
18635,18636,18635,1,-1,1.0
18635,18636,18635,1,-1,1.0
18635,18636,18636,1,1,1.0
18635,18636,18635,2,-2,2.0
18634,18635,18635,3,3,3.0
18634,18635,18636,20,20,-20.0
18634,18635,18637,2,2,-2.0
18635,18637,18637,1,1,1.0
18635,18637,18637,1,1,1.0
18635,18637,18637,3,3,3.0
18635,18637,18637,3,3,3.0
18635,18636,18636,5,5,5.0
18635,18636,18637,18,18,-18.0
18635,18636,18638,2,2,-2.0
18635,18637,18637,2,2,2.0
18635,18637,18636,1,1,-1.0
18635,18637,18635,2,-2,2.0
18635,18637,18635,2,-2,2.0
18635,18636,18635,1,-1,1.0
18635,18636,18635,6,-6,6.0
18635,18636,18635,1,-1,1.0
18635,18636,18636,3,3,3.0
18635,18636,18636,3,3,3.0
18635,18637,18636,1,1,-1.0
18635,18637,18635,2,-2,2.0
18635,18637,18637,3,3,3.0
18635,18637,18637,1,1,1.0
18635,18637,18635,2,-2,2.0
18635,18637,18635,2,-2,2.0
18635,18637,18634,5,-5,5.0
18633,18635,18634,2,-2,2.0
18633,18635,18635,1,1,1.0
18633,18635,18635,1,1,1.0
18633,18635,18633,1,-1,1.0
18633,18635,18633,2,-2,2.0
18633,18635,18635,1,1,1.0
18633,18635,18633,3,-3,3.0
18633,18635,18634,1,-1,1.0
18633,18635,18635,1,1,1.0
18633,18635,18632,1,-1,1.0
18633,18634,18634,1,1,1.0
18633,18634,18633,1,-1,1.0
18633,18634,18634,1,1,1.0
18633,18635,18633,1,-1,1.0
18633,18635,18635,1,1,1.0
18633,18634,18634,2,2,2.0
18633,18634,18633,1,-1,1.0
18631,18632,18632,2,2,2.0
18631,18632,18631,1,-1,1.0
18631,18632,18631,1,-1,1.0
18630,18632,18632,10,10,10.0
18630,18632,18633,10,10,-10.0
18630,18632,18632,1,1,1.0
18632,18633,18633,1,1,1.0
18632,18633,18633,4,4,4.0
18632,18633,18633,1,1,1.0
18633,18634,18633,1,-1,1.0
18633,18634,18633,1,-1,1.0
18633,18634,18632,1,-1,1.0
18632,18634,18632,1,-1,1.0
18632,18634,18633,1,-1,1.0
18632,18634,18633,1,-1,1.0
18632,18634,18632,1,-1,1.0
18632,18633,18632,1,-1,1.0
18631,18633,18631,3,-3,3.0
18631,18633,18632,2,-2,2.0
18631,18632,18631,4,-4,4.0
18632,18633,18632,1,-1,1.0
18632,18633,18632,2,-2,2.0
18632,18633,18631,3,-3,3.0
18632,18633,18631,5,-5,5.0
18631,18633,18633,1,1,1.0
18632,18633,18632,1,-1,1.0
18632,18633,18632,1,-1,1.0
18631,18633,18631,1,-1,1.0
18630,18631,18631,1,1,1.0
18631,18632,18632,1,1,1.0
18631,18633,18633,1,1,1.0
18631,18633,18632,1,1,-1.0
18632,18633,18633,1,1,1.0
18633,18634,18634,1,1,1.0
18633,18634,18635,5,5,-5.0
18635,18636,18634,1,-1,1.0
18634,18636,18634,2,-2,2.0
18634,18635,18634,4,-4,4.0
18634,18635,18634,1,-1,1.0
18633,18634,18634,1,1,1.0
18633,18634,18635,14,14,-14.0
18633,18634,18636,14,14,-14.0
18636,18637,18637,8,8,8.0
18636,18637,18637,2,2,2.0
18636,18637,18637,1,1,1.0
18636,18637,18637,1,1,1.0
18636,18637,18636,1,-1,1.0
18636,18637,18636,2,-2,2.0
18635,18636,18636,1,1,1.0
18635,18636,18636,4,4,4.0
18635,18636,18636,1,1,1.0
18635,18636,18636,1,1,1.0
18635,18636,18636,1,1,1.0
18635,18636,18636,1,1,1.0
18635,18636,18636,4,4,4.0
18635,18636,18636,1,1,1.0
18635,18636,18636,4,4,4.0
18635,18636,18636,3,3,3.0
18636,18637,18636,3,-3,3.0
18636,18637,18636,1,-1,1.0
18635,18637,18635,1,-1,1.0
18635,18637,18636,1,-1,1.0
18635,18636,18636,1,1,1.0
18635,18636,18636,1,1,1.0
18635,18636,18635,1,-1,1.0
18635,18636,18635,2,-2,2.0
18635,18636,18635,1,-1,1.0
18635,18636,18635,4,-4,4.0
18635,18636,18635,1,-1,1.0
18634,18636,18636,2,2,2.0
18634,18636,18635,1,1,-1.0
18634,18636,18634,1,-1,1.0
18634,18635,18635,2,2,2.0
18634,18635,18635,1,1,1.0
18634,18635,18635,3,3,3.0
18634,18635,18636,4,4,-4.0
18634,18635,18636,2,2,-2.0
18634,18635,18636,20,20,-20.0
18634,18635,18636,2,2,-2.0
18634,18635,18636,1,1,-1.0
18634,18635,18636,3,3,-3.0
18634,18635,18637,4,4,-4.0
18634,18635,18637,1,1,-1.0
18634,18635,18637,4,4,-4.0
18637,18638,18638,2,2,2.0
18637,18638,18638,20,20,20.0
18637,18638,18638,2,2,2.0
18637,18638,18638,1,1,1.0
18637,18638,18638,1,1,1.0
18638,18639,18639,2,2,2.0
18638,18639,18639,2,2,2.0
18638,18639,18639,1,1,1.0
18638,18639,18639,2,2,2.0
18638,18639,18639,2,2,2.0
18638,18639,18639,2,2,2.0
18638,18639,18639,1,1,1.0
18638,18639,18639,1,1,1.0
18638,18639,18639,3,3,3.0
18638,18639,18639,3,3,3.0
18638,18639,18639,1,1,1.0
18638,18639,18639,1,1,1.0
18638,18639,18639,1,1,1.0
18638,18639,18638,1,-1,1.0
18638,18639,18639,1,1,1.0
18638,18639,18639,2,2,2.0
18638,18639,18639,1,1,1.0
18638,18639,18639,2,2,2.0
18638,18639,18639,1,1,1.0
18638,18639,18639,2,2,2.0
18638,18639,18639,1,1,1.0
18638,18639,18639,2,2,2.0
18639,18640,18639,2,-2,2.0
18639,18640,18639,1,-1,1.0
18639,18640,18639,2,-2,2.0
18638,18640,18639,1,-1,1.0
18638,18640,18640,1,1,1.0
18638,18640,18639,1,1,-1.0
18638,18640,18639,1,1,-1.0
18638,18640,18639,1,1,-1.0
18638,18639,18638,4,-4,4.0
18638,18639,18639,1,1,1.0
18638,18639,18639,1,1,1.0
18638,18639,18639,1,1,1.0
18638,18639,18638,3,-3,3.0
18638,18639,18637,2,-2,2.0
18638,18639,18638,1,-1,1.0
18636,18638,18638,1,1,1.0
18636,18637,18637,2,2,2.0
18636,18637,18637,1,1,1.0
18636,18637,18637,1,1,1.0
18636,18637,18638,3,3,-3.0
18636,18637,18636,1,-1,1.0
18636,18637,18636,1,-1,1.0
18635,18637,18635,1,-1,1.0
18635,18637,18636,1,-1,1.0
18636,18637,18636,1,-1,1.0
18636,18637,18636,1,-1,1.0
18635,18637,18636,2,-2,2.0
18635,18637,18637,1,1,1.0
18636,18637,18636,1,-1,1.0
18636,18637,18636,1,-1,1.0
18636,18637,18636,1,-1,1.0
18636,18637,18635,4,-4,4.0
18636,18637,18636,1,-1,1.0
18636,18637,18635,2,-2,2.0
18635,18636,18636,1,1,1.0
18635,18637,18635,1,-1,1.0
18635,18637,18637,1,1,1.0
18635,18637,18637,3,3,3.0
18635,18637,18636,1,1,-1.0
18635,18637,18636,1,1,-1.0
18635,18637,18637,1,1,1.0
18636,18637,18636,1,-1,1.0
18635,18637,18636,1,-1,1.0
18635,18636,18636,1,1,1.0
18635,18636,18636,1,1,1.0
18635,18637,18635,2,-2,2.0
18636,18637,18636,1,-1,1.0
18635,18636,18636,1,1,1.0
18635,18637,18636,1,1,-1.0
18635,18637,18636,2,2,-2.0
18635,18637,18637,1,1,1.0
18635,18636,18636,1,1,1.0
18635,18636,18636,1,1,1.0
18635,18637,18637,1,1,1.0
18636,18637,18636,1,-1,1.0
18636,18637,18635,1,-1,1.0
18635,18636,18636,1,1,1.0
18635,18636,18636,2,2,2.0
18635,18637,18636,2,2,-2.0
18636,18637,18637,1,1,1.0
18636,18637,18636,2,-2,2.0
18636,18637,18637,1,1,1.0
18636,18637,18636,1,-1,1.0
18636,18637,18636,2,-2,2.0
18635,18636,18635,2,-2,2.0
18635,18636,18635,2,-2,2.0
18635,18636,18635,1,-1,1.0
18635,18636,18635,1,-1,1.0
18635,18636,18635,3,-3,3.0
18635,18636,18634,5,-5,5.0
18635,18636,18634,1,-1,1.0
18633,18635,18635,1,1,1.0
18633,18634,18634,2,2,2.0
18633,18634,18633,1,-1,1.0
18633,18634,18634,2,2,2.0
18633,18634,18634,2,2,2.0
18634,18635,18635,1,1,1.0
18634,18636,18636,1,1,1.0
18634,18636,18634,1,-1,1.0
18634,18636,18636,1,1,1.0
18634,18636,18636,8,8,8.0
18634,18635,18634,1,-1,1.0
18633,18635,18635,1,1,1.0
18633,18635,18633,1,-1,1.0
18634,18635,18634,1,-1,1.0
18634,18635,18634,1,-1,1.0
18634,18635,18633,1,-1,1.0
18633,18634,18634,1,1,1.0
18633,18634,18634,1,1,1.0
18633,18634,18634,1,1,1.0
18634,18635,18634,1,-1,1.0
18634,18635,18634,1,-1,1.0
18633,18634,18634,2,2,2.0
18633,18634,18634,1,1,1.0
18633,18634,18634,1,1,1.0
18633,18635,18633,1,-1,1.0
18633,18635,18635,1,1,1.0
18634,18635,18634,10,-10,10.0
18634,18635,18633,1,-1,1.0
18633,18634,18634,1,1,1.0
18633,18634,18634,2,2,2.0
18633,18634,18634,1,1,1.0
18633,18634,18634,1,1,1.0
18633,18634,18635,1,1,-1.0
18634,18635,18634,1,-1,1.0
18633,18635,18635,1,1,1.0
18633,18635,18633,24,-24,24.0
18633,18635,18633,1,-1,1.0
18633,18635,18633,1,-1,1.0
18633,18635,18633,1,-1,1.0
18633,18635,18633,1,-1,1.0
18633,18635,18633,4,-4,4.0
18633,18635,18632,1,-1,1.0
18632,18633,18633,1,1,1.0
18632,18633,18632,1,-1,1.0
18632,18633,18633,1,1,1.0
18632,18633,18632,5,-5,5.0
18632,18633,18632,7,-7,7.0
18632,18633,18632,3,-3,3.0
18631,18632,18631,1,-1,1.0
18631,18632,18632,2,2,2.0
18631,18632,18633,19,19,-19.0
18632,18634,18632,1,-1,1.0
18632,18634,18632,5,-5,5.0
18633,18634,18633,1,-1,1.0
18632,18634,18632,1,-1,1.0
18631,18633,18633,1,1,1.0
18632,18633,18633,1,1,1.0
18632,18633,18634,1,1,-1.0
18632,18634,18633,1,1,-1.0
18633,18634,18633,1,-1,1.0
18633,18634,18633,1,-1,1.0
18633,18634,18633,1,-1,1.0
18633,18634,18633,1,-1,1.0
18633,18634,18634,3,3,3.0
18633,18635,18635,1,1,1.0
18634,18635,18635,4,4,4.0
18635,18636,18635,1,-1,1.0
18635,18636,18635,1,-1,1.0
18635,18636,18636,5,5,5.0
18635,18636,18635,3,-3,3.0
18635,18637,18637,16,16,16.0
18635,18637,18637,2,2,2.0
18635,18637,18637,1,1,1.0
18635,18637,18637,1,1,1.0
18635,18637,18637,1,1,1.0
18635,18637,18636,4,4,-4.0
18636,18638,18636,1,-1,1.0
18636,18638,18637,1,-1,1.0
18636,18638,18637,1,-1,1.0
18637,18638,18638,1,1,1.0
18637,18638,18637,1,-1,1.0
18637,18638,18638,2,2,2.0
18637,18638,18637,1,-1,1.0
18637,18638,18638,1,1,1.0
18637,18638,18638,1,1,1.0
18637,18638,18638,2,2,2.0
18637,18638,18638,3,3,3.0
18637,18638,18638,1,1,1.0
18637,18639,18637,1,-1,1.0
18637,18639,18637,4,-4,4.0
18636,18638,18637,1,-1,1.0
18636,18637,18637,1,1,1.0
18636,18637,18636,1,-1,1.0
18635,18637,18637,1,1,1.0
18635,18637,18635,1,-1,1.0
18635,18637,18637,2,2,2.0
18636,18638,18638,1,1,1.0
18637,18638,18637,1,-1,1.0
18637,18638,18638,1,1,1.0
18637,18638,18638,1,1,1.0
18637,18638,18638,2,2,2.0
18637,18639,18637,1,-1,1.0
18637,18638,18637,2,-2,2.0
18637,18638,18638,6,6,6.0
18637,18638,18638,1,1,1.0
18638,18639,18638,1,-1,1.0
18637,18639,18637,1,-1,1.0
18637,18639,18637,2,-2,2.0
18637,18639,18639,6,6,6.0
18637,18639,18639,4,4,4.0
18638,18639,18638,3,-3,3.0
18638,18639,18637,1,-1,1.0
18638,18639,18639,1,1,1.0
18637,18638,18638,1,1,1.0
18638,18639,18638,1,-1,1.0
18638,18639,18638,1,-1,1.0
18637,18639,18637,1,-1,1.0
18637,18638,18638,1,1,1.0
18637,18639,18639,1,1,1.0
18637,18639,18639,5,5,5.0
18637,18639,18638,1,1,-1.0
18637,18639,18637,1,-1,1.0
18637,18638,18638,1,1,1.0
18637,18638,18638,1,1,1.0
18637,18638,18638,1,1,1.0
18637,18638,18637,1,-1,1.0
18637,18638,18638,2,2,2.0
18637,18639,18637,1,-1,1.0
18637,18638,18638,1,1,1.0
18638,18639,18639,1,1,1.0
18638,18639,18639,2,2,2.0
18638,18639,18639,2,2,2.0
18638,18640,18639,2,2,-2.0
18638,18639,18638,2,-2,2.0
18637,18639,18639,3,3,3.0
18639,18640,18640,1,1,1.0
18639,18640,18640,5,5,5.0
18639,18640,18639,1,-1,1.0
18639,18640,18640,1,1,1.0
18639,18640,18639,1,-1,1.0
18639,18640,18639,1,-1,1.0
18639,18640,18640,1,1,1.0
18639,18640,18639,1,-1,1.0
18639,18640,18639,1,-1,1.0
18639,18640,18639,1,-1,1.0
18639,18640,18640,16,16,16.0
18639,18640,18640,11,11,11.0
18639,18640,18640,1,1,1.0
18640,18641,18641,1,1,1.0
18640,18641,18641,1,1,1.0
18640,18641,18641,1,1,1.0
18640,18641,18641,8,8,8.0
18640,18641,18641,4,4,4.0
18640,18641,18641,2,2,2.0
18640,18641,18641,2,2,2.0
18640,18641,18640,1,-1,1.0
18640,18641,18641,1,1,1.0
18640,18641,18642,1,1,-1.0
18640,18641,18642,2,2,-2.0
18640,18641,18642,1,1,-1.0
18640,18641,18642,1,1,-1.0
18640,18641,18642,19,19,-19.0
18640,18641,18643,1,1,-1.0
18640,18641,18641,1,1,1.0
18640,18641,18642,8,8,-8.0
18640,18641,18642,5,5,-5.0
18640,18641,18643,3,3,-3.0
18640,18641,18642,8,8,-8.0
18641,18643,18643,2,2,2.0
18641,18643,18643,1,1,1.0
18641,18643,18643,1,1,1.0
18641,18643,18642,2,2,-2.0
18641,18643,18642,1,1,-1.0
18641,18643,18642,2,2,-2.0
18641,18643,18643,4,4,4.0
18641,18643,18642,1,1,-1.0
18641,18643,18642,2,2,-2.0
18640,18642,18640,1,-1,1.0
18640,18642,18641,4,-4,4.0
18640,18642,18642,1,1,1.0
18640,18641,18640,1,-1,1.0
18640,18641,18641,1,1,1.0
18640,18641,18640,1,-1,1.0
18640,18641,18642,1,1,-1.0
18640,18642,18642,2,2,2.0
18641,18642,18642,1,1,1.0
18641,18642,18642,6,6,6.0
18641,18643,18641,1,-1,1.0
18641,18643,18641,1,-1,1.0
18642,18643,18642,1,-1,1.0
18642,18643,18642,1,-1,1.0
18641,18643,18642,2,-2,2.0
18641,18642,18642,1,1,1.0
18641,18642,18642,1,1,1.0
18641,18642,18642,1,1,1.0
18641,18642,18641,2,-2,2.0
18641,18642,18642,1,1,1.0
18641,18642,18641,22,-22,22.0
18641,18642,18640,2,-2,2.0
18641,18642,18640,7,-7,7.0
18641,18642,18639,2,-2,2.0
18641,18642,18639,3,-3,3.0
18638,18640,18640,1,1,1.0
18638,18640,18638,1,-1,1.0
18638,18640,18640,1,1,1.0
18638,18640,18640,1,1,1.0
18638,18640,18640,2,2,2.0
18638,18640,18638,1,-1,1.0
18639,18640,18639,1,-1,1.0
18639,18640,18638,3,-3,3.0
18639,18640,18640,2,2,2.0
18639,18640,18640,1,1,1.0
18639,18640,18640,1,1,1.0
18639,18640,18638,1,-1,1.0
18638,18639,18638,2,-2,2.0
18638,18639,18638,1,-1,1.0
18638,18639,18639,1,1,1.0
18638,18639,18639,1,1,1.0
18638,18639,18639,1,1,1.0
18638,18640,18638,1,-1,1.0
18638,18640,18640,2,2,2.0
18638,18640,18640,1,1,1.0
18639,18640,18639,1,-1,1.0
18640,18641,18640,1,-1,1.0
18639,18641,18639,1,-1,1.0
18639,18640,18640,1,1,1.0
18639,18641,18641,1,1,1.0
18639,18641,18641,2,2,2.0
18639,18641,18639,2,-2,2.0
18639,18641,18639,1,-1,1.0
18639,18640,18639,1,-1,1.0
18639,18640,18639,1,-1,1.0
18639,18640,18639,1,-1,1.0
18639,18640,18640,2,2,2.0
18639,18640,18640,1,1,1.0
18639,18640,18639,1,-1,1.0
18639,18640,18640,1,1,1.0
18639,18640,18639,2,-2,2.0
18639,18640,18640,1,1,1.0
18639,18641,18640,2,2,-2.0
18639,18641,18640,1,1,-1.0
18639,18641,18639,2,-2,2.0
18639,18641,18639,1,-1,1.0
18639,18640,18639,1,-1,1.0
18639,18641,18640,2,-2,2.0
18640,18641,18640,1,-1,1.0
18639,18641,18640,1,-1,1.0
18639,18641,18640,1,-1,1.0
18639,18641,18639,1,-1,1.0
18639,18641,18639,2,-2,2.0
18639,18641,18639,1,-1,1.0
18638,18640,18640,1,1,1.0
18639,18640,18640,1,1,1.0
18639,18640,18640,2,2,2.0
18639,18640,18640,2,2,2.0
18639,18640,18640,2,2,2.0
18639,18641,18639,1,-1,1.0
18639,18641,18641,1,1,1.0
18638,18640,18640,2,2,2.0
18638,18640,18640,2,2,2.0
18638,18640,18640,2,2,2.0
18639,18641,18639,1,-1,1.0
18638,18640,18638,1,-1,1.0
18638,18639,18639,1,1,1.0
18638,18639,18638,1,-1,1.0
18638,18639,18639,2,2,2.0
18638,18639,18638,1,-1,1.0
18638,18639,18638,1,-1,1.0
18638,18639,18639,1,1,1.0
18638,18639,18638,1,-1,1.0
18638,18639,18639,1,1,1.0
18638,18640,18640,1,1,1.0
18638,18640,18639,1,1,-1.0
18638,18640,18640,1,1,1.0
18638,18640,18639,1,1,-1.0
18639,18640,18640,1,1,1.0
18639,18640,18640,1,1,1.0
18639,18640,18640,1,1,1.0
18639,18640,18640,1,1,1.0
18639,18640,18639,1,-1,1.0
18639,18640,18640,1,1,1.0
18639,18640,18640,1,1,1.0
18639,18640,18640,1,1,1.0
18639,18641,18640,1,1,-1.0
18640,18641,18640,1,-1,1.0
18639,18640,18639,2,-2,2.0
18638,18640,18640,1,1,1.0
18638,18639,18639,1,1,1.0
18638,18639,18638,6,-6,6.0
18638,18639,18638,1,-1,1.0
18638,18639,18639,1,1,1.0
18638,18639,18639,1,1,1.0
18638,18639,18639,1,1,1.0
18638,18639,18639,2,2,2.0
18638,18640,18640,2,2,2.0
18638,18640,18641,2,2,-2.0
18639,18640,18640,2,2,2.0
18639,18640,18639,1,-1,1.0
18639,18640,18640,2,2,2.0
18639,18641,18641,1,1,1.0
18639,18640,18639,1,-1,1.0
18639,18640,18640,1,1,1.0
18639,18641,18639,1,-1,1.0
18639,18641,18640,1,-1,1.0
18639,18641,18639,2,-2,2.0
18639,18641,18641,1,1,1.0
18639,18641,18639,1,-1,1.0
18639,18641,18639,2,-2,2.0
18639,18640,18640,1,1,1.0
18639,18640,18640,1,1,1.0
18640,18641,18640,1,-1,1.0
18639,18641,18640,1,-1,1.0
18640,18641,18640,1,-1,1.0
18640,18641,18640,1,-1,1.0
18640,18641,18640,1,-1,1.0
18640,18641,18640,1,-1,1.0
18640,18641,18641,4,4,4.0
18640,18641,18641,4,4,4.0
18640,18641,18641,1,1,1.0
18640,18641,18641,1,1,1.0
18640,18641,18641,1,1,1.0
18640,18641,18641,2,2,2.0
18640,18641,18641,2,2,2.0
18641,18642,18640,1,-1,1.0
18641,18642,18642,3,3,3.0
18641,18642,18641,2,-2,2.0
18641,18642,18641,4,-4,4.0
18640,18641,18641,2,2,2.0
18640,18641,18641,1,1,1.0
18640,18641,18641,1,1,1.0
18640,18641,18641,2,2,2.0
18640,18642,18642,5,5,5.0
18640,18641,18641,1,1,1.0
18640,18641,18641,1,1,1.0
18640,18641,18641,1,1,1.0
18640,18641,18640,2,-2,2.0
18640,18641,18640,1,-1,1.0
18640,18641,18640,2,-2,2.0
18640,18641,18640,2,-2,2.0
18640,18641,18640,3,-3,3.0
18639,18641,18639,1,-1,1.0
18639,18640,18639,1,-1,1.0
18639,18640,18640,2,2,2.0
18639,18640,18639,1,-1,1.0
18639,18640,18639,1,-1,1.0
18639,18640,18639,1,-1,1.0
18639,18640,18639,4,-4,4.0
18639,18640,18639,1,-1,1.0
18639,18640,18639,2,-2,2.0
18638,18640,18639,2,-2,2.0
18638,18639,18638,29,-29,29.0
18637,18638,18637,2,-2,2.0
18637,18638,18637,2,-2,2.0
18638,18639,18639,3,3,3.0
18638,18639,18639,2,2,2.0
18638,18639,18638,1,-1,1.0
18638,18639,18638,1,-1,1.0
18638,18639,18638,1,-1,1.0
18638,18639,18638,1,-1,1.0
18638,18639,18638,2,-2,2.0
18638,18639,18638,1,-1,1.0
18638,18639,18638,5,-5,5.0
18638,18639,18639,1,1,1.0
18638,18639,18639,2,2,2.0
18638,18639,18639,1,1,1.0
18639,18640,18639,1,-1,1.0
18638,18640,18640,3,3,3.0
18638,18640,18640,3,3,3.0
18638,18640,18640,1,1,1.0
18638,18640,18638,4,-4,4.0
18639,18640,18639,4,-4,4.0
18638,18639,18638,1,-1,1.0
18638,18639,18637,1,-1,1.0
18637,18639,18639,5,5,5.0
18637,18639,18639,1,1,1.0
18637,18638,18637,2,-2,2.0
18637,18638,18637,6,-6,6.0
18637,18638,18636,3,-3,3.0
18637,18638,18636,1,-1,1.0
18636,18637,18636,1,-1,1.0
18636,18637,18636,2,-2,2.0
18636,18637,18635,2,-2,2.0
18635,18637,18635,1,-1,1.0
18635,18637,18636,1,-1,1.0
18635,18637,18635,4,-4,4.0
18635,18637,18637,1,1,1.0
18635,18636,18635,2,-2,2.0
18635,18636,18635,4,-4,4.0
18635,18636,18635,1,-1,1.0
18635,18636,18635,5,-5,5.0
18635,18636,18635,1,-1,1.0
18635,18636,18635,2,-2,2.0
18634,18636,18634,1,-1,1.0
18635,18636,18636,7,7,7.0
18635,18636,18636,1,1,1.0
18635,18636,18636,2,2,2.0
18635,18636,18635,1,-1,1.0
18635,18636,18634,1,-1,1.0
18634,18636,18635,1,-1,1.0
18635,18636,18635,1,-1,1.0
18634,18635,18635,1,1,1.0
18634,18635,18635,1,1,1.0
18634,18635,18634,1,-1,1.0
18634,18635,18633,1,-1,1.0
18633,18635,18633,1,-1,1.0
18634,18635,18634,1,-1,1.0
18634,18635,18634,1,-1,1.0
18634,18635,18634,1,-1,1.0
18634,18635,18634,1,-1,1.0
18634,18635,18634,1,-1,1.0
18634,18635,18633,1,-1,1.0
18634,18635,18633,1,-1,1.0
18633,18635,18634,1,-1,1.0
18634,18635,18634,1,-1,1.0
18634,18635,18634,1,-1,1.0
18634,18635,18633,1,-1,1.0
18634,18635,18634,1,-1,1.0
18634,18635,18634,1,-1,1.0
18634,18635,18635,4,4,4.0
18635,18637,18637,2,2,2.0
18636,18638,18636,1,-1,1.0
18635,18637,18635,1,-1,1.0
18636,18638,18636,1,-1,1.0
18636,18638,18636,2,-2,2.0
18636,18638,18636,2,-2,2.0
18636,18638,18636,4,-4,4.0
18636,18638,18636,1,-1,1.0
18636,18638,18636,1,-1,1.0
18636,18638,18637,1,-1,1.0
18637,18638,18638,2,2,2.0
18636,18638,18636,1,-1,1.0
18635,18637,18637,1,1,1.0
18636,18638,18636,1,-1,1.0
18636,18638,18638,2,2,2.0
18637,18638,18638,1,1,1.0
18637,18638,18638,2,2,2.0
18637,18638,18638,2,2,2.0
18637,18639,18637,19,-19,19.0
18637,18639,18637,1,-1,1.0
18636,18638,18638,1,1,1.0
18636,18638,18638,1,1,1.0
18636,18638,18638,1,1,1.0
18636,18638,18638,4,4,4.0
18636,18638,18638,1,1,1.0
18636,18638,18638,1,1,1.0
18637,18638,18637,1,-1,1.0
18637,18638,18637,1,-1,1.0
18637,18638,18637,2,-2,2.0
18637,18638,18637,1,-1,1.0
18637,18638,18637,1,-1,1.0
18636,18638,18638,1,1,1.0
18636,18638,18638,6,6,6.0
18636,18638,18638,4,4,4.0
18636,18638,18638,7,7,7.0
18636,18638,18638,1,1,1.0
18636,18638,18638,1,1,1.0
18636,18638,18638,3,3,3.0
18636,18638,18638,5,5,5.0
18636,18638,18638,6,6,6.0
18636,18638,18638,2,2,2.0
18636,18638,18638,1,1,1.0
18636,18638,18638,1,1,1.0
18636,18638,18638,1,1,1.0
18636,18638,18638,3,3,3.0
18636,18638,18639,6,6,-6.0
18636,18638,18639,4,4,-4.0
18636,18638,18639,3,3,-3.0
18636,18638,18639,2,2,-2.0
18636,18638,18639,1,1,-1.0
18639,18640,18640,2,2,2.0
18639,18640,18640,1,1,1.0
18639,18640,18640,2,2,2.0
18639,18640,18640,1,1,1.0
18639,18640,18640,2,2,2.0
18639,18640,18640,2,2,2.0
18639,18641,18641,1,1,1.0
18639,18641,18641,6,6,6.0
18639,18641,18641,6,6,6.0
18640,18641,18641,1,1,1.0
18639,18640,18639,1,-1,1.0
18637,18639,18638,1,-1,1.0
18638,18639,18638,1,-1,1.0
18638,18639,18638,1,-1,1.0
18638,18639,18637,1,-1,1.0
18638,18639,18637,2,-2,2.0
18636,18638,18638,2,2,2.0
18636,18638,18637,1,1,-1.0
18637,18638,18638,6,6,6.0
18637,18638,18638,2,2,2.0
18637,18639,18639,1,1,1.0
18637,18639,18638,1,1,-1.0
18637,18639,18637,5,-5,5.0
18637,18638,18637,1,-1,1.0
18637,18638,18638,1,1,1.0
18637,18638,18638,4,4,4.0
18637,18638,18638,1,1,1.0
18637,18639,18637,1,-1,1.0
18637,18639,18637,1,-1,1.0
18637,18639,18637,2,-2,2.0
18637,18639,18638,2,-2,2.0
18637,18639,18639,4,4,4.0
18637,18639,18639,4,4,4.0
18637,18639,18638,2,2,-2.0
18636,18638,18638,3,3,3.0
18638,18639,18639,2,2,2.0
18638,18639,18639,2,2,2.0
18639,18640,18639,2,-2,2.0
18637,18638,18637,1,-1,1.0
18636,18638,18637,1,-1,1.0
18636,18637,18636,1,-1,1.0
18636,18637,18636,8,-8,8.0
18636,18637,18637,1,1,1.0
18636,18638,18636,5,-5,5.0
18637,18638,18637,1,-1,1.0
18637,18638,18638,2,2,2.0
18637,18638,18637,2,-2,2.0
18637,18638,18637,1,-1,1.0
18636,18638,18636,1,-1,1.0
18636,18638,18637,1,-1,1.0
18636,18638,18637,1,-1,1.0
18636,18638,18636,5,-5,5.0
18637,18638,18637,1,-1,1.0
18636,18638,18637,2,-2,2.0
18636,18637,18637,2,2,2.0
18636,18637,18636,1,-1,1.0
18636,18637,18636,1,-1,1.0
18636,18637,18636,1,-1,1.0
18636,18637,18636,3,-3,3.0
18636,18637,18636,1,-1,1.0
18635,18636,18635,1,-1,1.0
18635,18636,18636,3,3,3.0
18635,18637,18635,1,-1,1.0
18635,18637,18637,1,1,1.0
18635,18637,18635,2,-2,2.0
18635,18637,18635,1,-1,1.0
18635,18637,18635,1,-1,1.0
18635,18637,18635,10,-10,10.0
18635,18637,18636,1,-1,1.0
18635,18637,18636,1,-1,1.0
18636,18637,18637,6,6,6.0
18636,18637,18637,5,5,5.0
18637,18638,18638,2,2,2.0
18637,18638,18637,1,-1,1.0
18636,18638,18638,1,1,1.0
18638,18639,18638,1,-1,1.0
18638,18639,18637,5,-5,5.0
18636,18638,18636,2,-2,2.0
18636,18638,18637,1,-1,1.0
18636,18638,18636,1,-1,1.0
18636,18638,18636,2,-2,2.0
18636,18638,18637,4,-4,4.0
18637,18638,18638,1,1,1.0
18637,18638,18638,2,2,2.0
18637,18638,18638,1,1,1.0
18638,18639,18638,1,-1,1.0
18638,18639,18638,1,-1,1.0
18638,18639,18639,6,6,6.0
18638,18639,18639,3,3,3.0
18638,18640,18639,1,1,-1.0
18639,18640,18639,2,-2,2.0
18639,18640,18639,1,-1,1.0
18639,18640,18639,1,-1,1.0
18639,18640,18638,2,-2,2.0
18638,18639,18639,3,3,3.0
18638,18639,18639,1,1,1.0
18638,18640,18640,2,2,2.0
18639,18640,18639,1,-1,1.0
18638,18640,18638,1,-1,1.0
18638,18640,18638,1,-1,1.0
18638,18639,18639,1,1,1.0
18638,18640,18638,1,-1,1.0
18638,18640,18638,2,-2,2.0
18639,18640,18639,1,-1,1.0
18638,18640,18638,1,-1,1.0
18638,18640,18638,1,-1,1.0
18638,18640,18638,1,-1,1.0
18638,18640,18640,16,16,16.0
18638,18640,18640,16,16,16.0
18638,18640,18640,13,13,13.0
18640,18641,18641,16,16,16.0
18640,18641,18641,6,6,6.0
18640,18641,18641,17,17,17.0
18641,18642,18642,1,1,1.0
18641,18642,18641,2,-2,2.0
18641,18642,18641,1,-1,1.0
18641,18642,18642,2,2,2.0
18641,18642,18642,1,1,1.0
18641,18642,18642,1,1,1.0
18641,18642,18642,1,1,1.0
18641,18642,18641,1,-1,1.0
18641,18642,18642,1,1,1.0
18641,18642,18641,1,-1,1.0
18641,18642,18642,1,1,1.0
18641,18642,18641,1,-1,1.0
18641,18642,18640,2,-2,2.0
18639,18641,18641,1,1,1.0
18639,18641,18641,3,3,3.0
18640,18641,18640,1,-1,1.0
18639,18640,18640,1,1,1.0
18639,18640,18640,1,1,1.0
18640,18641,18640,1,-1,1.0
18640,18641,18641,1,1,1.0
18640,18641,18642,1,1,-1.0
18640,18642,18642,1,1,1.0
18640,18642,18641,1,1,-1.0
18640,18642,18641,1,1,-1.0
18640,18641,18640,4,-4,4.0
18640,18641,18640,1,-1,1.0
18640,18641,18640,3,-3,3.0
18640,18641,18640,2,-2,2.0
18640,18641,18640,2,-2,2.0
18640,18641,18640,2,-2,2.0
18640,18641,18641,1,1,1.0
18639,18641,18639,1,-1,1.0
18639,18641,18641,3,3,3.0
18639,18641,18641,3,3,3.0
18639,18641,18639,1,-1,1.0
18640,18641,18641,2,2,2.0
18640,18641,18641,1,1,1.0
18640,18641,18640,1,-1,1.0
18640,18641,18640,1,-1,1.0
18639,18641,18641,1,1,1.0
18639,18641,18641,1,1,1.0
18639,18640,18640,5,5,5.0
18639,18640,18640,5,5,5.0
18639,18640,18638,1,-1,1.0
18639,18640,18638,1,-1,1.0
18639,18640,18638,3,-3,3.0
18639,18640,18638,3,-3,3.0
18637,18638,18637,3,-3,3.0
18637,18638,18636,2,-2,2.0
18636,18638,18638,1,1,1.0
18636,18638,18636,1,-1,1.0
18636,18638,18638,1,1,1.0
18636,18638,18637,1,1,-1.0
18637,18639,18637,1,-1,1.0
18637,18638,18637,1,-1,1.0
18637,18639,18638,1,-1,1.0
18639,18640,18639,1,-1,1.0
18639,18640,18639,1,-1,1.0
18639,18640,18639,1,-1,1.0
18639,18640,18639,1,-1,1.0
18639,18640,18639,1,-1,1.0
18639,18640,18639,3,-3,3.0
18638,18640,18638,1,-1,1.0
18638,18640,18639,2,-2,2.0
18638,18640,18640,1,1,1.0
18639,18640,18640,2,2,2.0
18639,18640,18639,1,-1,1.0
18638,18639,18638,1,-1,1.0
18638,18639,18638,3,-3,3.0
18638,18639,18638,2,-2,2.0
18637,18639,18639,2,2,2.0
18637,18639,18639,1,1,1.0
18637,18639,18639,2,2,2.0
18637,18639,18638,1,1,-1.0
18637,18638,18637,1,-1,1.0
18637,18638,18637,1,-1,1.0
18637,18639,18639,1,1,1.0
18637,18638,18638,1,1,1.0
18638,18639,18639,1,1,1.0
18638,18639,18639,1,1,1.0
18638,18639,18639,1,1,1.0
18638,18640,18638,5,-5,5.0
18639,18640,18639,1,-1,1.0
18639,18640,18639,1,-1,1.0
18639,18640,18639,1,-1,1.0
18639,18640,18640,1,1,1.0
18639,18640,18640,1,1,1.0
18639,18640,18639,1,-1,1.0
18639,18640,18640,10,10,10.0
18640,18641,18640,2,-2,2.0
18640,18641,18640,1,-1,1.0
18639,18641,18640,1,-1,1.0
18639,18641,18640,2,-2,2.0
18639,18641,18640,1,-1,1.0
18639,18641,18640,1,-1,1.0
18639,18641,18640,5,-5,5.0
18639,18640,18640,1,1,1.0
18639,18641,18640,2,2,-2.0
18639,18641,18639,1,-1,1.0
18639,18641,18639,1,-1,1.0
18639,18641,18640,1,-1,1.0
18639,18641,18640,1,-1,1.0
18639,18640,18639,20,-20,20.0
18639,18640,18638,2,-2,2.0
18637,18638,18638,1,1,1.0
18638,18640,18640,1,1,1.0
18638,18640,18640,1,1,1.0
18639,18640,18638,2,-2,2.0
18638,18640,18639,1,-1,1.0
18638,18640,18640,5,5,5.0
18638,18639,18639,1,1,1.0
18638,18639,18639,2,2,2.0
18638,18639,18639,2,2,2.0
18638,18640,18640,2,2,2.0
18638,18640,18640,4,4,4.0
18640,18641,18640,2,-2,2.0
18640,18641,18640,2,-2,2.0
18640,18641,18641,1,1,1.0
18640,18641,18640,1,-1,1.0
18640,18641,18641,1,1,1.0
18640,18641,18641,1,1,1.0
18640,18641,18641,2,2,2.0
18640,18641,18641,1,1,1.0
18640,18641,18641,1,1,1.0
18640,18641,18641,1,1,1.0
18640,18642,18640,1,-1,1.0
18640,18641,18640,1,-1,1.0
18640,18641,18640,1,-1,1.0
18640,18641,18640,5,-5,5.0
18640,18641,18640,1,-1,1.0
18640,18641,18640,1,-1,1.0
18639,18640,18640,1,1,1.0
18639,18640,18640,1,1,1.0
18639,18640,18640,1,1,1.0
18639,18640,18640,1,1,1.0
18639,18640,18640,3,3,3.0
18639,18640,18639,3,-3,3.0
18639,18640,18640,3,3,3.0
18639,18640,18639,4,-4,4.0
18639,18640,18640,1,1,1.0
18639,18641,18639,1,-1,1.0
18638,18640,18638,1,-1,1.0
18638,18640,18638,1,-1,1.0
18638,18639,18638,1,-1,1.0
18638,18639,18638,1,-1,1.0
18638,18639,18639,2,2,2.0
18639,18640,18639,1,-1,1.0
18639,18640,18639,1,-1,1.0
18639,18640,18639,2,-2,2.0
18639,18640,18639,4,-4,4.0
18639,18640,18639,2,-2,2.0
18639,18640,18640,4,4,4.0
18639,18640,18640,3,3,3.0
18638,18640,18639,1,1,-1.0
18638,18639,18639,1,1,1.0
18638,18640,18639,2,2,-2.0
18638,18640,18638,1,-1,1.0
18639,18640,18639,1,-1,1.0
18639,18640,18639,1,-1,1.0
18638,18639,18639,1,1,1.0
18638,18639,18639,1,1,1.0
18639,18640,18639,1,-1,1.0
18639,18640,18639,1,-1,1.0
18639,18640,18639,2,-2,2.0
18639,18640,18640,2,2,2.0
18639,18640,18639,2,-2,2.0
18639,18640,18640,6,6,6.0
18639,18640,18640,3,3,3.0
18640,18641,18641,2,2,2.0
18640,18641,18641,2,2,2.0
18640,18641,18641,3,3,3.0
18640,18641,18641,2,2,2.0
18641,18642,18642,1,1,1.0
18641,18642,18641,1,-1,1.0
18641,18642,18641,1,-1,1.0
18641,18642,18642,25,25,25.0
18642,18643,18642,1,-1,1.0
18642,18643,18642,1,-1,1.0
18642,18643,18641,1,-1,1.0
18641,18643,18641,1,-1,1.0
18640,18642,18640,1,-1,1.0
18640,18641,18641,2,2,2.0
18640,18642,18640,8,-8,8.0
18640,18641,18641,1,1,1.0
18641,18642,18641,1,-1,1.0
18640,18642,18640,1,-1,1.0
18640,18642,18640,1,-1,1.0
18640,18642,18640,1,-1,1.0
18640,18642,18640,1,-1,1.0
18640,18642,18640,1,-1,1.0
18641,18642,18642,3,3,3.0
18642,18643,18643,1,1,1.0
18642,18643,18642,2,-2,2.0
18642,18643,18643,1,1,1.0
18642,18643,18643,2,2,2.0
18642,18643,18643,10,10,10.0
18642,18643,18643,3,3,3.0
18642,18643,18643,1,1,1.0
18642,18643,18643,1,1,1.0
18642,18643,18643,1,1,1.0
18642,18643,18643,2,2,2.0
18642,18643,18643,1,1,1.0
18642,18643,18643,1,1,1.0
18642,18643,18643,1,1,1.0
18642,18643,18644,1,1,-1.0
18642,18643,18644,1,1,-1.0
18642,18643,18643,1,1,1.0
18642,18643,18644,1,1,-1.0
18642,18643,18644,4,4,-4.0
18642,18643,18644,1,1,-1.0
18642,18643,18644,1,1,-1.0
18642,18643,18643,1,1,1.0
18642,18643,18644,4,4,-4.0
18642,18643,18644,1,1,-1.0
18642,18643,18644,1,1,-1.0
18642,18643,18644,3,3,-3.0
18642,18643,18644,1,1,-1.0
18642,18643,18644,9,9,-9.0
18642,18643,18644,1,1,-1.0
18642,18643,18644,1,1,-1.0
18642,18643,18644,1,1,-1.0
18642,18643,18644,1,1,-1.0
18642,18643,18644,1,1,-1.0
18642,18643,18644,1,1,-1.0
18642,18643,18643,2,2,2.0
18642,18643,18643,2,2,2.0
18642,18643,18643,1,1,1.0
18642,18643,18643,3,3,3.0
18642,18643,18642,3,-3,3.0
18642,18643,18642,1,-1,1.0
18642,18643,18643,1,1,1.0
18642,18643,18643,1,1,1.0
18642,18643,18644,7,7,-7.0
18642,18643,18643,1,1,1.0
18642,18643,18643,1,1,1.0
18642,18643,18644,6,6,-6.0
18642,18643,18643,1,1,1.0
18642,18643,18644,7,7,-7.0
18642,18643,18643,1,1,1.0
18642,18643,18644,3,3,-3.0
18643,18644,18643,1,-1,1.0
18643,18644,18644,1,1,1.0
18643,18644,18643,1,-1,1.0
18643,18644,18644,1,1,1.0
18643,18644,18644,3,3,3.0
18643,18645,18645,1,1,1.0
18643,18645,18645,8,8,8.0
18643,18645,18643,1,-1,1.0
18643,18645,18645,1,1,1.0
18643,18645,18643,3,-3,3.0
18643,18645,18645,1,1,1.0
18643,18645,18645,4,4,4.0
18643,18645,18645,2,2,2.0
18643,18645,18643,7,-7,7.0
18643,18645,18643,1,-1,1.0
18643,18645,18643,1,-1,1.0
18643,18644,18644,1,1,1.0
18643,18644,18644,1,1,1.0
18643,18645,18644,1,1,-1.0
18643,18645,18643,1,-1,1.0
18643,18645,18645,1,1,1.0
18643,18645,18645,1,1,1.0
18644,18645,18644,1,-1,1.0
18644,18645,18644,2,-2,2.0
18644,18645,18644,1,-1,1.0
18644,18645,18644,1,-1,1.0
18643,18645,18643,1,-1,1.0
18643,18644,18644,2,2,2.0
18643,18645,18645,2,2,2.0
18644,18645,18644,2,-2,2.0
18644,18645,18645,1,1,1.0
18644,18645,18645,4,4,4.0
18645,18646,18645,2,-2,2.0
18645,18646,18645,1,-1,1.0
18645,18646,18646,1,1,1.0
18645,18646,18646,8,8,8.0
18645,18646,18646,8,8,8.0
18645,18647,18647,6,6,6.0
18645,18647,18647,8,8,8.0
18645,18647,18647,3,3,3.0
18645,18647,18648,7,7,-7.0
18645,18647,18648,5,5,-5.0
18645,18647,18648,3,3,-3.0
18645,18647,18647,3,3,3.0
18645,18647,18647,2,2,2.0
18645,18647,18648,7,7,-7.0
18645,18647,18648,1,1,-1.0
18645,18647,18648,5,5,-5.0
18645,18647,18648,3,3,-3.0
18645,18647,18648,7,7,-7.0
18645,18647,18649,1,1,-1.0
18645,18647,18648,8,8,-8.0
18645,18647,18648,1,1,-1.0
18647,18648,18648,4,4,4.0
18647,18648,18648,4,4,4.0
18647,18648,18648,5,5,5.0
18647,18648,18649,3,3,-3.0
18647,18648,18649,3,3,-3.0
18647,18648,18647,1,-1,1.0
18647,18648,18649,1,1,-1.0
18647,18648,18649,1,1,-1.0
18647,18648,18649,1,1,-1.0
18647,18648,18649,3,3,-3.0
18647,18648,18649,1,1,-1.0
18647,18648,18649,1,1,-1.0
18647,18648,18649,1,1,-1.0
18647,18648,18649,5,5,-5.0
18647,18649,18648,2,2,-2.0
18647,18649,18648,1,1,-1.0
18647,18649,18648,3,3,-3.0
18647,18649,18647,7,-7,7.0
18647,18649,18646,1,-1,1.0
18646,18648,18648,2,2,2.0
18646,18648,18648,1,1,1.0
18646,18648,18648,2,2,2.0
18646,18648,18648,3,3,3.0
18647,18648,18648,1,1,1.0
18647,18648,18648,2,2,2.0
18647,18648,18648,1,1,1.0
18647,18648,18648,2,2,2.0
18647,18648,18649,1,1,-1.0
18648,18649,18648,2,-2,2.0
18648,18649,18648,1,-1,1.0
18648,18649,18649,1,1,1.0
18648,18649,18649,1,1,1.0
18648,18649,18648,2,-2,2.0
18648,18649,18648,2,-2,2.0
18648,18649,18649,1,1,1.0
18648,18649,18649,1,1,1.0
18648,18649,18648,1,-1,1.0
18648,18649,18649,1,1,1.0
18648,18649,18649,4,4,4.0
18648,18649,18649,2,2,2.0
18648,18649,18648,17,-17,17.0
18647,18648,18648,1,1,1.0
18647,18648,18648,1,1,1.0
18647,18648,18648,1,1,1.0
18647,18648,18648,1,1,1.0
18647,18649,18648,1,1,-1.0
18647,18648,18648,1,1,1.0
18647,18648,18648,1,1,1.0
18647,18648,18647,1,-1,1.0
18647,18648,18647,1,-1,1.0
18647,18648,18648,1,1,1.0
18646,18648,18648,1,1,1.0
18646,18648,18648,1,1,1.0
18646,18648,18648,1,1,1.0
18646,18647,18646,1,-1,1.0
18646,18647,18647,2,2,2.0
18646,18647,18647,1,1,1.0
18646,18647,18647,1,1,1.0
18646,18647,18646,1,-1,1.0
18647,18648,18648,1,1,1.0
18647,18648,18647,1,-1,1.0
18647,18648,18648,1,1,1.0
18647,18648,18648,1,1,1.0
18647,18648,18648,2,2,2.0
18647,18648,18647,2,-2,2.0
18647,18649,18648,1,-1,1.0
18647,18649,18647,1,-1,1.0
18647,18649,18647,1,-1,1.0
18647,18649,18647,1,-1,1.0
18647,18648,18648,1,1,1.0
18647,18648,18647,1,-1,1.0
18647,18648,18648,1,1,1.0
18647,18648,18647,8,-8,8.0
18647,18648,18648,1,1,1.0
18647,18648,18647,4,-4,4.0
18646,18647,18647,7,7,7.0
18646,18648,18648,1,1,1.0
18647,18648,18647,2,-2,2.0
18646,18648,18647,1,-1,1.0
18647,18648,18648,1,1,1.0
18647,18648,18648,2,2,2.0
18647,18648,18648,2,2,2.0
18647,18648,18648,9,9,9.0
18648,18649,18648,1,-1,1.0
18648,18649,18648,1,-1,1.0
18648,18649,18648,2,-2,2.0
18648,18649,18649,2,2,2.0
18648,18649,18649,2,2,2.0
18648,18649,18649,4,4,4.0
18648,18649,18649,4,4,4.0
18648,18649,18650,2,2,-2.0
18648,18649,18650,1,1,-1.0
18648,18649,18650,8,8,-8.0
18648,18649,18650,8,8,-8.0
18649,18650,18650,1,1,1.0
18649,18650,18650,2,2,2.0
18649,18650,18650,4,4,4.0
18649,18650,18650,2,2,2.0
18649,18650,18649,1,-1,1.0
18649,18650,18650,1,1,1.0
18649,18650,18650,1,1,1.0
18649,18650,18650,1,1,1.0
18649,18650,18650,6,6,6.0
18649,18650,18650,1,1,1.0
18649,18650,18650,2,2,2.0
18649,18650,18650,1,1,1.0
18649,18650,18650,1,1,1.0
18649,18650,18650,4,4,4.0
18649,18650,18650,1,1,1.0
18649,18650,18650,1,1,1.0
18649,18650,18650,15,15,15.0
18649,18650,18651,2,2,-2.0
18649,18650,18651,2,2,-2.0
18650,18651,18651,8,8,8.0
18650,18651,18651,3,3,3.0
18650,18651,18651,2,2,2.0
18650,18651,18652,4,4,-4.0
18650,18651,18652,1,1,-1.0
18650,18651,18652,6,6,-6.0
18650,18651,18652,8,8,-8.0
18650,18651,18652,1,1,-1.0
18650,18651,18651,1,1,1.0
18650,18651,18652,1,1,-1.0
18650,18651,18652,1,1,-1.0
18651,18652,18652,1,1,1.0
18651,18652,18652,1,1,1.0
18651,18652,18652,4,4,4.0
18651,18652,18653,1,1,-1.0
18651,18652,18653,1,1,-1.0
18651,18652,18653,1,1,-1.0
18651,18652,18653,1,1,-1.0
18651,18652,18653,1,1,-1.0
18651,18652,18653,8,8,-8.0
18651,18652,18653,1,1,-1.0
18651,18653,18653,1,1,1.0
18651,18653,18653,1,1,1.0
18651,18653,18653,1,1,1.0
18651,18653,18653,1,1,1.0
18651,18653,18653,1,1,1.0
18651,18653,18653,1,1,1.0
18651,18653,18653,1,1,1.0
18651,18653,18651,1,-1,1.0
18651,18652,18651,1,-1,1.0
18651,18652,18651,1,-1,1.0
18649,18651,18651,1,1,1.0
18649,18651,18651,1,1,1.0
18649,18651,18651,2,2,2.0
18649,18651,18649,1,-1,1.0
18649,18651,18649,1,-1,1.0
18649,18651,18651,2,2,2.0
18649,18650,18649,2,-2,2.0
18649,18650,18649,5,-5,5.0
18649,18650,18650,1,1,1.0
18649,18650,18650,1,1,1.0
18649,18650,18649,1,-1,1.0
18649,18650,18650,2,2,2.0
18649,18650,18649,1,-1,1.0
18649,18650,18649,2,-2,2.0
18649,18650,18649,1,-1,1.0
18649,18650,18649,6,-6,6.0
18649,18650,18649,1,-1,1.0
18648,18649,18649,1,1,1.0
18648,18649,18648,8,-8,8.0
18648,18649,18648,4,-4,4.0
18647,18648,18648,1,1,1.0
18647,18649,18649,2,2,2.0
18647,18649,18649,2,2,2.0
18647,18648,18647,2,-2,2.0
18647,18648,18647,1,-1,1.0
18647,18648,18647,4,-4,4.0
18647,18648,18648,2,2,2.0
18646,18648,18647,1,1,-1.0
18646,18648,18646,1,-1,1.0
18646,18648,18646,24,-24,24.0
18646,18648,18646,7,-7,7.0
18646,18648,18646,3,-3,3.0
18645,18647,18647,2,2,2.0
18645,18647,18645,1,-1,1.0
18645,18647,18645,1,-1,1.0
18645,18647,18645,1,-1,1.0
18645,18647,18645,1,-1,1.0
18645,18647,18646,1,-1,1.0
18645,18647,18647,1,1,1.0
18646,18647,18646,3,-3,3.0
18645,18647,18645,1,-1,1.0
18645,18646,18646,1,1,1.0
18645,18646,18646,1,1,1.0
18645,18646,18645,2,-2,2.0
18645,18646,18645,10,-10,10.0
18645,18646,18645,21,-21,21.0
18645,18646,18645,3,-3,3.0
18645,18646,18644,1,-1,1.0
18645,18646,18644,3,-3,3.0
18645,18646,18644,1,-1,1.0
18645,18646,18644,1,-1,1.0
18643,18645,18643,1,-1,1.0
18643,18645,18643,1,-1,1.0
18643,18645,18643,1,-1,1.0
18643,18645,18643,2,-2,2.0
18643,18645,18643,2,-2,2.0
18643,18644,18643,1,-1,1.0
18642,18644,18644,1,1,1.0
18642,18643,18643,1,1,1.0
18642,18643,18643,2,2,2.0
18642,18643,18643,1,1,1.0
18643,18644,18644,2,2,2.0
18643,18644,18644,5,5,5.0
18643,18644,18645,2,2,-2.0
18643,18644,18645,1,1,-1.0
18645,18646,18646,1,1,1.0
18645,18646,18646,3,3,3.0
18645,18646,18646,1,1,1.0
18645,18646,18646,1,1,1.0
18645,18646,18646,1,1,1.0
18646,18647,18646,1,-1,1.0
18645,18647,18646,2,-2,2.0
18646,18647,18647,1,1,1.0
18646,18647,18647,1,1,1.0
18646,18647,18647,1,1,1.0
18647,18648,18648,1,1,1.0
18647,18648,18647,1,-1,1.0
18647,18648,18648,1,1,1.0
18647,18648,18647,2,-2,2.0
18647,18648,18647,1,-1,1.0
18647,18648,18647,1,-1,1.0
18646,18647,18647,1,1,1.0
18646,18647,18647,1,1,1.0
18646,18647,18647,2,2,2.0
18647,18648,18648,2,2,2.0
18647,18648,18648,1,1,1.0
18647,18648,18648,2,2,2.0
18647,18648,18648,2,2,2.0
18647,18648,18648,6,6,6.0
18648,18649,18648,1,-1,1.0
18648,18649,18648,1,-1,1.0
18648,18649,18649,1,1,1.0
18648,18649,18648,2,-2,2.0
18648,18649,18649,10,10,10.0
18649,18650,18650,2,2,2.0
18649,18650,18649,1,-1,1.0
18649,18650,18650,6,6,6.0
18649,18651,18649,1,-1,1.0
18649,18651,18650,1,-1,1.0
18649,18651,18649,1,-1,1.0
18649,18650,18650,1,1,1.0
18649,18651,18650,1,1,-1.0
18649,18651,18651,1,1,1.0
18649,18651,18649,2,-2,2.0
18649,18651,18650,6,-6,6.0
18649,18651,18651,14,14,14.0
18650,18651,18650,1,-1,1.0
18650,18651,18649,1,-1,1.0
18650,18651,18650,1,-1,1.0
18650,18651,18650,1,-1,1.0
18650,18651,18650,1,-1,1.0
18650,18651,18651,1,1,1.0
18650,18651,18651,1,1,1.0
18650,18651,18651,1,1,1.0
18650,18651,18651,1,1,1.0
18650,18651,18651,3,3,3.0
18651,18652,18651,1,-1,1.0
18650,18652,18650,1,-1,1.0
18650,18651,18651,1,1,1.0
18650,18651,18651,1,1,1.0
18650,18651,18650,1,-1,1.0
18650,18651,18650,1,-1,1.0
18650,18651,18651,1,1,1.0
18650,18651,18650,1,-1,1.0
18650,18651,18650,20,-20,20.0
18650,18651,18650,1,-1,1.0
18650,18651,18649,2,-2,2.0
18649,18650,18650,1,1,1.0
18649,18651,18650,3,3,-3.0
18649,18651,18650,1,1,-1.0
18649,18650,18649,3,-3,3.0
18649,18650,18649,8,-8,8.0
18648,18649,18648,1,-1,1.0
18648,18649,18649,1,1,1.0
18648,18649,18649,1,1,1.0
18648,18649,18649,1,1,1.0
18648,18649,18649,1,1,1.0
18648,18650,18648,5,-5,5.0
18648,18650,18648,1,-1,1.0
18647,18649,18649,1,1,1.0
18647,18648,18648,2,2,2.0
18647,18648,18647,2,-2,2.0
18647,18648,18647,1,-1,1.0
18647,18648,18647,1,-1,1.0
18647,18648,18647,5,-5,5.0
18647,18648,18646,1,-1,1.0
18646,18648,18646,1,-1,1.0
18646,18648,18648,1,1,1.0
18646,18648,18647,1,1,-1.0
18646,18648,18647,1,1,-1.0
18646,18648,18647,2,2,-2.0
18646,18648,18647,2,2,-2.0
18647,18648,18648,2,2,2.0
18647,18648,18647,2,-2,2.0
18646,18648,18648,7,7,7.0
18647,18649,18647,2,-2,2.0
18647,18649,18647,3,-3,3.0
18646,18648,18647,1,-1,1.0
18646,18648,18647,1,-1,1.0
18647,18648,18648,1,1,1.0
18647,18648,18647,1,-1,1.0
18647,18648,18648,6,6,6.0
18647,18648,18648,1,1,1.0
18647,18648,18647,1,-1,1.0
18647,18648,18647,1,-1,1.0
18647,18648,18647,1,-1,1.0
18647,18648,18647,2,-2,2.0
18646,18648,18647,1,-1,1.0
18646,18648,18646,1,-1,1.0
18646,18648,18646,1,-1,1.0
18646,18648,18646,1,-1,1.0
18646,18648,18647,1,-1,1.0
18647,18648,18647,1,-1,1.0
18646,18647,18646,2,-2,2.0
18646,18647,18646,1,-1,1.0
18646,18647,18646,2,-2,2.0
18646,18647,18646,1,-1,1.0
18646,18647,18647,5,5,5.0
18646,18647,18647,2,2,2.0
18646,18647,18647,1,1,1.0
18646,18647,18647,1,1,1.0
18646,18647,18647,1,1,1.0
18646,18647,18647,1,1,1.0
18646,18647,18646,3,-3,3.0
18645,18647,18645,5,-5,5.0
18645,18647,18646,1,-1,1.0
18645,18647,18645,12,-12,12.0
18645,18647,18645,1,-1,1.0
18645,18647,18647,2,2,2.0
18645,18647,18645,1,-1,1.0
18645,18646,18646,1,1,1.0
18645,18647,18645,2,-2,2.0
18645,18647,18645,1,-1,1.0
18645,18647,18645,2,-2,2.0
18645,18647,18647,2,2,2.0
18645,18647,18645,8,-8,8.0
18646,18647,18646,1,-1,1.0
18646,18647,18647,1,1,1.0
18646,18647,18647,1,1,1.0
18646,18647,18647,4,4,4.0
18646,18647,18647,1,1,1.0
18646,18647,18646,2,-2,2.0
18646,18648,18648,1,1,1.0
18646,18648,18648,1,1,1.0
18646,18648,18646,1,-1,1.0
18646,18648,18646,1,-1,1.0
18646,18648,18646,1,-1,1.0
18646,18648,18648,1,1,1.0
18646,18648,18648,1,1,1.0
18646,18648,18646,1,-1,1.0
18647,18648,18647,2,-2,2.0
18646,18647,18646,1,-1,1.0
18646,18647,18646,1,-1,1.0
18646,18647,18647,2,2,2.0
18646,18648,18646,1,-1,1.0
18646,18648,18646,4,-4,4.0
18646,18648,18646,4,-4,4.0
18646,18647,18646,2,-2,2.0
18646,18647,18646,1,-1,1.0
18646,18647,18647,3,3,3.0
18646,18647,18648,1,1,-1.0
18646,18648,18648,6,6,6.0
18646,18648,18648,6,6,6.0
18646,18648,18648,1,1,1.0
18646,18648,18649,2,2,-2.0
18647,18649,18649,16,16,16.0
18647,18649,18649,3,3,3.0
18647,18649,18650,3,3,-3.0
18647,18649,18648,1,1,-1.0
18648,18649,18649,1,1,1.0
18648,18650,18650,1,1,1.0
18648,18650,18650,2,2,2.0
18648,18649,18649,2,2,2.0
18648,18649,18648,1,-1,1.0
18648,18649,18649,1,1,1.0
18648,18649,18649,1,1,1.0
18648,18649,18648,4,-4,4.0
18648,18649,18648,4,-4,4.0
18648,18649,18648,2,-2,2.0
18648,18649,18649,1,1,1.0
18647,18649,18649,1,1,1.0
18648,18650,18648,2,-2,2.0
18648,18650,18648,1,-1,1.0
18648,18649,18648,3,-3,3.0
18648,18649,18649,2,2,2.0
18648,18649,18649,1,1,1.0
18648,18649,18649,1,1,1.0
18648,18649,18648,1,-1,1.0
18648,18649,18648,11,-11,11.0
18648,18649,18648,1,-1,1.0
18648,18650,18648,2,-2,2.0
18648,18650,18650,1,1,1.0
18648,18650,18650,1,1,1.0
18649,18650,18649,1,-1,1.0
18648,18650,18649,1,-1,1.0
18648,18650,18650,1,1,1.0
18649,18650,18650,16,16,16.0
18649,18650,18650,5,5,5.0
18649,18651,18649,2,-2,2.0
18649,18650,18649,5,-5,5.0
18649,18650,18649,1,-1,1.0
18648,18649,18649,2,2,2.0
18648,18649,18649,1,1,1.0
18648,18650,18648,2,-2,2.0
18648,18650,18649,1,-1,1.0
18648,18650,18650,4,4,4.0
18648,18650,18650,5,5,5.0
18648,18649,18648,1,-1,1.0
18648,18649,18648,1,-1,1.0
18647,18648,18648,1,1,1.0
18647,18648,18648,1,1,1.0
18647,18648,18647,1,-1,1.0
18647,18648,18647,3,-3,3.0
18647,18648,18647,8,-8,8.0
18647,18648,18646,2,-2,2.0
18647,18648,18647,1,-1,1.0
18646,18648,18648,1,1,1.0
18647,18648,18648,10,10,10.0
18647,18649,18649,10,10,10.0
18647,18649,18647,2,-2,2.0
18648,18649,18648,1,-1,1.0
18647,18649,18647,2,-2,2.0
18647,18649,18649,10,10,10.0
18647,18649,18649,10,10,10.0
18647,18649,18649,1,1,1.0
18648,18649,18648,1,-1,1.0
18647,18649,18649,1,1,1.0
18648,18649,18649,2,2,2.0
18648,18650,18650,1,1,1.0
18648,18650,18650,1,1,1.0
18648,18650,18648,2,-2,2.0
18649,18650,18650,1,1,1.0
18649,18650,18650,2,2,2.0
18649,18650,18650,10,10,10.0
18649,18650,18650,2,2,2.0
18649,18650,18650,4,4,4.0
18649,18650,18650,1,1,1.0
18649,18650,18650,1,1,1.0
18649,18650,18650,1,1,1.0
18649,18650,18650,1,1,1.0
18649,18650,18650,1,1,1.0
18649,18651,18649,2,-2,2.0
18650,18651,18650,1,-1,1.0
18650,18651,18650,5,-5,5.0
18650,18651,18650,1,-1,1.0
18649,18650,18649,4,-4,4.0
18649,18650,18650,2,2,2.0
18649,18651,18649,1,-1,1.0
18649,18650,18649,1,-1,1.0
18649,18650,18649,1,-1,1.0
18649,18650,18650,1,1,1.0
18649,18650,18650,1,1,1.0
18649,18650,18650,2,2,2.0
18650,18651,18650,1,-1,1.0
18650,18651,18651,1,1,1.0
18650,18651,18651,6,6,6.0
18650,18651,18651,5,5,5.0
18650,18651,18651,20,20,20.0
18650,18651,18651,2,2,2.0
18650,18651,18651,1,1,1.0
18650,18652,18650,2,-2,2.0
18650,18652,18652,1,1,1.0
18650,18652,18652,1,1,1.0
18650,18651,18651,1,1,1.0
18650,18652,18650,1,-1,1.0
18650,18651,18651,1,1,1.0
18650,18651,18651,1,1,1.0
18651,18652,18652,2,2,2.0
18651,18652,18651,2,-2,2.0
18651,18652,18652,1,1,1.0
18651,18652,18651,1,-1,1.0
18651,18652,18652,2,2,2.0
18651,18652,18652,1,1,1.0
18651,18652,18652,1,1,1.0
18651,18652,18652,3,3,3.0
18651,18652,18652,3,3,3.0
18651,18652,18652,1,1,1.0
18651,18652,18652,4,4,4.0
18651,18652,18652,2,2,2.0
18651,18652,18652,1,1,1.0
18651,18652,18651,1,-1,1.0
18651,18652,18652,1,1,1.0
18651,18652,18651,1,-1,1.0
18651,18652,18651,1,-1,1.0
18651,18652,18651,1,-1,1.0
18651,18652,18652,2,2,2.0
18651,18652,18652,1,1,1.0
18651,18652,18651,2,-2,2.0
18651,18652,18651,1,-1,1.0
18651,18652,18652,1,1,1.0
18651,18652,18651,1,-1,1.0
18651,18652,18651,4,-4,4.0
18651,18652,18651,2,-2,2.0
18651,18652,18651,2,-2,2.0
18651,18652,18651,1,-1,1.0
18651,18652,18651,2,-2,2.0
18651,18652,18650,1,-1,1.0
18651,18652,18650,2,-2,2.0
18651,18652,18651,1,-1,1.0
18651,18652,18650,3,-3,3.0
18650,18651,18651,4,4,4.0
18650,18651,18651,6,6,6.0
18650,18651,18651,1,1,1.0
18650,18651,18650,1,-1,1.0
18650,18651,18650,3,-3,3.0
18650,18651,18651,1,1,1.0
18650,18651,18650,1,-1,1.0
18650,18651,18651,1,1,1.0
18650,18651,18651,3,3,3.0
18650,18651,18651,2,2,2.0
18651,18652,18651,1,-1,1.0
18650,18651,18651,2,2,2.0
18650,18652,18651,1,1,-1.0
18651,18652,18651,1,-1,1.0
18651,18652,18652,1,1,1.0
18651,18652,18651,1,-1,1.0
18651,18652,18652,6,6,6.0
18651,18652,18651,1,-1,1.0
18651,18652,18651,1,-1,1.0
18651,18652,18652,1,1,1.0
18651,18652,18652,1,1,1.0
18651,18652,18652,3,3,3.0
18651,18652,18652,2,2,2.0
18651,18652,18652,1,1,1.0
18652,18653,18652,1,-1,1.0
18652,18653,18653,1,1,1.0
18652,18653,18653,2,2,2.0
18652,18653,18653,2,2,2.0
18652,18653,18653,1,1,1.0
18652,18653,18653,2,2,2.0
18652,18653,18653,2,2,2.0
18652,18653,18653,1,1,1.0
18652,18653,18653,1,1,1.0
18652,18653,18653,4,4,4.0
18652,18653,18653,1,1,1.0
18652,18653,18653,9,9,9.0
18652,18653,18653,5,5,5.0
18652,18653,18653,12,12,12.0
18652,18653,18653,2,2,2.0
18652,18653,18653,1,1,1.0
18652,18653,18654,17,17,-17.0
18654,18655,18655,8,8,8.0
18654,18655,18655,1,1,1.0
18654,18655,18655,1,1,1.0
18654,18655,18655,4,4,4.0
18654,18655,18655,1,1,1.0
18654,18655,18655,4,4,4.0
18654,18655,18655,1,1,1.0
18655,18656,18656,1,1,1.0
18655,18656,18656,2,2,2.0
18655,18656,18656,2,2,2.0
18655,18656,18656,2,2,2.0
18655,18656,18656,1,1,1.0
18655,18656,18656,6,6,6.0
18655,18656,18656,1,1,1.0
18655,18656,18656,1,1,1.0
18655,18656,18656,2,2,2.0
18655,18656,18656,1,1,1.0
18655,18656,18657,1,1,-1.0
18655,18656,18657,1,1,-1.0
18655,18656,18657,1,1,-1.0
18655,18656,18657,7,7,-7.0
18655,18656,18657,1,1,-1.0
18655,18656,18657,6,6,-6.0
18655,18656,18657,1,1,-1.0
18655,18656,18657,2,2,-2.0
18655,18656,18657,1,1,-1.0
18655,18656,18657,1,1,-1.0
18655,18656,18657,1,1,-1.0
18656,18657,18657,3,3,3.0
18656,18657,18658,7,7,-7.0
18656,18657,18658,1,1,-1.0
18656,18657,18658,6,6,-6.0
18656,18657,18658,2,2,-2.0
18656,18657,18658,6,6,-6.0
18656,18657,18657,2,2,2.0
18657,18658,18658,2,2,2.0
18657,18658,18657,1,-1,1.0
18657,18658,18658,2,2,2.0
18657,18658,18658,6,6,6.0
18657,18658,18658,1,1,1.0
18657,18658,18658,1,1,1.0
18657,18658,18658,1,1,1.0
18657,18658,18657,1,-1,1.0
18657,18658,18657,6,-6,6.0
18657,18658,18656,1,-1,1.0
18656,18657,18656,1,-1,1.0
18655,18657,18657,1,1,1.0
18656,18657,18657,3,3,3.0
18656,18657,18656,1,-1,1.0
18656,18657,18655,1,-1,1.0
18655,18656,18656,5,5,5.0
18655,18656,18656,1,1,1.0
18655,18656,18656,1,1,1.0
18655,18656,18655,1,-1,1.0
18654,18655,18655,1,1,1.0
18654,18656,18654,2,-2,2.0
18654,18655,18655,1,1,1.0
18654,18655,18654,1,-1,1.0
18654,18655,18654,1,-1,1.0
18654,18655,18654,2,-2,2.0
18654,18655,18654,1,-1,1.0
18654,18655,18655,1,1,1.0
18654,18655,18655,2,2,2.0
18654,18655,18655,2,2,2.0
18654,18655,18655,3,3,3.0
18654,18655,18656,4,4,-4.0
18654,18655,18656,2,2,-2.0
18654,18655,18656,1,1,-1.0
18655,18657,18656,1,1,-1.0
18655,18657,18657,1,1,1.0
18655,18657,18655,5,-5,5.0
18656,18657,18657,1,1,1.0
18656,18657,18656,3,-3,3.0
18655,18656,18656,1,1,1.0
18655,18657,18655,2,-2,2.0
18655,18656,18656,1,1,1.0
18656,18657,18656,1,-1,1.0
18656,18657,18657,7,7,7.0
18656,18657,18657,7,7,7.0
18656,18657,18657,1,1,1.0
18656,18657,18657,1,1,1.0
18656,18657,18656,1,-1,1.0
18656,18657,18657,1,1,1.0
18656,18657,18657,3,3,3.0
18657,18658,18657,1,-1,1.0
18657,18658,18658,1,1,1.0
18657,18658,18658,1,1,1.0
18657,18658,18658,1,1,1.0
18657,18658,18657,1,-1,1.0
18657,18658,18657,1,-1,1.0
18656,18658,18656,2,-2,2.0
18656,18657,18657,3,3,3.0
18656,18658,18658,1,1,1.0
18656,18657,18657,1,1,1.0
18656,18657,18657,1,1,1.0
18656,18657,18656,1,-1,1.0
18656,18657,18657,1,1,1.0
18656,18657,18656,1,-1,1.0
18656,18657,18657,1,1,1.0
18656,18657,18657,1,1,1.0
18656,18657,18656,1,-1,1.0
18656,18657,18657,2,2,2.0
18656,18657,18656,1,-1,1.0
18656,18657,18657,1,1,1.0
18656,18658,18657,1,1,-1.0
18657,18658,18657,1,-1,1.0
18656,18658,18658,2,2,2.0
18656,18657,18656,5,-5,5.0
18656,18657,18656,2,-2,2.0
18655,18657,18657,1,1,1.0
18656,18657,18656,1,-1,1.0
18656,18657,18656,1,-1,1.0
18656,18657,18656,1,-1,1.0
18655,18657,18655,1,-1,1.0
18656,18657,18657,1,1,1.0
18656,18657,18657,1,1,1.0
18656,18657,18657,3,3,3.0
18656,18657,18658,31,31,-31.0
18656,18657,18658,1,1,-1.0
18657,18659,18657,1,-1,1.0
18657,18658,18657,12,-12,12.0
18656,18658,18658,3,3,3.0
18656,18658,18658,1,1,1.0
18656,18658,18658,1,1,1.0
18657,18658,18658,1,1,1.0
18656,18658,18658,6,6,6.0
18656,18658,18659,1,1,-1.0
18657,18659,18659,1,1,1.0
18657,18658,18658,1,1,1.0
18657,18659,18659,3,3,3.0
18657,18658,18658,1,1,1.0
18657,18659,18658,10,10,-10.0
18657,18659,18659,1,1,1.0
18657,18659,18659,2,2,2.0
18657,18659,18657,2,-2,2.0
18657,18658,18658,2,2,2.0
18657,18658,18658,1,1,1.0
18657,18658,18658,2,2,2.0
18658,18659,18658,2,-2,2.0
18658,18659,18659,3,3,3.0
18658,18659,18658,1,-1,1.0
18658,18659,18658,1,-1,1.0
18658,18659,18659,1,1,1.0
18658,18659,18659,6,6,6.0
18658,18659,18658,2,-2,2.0
18658,18659,18658,1,-1,1.0
18658,18659,18658,1,-1,1.0
18658,18659,18659,1,1,1.0
18658,18659,18658,1,-1,1.0
18658,18659,18658,1,-1,1.0
18658,18659,18658,7,-7,7.0
18658,18659,18657,1,-1,1.0
18658,18659,18657,5,-5,5.0
18658,18659,18657,1,-1,1.0
18658,18659,18657,8,-8,8.0
18656,18658,18658,1,1,1.0
18656,18658,18658,5,5,5.0
18656,18658,18656,13,-13,13.0
18656,18658,18655,11,-11,11.0
18655,18657,18656,1,-1,1.0
18655,18656,18655,5,-5,5.0
18654,18656,18656,2,2,2.0
18654,18656,18656,1,1,1.0
18654,18656,18656,1,1,1.0
18654,18656,18654,5,-5,5.0
18654,18655,18654,10,-10,10.0
18654,18655,18655,2,2,2.0
18655,18656,18656,1,1,1.0
18655,18656,18656,1,1,1.0
18655,18656,18655,1,-1,1.0
18655,18656,18655,1,-1,1.0
18655,18656,18656,1,1,1.0
18655,18656,18655,1,-1,1.0
18655,18656,18655,6,-6,6.0
18654,18655,18654,1,-1,1.0
18654,18655,18655,2,2,2.0
18655,18656,18655,1,-1,1.0
18654,18656,18654,1,-1,1.0
18654,18655,18655,2,2,2.0
18654,18655,18654,3,-3,3.0
18654,18655,18655,1,1,1.0
18654,18655,18654,1,-1,1.0
18654,18655,18655,1,1,1.0
18654,18655,18654,1,-1,1.0
18654,18655,18654,1,-1,1.0
18654,18655,18654,1,-1,1.0
18654,18655,18654,4,-4,4.0
18654,18655,18653,3,-3,3.0
18654,18655,18654,1,-1,1.0
18653,18654,18654,1,1,1.0
18653,18654,18654,1,1,1.0
18653,18655,18654,1,1,-1.0
18653,18654,18653,1,-1,1.0
18653,18654,18653,1,-1,1.0
18653,18654,18654,1,1,1.0
18653,18654,18654,1,1,1.0
18653,18655,18653,1,-1,1.0
18653,18655,18655,2,2,2.0
18654,18655,18654,1,-1,1.0
18653,18654,18653,1,-1,1.0
18653,18654,18653,2,-2,2.0
18653,18654,18654,1,1,1.0
18653,18655,18655,2,2,2.0
18654,18655,18654,2,-2,2.0
18654,18655,18653,1,-1,1.0
18654,18655,18655,1,1,1.0
18654,18655,18654,2,-2,2.0
18654,18655,18653,2,-2,2.0
18654,18655,18655,1,1,1.0
18654,18655,18655,1,1,1.0
18654,18655,18655,2,2,2.0
18654,18655,18655,1,1,1.0
18655,18656,18656,1,1,1.0
18655,18656,18655,1,-1,1.0
18654,18656,18654,2,-2,2.0
18654,18656,18654,1,-1,1.0
18654,18656,18654,1,-1,1.0
18654,18656,18656,1,1,1.0
18654,18656,18654,1,-1,1.0
18654,18656,18654,1,-1,1.0
18654,18655,18655,1,1,1.0
18654,18656,18654,2,-2,2.0
18654,18656,18654,1,-1,1.0
18654,18656,18654,2,-2,2.0
18654,18656,18654,1,-1,1.0
18654,18656,18654,1,-1,1.0
18654,18656,18654,1,-1,1.0
18654,18656,18654,4,-4,4.0
18654,18656,18654,2,-2,2.0
18654,18656,18654,2,-2,2.0
18654,18656,18654,2,-2,2.0
18654,18656,18654,1,-1,1.0
18654,18656,18654,1,-1,1.0
18654,18656,18656,1,1,1.0
18655,18656,18655,1,-1,1.0
18654,18656,18654,3,-3,3.0
18654,18656,18655,1,-1,1.0
18654,18655,18655,2,2,2.0
18654,18656,18654,1,-1,1.0
18654,18655,18654,1,-1,1.0
18654,18655,18654,2,-2,2.0
18654,18655,18654,6,-6,6.0
18653,18654,18654,1,1,1.0
18653,18654,18653,1,-1,1.0
18653,18654,18653,2,-2,2.0
18653,18654,18654,1,1,1.0
18653,18654,18654,1,1,1.0
18653,18655,18653,2,-2,2.0
18653,18654,18653,5,-5,5.0
18653,18654,18653,22,-22,22.0
18653,18654,18653,4,-4,4.0
18653,18654,18653,1,-1,1.0
18653,18654,18652,1,-1,1.0
18653,18654,18652,1,-1,1.0
18653,18654,18652,1,-1,1.0
18653,18654,18652,1,-1,1.0
18653,18654,18652,1,-1,1.0
18653,18654,18652,1,-1,1.0
18653,18654,18652,3,-3,3.0
18651,18653,18651,10,-10,10.0
18651,18652,18651,2,-2,2.0
18651,18652,18652,2,2,2.0
18652,18653,18653,2,2,2.0
18652,18653,18652,1,-1,1.0
18651,18653,18651,1,-1,1.0
18651,18653,18651,2,-2,2.0
18651,18653,18651,1,-1,1.0
18651,18653,18652,2,-2,2.0
18651,18653,18652,2,-2,2.0
18651,18653,18651,2,-2,2.0
18651,18652,18652,4,4,4.0
18651,18653,18652,1,1,-1.0
18651,18652,18651,2,-2,2.0
18651,18652,18652,1,1,1.0
18651,18652,18651,1,-1,1.0
18651,18652,18651,1,-1,1.0
18651,18652,18651,1,-1,1.0
18651,18652,18651,1,-1,1.0
18651,18652,18651,2,-2,2.0
18651,18652,18652,1,1,1.0
18651,18652,18652,1,1,1.0
18651,18652,18652,1,1,1.0
18651,18652,18652,1,1,1.0
18651,18652,18652,1,1,1.0
18651,18652,18652,1,1,1.0
18651,18652,18652,1,1,1.0
18651,18652,18651,1,-1,1.0
18651,18652,18652,1,1,1.0
18651,18652,18652,1,1,1.0
18651,18652,18652,2,2,2.0
18651,18652,18651,2,-2,2.0
18650,18651,18651,1,1,1.0
18651,18652,18651,1,-1,1.0
18651,18652,18652,2,2,2.0
18651,18653,18653,2,2,2.0
18651,18653,18651,5,-5,5.0
18652,18653,18652,1,-1,1.0
18652,18653,18653,5,5,5.0
18652,18653,18653,2,2,2.0
18652,18653,18653,2,2,2.0
18652,18654,18654,1,1,1.0
18652,18654,18654,1,1,1.0
18652,18654,18654,1,1,1.0
18652,18654,18654,1,1,1.0
18652,18654,18654,1,1,1.0
18652,18654,18655,1,1,-1.0
18652,18654,18653,1,1,-1.0
18652,18654,18653,1,1,-1.0
18652,18654,18654,1,1,1.0
18652,18654,18654,1,1,1.0
18652,18654,18654,1,1,1.0
18652,18654,18654,1,1,1.0
18652,18654,18653,1,1,-1.0
18653,18654,18654,1,1,1.0
18653,18654,18654,2,2,2.0
18653,18655,18653,3,-3,3.0
18653,18655,18652,1,-1,1.0
18653,18655,18654,2,-2,2.0
18653,18655,18653,2,-2,2.0
18653,18655,18654,1,-1,1.0
18653,18655,18654,1,-1,1.0
18652,18654,18652,2,-2,2.0
18652,18654,18653,1,-1,1.0
18652,18653,18652,2,-2,2.0
18651,18653,18651,2,-2,2.0
18651,18653,18651,7,-7,7.0
18650,18652,18651,1,-1,1.0
18650,18652,18651,1,-1,1.0
18650,18652,18652,1,1,1.0
18650,18652,18651,1,1,-1.0
18650,18652,18651,1,1,-1.0
18650,18651,18652,1,1,-1.0
18650,18652,18650,14,-14,14.0
18650,18652,18649,3,-3,3.0
18650,18652,18649,1,-1,1.0
18648,18649,18648,2,-2,2.0
18648,18649,18649,3,3,3.0
18648,18649,18649,1,1,1.0
18648,18649,18650,1,1,-1.0
18648,18649,18650,1,1,-1.0
18648,18649,18649,1,1,1.0
18648,18650,18648,1,-1,1.0
18648,18650,18648,1,-1,1.0
18648,18650,18648,1,-1,1.0
18648,18650,18650,1,1,1.0
18648,18650,18650,1,1,1.0
18648,18650,18649,1,1,-1.0
18648,18650,18650,1,1,1.0
18648,18650,18648,2,-2,2.0
18648,18649,18649,5,5,5.0
18648,18649,18650,1,1,-1.0
18648,18649,18648,1,-1,1.0
18648,18649,18649,1,1,1.0
18648,18649,18648,1,-1,1.0
18648,18649,18648,1,-1,1.0
18648,18649,18648,3,-3,3.0
18648,18649,18647,3,-3,3.0
18647,18649,18649,3,3,3.0
18647,18649,18648,1,1,-1.0
18647,18649,18648,1,1,-1.0
18648,18650,18649,1,1,-1.0
18648,18650,18650,5,5,5.0
18648,18650,18650,1,1,1.0
18648,18650,18651,4,4,-4.0
18649,18651,18649,1,-1,1.0
18649,18651,18649,9,-9,9.0
18649,18650,18650,5,5,5.0
18649,18650,18649,1,-1,1.0
18648,18650,18649,1,-1,1.0
18648,18650,18650,1,1,1.0
18648,18650,18648,1,-1,1.0
18649,18650,18649,1,-1,1.0
18649,18650,18649,2,-2,2.0
18649,18650,18649,1,-1,1.0
18649,18650,18650,1,1,1.0
18649,18650,18649,1,-1,1.0
18649,18650,18648,4,-4,4.0
18648,18649,18649,1,1,1.0
18649,18650,18649,1,-1,1.0
18649,18650,18650,1,1,1.0
18649,18650,18650,1,1,1.0
18649,18650,18650,1,1,1.0
18649,18651,18651,3,3,3.0
18649,18651,18651,2,2,2.0
18649,18651,18649,3,-3,3.0
18649,18651,18651,3,3,3.0
18649,18651,18651,1,1,1.0
18649,18651,18651,1,1,1.0
18649,18651,18651,1,1,1.0
18649,18651,18651,1,1,1.0
18649,18651,18651,1,1,1.0
18649,18651,18651,1,1,1.0
18649,18651,18651,1,1,1.0
18649,18651,18652,2,2,-2.0
18650,18652,18650,1,-1,1.0
18650,18652,18652,3,3,3.0
18650,18652,18652,1,1,1.0
18650,18652,18650,1,-1,1.0
18650,18652,18650,1,-1,1.0
18649,18651,18649,1,-1,1.0
18649,18651,18649,1,-1,1.0
18649,18650,18650,4,4,4.0
18650,18651,18650,2,-2,2.0
18650,18651,18650,2,-2,2.0
18649,18650,18649,2,-2,2.0
18649,18650,18648,3,-3,3.0
18648,18650,18648,1,-1,1.0
18648,18650,18648,4,-4,4.0
18648,18650,18648,1,-1,1.0
18648,18649,18648,3,-3,3.0
18648,18649,18648,2,-2,2.0
18648,18649,18648,1,-1,1.0
18648,18649,18648,2,-2,2.0
18648,18649,18648,1,-1,1.0
18648,18649,18648,1,-1,1.0
18648,18649,18649,5,5,5.0
18648,18649,18650,29,29,-29.0
18648,18649,18651,4,4,-4.0
18648,18649,18651,7,7,-7.0
18650,18651,18650,1,-1,1.0
18650,18651,18649,1,-1,1.0
18649,18651,18649,1,-1,1.0
18650,18651,18650,2,-2,2.0
18650,18651,18649,1,-1,1.0
18650,18651,18649,1,-1,1.0
18649,18650,18649,5,-5,5.0
18649,18650,18650,1,1,1.0
18649,18650,18650,1,1,1.0
18649,18650,18650,1,1,1.0
18649,18650,18651,2,2,-2.0
18650,18651,18651,1,1,1.0
18650,18651,18651,1,1,1.0
18651,18652,18651,1,-1,1.0
18651,18652,18651,1,-1,1.0
18650,18652,18650,4,-4,4.0
18650,18652,18652,1,1,1.0
18650,18652,18652,1,1,1.0
18650,18652,18652,1,1,1.0
18650,18652,18652,1,1,1.0
18651,18652,18651,1,-1,1.0
18651,18652,18651,1,-1,1.0
18650,18652,18650,1,-1,1.0
18650,18652,18650,1,-1,1.0
18650,18651,18651,2,2,2.0
18650,18651,18651,1,1,1.0
18650,18651,18651,1,1,1.0
18650,18651,18650,1,-1,1.0
18650,18651,18651,1,1,1.0
18650,18651,18651,3,3,3.0
18650,18652,18652,1,1,1.0
18650,18652,18652,1,1,1.0
18650,18652,18652,1,1,1.0
18650,18652,18652,1,1,1.0
18650,18652,18652,1,1,1.0
18650,18652,18651,1,1,-1.0
18650,18651,18651,2,2,2.0
18651,18652,18652,3,3,3.0
18651,18652,18652,3,3,3.0
18652,18653,18652,1,-1,1.0
18652,18653,18653,13,13,13.0
18653,18654,18654,2,2,2.0
18653,18654,18654,1,1,1.0
18653,18654,18653,2,-2,2.0
18652,18654,18653,1,-1,1.0
18653,18654,18653,1,-1,1.0
18653,18654,18653,1,-1,1.0
18653,18654,18654,2,2,2.0
18653,18655,18654,1,1,-1.0
18653,18655,18655,1,1,1.0
18653,18655,18653,2,-2,2.0
18653,18654,18654,1,1,1.0
18653,18654,18654,1,1,1.0
18653,18654,18654,1,1,1.0
18653,18655,18654,1,1,-1.0
18653,18655,18654,1,1,-1.0
18653,18654,18654,1,1,1.0
18653,18654,18653,9,-9,9.0
18652,18653,18653,1,1,1.0
18652,18653,18653,1,1,1.0
18652,18653,18653,1,1,1.0
18652,18653,18654,1,1,-1.0
18652,18654,18652,2,-2,2.0
18652,18654,18654,1,1,1.0
18653,18655,18653,1,-1,1.0
18653,18654,18654,2,2,2.0
18653,18655,18654,1,1,-1.0
18654,18655,18654,1,-1,1.0
18653,18654,18653,1,-1,1.0
18652,18654,18652,2,-2,2.0
18652,18654,18653,1,-1,1.0
18652,18653,18653,1,1,1.0
18653,18654,18654,4,4,4.0
18653,18655,18653,1,-1,1.0
18654,18655,18654,2,-2,2.0
18653,18655,18655,1,1,1.0
18653,18655,18653,3,-3,3.0
18653,18655,18655,1,1,1.0
18653,18655,18653,1,-1,1.0
18653,18654,18653,1,-1,1.0
18652,18654,18652,1,-1,1.0
18652,18654,18654,1,1,1.0
18653,18654,18653,3,-3,3.0
18653,18654,18653,3,-3,3.0
18653,18654,18652,1,-1,1.0
18653,18654,18652,2,-2,2.0
18653,18654,18652,1,-1,1.0
18651,18653,18653,1,1,1.0
18651,18652,18652,2,2,2.0
18651,18652,18651,1,-1,1.0
18651,18652,18651,1,-1,1.0
18650,18652,18652,1,1,1.0
18650,18652,18651,2,2,-2.0
18650,18651,18650,1,-1,1.0
18650,18652,18650,1,-1,1.0
18650,18652,18650,1,-1,1.0
18650,18651,18650,1,-1,1.0
18650,18651,18650,1,-1,1.0
18650,18651,18650,1,-1,1.0
18650,18651,18650,1,-1,1.0
18650,18651,18651,1,1,1.0
18650,18651,18651,2,2,2.0
18650,18651,18652,1,1,-1.0
18650,18651,18652,2,2,-2.0
18650,18651,18652,2,2,-2.0
18650,18651,18652,3,3,-3.0
18650,18651,18653,5,5,-5.0
18650,18651,18653,1,1,-1.0
18652,18654,18654,1,1,1.0
18652,18654,18654,8,8,8.0
18654,18655,18654,1,-1,1.0
18654,18655,18655,2,2,2.0
18654,18655,18655,6,6,6.0
18654,18655,18655,6,6,6.0
18654,18655,18655,1,1,1.0
18655,18656,18655,1,-1,1.0
18655,18656,18655,1,-1,1.0
18655,18656,18656,2,2,2.0
18655,18656,18655,1,-1,1.0
18655,18656,18656,24,24,24.0
18655,18656,18656,1,1,1.0
18655,18656,18657,2,2,-2.0
18655,18656,18657,2,2,-2.0
18655,18656,18657,2,2,-2.0
18656,18657,18657,1,1,1.0
18656,18657,18658,1,1,-1.0
18656,18657,18658,1,1,-1.0
18656,18657,18658,1,1,-1.0
18656,18657,18658,2,2,-2.0
18656,18657,18658,1,1,-1.0
18656,18657,18658,1,1,-1.0
18656,18657,18658,2,2,-2.0
18656,18657,18658,1,1,-1.0
18656,18657,18658,1,1,-1.0
18657,18658,18658,1,1,1.0
18657,18658,18658,2,2,2.0
18657,18658,18657,2,-2,2.0
18657,18658,18658,1,1,1.0
18657,18658,18658,12,12,12.0
18657,18659,18659,1,1,1.0
18657,18659,18659,1,1,1.0
18657,18659,18659,1,1,1.0
18657,18659,18658,1,1,-1.0
18657,18659,18659,3,3,3.0
18658,18659,18659,1,1,1.0
18658,18659,18658,3,-3,3.0
18658,18659,18658,1,-1,1.0
18658,18659,18659,1,1,1.0
18657,18659,18657,2,-2,2.0
18657,18659,18659,1,1,1.0
18657,18659,18659,17,17,17.0
18657,18659,18658,1,1,-1.0
18658,18660,18660,1,1,1.0
18658,18660,18660,3,3,3.0
18658,18660,18660,1,1,1.0
18658,18660,18660,1,1,1.0
18658,18660,18660,1,1,1.0
18658,18660,18660,1,1,1.0
18658,18660,18660,1,1,1.0
18658,18660,18660,1,1,1.0
18658,18660,18660,6,6,6.0
18658,18660,18659,2,2,-2.0
18658,18660,18660,1,1,1.0
18658,18660,18658,1,-1,1.0
18658,18660,18659,1,-1,1.0
18658,18660,18659,1,-1,1.0
18658,18659,18659,4,4,4.0
18658,18659,18660,2,2,-2.0
18658,18659,18659,1,1,1.0
18658,18660,18659,1,1,-1.0
18658,18660,18660,3,3,3.0
18658,18660,18658,1,-1,1.0
18658,18660,18660,1,1,1.0
18658,18660,18660,3,3,3.0
18658,18659,18659,1,1,1.0
18658,18659,18660,2,2,-2.0
18659,18660,18659,2,-2,2.0
18658,18660,18659,2,-2,2.0
18658,18660,18659,1,-1,1.0
18659,18660,18660,1,1,1.0
18659,18660,18660,1,1,1.0
18658,18660,18658,1,-1,1.0
18658,18660,18660,1,1,1.0
18658,18660,18660,1,1,1.0
18658,18660,18660,1,1,1.0
18658,18660,18660,1,1,1.0
18658,18660,18660,1,1,1.0
18658,18660,18660,1,1,1.0
18659,18660,18659,2,-2,2.0
18658,18660,18660,2,2,2.0
18658,18659,18659,1,1,1.0
18658,18660,18658,1,-1,1.0
18659,18660,18660,2,2,2.0
18659,18660,18660,1,1,1.0
18658,18660,18658,1,-1,1.0
18658,18659,18659,1,1,1.0
18658,18659,18659,1,1,1.0
18658,18659,18658,1,-1,1.0
18658,18659,18658,2,-2,2.0
18658,18659,18658,6,-6,6.0
18658,18659,18658,6,-6,6.0
18658,18659,18657,1,-1,1.0
18657,18658,18657,1,-1,1.0
18655,18657,18657,4,4,4.0
18656,18658,18656,1,-1,1.0
18656,18658,18658,6,6,6.0
18657,18659,18657,1,-1,1.0
18657,18659,18657,1,-1,1.0
18658,18659,18658,1,-1,1.0
18658,18659,18658,1,-1,1.0
18657,18658,18657,1,-1,1.0
18656,18657,18657,2,2,2.0
18656,18657,18656,4,-4,4.0
18656,18657,18656,1,-1,1.0
18655,18657,18655,7,-7,7.0
18656,18657,18657,1,1,1.0
18656,18657,18657,2,2,2.0
18656,18658,18658,1,1,1.0
18656,18658,18658,1,1,1.0
18656,18658,18658,1,1,1.0
18657,18658,18657,2,-2,2.0
18656,18658,18657,1,-1,1.0
18657,18658,18658,5,5,5.0
18657,18658,18658,1,1,1.0
18658,18659,18658,1,-1,1.0
18658,18659,18658,4,-4,4.0
18658,18659,18658,1,-1,1.0
18657,18658,18658,2,2,2.0
18657,18658,18658,1,1,1.0
18657,18658,18659,1,1,-1.0
18657,18658,18657,1,-1,1.0
18657,18659,18659,15,15,15.0
18657,18659,18659,3,3,3.0
18658,18660,18660,44,44,44.0
18658,18660,18661,30,30,-30.0
18661,18662,18662,8,8,8.0
18661,18662,18662,2,2,2.0
18661,18662,18662,1,1,1.0
18661,18662,18662,2,2,2.0
18661,18662,18662,1,1,1.0
18661,18662,18662,1,1,1.0
18661,18662,18663,1,1,-1.0
18661,18662,18661,2,-2,2.0
18661,18662,18663,6,6,-6.0
18661,18663,18663,1,1,1.0
18661,18663,18663,1,1,1.0
18661,18663,18661,1,-1,1.0
18661,18663,18663,1,1,1.0
18661,18663,18661,1,-1,1.0
18661,18663,18661,3,-3,3.0
18661,18663,18660,1,-1,1.0
18661,18663,18659,1,-1,1.0
18661,18663,18660,1,-1,1.0
18659,18661,18660,2,-2,2.0
18659,18661,18660,1,-1,1.0
18659,18661,18661,1,1,1.0
18659,18661,18661,4,4,4.0
18659,18660,18660,1,1,1.0
18659,18660,18661,1,1,-1.0
18659,18660,18661,1,1,-1.0
18659,18660,18661,1,1,-1.0
18659,18660,18661,1,1,-1.0
18659,18660,18661,1,1,-1.0
18659,18660,18661,2,2,-2.0
18659,18660,18662,1,1,-1.0
18660,18662,18662,1,1,1.0
18660,18661,18660,1,-1,1.0
18660,18661,18661,1,1,1.0
18660,18661,18662,2,2,-2.0
18660,18662,18662,5,5,5.0
18660,18662,18662,1,1,1.0
18660,18662,18661,1,1,-1.0
18660,18662,18660,1,-1,1.0
18660,18662,18662,3,3,3.0
18660,18662,18661,1,1,-1.0
18660,18662,18660,1,-1,1.0
18660,18662,18660,1,-1,1.0
18660,18662,18660,1,-1,1.0
18660,18662,18660,1,-1,1.0
18660,18662,18660,1,-1,1.0
18659,18660,18660,1,1,1.0
18659,18660,18660,1,1,1.0
18659,18660,18660,1,1,1.0
18659,18660,18659,1,-1,1.0
18659,18660,18660,2,2,2.0
18659,18660,18660,6,6,6.0
18660,18661,18660,1,-1,1.0
18660,18662,18661,1,-1,1.0
18661,18663,18662,1,-1,1.0
18661,18662,18662,1,1,1.0
18661,18662,18662,1,1,1.0
18662,18663,18662,1,-1,1.0
18662,18663,18663,1,1,1.0
18662,18663,18663,3,3,3.0
18662,18663,18663,1,1,1.0
18662,18663,18663,1,1,1.0
18662,18663,18663,3,3,3.0
18662,18663,18663,7,7,7.0
18662,18663,18663,1,1,1.0
18662,18663,18663,1,1,1.0
18662,18663,18663,3,3,3.0
18662,18664,18662,1,-1,1.0
18662,18664,18662,10,-10,10.0
18662,18663,18663,1,1,1.0
18663,18664,18663,3,-3,3.0
18663,18664,18663,1,-1,1.0
18663,18664,18663,2,-2,2.0
18662,18663,18663,1,1,1.0
18662,18663,18662,2,-2,2.0
18662,18663,18663,12,12,12.0
18662,18663,18664,1,1,-1.0
18662,18663,18662,2,-2,2.0
18662,18663,18663,4,4,4.0
18662,18663,18664,1,1,-1.0
18662,18663,18664,5,5,-5.0
18662,18663,18664,5,5,-5.0
18662,18663,18663,1,1,1.0
18662,18663,18664,4,4,-4.0
18662,18664,18663,1,1,-1.0
18662,18664,18662,1,-1,1.0
18662,18664,18662,2,-2,2.0
18662,18664,18662,1,-1,1.0
18662,18663,18663,1,1,1.0
18662,18663,18663,1,1,1.0
18662,18663,18663,1,1,1.0
18662,18664,18662,1,-1,1.0
18662,18664,18662,1,-1,1.0
18662,18663,18662,2,-2,2.0
18661,18662,18662,1,1,1.0
18661,18662,18661,1,-1,1.0
18661,18662,18662,2,2,2.0
18661,18662,18662,1,1,1.0
18661,18662,18662,1,1,1.0
18661,18662,18661,2,-2,2.0
18661,18662,18662,3,3,3.0
18661,18662,18661,1,-1,1.0
18661,18662,18662,1,1,1.0
18660,18662,18660,7,-7,7.0
18660,18662,18662,3,3,3.0
18660,18661,18660,2,-2,2.0
18660,18661,18661,2,2,2.0
18660,18662,18662,2,2,2.0
18661,18662,18662,1,1,1.0
18661,18662,18661,1,-1,1.0
18661,18662,18660,9,-9,9.0
18661,18662,18662,5,5,5.0
18661,18662,18662,2,2,2.0
18661,18662,18662,1,1,1.0
18661,18662,18662,1,1,1.0
18661,18663,18663,2,2,2.0
18661,18662,18661,1,-1,1.0
18660,18662,18660,2,-2,2.0
18660,18662,18662,1,1,1.0
18660,18662,18660,1,-1,1.0
18660,18662,18660,1,-1,1.0
18659,18661,18661,2,2,2.0
18659,18661,18661,7,7,7.0
18659,18661,18661,1,1,1.0
18659,18661,18661,1,1,1.0
18659,18661,18662,1,1,-1.0
18661,18662,18661,1,-1,1.0
18661,18662,18661,1,-1,1.0
18660,18661,18661,1,1,1.0
18660,18661,18661,1,1,1.0
18661,18662,18661,1,-1,1.0
18661,18662,18661,1,-1,1.0
18660,18662,18661,2,-2,2.0
18661,18662,18662,3,3,3.0
18661,18662,18662,11,11,11.0
18661,18662,18662,1,1,1.0
18662,18663,18662,1,-1,1.0
18662,18663,18662,1,-1,1.0
18662,18663,18663,1,1,1.0
18662,18663,18663,1,1,1.0
18662,18663,18662,1,-1,1.0
18662,18663,18662,1,-1,1.0
18662,18663,18663,2,2,2.0
18662,18663,18662,4,-4,4.0
18662,18663,18661,1,-1,1.0
18661,18663,18663,1,1,1.0
18662,18663,18663,5,5,5.0
18662,18664,18663,1,1,-1.0
18662,18664,18662,1,-1,1.0
18662,18664,18663,1,-1,1.0
18662,18663,18662,1,-1,1.0
18662,18663,18663,5,5,5.0
18662,18663,18662,1,-1,1.0
18662,18663,18663,1,1,1.0
18662,18663,18664,1,1,-1.0
18662,18663,18664,2,2,-2.0
18662,18663,18664,3,3,-3.0
18662,18663,18664,1,1,-1.0
18662,18663,18664,1,1,-1.0
18664,18665,18665,1,1,1.0
18664,18665,18665,1,1,1.0
18664,18665,18665,1,1,1.0
18664,18665,18665,1,1,1.0
18664,18665,18665,1,1,1.0
18664,18665,18665,1,1,1.0
18664,18665,18665,1,1,1.0
18664,18665,18665,1,1,1.0
18664,18665,18665,1,1,1.0
18664,18665,18665,1,1,1.0
18664,18665,18665,4,4,4.0
18664,18665,18664,1,-1,1.0
18664,18665,18665,2,2,2.0
18664,18665,18665,1,1,1.0
18664,18665,18665,1,1,1.0
18664,18665,18665,2,2,2.0
18664,18665,18665,1,1,1.0
18664,18666,18664,3,-3,3.0
18664,18666,18665,1,-1,1.0
18664,18666,18664,1,-1,1.0
18664,18665,18665,1,1,1.0
18664,18666,18666,1,1,1.0
18664,18666,18666,6,6,6.0
18664,18666,18666,2,2,2.0
18664,18666,18666,1,1,1.0
18664,18666,18664,4,-4,4.0
18664,18666,18665,1,-1,1.0
18664,18666,18665,1,-1,1.0
18664,18665,18665,3,3,3.0
18664,18665,18666,1,1,-1.0
18664,18665,18666,15,15,-15.0
18664,18666,18666,4,4,4.0
18664,18666,18664,2,-2,2.0
18664,18665,18664,1,-1,1.0
18664,18666,18666,1,1,1.0
18664,18665,18665,1,1,1.0
18664,18665,18664,1,-1,1.0
18664,18665,18665,1,1,1.0
18664,18666,18664,2,-2,2.0
18664,18665,18665,1,1,1.0
18664,18665,18665,1,1,1.0
18664,18665,18664,2,-2,2.0
18664,18665,18664,6,-6,6.0
18662,18664,18663,1,-1,1.0
18663,18665,18662,1,-1,1.0
18662,18664,18662,1,-1,1.0
18662,18664,18664,1,1,1.0
18662,18664,18662,1,-1,1.0
18662,18664,18664,12,12,12.0
18662,18664,18665,28,28,-28.0
18662,18664,18665,1,1,-1.0
18662,18664,18665,9,9,-9.0
18662,18664,18665,1,1,-1.0
18663,18664,18664,1,1,1.0
18663,18665,18663,2,-2,2.0
18664,18665,18665,2,2,2.0
18664,18665,18664,3,-3,3.0
18664,18665,18665,3,3,3.0
18664,18665,18665,1,1,1.0
18664,18665,18664,2,-2,2.0
18664,18665,18664,1,-1,1.0
18664,18665,18664,2,-2,2.0
18663,18664,18663,1,-1,1.0
18663,18664,18663,1,-1,1.0
18663,18664,18663,4,-4,4.0
18663,18664,18663,1,-1,1.0
18663,18664,18663,1,-1,1.0
18663,18664,18663,1,-1,1.0
18662,18663,18663,2,2,2.0
18662,18663,18663,2,2,2.0
18662,18663,18662,3,-3,3.0
18662,18663,18662,1,-1,1.0
18662,18663,18661,5,-5,5.0
18661,18663,18661,4,-4,4.0
18661,18662,18662,1,1,1.0
18661,18662,18662,3,3,3.0
18661,18662,18662,1,1,1.0
18661,18662,18661,6,-6,6.0
18661,18662,18661,3,-3,3.0
18661,18662,18661,1,-1,1.0
18660,18662,18661,4,-4,4.0
18660,18662,18662,1,1,1.0
18661,18662,18662,2,2,2.0
18661,18662,18661,1,-1,1.0
18661,18662,18660,1,-1,1.0
18660,18662,18660,1,-1,1.0
18660,18662,18660,1,-1,1.0
18660,18661,18661,1,1,1.0
18660,18661,18661,1,1,1.0
18660,18661,18660,1,-1,1.0
18660,18661,18661,1,1,1.0
18660,18661,18661,1,1,1.0
18661,18662,18661,2,-2,2.0
18661,18662,18661,2,-2,2.0
18661,18662,18661,1,-1,1.0
18661,18662,18661,3,-3,3.0
18660,18661,18660,2,-2,2.0
18660,18661,18660,1,-1,1.0
18660,18661,18660,27,-27,27.0
18659,18660,18660,1,1,1.0
18659,18660,18660,1,1,1.0
18659,18660,18659,1,-1,1.0
18659,18660,18659,1,-1,1.0
18659,18660,18660,2,2,2.0
18659,18660,18659,2,-2,2.0
18658,18660,18659,1,-1,1.0
18659,18660,18660,1,1,1.0
18659,18660,18659,1,-1,1.0
18659,18660,18660,1,1,1.0
18659,18660,18659,2,-2,2.0
18659,18660,18659,1,-1,1.0
18659,18660,18660,3,3,3.0
18659,18660,18660,5,5,5.0
18659,18660,18661,1,1,-1.0
18660,18661,18659,1,-1,1.0
18659,18660,18659,1,-1,1.0
18659,18660,18660,1,1,1.0
18659,18660,18660,1,1,1.0
18659,18660,18659,1,-1,1.0
18659,18660,18659,2,-2,2.0
18659,18660,18659,2,-2,2.0
18659,18660,18660,2,2,2.0
18659,18660,18659,5,-5,5.0
18658,18660,18658,2,-2,2.0
18658,18660,18658,1,-1,1.0
18658,18660,18659,1,-1,1.0
18658,18659,18659,2,2,2.0
18658,18659,18658,1,-1,1.0
18658,18659,18658,2,-2,2.0
18658,18659,18659,2,2,2.0
18658,18659,18659,1,1,1.0
18658,18659,18659,1,1,1.0
18658,18659,18659,7,7,7.0
18658,18659,18659,5,5,5.0
18659,18660,18659,1,-1,1.0
18659,18660,18659,1,-1,1.0
18658,18659,18659,1,1,1.0
18658,18659,18658,1,-1,1.0
18658,18659,18658,1,-1,1.0
18658,18659,18659,1,1,1.0
18658,18659,18658,1,-1,1.0
18658,18659,18659,1,1,1.0
18658,18659,18658,1,-1,1.0
18658,18659,18659,2,2,2.0
18658,18659,18659,1,1,1.0
18659,18660,18659,1,-1,1.0
18659,18660,18660,1,1,1.0
18659,18660,18660,1,1,1.0
18659,18660,18659,1,-1,1.0
18658,18660,18659,2,-2,2.0
18658,18659,18659,1,1,1.0
18659,18660,18660,1,1,1.0
18659,18660,18660,1,1,1.0
18659,18660,18660,2,2,2.0
18659,18660,18660,2,2,2.0
18659,18660,18659,2,-2,2.0
18659,18660,18659,1,-1,1.0
18659,18660,18660,12,12,12.0
18659,18660,18660,1,1,1.0
18660,18661,18661,1,1,1.0
18660,18661,18660,1,-1,1.0
18660,18661,18660,1,-1,1.0
18660,18661,18660,2,-2,2.0
18658,18660,18660,3,3,3.0
18658,18660,18661,1,1,-1.0
18659,18661,18661,1,1,1.0
18659,18661,18659,1,-1,1.0
18659,18661,18659,1,-1,1.0
18659,18661,18659,1,-1,1.0
18659,18661,18659,1,-1,1.0
18659,18661,18659,3,-3,3.0
18659,18661,18658,2,-2,2.0
18659,18661,18658,1,-1,1.0
18659,18661,18658,2,-2,2.0
18659,18661,18658,6,-6,6.0
18659,18661,18658,1,-1,1.0
18659,18661,18658,4,-4,4.0
18659,18661,18658,6,-6,6.0
18659,18661,18658,2,-2,2.0
18659,18661,18658,3,-3,3.0
18659,18661,18658,3,-3,3.0
18659,18661,18658,1,-1,1.0
18659,18661,18658,1,-1,1.0
18658,18659,18659,1,1,1.0
18658,18659,18659,1,1,1.0
18658,18659,18659,1,1,1.0
18658,18659,18659,1,1,1.0
18658,18659,18659,2,2,2.0
18658,18659,18658,7,-7,7.0
18658,18659,18660,1,1,-1.0
18659,18660,18660,1,1,1.0
18658,18659,18659,2,2,2.0
18658,18659,18659,1,1,1.0
18658,18659,18659,2,2,2.0
18659,18660,18660,2,2,2.0
18658,18660,18659,1,1,-1.0
18657,18659,18657,5,-5,5.0
18657,18659,18657,1,-1,1.0
18657,18659,18659,3,3,3.0
18657,18659,18659,3,3,3.0
18657,18659,18658,1,1,-1.0
18659,18660,18660,1,1,1.0
18659,18660,18660,1,1,1.0
18659,18660,18660,1,1,1.0
18659,18660,18660,1,1,1.0
18659,18660,18660,1,1,1.0
18659,18660,18660,19,19,19.0
18659,18660,18660,1,1,1.0
18659,18660,18660,2,2,2.0
18659,18660,18660,2,2,2.0
18659,18660,18660,1,1,1.0
18660,18661,18660,1,-1,1.0
18660,18661,18661,2,2,2.0
18660,18661,18661,3,3,3.0
18660,18661,18661,2,2,2.0
18660,18661,18661,2,2,2.0
18661,18662,18661,1,-1,1.0
18661,18662,18661,3,-3,3.0
18661,18662,18661,2,-2,2.0
18660,18661,18661,2,2,2.0
18660,18661,18661,1,1,1.0
18660,18662,18660,1,-1,1.0
18660,18662,18660,1,-1,1.0
18660,18661,18660,1,-1,1.0
18660,18661,18660,1,-1,1.0
18659,18660,18660,1,1,1.0
18659,18660,18659,5,-5,5.0
18658,18660,18660,1,1,1.0
18659,18660,18659,4,-4,4.0
18658,18659,18659,1,1,1.0
18658,18659,18659,1,1,1.0
18658,18659,18659,1,1,1.0
18658,18659,18660,1,1,-1.0
18659,18660,18659,1,-1,1.0
18659,18660,18660,1,1,1.0
18659,18660,18660,4,4,4.0
18659,18660,18661,1,1,-1.0
18659,18660,18659,1,-1,1.0
18659,18660,18660,12,12,12.0
18659,18660,18660,2,2,2.0
18660,18661,18661,2,2,2.0
18660,18661,18661,1,1,1.0
18660,18661,18661,1,1,1.0
18661,18662,18662,5,5,5.0
18661,18662,18662,9,9,9.0
18661,18663,18662,1,1,-1.0
18661,18662,18662,4,4,4.0
18661,18662,18662,2,2,2.0
18661,18662,18662,1,1,1.0
18661,18662,18662,1,1,1.0
18661,18662,18662,1,1,1.0
18661,18662,18662,1,1,1.0
18662,18663,18663,2,2,2.0
18662,18663,18664,1,1,-1.0
18662,18664,18664,2,2,2.0
18662,18664,18664,3,3,3.0
18662,18664,18664,6,6,6.0
18662,18664,18664,1,1,1.0
18662,18664,18662,1,-1,1.0
18663,18664,18663,1,-1,1.0
18663,18664,18663,1,-1,1.0
18661,18663,18663,2,2,2.0
18661,18663,18663,1,1,1.0
18662,18663,18663,1,1,1.0
18662,18663,18662,2,-2,2.0
18662,18663,18662,2,-2,2.0
18662,18663,18662,1,-1,1.0
18663,18664,18664,2,2,2.0
18663,18664,18663,1,-1,1.0
18663,18664,18664,2,2,2.0
18663,18664,18663,1,-1,1.0
18662,18663,18663,1,1,1.0
18663,18664,18663,1,-1,1.0
18663,18664,18662,1,-1,1.0
18662,18664,18662,1,-1,1.0
18663,18664,18663,1,-1,1.0
18662,18663,18663,1,1,1.0
18663,18664,18663,1,-1,1.0
18662,18663,18662,2,-2,2.0
18662,18663,18662,1,-1,1.0
18662,18663,18662,3,-3,3.0
18661,18662,18661,3,-3,3.0
18662,18663,18662,1,-1,1.0
18662,18663,18662,1,-1,1.0
18661,18662,18661,1,-1,1.0
18661,18662,18661,1,-1,1.0
18661,18662,18662,1,1,1.0
18661,18662,18662,3,3,3.0
18661,18663,18661,1,-1,1.0
18661,18663,18661,1,-1,1.0
18661,18662,18662,1,1,1.0
18661,18662,18662,3,3,3.0
18662,18663,18663,2,2,2.0
18662,18663,18663,11,11,11.0
18662,18664,18664,1,1,1.0
18662,18664,18662,1,-1,1.0
18662,18664,18662,2,-2,2.0
18662,18664,18662,1,-1,1.0
18663,18664,18664,1,1,1.0
18663,18664,18663,1,-1,1.0
18663,18664,18663,1,-1,1.0
18663,18664,18663,1,-1,1.0
18663,18664,18664,19,19,19.0
18664,18665,18664,4,-4,4.0
18664,18665,18665,3,3,3.0
18664,18665,18665,23,23,23.0
18664,18665,18665,1,1,1.0
18664,18665,18665,4,4,4.0
18664,18665,18665,1,1,1.0
18664,18665,18665,1,1,1.0
18664,18665,18666,4,4,-4.0
18665,18666,18666,1,1,1.0
18665,18666,18666,1,1,1.0
18665,18666,18666,1,1,1.0
18665,18666,18666,1,1,1.0
18665,18666,18666,2,2,2.0
18665,18666,18666,2,2,2.0
18665,18666,18666,2,2,2.0
18665,18666,18666,1,1,1.0
18665,18666,18666,1,1,1.0
18665,18666,18665,1,-1,1.0
18665,18666,18666,2,2,2.0
18665,18666,18666,1,1,1.0
18665,18666,18666,1,1,1.0
18665,18667,18665,1,-1,1.0
18665,18667,18665,1,-1,1.0
18665,18667,18665,1,-1,1.0
18665,18667,18665,1,-1,1.0
18665,18666,18666,2,2,2.0
18665,18667,18667,2,2,2.0
18665,18667,18667,1,1,1.0
18665,18667,18667,2,2,2.0
18666,18667,18667,1,1,1.0
18666,18667,18667,4,4,4.0
18666,18667,18667,12,12,12.0
18666,18667,18668,17,17,-17.0
18666,18667,18668,4,4,-4.0
18666,18668,18668,3,3,3.0
18666,18668,18668,1,1,1.0
18667,18668,18668,3,3,3.0
18667,18668,18668,4,4,4.0
18667,18668,18667,1,-1,1.0
18667,18668,18668,1,1,1.0
18667,18668,18668,1,1,1.0
18667,18668,18667,1,-1,1.0
18667,18668,18668,1,1,1.0
18667,18668,18668,1,1,1.0
18667,18668,18667,4,-4,4.0
18667,18668,18667,2,-2,2.0
18667,18668,18667,2,-2,2.0
18667,18668,18667,1,-1,1.0
18666,18667,18667,2,2,2.0
18666,18667,18668,1,1,-1.0
18666,18668,18668,1,1,1.0
18666,18668,18668,1,1,1.0
18666,18668,18668,1,1,1.0
18667,18668,18668,10,10,10.0
18667,18668,18667,2,-2,2.0
18667,18668,18668,1,1,1.0
18667,18668,18667,1,-1,1.0
18667,18668,18668,1,1,1.0
18667,18668,18668,3,3,3.0
18667,18668,18668,1,1,1.0
18667,18668,18668,1,1,1.0
18667,18668,18668,10,10,10.0
18667,18668,18668,2,2,2.0
18667,18668,18668,4,4,4.0
18667,18668,18668,1,1,1.0
18667,18668,18668,3,3,3.0
18667,18668,18668,1,1,1.0
18667,18668,18668,2,2,2.0
18667,18668,18668,6,6,6.0
18667,18668,18668,3,3,3.0
18667,18669,18669,1,1,1.0
18667,18669,18669,5,5,5.0
18668,18669,18669,1,1,1.0
18668,18669,18668,1,-1,1.0
18668,18669,18669,2,2,2.0
18668,18669,18669,1,1,1.0
18668,18669,18669,1,1,1.0
18668,18669,18669,31,31,31.0
18668,18669,18670,1,1,-1.0
18668,18669,18670,1,1,-1.0
18668,18669,18670,1,1,-1.0
18668,18669,18670,3,3,-3.0
18669,18670,18670,4,4,4.0
18669,18670,18670,1,1,1.0
18669,18670,18670,1,1,1.0
18669,18670,18670,1,1,1.0
18669,18670,18670,1,1,1.0
18669,18670,18670,2,2,2.0
18669,18670,18670,1,1,1.0
18669,18670,18670,1,1,1.0
18669,18670,18670,3,3,3.0
18669,18670,18670,1,1,1.0
18669,18670,18670,1,1,1.0
18669,18670,18670,1,1,1.0
18669,18670,18670,1,1,1.0
18669,18670,18670,1,1,1.0
18669,18670,18670,1,1,1.0
18669,18670,18670,1,1,1.0
18669,18670,18670,1,1,1.0
18669,18670,18670,1,1,1.0
18669,18670,18670,1,1,1.0
18669,18670,18670,1,1,1.0
18669,18670,18670,1,1,1.0
18669,18670,18670,1,1,1.0
18669,18670,18670,1,1,1.0
18669,18670,18670,2,2,2.0
18669,18670,18669,1,-1,1.0
18669,18670,18670,1,1,1.0
18669,18670,18670,1,1,1.0
18669,18670,18670,1,1,1.0
18669,18671,18670,1,1,-1.0
18669,18671,18671,6,6,6.0
18669,18671,18671,1,1,1.0
18669,18671,18671,1,1,1.0
18669,18671,18671,3,3,3.0
18669,18671,18669,5,-5,5.0
18669,18671,18669,5,-5,5.0
18669,18671,18670,1,-1,1.0
18669,18671,18669,3,-3,3.0
18669,18671,18670,4,-4,4.0
18669,18671,18671,2,2,2.0
18669,18671,18669,2,-2,2.0
18669,18671,18669,2,-2,2.0
18668,18670,18670,2,2,2.0
18668,18670,18669,1,1,-1.0
18668,18670,18670,2,2,2.0
18668,18670,18669,1,1,-1.0
18668,18670,18670,1,1,1.0
18668,18670,18670,1,1,1.0
18668,18670,18670,1,1,1.0
18668,18670,18670,1,1,1.0
18668,18670,18670,2,2,2.0
18668,18670,18670,2,2,2.0
18668,18670,18670,1,1,1.0
18668,18670,18670,1,1,1.0
18668,18670,18670,2,2,2.0
18668,18670,18670,10,10,10.0
18668,18670,18670,2,2,2.0
18668,18670,18671,8,8,-8.0
18668,18670,18671,1,1,-1.0
18668,18670,18669,1,1,-1.0
18669,18670,18670,2,2,2.0
18669,18670,18671,4,4,-4.0
18669,18670,18671,15,15,-15.0
18669,18670,18672,1,1,-1.0
18669,18670,18671,2,2,-2.0
18669,18670,18671,1,1,-1.0
18669,18670,18672,4,4,-4.0
18669,18670,18672,1,1,-1.0
18669,18670,18671,1,1,-1.0
18670,18671,18670,1,-1,1.0
18670,18671,18671,4,4,4.0
18670,18671,18671,1,1,1.0
18670,18671,18671,8,8,8.0
18670,18671,18672,2,2,-2.0
18670,18671,18672,1,1,-1.0
18670,18671,18672,1,1,-1.0
18670,18671,18671,1,1,1.0
18670,18671,18672,1,1,-1.0
18670,18671,18672,1,1,-1.0
18671,18672,18672,17,17,17.0
18671,18672,18672,1,1,1.0
18671,18672,18673,2,2,-2.0
18671,18672,18672,1,1,1.0
18671,18672,18673,1,1,-1.0
18671,18672,18673,1,1,-1.0
18672,18673,18673,7,7,7.0
18672,18673,18672,1,-1,1.0
18672,18673,18673,2,2,2.0
18672,18673,18673,2,2,2.0
18672,18673,18673,2,2,2.0
18672,18673,18672,2,-2,2.0
18672,18673,18673,2,2,2.0
18672,18673,18673,1,1,1.0
18672,18673,18673,12,12,12.0
18672,18673,18673,9,9,9.0
18672,18673,18674,3,3,-3.0
18672,18674,18672,2,-2,2.0
18672,18674,18673,7,-7,7.0
18672,18674,18674,1,1,1.0
18672,18674,18672,1,-1,1.0
18672,18674,18672,1,-1,1.0
18672,18674,18674,2,2,2.0
18672,18674,18674,8,8,8.0
18672,18674,18673,2,2,-2.0
18672,18674,18674,2,2,2.0
18672,18674,18672,2,-2,2.0
18672,18674,18674,7,7,7.0
18672,18674,18672,1,-1,1.0
18672,18674,18674,1,1,1.0
18672,18674,18674,1,1,1.0
18672,18674,18674,16,16,16.0
18672,18674,18675,21,21,-21.0
18672,18674,18673,1,1,-1.0
18673,18675,18675,11,11,11.0
18673,18675,18675,1,1,1.0
18674,18675,18674,5,-5,5.0
18674,18675,18675,2,2,2.0
18674,18675,18675,13,13,13.0
18674,18675,18676,3,3,-3.0
18674,18675,18676,1,1,-1.0
18674,18675,18675,1,1,1.0
18674,18675,18676,5,5,-5.0
18674,18676,18676,2,2,2.0
18674,18676,18674,1,-1,1.0
18674,18675,18675,1,1,1.0
18674,18675,18675,2,2,2.0
18674,18675,18676,3,3,-3.0
18674,18675,18674,1,-1,1.0
18674,18675,18675,1,1,1.0
18674,18675,18674,1,-1,1.0
18674,18675,18673,2,-2,2.0
18674,18675,18674,1,-1,1.0
18673,18675,18675,1,1,1.0
18673,18675,18674,1,1,-1.0
18674,18676,18675,2,2,-2.0
18674,18675,18675,1,1,1.0
18674,18675,18676,3,3,-3.0
18674,18675,18675,1,1,1.0
18674,18675,18676,1,1,-1.0
18674,18676,18676,1,1,1.0
18674,18676,18676,1,1,1.0
18674,18676,18674,5,-5,5.0
18674,18676,18676,1,1,1.0
18674,18676,18674,1,-1,1.0
18674,18676,18674,1,-1,1.0
18674,18676,18675,3,-3,3.0
18674,18676,18675,1,-1,1.0
18674,18676,18675,1,-1,1.0
18674,18676,18675,1,-1,1.0
18674,18676,18674,1,-1,1.0
18674,18676,18676,1,1,1.0
18674,18676,18676,1,1,1.0
18675,18676,18676,1,1,1.0
18675,18676,18675,1,-1,1.0
18674,18675,18675,1,1,1.0
18674,18675,18675,1,1,1.0
18674,18675,18675,1,1,1.0
18674,18675,18676,3,3,-3.0
18675,18676,18676,2,2,2.0
18675,18676,18676,1,1,1.0
18675,18676,18676,1,1,1.0
18675,18676,18676,1,1,1.0
18675,18676,18676,1,1,1.0
18675,18676,18676,1,1,1.0
18675,18676,18676,1,1,1.0
18675,18676,18676,1,1,1.0
18675,18676,18676,1,1,1.0
18675,18676,18676,1,1,1.0
18675,18676,18676,1,1,1.0
18675,18676,18676,1,1,1.0
18676,18677,18677,1,1,1.0
18676,18677,18677,1,1,1.0
18676,18677,18677,1,1,1.0
18676,18677,18677,1,1,1.0
18676,18677,18677,2,2,2.0
18676,18677,18677,1,1,1.0
18676,18677,18677,1,1,1.0
18676,18677,18677,1,1,1.0
18676,18677,18677,1,1,1.0
18677,18678,18678,2,2,2.0
18677,18678,18677,1,-1,1.0
18677,18678,18678,3,3,3.0
18677,18678,18678,1,1,1.0
18677,18678,18678,26,26,26.0
18677,18678,18678,1,1,1.0
18677,18678,18678,1,1,1.0
18677,18678,18678,1,1,1.0
18677,18678,18678,2,2,2.0
18677,18678,18678,1,1,1.0
18677,18678,18678,1,1,1.0
18677,18678,18678,3,3,3.0
18677,18678,18679,1,1,-1.0
18677,18678,18679,1,1,-1.0
18677,18678,18679,1,1,-1.0
18677,18678,18679,1,1,-1.0
18677,18678,18679,1,1,-1.0
18677,18678,18679,2,2,-2.0
18677,18678,18679,1,1,-1.0
18677,18678,18679,1,1,-1.0
18677,18678,18679,1,1,-1.0
18677,18678,18679,2,2,-2.0
18677,18678,18679,3,3,-3.0
18677,18678,18680,1,1,-1.0
18677,18678,18680,1,1,-1.0
18677,18678,18679,2,2,-2.0
18677,18678,18680,1,1,-1.0
18677,18678,18680,1,1,-1.0
18677,18678,18680,1,1,-1.0
18677,18678,18680,1,1,-1.0
18677,18678,18680,1,1,-1.0
18677,18678,18680,1,1,-1.0
18677,18678,18680,1,1,-1.0
18677,18678,18680,2,2,-2.0
18677,18678,18680,1,1,-1.0
18677,18678,18680,1,1,-1.0
18677,18678,18680,1,1,-1.0
18677,18678,18680,1,1,-1.0
18677,18678,18680,1,1,-1.0
18677,18678,18680,1,1,-1.0
18677,18678,18680,2,2,-2.0
18677,18678,18680,1,1,-1.0
18677,18678,18680,2,2,-2.0
18677,18678,18680,1,1,-1.0
18677,18678,18680,1,1,-1.0
18677,18678,18680,1,1,-1.0
18677,18678,18680,4,4,-4.0
18677,18678,18680,2,2,-2.0
18677,18678,18680,5,5,-5.0
18677,18678,18680,1,1,-1.0
18677,18678,18681,2,2,-2.0
18677,18678,18681,2,2,-2.0
18677,18678,18681,1,1,-1.0
18680,18681,18681,1,1,1.0
18680,18681,18681,1,1,1.0
18680,18681,18681,1,1,1.0
18680,18681,18681,1,1,1.0
18680,18681,18681,5,5,5.0
18680,18681,18681,1,1,1.0
18680,18681,18682,1,1,-1.0
18680,18681,18682,2,2,-2.0
18680,18681,18682,1,1,-1.0
18680,18681,18682,1,1,-1.0
18680,18681,18682,4,4,-4.0
18680,18681,18682,2,2,-2.0
18680,18681,18680,1,-1,1.0
18680,18681,18682,3,3,-3.0
18680,18681,18682,1,1,-1.0
18680,18681,18682,1,1,-1.0
18680,18681,18682,4,4,-4.0
18680,18681,18683,2,2,-2.0
18680,18681,18683,1,1,-1.0
18680,18681,18683,4,4,-4.0
18680,18681,18683,2,2,-2.0
18680,18681,18683,4,4,-4.0
18680,18681,18683,1,1,-1.0
18680,18681,18683,1,1,-1.0
18680,18681,18683,1,1,-1.0
18680,18681,18683,1,1,-1.0
18680,18681,18683,4,4,-4.0
18680,18681,18683,1,1,-1.0
18680,18681,18683,1,1,-1.0
18680,18681,18681,1,1,1.0
18680,18681,18683,6,6,-6.0
18680,18681,18683,1,1,-1.0
18680,18681,18683,2,2,-2.0
18680,18681,18683,2,2,-2.0
18681,18683,18683,1,1,1.0
18681,18683,18683,1,1,1.0
18681,18683,18683,1,1,1.0
18681,18683,18683,1,1,1.0
18681,18683,18683,1,1,1.0
18681,18683,18683,2,2,2.0
18681,18683,18684,2,2,-2.0
18681,18683,18684,1,1,-1.0
18681,18683,18684,1,1,-1.0
18681,18683,18684,1,1,-1.0
18681,18683,18683,1,1,1.0
18681,18683,18684,1,1,-1.0
18681,18683,18684,2,2,-2.0
18681,18683,18684,1,1,-1.0
18681,18683,18683,3,3,3.0
18681,18683,18683,1,1,1.0
18682,18684,18684,2,2,2.0
18682,18684,18682,1,-1,1.0
18682,18684,18683,1,-1,1.0
18682,18684,18683,2,-2,2.0
18682,18684,18684,4,4,4.0
18682,18684,18683,1,1,-1.0
18682,18684,18683,1,1,-1.0
18682,18684,18683,1,1,-1.0
18682,18684,18683,1,1,-1.0
18682,18684,18684,1,1,1.0
18682,18684,18684,1,1,1.0
18682,18684,18684,1,1,1.0
18682,18684,18684,1,1,1.0
18682,18684,18684,2,2,2.0
18682,18684,18684,3,3,3.0
18682,18684,18684,1,1,1.0
18682,18684,18684,1,1,1.0
18682,18684,18683,4,4,-4.0
18682,18684,18682,5,-5,5.0
18682,18684,18682,17,-17,17.0
18682,18684,18681,29,-29,29.0
18682,18684,18680,14,-14,14.0
18682,18684,18681,2,-2,2.0
18682,18684,18681,1,-1,1.0
18682,18684,18682,1,-1,1.0
18681,18682,18682,1,1,1.0
18681,18682,18682,1,1,1.0
18681,18682,18682,4,4,4.0
18681,18682,18681,2,-2,2.0
18681,18682,18682,3,3,3.0
18681,18682,18683,1,1,-1.0
18681,18682,18682,1,1,1.0
18681,18682,18682,2,2,2.0
18681,18682,18683,1,1,-1.0
18681,18682,18683,1,1,-1.0
18681,18682,18683,1,1,-1.0
18681,18682,18683,2,2,-2.0
18681,18682,18683,2,2,-2.0
18681,18682,18683,1,1,-1.0
18681,18682,18683,5,5,-5.0
18682,18683,18683,1,1,1.0
18682,18683,18684,2,2,-2.0
18682,18683,18684,2,2,-2.0
18682,18683,18683,3,3,3.0
18682,18683,18683,2,2,2.0
18682,18683,18683,1,1,1.0
18682,18683,18683,1,1,1.0
18682,18683,18683,1,1,1.0
18682,18683,18683,1,1,1.0
18682,18683,18683,1,1,1.0
18682,18683,18683,1,1,1.0
18682,18683,18684,1,1,-1.0
18682,18683,18684,2,2,-2.0
18682,18683,18684,2,2,-2.0
18682,18683,18685,6,6,-6.0
18682,18683,18685,1,1,-1.0
18683,18685,18684,1,1,-1.0
18683,18685,18683,1,-1,1.0
18683,18685,18684,1,-1,1.0
18683,18685,18684,2,-2,2.0
18683,18685,18684,1,-1,1.0
18683,18685,18684,1,-1,1.0
18682,18684,18684,1,1,1.0
18682,18684,18682,1,-1,1.0
18682,18684,18682,2,-2,2.0
18681,18682,18682,4,4,4.0
18681,18682,18681,4,-4,4.0
18681,18682,18680,1,-1,1.0
18680,18681,18680,1,-1,1.0
18680,18681,18680,1,-1,1.0
18680,18681,18681,5,5,5.0
18680,18681,18681,1,1,1.0
18680,18681,18681,2,2,2.0
18680,18681,18682,1,1,-1.0
18680,18681,18680,1,-1,1.0
18680,18681,18682,5,5,-5.0
18680,18681,18682,2,2,-2.0
18680,18681,18682,1,1,-1.0
18680,18681,18683,5,5,-5.0
18682,18683,18683,5,5,5.0
18682,18683,18683,3,3,3.0
18682,18683,18683,1,1,1.0
18682,18683,18684,1,1,-1.0
18682,18683,18684,1,1,-1.0
18682,18683,18682,1,-1,1.0
18682,18684,18684,1,1,1.0
18682,18684,18684,3,3,3.0
18682,18684,18682,2,-2,2.0
18682,18684,18682,1,-1,1.0
18682,18684,18684,2,2,2.0
18682,18684,18684,1,1,1.0
18682,18684,18682,1,-1,1.0
18682,18684,18682,1,-1,1.0
18682,18683,18683,2,2,2.0
18682,18683,18682,1,-1,1.0
18682,18683,18684,2,2,-2.0
18682,18684,18682,2,-2,2.0
18682,18683,18682,1,-1,1.0
18682,18683,18682,1,-1,1.0
18682,18683,18682,2,-2,2.0
18682,18683,18682,6,-6,6.0
18682,18683,18683,1,1,1.0
18681,18682,18681,1,-1,1.0
18681,18682,18681,1,-1,1.0
18681,18682,18680,2,-2,2.0
18680,18681,18681,1,1,1.0
18680,18681,18680,1,-1,1.0
18680,18682,18680,1,-1,1.0
18680,18682,18680,1,-1,1.0
18680,18681,18681,1,1,1.0
18680,18681,18680,1,-1,1.0
18680,18681,18681,1,1,1.0
18680,18681,18681,2,2,2.0
18680,18681,18680,1,-1,1.0
18680,18682,18682,1,1,1.0
18680,18682,18680,1,-1,1.0
18680,18682,18681,1,-1,1.0
18680,18682,18680,1,-1,1.0
18681,18682,18682,1,1,1.0
18681,18682,18682,1,1,1.0
18681,18682,18681,1,-1,1.0
18681,18682,18682,5,5,5.0
18681,18682,18681,2,-2,2.0
18681,18683,18683,1,1,1.0
18681,18683,18683,1,1,1.0
18681,18683,18681,1,-1,1.0
18681,18683,18681,3,-3,3.0
18681,18682,18682,1,1,1.0
18681,18682,18682,1,1,1.0
18681,18683,18681,1,-1,1.0
18681,18682,18681,1,-1,1.0
18681,18682,18682,1,1,1.0
18681,18682,18681,6,-6,6.0
18681,18683,18681,2,-2,2.0
18681,18682,18681,1,-1,1.0
18681,18682,18681,1,-1,1.0
18681,18682,18682,2,2,2.0
18681,18682,18682,1,1,1.0
18682,18683,18682,1,-1,1.0
18682,18683,18682,1,-1,1.0
18682,18683,18683,1,1,1.0
18682,18683,18682,1,-1,1.0
18682,18683,18682,1,-1,1.0
18682,18683,18682,1,-1,1.0
18682,18683,18682,1,-1,1.0
18682,18683,18682,1,-1,1.0
18682,18683,18682,1,-1,1.0
18682,18683,18681,1,-1,1.0
18682,18683,18683,1,1,1.0
18682,18683,18683,1,1,1.0
18682,18683,18682,1,-1,1.0
18681,18683,18681,2,-2,2.0
18681,18682,18681,1,-1,1.0
18681,18682,18681,1,-1,1.0
18680,18682,18680,1,-1,1.0
18680,18682,18682,26,26,26.0
18680,18682,18683,4,4,-4.0
18681,18683,18683,5,5,5.0
18681,18683,18681,4,-4,4.0
18681,18683,18681,1,-1,1.0
18681,18683,18681,1,-1,1.0
18681,18683,18681,1,-1,1.0
18681,18682,18682,2,2,2.0
18681,18682,18681,1,-1,1.0
18680,18681,18681,2,2,2.0
18680,18681,18682,3,3,-3.0
18680,18681,18680,2,-2,2.0
18680,18681,18681,2,2,2.0
18680,18681,18681,1,1,1.0
18680,18681,18681,4,4,4.0
18681,18682,18681,1,-1,1.0
18681,18682,18681,5,-5,5.0
18681,18682,18680,23,-23,23.0
18681,18682,18681,1,-1,1.0
18680,18681,18681,5,5,5.0
18680,18681,18680,5,-5,5.0
18680,18681,18681,1,1,1.0
18680,18682,18680,1,-1,1.0
18681,18682,18682,2,2,2.0
18681,18682,18681,1,-1,1.0
18681,18682,18681,2,-2,2.0
18680,18681,18680,1,-1,1.0
18680,18681,18680,1,-1,1.0
18680,18681,18680,9,-9,9.0
18680,18681,18680,1,-1,1.0
18678,18680,18679,2,-2,2.0
18678,18680,18678,4,-4,4.0
18678,18680,18678,4,-4,4.0
18678,18679,18679,2,2,2.0
18678,18679,18679,1,1,1.0
18679,18680,18679,1,-1,1.0
18679,18680,18678,2,-2,2.0
18678,18679,18679,1,1,1.0
18678,18679,18679,1,1,1.0
18679,18680,18679,1,-1,1.0
18679,18680,18680,5,5,5.0
18679,18680,18680,1,1,1.0
18680,18681,18680,1,-1,1.0
18680,18681,18680,1,-1,1.0
18680,18681,18680,1,-1,1.0
18680,18681,18680,1,-1,1.0
18680,18681,18680,1,-1,1.0
18679,18681,18679,1,-1,1.0
18680,18681,18680,1,-1,1.0
18679,18680,18679,1,-1,1.0
18679,18680,18679,1,-1,1.0
18679,18680,18680,9,9,9.0
18679,18680,18681,1,1,-1.0
18679,18680,18679,1,-1,1.0
18679,18680,18679,1,-1,1.0
18679,18680,18679,2,-2,2.0
18679,18680,18679,1,-1,1.0
18679,18680,18679,1,-1,1.0
18679,18680,18679,1,-1,1.0
18679,18680,18679,1,-1,1.0
18679,18680,18679,2,-2,2.0
18678,18679,18678,2,-2,2.0
18678,18679,18679,1,1,1.0
18678,18679,18678,2,-2,2.0
18678,18679,18679,2,2,2.0
18678,18679,18678,1,-1,1.0
18677,18679,18677,2,-2,2.0
18677,18679,18677,1,-1,1.0
18677,18678,18678,1,1,1.0
18677,18678,18677,1,-1,1.0
18677,18679,18677,2,-2,2.0
18677,18679,18677,1,-1,1.0
18677,18679,18677,1,-1,1.0
18677,18679,18679,1,1,1.0
18677,18678,18678,1,1,1.0
18677,18678,18677,1,-1,1.0
18677,18678,18677,1,-1,1.0
18677,18678,18678,3,3,3.0
18677,18678,18678,1,1,1.0
18677,18678,18677,1,-1,1.0
18677,18678,18677,1,-1,1.0
18677,18678,18678,4,4,4.0
18677,18678,18679,1,1,-1.0
18677,18678,18677,1,-1,1.0
18677,18678,18678,1,1,1.0
18677,18678,18679,16,16,-16.0
18677,18678,18679,1,1,-1.0
18677,18678,18680,1,1,-1.0
18677,18679,18679,1,1,1.0
18677,18679,18677,2,-2,2.0
18678,18679,18678,1,-1,1.0
18677,18679,18677,13,-13,13.0
18677,18679,18676,32,-32,32.0
18677,18679,18675,5,-5,5.0
18675,18677,18675,1,-1,1.0
18675,18677,18677,1,1,1.0
18675,18677,18677,2,2,2.0
18675,18677,18675,2,-2,2.0
18675,18677,18677,1,1,1.0
18676,18677,18676,1,-1,1.0
18675,18676,18676,1,1,1.0
18675,18676,18675,1,-1,1.0
18675,18676,18675,1,-1,1.0
18675,18676,18675,1,-1,1.0
18675,18676,18675,1,-1,1.0
18675,18676,18675,1,-1,1.0
18675,18676,18675,1,-1,1.0
18675,18676,18674,3,-3,3.0
18675,18676,18676,2,2,2.0
18675,18676,18676,1,1,1.0
18675,18677,18676,1,1,-1.0
18675,18676,18676,1,1,1.0
18675,18677,18676,1,1,-1.0
18675,18677,18676,2,2,-2.0
18675,18677,18675,3,-3,3.0
18675,18677,18675,2,-2,2.0
18675,18677,18677,6,6,6.0
18677,18678,18677,5,-5,5.0
18677,18678,18677,2,-2,2.0
18677,18678,18677,1,-1,1.0
18677,18678,18677,2,-2,2.0
18677,18678,18677,5,-5,5.0
18677,18678,18677,1,-1,1.0
18677,18678,18677,1,-1,1.0
18677,18678,18677,1,-1,1.0
18677,18678,18677,4,-4,4.0
18676,18677,18677,1,1,1.0
18676,18677,18677,1,1,1.0
18676,18677,18677,1,1,1.0
18676,18677,18678,1,1,-1.0
18676,18677,18677,1,1,1.0
18676,18677,18678,1,1,-1.0
18676,18678,18678,1,1,1.0
18676,18678,18678,1,1,1.0
18676,18678,18677,1,1,-1.0
18675,18677,18677,1,1,1.0
18676,18677,18677,1,1,1.0
18676,18677,18677,1,1,1.0
18676,18677,18677,1,1,1.0
18676,18677,18677,2,2,2.0
18677,18678,18678,1,1,1.0
18677,18678,18678,11,11,11.0
18677,18679,18679,2,2,2.0
18677,18679,18677,2,-2,2.0
18677,18678,18678,2,2,2.0
18677,18678,18678,3,3,3.0
18677,18678,18678,1,1,1.0
18677,18678,18677,2,-2,2.0
18678,18679,18678,1,-1,1.0
18677,18678,18677,3,-3,3.0
18677,18678,18677,4,-4,4.0
18675,18677,18677,1,1,1.0
18675,18677,18675,3,-3,3.0
18675,18677,18676,1,-1,1.0
18675,18677,18675,9,-9,9.0
18674,18676,18674,2,-2,2.0
18674,18676,18674,1,-1,1.0
18674,18675,18674,2,-2,2.0
18674,18676,18674,1,-1,1.0
18674,18676,18674,1,-1,1.0
18674,18676,18674,1,-1,1.0
18674,18675,18675,1,1,1.0
18674,18676,18676,1,1,1.0
18674,18676,18676,1,1,1.0
18674,18676,18676,1,1,1.0
18675,18676,18676,1,1,1.0
18675,18676,18674,1,-1,1.0
18674,18676,18676,1,1,1.0
18674,18676,18675,1,1,-1.0
18674,18676,18674,1,-1,1.0
18674,18676,18676,9,9,9.0
18674,18676,18677,1,1,-1.0
18674,18676,18677,1,1,-1.0
18675,18677,18677,1,1,1.0
18675,18677,18677,1,1,1.0
18675,18677,18677,1,1,1.0
18675,18677,18677,1,1,1.0
18675,18677,18675,1,-1,1.0
18675,18677,18677,1,1,1.0
18675,18677,18675,1,-1,1.0
18676,18677,18677,1,1,1.0
18676,18677,18676,1,-1,1.0
18675,18677,18675,1,-1,1.0
18675,18676,18676,1,1,1.0
18676,18677,18676,1,-1,1.0
18676,18677,18676,2,-2,2.0
18676,18677,18675,26,-26,26.0
18676,18677,18674,3,-3,3.0
18675,18676,18676,7,7,7.0
18676,18677,18676,1,-1,1.0
18675,18677,18675,1,-1,1.0
18674,18676,18676,2,2,2.0
18674,18676,18675,1,1,-1.0
18674,18675,18675,1,1,1.0
18674,18675,18674,2,-2,2.0
18674,18675,18673,5,-5,5.0
18672,18674,18674,1,1,1.0
18672,18674,18672,1,-1,1.0
18672,18673,18673,2,2,2.0
18672,18673,18672,2,-2,2.0
18672,18673,18672,1,-1,1.0
18672,18673,18672,1,-1,1.0
18672,18673,18673,2,2,2.0
18672,18674,18674,3,3,3.0
18672,18674,18672,1,-1,1.0
18672,18674,18672,1,-1,1.0
18672,18673,18672,2,-2,2.0
18672,18673,18672,1,-1,1.0
18672,18673,18672,1,-1,1.0
18672,18673,18672,1,-1,1.0
18671,18673,18671,1,-1,1.0
18671,18673,18671,1,-1,1.0
18671,18672,18672,1,1,1.0
18672,18673,18672,1,-1,1.0
18671,18672,18672,1,1,1.0
18672,18673,18673,1,1,1.0
18672,18673,18672,1,-1,1.0
18671,18673,18671,1,-1,1.0
18671,18672,18671,2,-2,2.0
18671,18672,18670,2,-2,2.0
18670,18672,18672,1,1,1.0
18671,18672,18671,1,-1,1.0
18671,18672,18672,2,2,2.0
18671,18672,18672,2,2,2.0
18671,18672,18673,4,4,-4.0
18671,18673,18672,1,1,-1.0
18671,18673,18673,6,6,6.0
18671,18672,18672,1,1,1.0
18671,18672,18671,1,-1,1.0
18671,18672,18672,1,1,1.0
18671,18672,18672,1,1,1.0
18671,18672,18672,1,1,1.0
18671,18673,18671,1,-1,1.0
18672,18673,18673,2,2,2.0
18672,18673,18672,1,-1,1.0
18672,18673,18672,1,-1,1.0
18671,18673,18671,1,-1,1.0
18671,18672,18672,1,1,1.0
18671,18672,18671,1,-1,1.0
18671,18672,18671,2,-2,2.0
18671,18672,18671,2,-2,2.0
18671,18672,18671,2,-2,2.0
18671,18672,18671,1,-1,1.0
18671,18672,18671,1,-1,1.0
18670,18672,18670,4,-4,4.0
18670,18672,18671,2,-2,2.0
18670,18671,18671,2,2,2.0
18670,18671,18672,5,5,-5.0
18671,18672,18672,1,1,1.0
18671,18672,18671,1,-1,1.0
18671,18672,18671,1,-1,1.0
18671,18672,18671,1,-1,1.0
18671,18672,18671,4,-4,4.0
18671,18672,18671,2,-2,2.0
18671,18672,18672,1,1,1.0
18671,18672,18671,6,-6,6.0
18671,18672,18670,1,-1,1.0
18670,18672,18672,1,1,1.0
18671,18672,18672,1,1,1.0
18671,18672,18671,1,-1,1.0
18671,18672,18672,1,1,1.0
18671,18672,18671,2,-2,2.0
18671,18672,18671,4,-4,4.0
18671,18672,18672,5,5,5.0
18672,18673,18672,4,-4,4.0
18672,18673,18672,1,-1,1.0
18672,18673,18673,2,2,2.0
18672,18673,18673,8,8,8.0
18673,18674,18673,1,-1,1.0
18673,18674,18673,1,-1,1.0
18672,18674,18673,4,-4,4.0
18672,18674,18672,6,-6,6.0
18672,18673,18672,1,-1,1.0
18672,18673,18672,2,-2,2.0
18672,18673,18673,1,1,1.0
18672,18673,18672,3,-3,3.0
18672,18673,18672,1,-1,1.0
18672,18673,18672,10,-10,10.0
18671,18673,18673,1,1,1.0
18671,18673,18673,1,1,1.0
18672,18673,18673,1,1,1.0
18672,18673,18672,2,-2,2.0
18671,18673,18673,5,5,5.0
18672,18673,18673,1,1,1.0
18672,18673,18673,1,1,1.0
18672,18673,18672,1,-1,1.0
18671,18672,18671,2,-2,2.0
18671,18672,18671,11,-11,11.0
18671,18672,18670,4,-4,4.0
18671,18672,18672,4,4,4.0
18671,18672,18671,2,-2,2.0
18671,18673,18673,2,2,2.0
18672,18673,18672,2,-2,2.0
18672,18673,18672,1,-1,1.0
18671,18673,18673,10,10,10.0
18671,18673,18673,3,3,3.0
18672,18673,18673,1,1,1.0
18673,18674,18673,4,-4,4.0
18672,18674,18672,1,-1,1.0
18672,18674,18674,1,1,1.0
18672,18674,18674,8,8,8.0
18673,18674,18674,1,1,1.0
18672,18673,18673,2,2,2.0
18672,18673,18672,1,-1,1.0
18672,18673,18672,1,-1,1.0
18672,18673,18672,1,-1,1.0
18671,18672,18672,2,2,2.0
18671,18672,18672,2,2,2.0
18671,18672,18672,2,2,2.0
18671,18672,18672,2,2,2.0
18671,18672,18672,2,2,2.0
18671,18673,18673,1,1,1.0
18671,18673,18673,1,1,1.0
18671,18673,18673,1,1,1.0
18671,18673,18673,1,1,1.0
18671,18673,18673,1,1,1.0
18671,18673,18673,1,1,1.0
18672,18673,18673,1,1,1.0
18672,18673,18673,1,1,1.0
18672,18674,18674,1,1,1.0
18672,18674,18673,1,1,-1.0
18672,18674,18674,1,1,1.0
18672,18674,18672,2,-2,2.0
18672,18674,18673,1,-1,1.0
18672,18673,18673,2,2,2.0
18672,18673,18672,1,-1,1.0
18672,18673,18672,9,-9,9.0
18672,18673,18672,1,-1,1.0
18671,18673,18672,2,-2,2.0
18671,18673,18671,1,-1,1.0
18671,18672,18671,4,-4,4.0
18671,18672,18672,1,1,1.0
18671,18672,18672,2,2,2.0
18671,18672,18672,2,2,2.0
18672,18673,18672,1,-1,1.0
18672,18673,18672,1,-1,1.0
18672,18673,18673,1,1,1.0
18672,18673,18673,2,2,2.0
18671,18673,18671,1,-1,1.0
18672,18673,18672,1,-1,1.0
18672,18673,18673,48,48,48.0
18672,18673,18674,4,4,-4.0
18672,18673,18674,4,4,-4.0
18672,18673,18674,1,1,-1.0
18672,18673,18674,1,1,-1.0
18673,18675,18675,8,8,8.0
18674,18675,18674,1,-1,1.0
18674,18675,18674,1,-1,1.0
18673,18675,18673,1,-1,1.0
18673,18675,18673,1,-1,1.0
18674,18675,18674,2,-2,2.0
18674,18675,18674,1,-1,1.0
18674,18675,18674,1,-1,1.0
18674,18675,18675,1,1,1.0
18674,18675,18675,26,26,26.0
18675,18676,18675,1,-1,1.0
18675,18676,18675,2,-2,2.0
18675,18676,18675,2,-2,2.0
18675,18676,18675,1,-1,1.0
18675,18676,18676,2,2,2.0
18675,18676,18676,3,3,3.0
18675,18676,18676,1,1,1.0
18675,18676,18675,4,-4,4.0
18674,18676,18674,5,-5,5.0
18674,18675,18675,1,1,1.0
18674,18676,18675,8,8,-8.0
18674,18676,18676,35,35,35.0
18674,18676,18677,7,7,-7.0
18675,18677,18677,1,1,1.0
18675,18677,18677,1,1,1.0
18675,18677,18677,1,1,1.0
18675,18677,18677,1,1,1.0
18675,18677,18677,1,1,1.0
18675,18677,18677,8,8,8.0
18675,18677,18677,1,1,1.0
18675,18677,18677,1,1,1.0
18675,18677,18677,1,1,1.0
18676,18677,18677,1,1,1.0
18676,18677,18677,1,1,1.0
18676,18677,18677,2,2,2.0
18676,18677,18677,1,1,1.0
18676,18677,18677,4,4,4.0
18677,18678,18677,1,-1,1.0
18676,18678,18678,1,1,1.0
18676,18678,18678,1,1,1.0
18676,18677,18676,1,-1,1.0
18676,18677,18677,2,2,2.0
18677,18678,18677,2,-2,2.0
18676,18677,18676,1,-1,1.0
18676,18677,18676,1,-1,1.0
18676,18677,18676,1,-1,1.0
18676,18677,18676,1,-1,1.0
18676,18677,18676,1,-1,1.0
18675,18676,18676,1,1,1.0
18675,18677,18677,1,1,1.0
18675,18677,18678,2,2,-2.0
18676,18678,18676,1,-1,1.0
18676,18678,18676,1,-1,1.0
18676,18678,18677,1,-1,1.0
18677,18678,18678,21,21,21.0
18677,18678,18677,5,-5,5.0
18677,18678,18678,2,2,2.0
18677,18678,18679,4,4,-4.0
18677,18679,18678,3,3,-3.0
18677,18678,18678,1,1,1.0
18677,18678,18678,3,3,3.0
18677,18678,18677,3,-3,3.0
18677,18678,18678,11,11,11.0
18678,18679,18678,1,-1,1.0
18678,18679,18678,1,-1,1.0
18678,18679,18679,6,6,6.0
18679,18680,18680,1,1,1.0
18679,18680,18680,1,1,1.0
18679,18680,18680,5,5,5.0
18679,18680,18680,1,1,1.0
18679,18680,18680,4,4,4.0
18679,18680,18680,6,6,6.0
18679,18680,18680,17,17,17.0
18679,18680,18680,1,1,1.0
18679,18680,18680,1,1,1.0
18679,18680,18680,1,1,1.0
18679,18681,18681,1,1,1.0
18679,18681,18681,1,1,1.0
18679,18681,18680,1,1,-1.0
18680,18681,18680,4,-4,4.0
18680,18681,18679,19,-19,19.0
18680,18681,18678,2,-2,2.0
18679,18680,18680,1,1,1.0
18679,18680,18679,1,-1,1.0
18679,18680,18679,2,-2,2.0
18679,18680,18679,1,-1,1.0
18679,18680,18679,1,-1,1.0
18678,18680,18680,1,1,1.0
18679,18680,18680,2,2,2.0
18679,18680,18679,3,-3,3.0
18679,18680,18680,1,1,1.0
18679,18680,18679,7,-7,7.0
18679,18680,18678,28,-28,28.0
18679,18680,18678,1,-1,1.0
18679,18680,18678,1,-1,1.0
18679,18680,18678,6,-6,6.0
18679,18680,18678,1,-1,1.0
18679,18680,18678,1,-1,1.0
18679,18680,18678,2,-2,2.0
18679,18680,18678,2,-2,2.0
18679,18680,18678,1,-1,1.0
18677,18678,18678,1,1,1.0
18678,18679,18678,1,-1,1.0
18677,18678,18677,1,-1,1.0
18677,18678,18677,1,-1,1.0
18677,18678,18677,10,-10,10.0
18676,18678,18678,8,8,8.0
18676,18677,18677,2,2,2.0
18676,18677,18677,1,1,1.0
18676,18677,18677,1,1,1.0
18676,18677,18678,2,2,-2.0
18678,18679,18678,2,-2,2.0
18677,18679,18679,1,1,1.0
18678,18679,18678,1,-1,1.0
18678,18679,18679,1,1,1.0
18678,18679,18679,1,1,1.0
18678,18679,18679,1,1,1.0
18679,18680,18679,1,-1,1.0
18678,18680,18678,2,-2,2.0
18678,18679,18679,2,2,2.0
18678,18679,18679,1,1,1.0
18679,18680,18680,1,1,1.0
18679,18680,18680,2,2,2.0
18679,18680,18679,1,-1,1.0
18679,18680,18679,1,-1,1.0
18679,18680,18679,3,-3,3.0
18678,18679,18679,1,1,1.0
18678,18679,18678,1,-1,1.0
18678,18679,18679,1,1,1.0
18678,18679,18678,6,-6,6.0
18678,18679,18677,37,-37,37.0
18678,18679,18677,1,-1,1.0
18678,18679,18677,1,-1,1.0
18678,18679,18677,1,-1,1.0
18678,18679,18677,4,-4,4.0
18676,18678,18678,1,1,1.0
18676,18678,18676,5,-5,5.0
18675,18677,18677,1,1,1.0
18675,18677,18676,1,1,-1.0
18675,18677,18675,1,-1,1.0
18675,18677,18677,1,1,1.0
18675,18677,18675,1,-1,1.0
18675,18677,18676,4,-4,4.0
18676,18677,18677,2,2,2.0
18677,18678,18678,1,1,1.0
18677,18678,18677,5,-5,5.0
18677,18678,18678,1,1,1.0
18677,18679,18679,1,1,1.0
18677,18679,18679,1,1,1.0
18677,18678,18678,1,1,1.0
18677,18678,18678,1,1,1.0
18677,18678,18678,15,15,15.0
18678,18679,18679,3,3,3.0
18678,18679,18679,4,4,4.0
18678,18679,18679,1,1,1.0
18679,18680,18680,21,21,21.0
18679,18680,18680,1,1,1.0
18679,18680,18680,1,1,1.0
18679,18680,18680,1,1,1.0
18680,18681,18681,1,1,1.0
18680,18681,18680,1,-1,1.0
18680,18681,18680,2,-2,2.0
18679,18680,18679,2,-2,2.0
18679,18680,18680,1,1,1.0
18678,18680,18679,1,1,-1.0
18678,18680,18680,7,7,7.0
18678,18680,18680,1,1,1.0
18678,18680,18678,10,-10,10.0
18678,18680,18680,2,2,2.0
18678,18679,18678,1,-1,1.0
18678,18679,18679,1,1,1.0
18678,18679,18679,1,1,1.0
18678,18679,18678,1,-1,1.0
18678,18679,18677,1,-1,1.0
18678,18679,18677,1,-1,1.0
18678,18679,18677,1,-1,1.0
18678,18679,18677,1,-1,1.0
18676,18677,18677,1,1,1.0
18675,18677,18676,1,1,-1.0
18675,18677,18675,4,-4,4.0
18675,18677,18677,9,9,9.0
18675,18676,18675,1,-1,1.0
18675,18676,18676,2,2,2.0
18675,18676,18676,1,1,1.0
18675,18677,18675,1,-1,1.0
18675,18676,18676,1,1,1.0
18675,18676,18677,2,2,-2.0
18675,18677,18675,1,-1,1.0
18675,18677,18677,2,2,2.0
18675,18677,18677,1,1,1.0
18675,18677,18677,2,2,2.0
18676,18678,18676,1,-1,1.0
18676,18678,18677,1,-1,1.0
18675,18677,18677,1,1,1.0
18676,18677,18677,1,1,1.0
18676,18677,18677,2,2,2.0
18676,18677,18677,1,1,1.0
18676,18677,18676,11,-11,11.0
18676,18677,18675,37,-37,37.0
18676,18677,18675,1,-1,1.0
18676,18677,18675,1,-1,1.0
18675,18676,18676,3,3,3.0
18675,18677,18675,1,-1,1.0
18676,18677,18676,2,-2,2.0
18676,18678,18676,1,-1,1.0
18676,18678,18677,1,-1,1.0
18677,18678,18678,1,1,1.0
18677,18678,18677,2,-2,2.0
18677,18678,18678,1,1,1.0
18677,18678,18677,1,-1,1.0
18677,18678,18677,1,-1,1.0
18677,18678,18678,2,2,2.0
18677,18678,18678,6,6,6.0
18677,18678,18678,6,6,6.0
18677,18678,18678,35,35,35.0
18677,18678,18679,2,2,-2.0
18678,18679,18678,1,-1,1.0
18678,18679,18678,1,-1,1.0
18678,18679,18678,2,-2,2.0
18677,18678,18678,1,1,1.0
18677,18678,18678,1,1,1.0
18677,18678,18678,3,3,3.0
18677,18678,18677,2,-2,2.0
18677,18678,18677,2,-2,2.0
18677,18678,18677,4,-4,4.0
18676,18677,18677,1,1,1.0
18676,18678,18678,1,1,1.0
18676,18678,18678,1,1,1.0
18676,18678,18677,1,1,-1.0
18676,18677,18677,1,1,1.0
18676,18678,18677,2,2,-2.0
18677,18678,18678,4,4,4.0
18677,18678,18678,2,2,2.0
18677,18678,18677,1,-1,1.0
18677,18678,18677,1,-1,1.0
18677,18678,18677,1,-1,1.0
18677,18678,18677,1,-1,1.0
18676,18678,18677,1,-1,1.0
18676,18678,18677,1,-1,1.0
18676,18677,18677,2,2,2.0
18676,18677,18677,3,3,3.0
18676,18677,18677,2,2,2.0
18676,18677,18676,3,-3,3.0
18676,18677,18676,1,-1,1.0
18676,18677,18676,1,-1,1.0
18676,18677,18676,1,-1,1.0
18675,18677,18676,2,-2,2.0
18675,18676,18676,1,1,1.0
18675,18676,18676,1,1,1.0
18675,18676,18675,1,-1,1.0
18675,18676,18675,1,-1,1.0
18675,18676,18675,4,-4,4.0
18674,18676,18675,1,-1,1.0
18674,18676,18676,1,1,1.0
18674,18676,18675,1,1,-1.0
18674,18676,18676,1,1,1.0
18674,18676,18676,1,1,1.0
18674,18676,18676,1,1,1.0
18674,18676,18675,2,2,-2.0
18674,18676,18676,1,1,1.0
18674,18676,18676,1,1,1.0
18674,18676,18677,1,1,-1.0
18674,18676,18677,1,1,-1.0
18674,18676,18677,1,1,-1.0
18674,18676,18677,1,1,-1.0
18674,18676,18677,1,1,-1.0
18674,18676,18677,1,1,-1.0
18674,18676,18677,1,1,-1.0
18674,18676,18677,1,1,-1.0
18676,18678,18678,1,1,1.0
18676,18678,18678,1,1,1.0
18676,18678,18678,1,1,1.0
18676,18678,18678,1,1,1.0
18676,18678,18678,1,1,1.0
18676,18678,18678,1,1,1.0
18676,18678,18678,1,1,1.0
18676,18678,18678,1,1,1.0
18676,18678,18678,7,7,7.0
18676,18678,18679,1,1,-1.0
18678,18679,18678,2,-2,2.0
18678,18679,18679,1,1,1.0
18678,18679,18678,1,-1,1.0
18678,18679,18678,3,-3,3.0
18678,18679,18679,8,8,8.0
18677,18679,18677,3,-3,3.0
18676,18677,18677,1,1,1.0
18676,18677,18677,2,2,2.0
18676,18677,18676,1,-1,1.0
18676,18677,18676,1,-1,1.0
18674,18676,18676,1,1,1.0
18674,18676,18676,1,1,1.0
18676,18677,18676,2,-2,2.0
18676,18677,18677,1,1,1.0
18676,18678,18676,1,-1,1.0
18676,18678,18678,1,1,1.0
18676,18678,18676,1,-1,1.0
18676,18678,18678,1,1,1.0
18677,18678,18678,1,1,1.0
18677,18678,18678,1,1,1.0
18677,18679,18679,1,1,1.0
18677,18679,18678,1,1,-1.0
18677,18678,18678,1,1,1.0
18677,18679,18679,1,1,1.0
18678,18679,18678,1,-1,1.0
18678,18679,18678,1,-1,1.0
18678,18679,18679,2,2,2.0
18678,18679,18679,1,1,1.0
18678,18679,18678,1,-1,1.0
18678,18679,18679,2,2,2.0
18678,18679,18679,1,1,1.0
18678,18679,18678,1,-1,1.0
18677,18679,18678,1,-1,1.0
18678,18679,18678,1,-1,1.0
18678,18679,18679,1,1,1.0
18678,18679,18678,1,-1,1.0
18677,18679,18677,3,-3,3.0
18677,18679,18677,1,-1,1.0
18677,18679,18677,1,-1,1.0
18677,18679,18677,3,-3,3.0
18677,18678,18678,1,1,1.0
18677,18678,18678,2,2,2.0
18678,18679,18678,1,-1,1.0
18678,18679,18679,6,6,6.0
18678,18679,18679,3,3,3.0
18679,18680,18680,2,2,2.0
18679,18680,18680,4,4,4.0
18679,18680,18680,1,1,1.0
18679,18680,18680,5,5,5.0
18679,18680,18680,8,8,8.0
18679,18680,18680,1,1,1.0
18679,18680,18680,1,1,1.0
18679,18680,18680,6,6,6.0
18679,18680,18680,3,3,3.0
18679,18680,18680,3,3,3.0
18679,18680,18680,1,1,1.0
18679,18680,18680,1,1,1.0
18679,18680,18680,1,1,1.0
18679,18680,18680,1,1,1.0
18679,18680,18680,1,1,1.0
18679,18680,18680,1,1,1.0
18679,18680,18680,1,1,1.0
18679,18680,18680,1,1,1.0
18679,18680,18680,2,2,2.0
18679,18680,18680,1,1,1.0
18679,18680,18680,1,1,1.0
18679,18680,18680,3,3,3.0
18679,18680,18680,2,2,2.0
18680,18681,18680,1,-1,1.0
18680,18681,18680,1,-1,1.0
18680,18681,18679,4,-4,4.0
18679,18680,18680,1,1,1.0
18679,18680,18679,2,-2,2.0
18679,18680,18679,1,-1,1.0
18679,18680,18680,1,1,1.0
18679,18680,18680,1,1,1.0
18679,18680,18680,1,1,1.0
18679,18680,18680,1,1,1.0
18679,18680,18680,2,2,2.0
18679,18680,18680,1,1,1.0
18680,18681,18680,1,-1,1.0
18680,18681,18680,1,-1,1.0
18680,18681,18680,1,-1,1.0
18679,18681,18681,1,1,1.0
18679,18681,18681,1,1,1.0
18679,18681,18681,1,1,1.0
18680,18681,18681,1,1,1.0
18680,18681,18681,1,1,1.0
18680,18681,18681,1,1,1.0
18680,18681,18681,1,1,1.0
18680,18681,18680,5,-5,5.0
18680,18681,18680,1,-1,1.0
18680,18681,18681,1,1,1.0
18680,18681,18681,2,2,2.0
18680,18681,18680,1,-1,1.0
18680,18681,18680,1,-1,1.0
18680,18681,18680,4,-4,4.0
18679,18680,18680,1,1,1.0
18680,18681,18681,1,1,1.0
18680,18681,18681,1,1,1.0
18680,18681,18681,1,1,1.0
18680,18681,18680,6,-6,6.0
18680,18681,18681,3,3,3.0
18680,18681,18681,1,1,1.0
18680,18681,18681,2,2,2.0
18680,18681,18680,1,-1,1.0
18680,18681,18680,1,-1,1.0
18680,18681,18680,1,-1,1.0
18680,18681,18680,1,-1,1.0
18680,18681,18680,1,-1,1.0
18679,18680,18680,1,1,1.0
18679,18680,18680,1,1,1.0
18679,18680,18680,1,1,1.0
18679,18680,18680,1,1,1.0
18679,18680,18680,1,1,1.0
18679,18680,18680,1,1,1.0
18679,18680,18679,2,-2,2.0
18679,18680,18679,1,-1,1.0
18679,18680,18679,2,-2,2.0
18679,18680,18679,5,-5,5.0
18679,18680,18679,2,-2,2.0
18679,18680,18679,1,-1,1.0
18679,18680,18679,1,-1,1.0
18679,18680,18679,2,-2,2.0
18679,18680,18679,4,-4,4.0
18678,18679,18679,1,1,1.0
18678,18679,18678,1,-1,1.0
18678,18679,18679,5,5,5.0
18679,18680,18680,15,15,15.0
18679,18680,18680,1,1,1.0
18680,18681,18681,29,29,29.0
18681,18682,18682,15,15,15.0
18681,18682,18682,2,2,2.0
18681,18682,18681,1,-1,1.0
18681,18682,18681,1,-1,1.0
18681,18682,18682,2,2,2.0
18681,18682,18681,1,-1,1.0
18681,18682,18681,9,-9,9.0
18681,18682,18681,1,-1,1.0
18681,18682,18682,1,1,1.0
18681,18682,18682,1,1,1.0
18681,18682,18682,2,2,2.0
18681,18682,18682,4,4,4.0
18681,18682,18682,1,1,1.0
18681,18682,18682,1,1,1.0
18681,18682,18682,4,4,4.0
18681,18682,18682,2,2,2.0
18681,18682,18682,1,1,1.0
18681,18682,18682,1,1,1.0
18681,18682,18682,2,2,2.0
18681,18682,18682,5,5,5.0
18681,18682,18682,4,4,4.0
18681,18682,18682,2,2,2.0
18682,18683,18682,1,-1,1.0
18681,18683,18682,1,-1,1.0
18681,18683,18683,1,1,1.0
18681,18683,18683,2,2,2.0
18681,18683,18683,6,6,6.0
18681,18683,18683,2,2,2.0
18682,18683,18683,1,1,1.0
18682,18683,18683,2,2,2.0
18682,18683,18683,4,4,4.0
18682,18684,18684,2,2,2.0
18682,18684,18684,2,2,2.0
18682,18684,18682,1,-1,1.0
18682,18684,18684,2,2,2.0
18682,18684,18682,2,-2,2.0
18682,18684,18684,2,2,2.0
18682,18684,18684,4,4,4.0
18682,18684,18684,2,2,2.0
18682,18684,18684,1,1,1.0
18682,18684,18684,2,2,2.0
18682,18684,18684,2,2,2.0
18682,18684,18684,2,2,2.0
18683,18684,18684,1,1,1.0
18683,18684,18684,1,1,1.0
18683,18684,18683,1,-1,1.0
18683,18684,18684,1,1,1.0
18683,18684,18684,1,1,1.0
18683,18684,18685,2,2,-2.0
18683,18685,18685,1,1,1.0
18683,18685,18685,2,2,2.0
18683,18685,18685,2,2,2.0
18683,18685,18685,1,1,1.0
18683,18685,18685,1,1,1.0
18683,18685,18685,1,1,1.0
18683,18685,18685,1,1,1.0
18683,18685,18685,1,1,1.0
18683,18685,18685,1,1,1.0
18683,18685,18685,1,1,1.0
18683,18685,18685,3,3,3.0
18683,18685,18685,2,2,2.0
18683,18685,18685,2,2,2.0
18683,18685,18685,1,1,1.0
18683,18685,18685,1,1,1.0
18683,18685,18685,1,1,1.0
18683,18685,18685,1,1,1.0
18683,18685,18685,2,2,2.0
18683,18685,18684,1,1,-1.0
18683,18684,18684,1,1,1.0
18683,18684,18683,1,-1,1.0
18683,18684,18683,2,-2,2.0
18683,18684,18683,1,-1,1.0
18683,18684,18683,1,-1,1.0
18682,18683,18683,3,3,3.0
18682,18683,18683,1,1,1.0
18682,18683,18682,2,-2,2.0
18682,18683,18682,2,-2,2.0
18682,18683,18683,2,2,2.0
18681,18683,18682,4,4,-4.0
18681,18683,18683,1,1,1.0
18681,18683,18683,1,1,1.0
18681,18683,18683,1,1,1.0
18681,18683,18683,2,2,2.0
18682,18683,18683,3,3,3.0
18682,18683,18683,2,2,2.0
18682,18683,18682,2,-2,2.0
18681,18682,18682,1,1,1.0
18681,18682,18682,1,1,1.0
18681,18682,18681,10,-10,10.0
18681,18683,18683,1,1,1.0
18681,18683,18683,13,13,13.0
18681,18683,18683,3,3,3.0
18682,18684,18682,1,-1,1.0
18683,18684,18683,1,-1,1.0
18682,18684,18682,1,-1,1.0
18682,18684,18684,3,3,3.0
18682,18684,18682,1,-1,1.0
18682,18684,18683,1,-1,1.0
18683,18684,18684,2,2,2.0
18683,18684,18683,1,-1,1.0
18682,18683,18682,1,-1,1.0
18682,18683,18683,1,1,1.0
18682,18683,18683,3,3,3.0
18682,18683,18683,1,1,1.0
18682,18683,18683,3,3,3.0
18682,18683,18683,1,1,1.0
18682,18683,18683,3,3,3.0
18682,18683,18683,3,3,3.0
18682,18684,18682,1,-1,1.0
18682,18684,18684,3,3,3.0
18682,18683,18683,1,1,1.0
18682,18683,18683,1,1,1.0
18682,18683,18682,3,-3,3.0
18681,18683,18683,3,3,3.0
18681,18683,18683,3,3,3.0
18681,18683,18683,3,3,3.0
18682,18683,18683,3,3,3.0
18682,18683,18683,1,1,1.0
18682,18683,18683,2,2,2.0
18683,18684,18683,3,-3,3.0
18683,18684,18683,1,-1,1.0
18682,18683,18683,2,2,2.0
18682,18683,18683,1,1,1.0
18682,18683,18683,2,2,2.0
18682,18683,18683,1,1,1.0
18682,18683,18683,1,1,1.0
18683,18684,18684,1,1,1.0
18683,18684,18683,1,-1,1.0
18683,18684,18683,2,-2,2.0
18683,18684,18684,1,1,1.0
18683,18684,18683,1,-1,1.0
18683,18684,18683,1,-1,1.0
18683,18684,18683,1,-1,1.0
18683,18684,18683,2,-2,2.0
18682,18684,18684,2,2,2.0
18682,18684,18682,1,-1,1.0
18682,18683,18683,1,1,1.0
18682,18683,18684,2,2,-2.0
18682,18684,18684,1,1,1.0
18682,18684,18683,1,1,-1.0
18682,18683,18683,1,1,1.0
18682,18683,18683,1,1,1.0
18682,18683,18682,6,-6,6.0
18681,18682,18681,2,-2,2.0
18681,18682,18682,1,1,1.0
18681,18682,18682,2,2,2.0
18681,18683,18681,2,-2,2.0
18681,18683,18682,2,-2,2.0
18681,18683,18683,1,1,1.0
18681,18683,18683,6,6,6.0
18681,18682,18682,1,1,1.0
18681,18682,18682,1,1,1.0
18681,18682,18682,1,1,1.0
18681,18682,18681,2,-2,2.0
18681,18682,18682,3,3,3.0
18681,18682,18683,3,3,-3.0
18681,18682,18683,3,3,-3.0
18681,18682,18683,2,2,-2.0
18681,18683,18682,2,2,-2.0
18681,18683,18682,1,1,-1.0
18681,18683,18682,2,2,-2.0
18681,18683,18683,1,1,1.0
18681,18683,18683,1,1,1.0
18681,18683,18681,1,-1,1.0
18681,18683,18683,1,1,1.0
18681,18683,18682,1,1,-1.0
18682,18683,18683,1,1,1.0
18682,18683,18683,1,1,1.0
18682,18683,18682,1,-1,1.0
18682,18683,18682,1,-1,1.0
18682,18683,18682,3,-3,3.0
18681,18683,18683,6,6,6.0
18682,18683,18682,1,-1,1.0
18682,18683,18683,3,3,3.0
18682,18683,18682,3,-3,3.0
18682,18683,18681,10,-10,10.0
18681,18682,18682,1,1,1.0
18681,18682,18681,3,-3,3.0
18681,18683,18682,1,-1,1.0
18682,18683,18683,2,2,2.0
18682,18683,18682,1,-1,1.0
18682,18683,18683,1,1,1.0
18682,18683,18682,1,-1,1.0
18682,18683,18682,1,-1,1.0
18682,18683,18682,1,-1,1.0
18681,18683,18682,1,-1,1.0
18682,18683,18682,1,-1,1.0
18681,18682,18682,1,1,1.0
18682,18683,18683,1,1,1.0
18682,18683,18682,1,-1,1.0
18681,18682,18682,1,1,1.0
18681,18683,18683,1,1,1.0
18681,18682,18682,1,1,1.0
18682,18683,18682,2,-2,2.0
18682,18683,18683,1,1,1.0
18682,18683,18682,5,-5,5.0
18681,18682,18682,1,1,1.0
18681,18682,18682,1,1,1.0
18681,18682,18681,5,-5,5.0
18681,18682,18682,1,1,1.0
18681,18682,18682,1,1,1.0
18682,18683,18682,1,-1,1.0
18682,18683,18682,2,-2,2.0
18682,18683,18682,2,-2,2.0
18681,18682,18682,2,2,2.0
18682,18683,18682,1,-1,1.0
18681,18682,18681,1,-1,1.0
18681,18682,18681,1,-1,1.0
18681,18682,18681,6,-6,6.0
18680,18682,18682,1,1,1.0
18681,18682,18681,1,-1,1.0
18680,18682,18682,1,1,1.0
18680,18682,18680,1,-1,1.0
18680,18681,18681,1,1,1.0
18680,18681,18681,1,1,1.0
18681,18682,18682,9,9,9.0
18681,18683,18681,1,-1,1.0
18681,18683,18683,1,1,1.0
18681,18682,18682,2,2,2.0
18681,18682,18681,5,-5,5.0
18681,18682,18682,1,1,1.0
18681,18683,18681,1,-1,1.0
18681,18682,18682,2,2,2.0
18681,18682,18681,2,-2,2.0
18681,18682,18681,1,-1,1.0
18681,18682,18682,1,1,1.0
18681,18682,18681,2,-2,2.0
18681,18682,18680,1,-1,1.0
18681,18682,18681,1,-1,1.0
18680,18682,18681,4,-4,4.0
18680,18682,18682,1,1,1.0
18680,18682,18681,1,1,-1.0
18680,18681,18681,3,3,3.0
18680,18682,18680,1,-1,1.0
18680,18682,18682,1,1,1.0
18680,18681,18681,1,1,1.0
18680,18682,18681,1,1,-1.0
18681,18682,18682,1,1,1.0
18681,18682,18681,1,-1,1.0
18681,18682,18681,1,-1,1.0
18680,18682,18682,1,1,1.0
18680,18681,18681,1,1,1.0
18680,18681,18680,1,-1,1.0
18680,18681,18680,1,-1,1.0
18680,18681,18680,32,-32,32.0
18680,18681,18679,1,-1,1.0
18680,18681,18680,1,-1,1.0
18678,18680,18680,1,1,1.0
18679,18681,18679,1,-1,1.0
18679,18680,18680,3,3,3.0
18679,18680,18681,17,17,-17.0
18679,18681,18679,22,-22,22.0
18679,18681,18679,1,-1,1.0
18679,18681,18679,1,-1,1.0
18679,18681,18679,2,-2,2.0
18679,18681,18679,1,-1,1.0
18679,18681,18679,5,-5,5.0
18679,18681,18679,1,-1,1.0
18679,18681,18679,3,-3,3.0
18678,18679,18679,1,1,1.0
18678,18679,18679,1,1,1.0
18678,18679,18679,2,2,2.0
18678,18679,18679,1,1,1.0
18678,18679,18679,9,9,9.0
18678,18679,18680,1,1,-1.0
18678,18680,18680,1,1,1.0
18678,18680,18679,1,1,-1.0
18678,18680,18679,1,1,-1.0
18678,18680,18680,1,1,1.0
18678,18680,18678,1,-1,1.0
18678,18680,18679,1,-1,1.0
18678,18680,18678,1,-1,1.0
18679,18680,18680,2,2,2.0
18679,18680,18680,2,2,2.0
18680,18681,18680,2,-2,2.0
18679,18681,18679,2,-2,2.0
18679,18680,18680,1,1,1.0
18679,18680,18680,10,10,10.0
18679,18680,18680,1,1,1.0
18679,18681,18681,2,2,2.0
18679,18681,18681,10,10,10.0
18680,18681,18681,1,1,1.0
18680,18681,18680,1,-1,1.0
18680,18682,18680,1,-1,1.0
18680,18682,18682,1,1,1.0
18680,18682,18682,1,1,1.0
18680,18681,18681,1,1,1.0
18680,18681,18681,2,2,2.0
18680,18681,18681,1,1,1.0
18680,18681,18681,1,1,1.0
18680,18681,18681,2,2,2.0
18680,18681,18681,2,2,2.0
18680,18681,18681,2,2,2.0
18680,18681,18681,2,2,2.0
18680,18681,18681,10,10,10.0
18680,18681,18680,2,-2,2.0
18680,18681,18681,1,1,1.0
18680,18681,18681,1,1,1.0
18680,18681,18681,1,1,1.0
18680,18681,18681,3,3,3.0
18680,18681,18681,3,3,3.0
18681,18682,18682,1,1,1.0
18681,18682,18682,1,1,1.0
18681,18682,18682,1,1,1.0
18681,18682,18682,4,4,4.0
18681,18682,18681,5,-5,5.0
18681,18682,18682,1,1,1.0
18681,18682,18682,3,3,3.0
18681,18682,18682,8,8,8.0
18681,18682,18683,1,1,-1.0
18681,18682,18683,2,2,-2.0
18681,18682,18683,14,14,-14.0
18683,18684,18683,1,-1,1.0
18683,18684,18683,1,-1,1.0
18682,18684,18683,1,-1,1.0
18682,18684,18682,2,-2,2.0
18682,18684,18682,2,-2,2.0
18682,18684,18682,1,-1,1.0
18682,18684,18682,1,-1,1.0
18682,18684,18683,2,-2,2.0
18682,18683,18682,2,-2,2.0
18680,18682,18682,1,1,1.0
18681,18682,18682,1,1,1.0
18682,18683,18683,2,2,2.0
18682,18683,18682,1,-1,1.0
18682,18683,18683,1,1,1.0
18682,18683,18683,3,3,3.0
18682,18684,18683,1,1,-1.0
18682,18684,18684,1,1,1.0
18682,18684,18684,1,1,1.0
18682,18683,18683,2,2,2.0
18682,18683,18683,1,1,1.0
18683,18684,18682,1,-1,1.0
18682,18684,18682,2,-2,2.0
18682,18683,18683,6,6,6.0
18682,18683,18683,2,2,2.0
18682,18683,18682,1,-1,1.0
18682,18683,18682,2,-2,2.0
18681,18682,18682,1,1,1.0
18681,18682,18682,1,1,1.0
18681,18682,18681,2,-2,2.0
18681,18682,18681,6,-6,6.0
18681,18682,18681,1,-1,1.0
18680,18681,18681,1,1,1.0
18680,18681,18680,1,-1,1.0
18680,18681,18681,2,2,2.0
18680,18682,18680,1,-1,1.0
18680,18682,18682,1,1,1.0
18680,18681,18680,1,-1,1.0
18680,18681,18680,1,-1,1.0
18680,18681,18681,1,1,1.0
18680,18681,18681,1,1,1.0
18680,18682,18681,1,1,-1.0
18681,18682,18682,1,1,1.0
18681,18682,18682,1,1,1.0
18681,18682,18682,1,1,1.0
18681,18682,18682,4,4,4.0
18681,18682,18682,1,1,1.0
18681,18682,18682,1,1,1.0
18681,18682,18682,3,3,3.0
18681,18682,18682,1,1,1.0
18681,18682,18682,1,1,1.0
18681,18682,18682,1,1,1.0
18681,18682,18681,1,-1,1.0
18681,18682,18682,1,1,1.0
18681,18682,18682,1,1,1.0
18681,18682,18682,1,1,1.0
18681,18682,18682,1,1,1.0
18681,18682,18682,5,5,5.0
18681,18682,18682,4,4,4.0
18681,18682,18682,2,2,2.0
18681,18682,18682,4,4,4.0
18681,18682,18682,1,1,1.0
18681,18682,18682,1,1,1.0
18681,18682,18682,8,8,8.0
18681,18682,18682,2,2,2.0
18681,18682,18682,1,1,1.0
18681,18682,18682,5,5,5.0
18681,18682,18682,1,1,1.0
18681,18682,18682,1,1,1.0
18681,18682,18682,1,1,1.0
18681,18682,18682,3,3,3.0
18681,18682,18682,1,1,1.0
18682,18683,18683,1,1,1.0
18682,18683,18683,1,1,1.0
18682,18683,18683,5,5,5.0
18683,18684,18684,2,2,2.0
18683,18684,18683,5,-5,5.0
18682,18684,18683,1,-1,1.0
18683,18684,18683,1,-1,1.0
18683,18684,18684,1,1,1.0
18683,18684,18684,1,1,1.0
18683,18684,18683,1,-1,1.0
18683,18684,18684,1,1,1.0
18683,18684,18683,1,-1,1.0
18683,18684,18683,2,-2,2.0
18683,18684,18683,3,-3,3.0
18681,18683,18681,1,-1,1.0
18682,18683,18683,5,5,5.0
18682,18683,18683,5,5,5.0
18682,18683,18683,1,1,1.0
18682,18683,18682,3,-3,3.0
18682,18683,18682,1,-1,1.0
18682,18683,18681,2,-2,2.0
18682,18683,18681,2,-2,2.0
18682,18683,18681,1,-1,1.0
18680,18682,18681,2,-2,2.0
18680,18682,18681,1,-1,1.0
18680,18682,18681,1,-1,1.0
18680,18682,18680,1,-1,1.0
18680,18681,18681,1,1,1.0
18680,18681,18681,1,1,1.0
18680,18682,18682,1,1,1.0
18681,18682,18682,5,5,5.0
18681,18683,18681,1,-1,1.0
18681,18682,18682,1,1,1.0
18681,18683,18681,1,-1,1.0
18680,18682,18682,1,1,1.0
18681,18682,18682,2,2,2.0
18681,18682,18682,1,1,1.0
18681,18682,18682,1,1,1.0
18681,18682,18682,2,2,2.0
18682,18683,18682,1,-1,1.0
18682,18683,18683,1,1,1.0
18682,18683,18682,1,-1,1.0
18682,18683,18682,1,-1,1.0
18682,18683,18682,1,-1,1.0
18682,18683,18682,1,-1,1.0
18682,18683,18683,1,1,1.0
18682,18683,18683,17,17,17.0
18682,18684,18682,1,-1,1.0
18682,18683,18683,2,2,2.0
18683,18684,18683,1,-1,1.0
18683,18684,18684,1,1,1.0
18683,18684,18684,28,28,28.0
18684,18685,18685,1,1,1.0
18684,18685,18685,1,1,1.0
18684,18685,18685,56,56,56.0
18684,18685,18685,2,2,2.0
18684,18685,18685,1,1,1.0
18684,18685,18685,1,1,1.0
18684,18685,18685,1,1,1.0
18684,18685,18685,1,1,1.0
18684,18685,18685,1,1,1.0
18684,18685,18686,1,1,-1.0
18684,18685,18686,1,1,-1.0
18684,18685,18686,1,1,-1.0
18684,18685,18686,1,1,-1.0
18684,18685,18686,1,1,-1.0
18684,18685,18686,1,1,-1.0
18684,18685,18686,1,1,-1.0
18684,18685,18686,27,27,-27.0
18686,18687,18687,4,4,4.0
18686,18687,18687,1,1,1.0
18686,18687,18687,4,4,4.0
18686,18687,18687,1,1,1.0
18686,18687,18687,1,1,1.0
18686,18687,18687,1,1,1.0
18686,18687,18687,1,1,1.0
18686,18687,18688,1,1,-1.0
18686,18687,18688,3,3,-3.0
18686,18687,18688,6,6,-6.0
18686,18687,18688,2,2,-2.0
18686,18687,18688,1,1,-1.0
18686,18687,18688,1,1,-1.0
18686,18687,18687,1,1,1.0
18687,18688,18688,2,2,2.0
18687,18688,18688,1,1,1.0
18687,18688,18688,1,1,1.0
18687,18688,18688,1,1,1.0
18687,18688,18688,1,1,1.0
18687,18688,18688,1,1,1.0
18687,18688,18688,1,1,1.0
18687,18688,18688,1,1,1.0
18687,18688,18688,2,2,2.0
18687,18688,18688,2,2,2.0
18687,18688,18688,1,1,1.0
18687,18688,18688,5,5,5.0
18687,18688,18688,1,1,1.0
18687,18688,18688,6,6,6.0
18687,18688,18688,2,2,2.0
18687,18688,18688,1,1,1.0
18687,18688,18688,1,1,1.0
18687,18688,18688,1,1,1.0
18687,18688,18688,10,10,10.0
18687,18688,18688,1,1,1.0
18687,18688,18688,2,2,2.0
18687,18688,18688,1,1,1.0
18687,18688,18688,2,2,2.0
18687,18688,18688,2,2,2.0
18687,18688,18688,2,2,2.0
18687,18688,18689,1,1,-1.0
18687,18688,18689,2,2,-2.0
18687,18688,18689,2,2,-2.0
18687,18688,18689,2,2,-2.0
18688,18689,18689,1,1,1.0
18688,18689,18688,1,-1,1.0
18688,18689,18689,2,2,2.0
18688,18689,18689,2,2,2.0
18688,18689,18689,1,1,1.0
18688,18689,18689,2,2,2.0
18688,18689,18689,2,2,2.0
18688,18689,18689,1,1,1.0
18688,18689,18689,1,1,1.0
18688,18689,18689,1,1,1.0
18687,18689,18689,1,1,1.0
18687,18689,18689,1,1,1.0
18687,18689,18689,1,1,1.0
18687,18689,18689,1,1,1.0
18687,18689,18689,1,1,1.0
18687,18689,18689,1,1,1.0
18687,18689,18689,1,1,1.0
18687,18689,18689,2,2,2.0
18687,18689,18689,2,2,2.0
18687,18689,18689,2,2,2.0
18687,18689,18689,2,2,2.0
18687,18689,18690,1,1,-1.0
18688,18690,18690,1,1,1.0
18688,18690,18690,1,1,1.0
18688,18690,18690,6,6,6.0
18688,18690,18690,2,2,2.0
18688,18690,18690,2,2,2.0
18688,18690,18688,1,-1,1.0
18688,18689,18688,1,-1,1.0
18688,18689,18688,1,-1,1.0
18688,18689,18688,1,-1,1.0
18688,18689,18688,1,-1,1.0
18688,18689,18688,1,-1,1.0
18688,18689,18688,1,-1,1.0
18688,18689,18689,1,1,1.0
18687,18689,18687,1,-1,1.0
18687,18689,18688,2,-2,2.0
18687,18689,18687,1,-1,1.0
18687,18688,18688,1,1,1.0
18687,18688,18688,1,1,1.0
18687,18689,18689,1,1,1.0
18687,18689,18688,1,1,-1.0
18687,18689,18687,1,-1,1.0
18687,18689,18689,3,3,3.0
18687,18689,18689,1,1,1.0
18687,18689,18687,1,-1,1.0
18687,18689,18688,1,-1,1.0
18687,18688,18688,1,1,1.0
18687,18688,18688,1,1,1.0
18687,18688,18688,1,1,1.0
18687,18688,18687,1,-1,1.0
18687,18688,18687,1,-1,1.0
18687,18688,18687,1,-1,1.0
18687,18688,18687,1,-1,1.0
18687,18688,18687,5,-5,5.0
18687,18688,18687,7,-7,7.0
18687,18688,18687,1,-1,1.0
18687,18688,18687,3,-3,3.0
18687,18688,18687,1,-1,1.0
18687,18688,18687,1,-1,1.0
18687,18688,18687,1,-1,1.0
18687,18688,18687,1,-1,1.0
18687,18688,18687,1,-1,1.0
18687,18688,18687,2,-2,2.0
18686,18688,18688,1,1,1.0
18687,18688,18687,1,-1,1.0
18687,18688,18687,2,-2,2.0
18687,18688,18688,7,7,7.0
18687,18688,18688,1,1,1.0
18687,18689,18687,1,-1,1.0
18687,18688,18688,1,1,1.0
18687,18688,18688,3,3,3.0
18687,18688,18688,7,7,7.0
18687,18689,18688,1,1,-1.0
18687,18689,18689,1,1,1.0
18687,18689,18689,5,5,5.0
18687,18689,18689,1,1,1.0
18688,18689,18689,1,1,1.0
18688,18689,18689,2,2,2.0
18688,18689,18689,2,2,2.0
18688,18689,18688,1,-1,1.0
18688,18689,18689,3,3,3.0
18688,18689,18688,1,-1,1.0
18688,18689,18689,2,2,2.0
18688,18690,18688,1,-1,1.0
18688,18689,18688,1,-1,1.0
18688,18689,18689,2,2,2.0
18688,18689,18689,1,1,1.0
18688,18689,18690,1,1,-1.0
18688,18690,18688,2,-2,2.0
18688,18690,18688,2,-2,2.0
18688,18690,18689,1,-1,1.0
18688,18689,18689,1,1,1.0
18688,18689,18690,1,1,-1.0
18688,18690,18690,2,2,2.0
18689,18690,18689,2,-2,2.0
18689,18690,18690,3,3,3.0
18689,18690,18690,1,1,1.0
18689,18690,18690,1,1,1.0
18689,18690,18690,2,2,2.0
18689,18690,18690,4,4,4.0
18689,18690,18690,1,1,1.0
18689,18690,18690,5,5,5.0
18689,18690,18690,1,1,1.0
18689,18690,18690,6,6,6.0
18689,18690,18690,1,1,1.0
18689,18690,18690,1,1,1.0
18689,18690,18690,2,2,2.0
18689,18690,18690,1,1,1.0
18689,18690,18690,1,1,1.0
18689,18690,18690,3,3,3.0
18689,18690,18690,3,3,3.0
18689,18690,18690,1,1,1.0
18689,18690,18690,1,1,1.0
18689,18690,18690,1,1,1.0
18689,18690,18690,2,2,2.0
18689,18690,18690,1,1,1.0
18689,18690,18690,1,1,1.0
18689,18690,18690,1,1,1.0
18689,18690,18690,2,2,2.0
18689,18690,18690,1,1,1.0
18689,18690,18690,1,1,1.0
18689,18690,18690,1,1,1.0
18689,18690,18690,1,1,1.0
18689,18690,18690,1,1,1.0
18689,18690,18690,1,1,1.0
18689,18690,18690,1,1,1.0
18689,18690,18690,1,1,1.0
18689,18690,18690,1,1,1.0
18689,18690,18690,1,1,1.0
18689,18690,18690,3,3,3.0
18690,18691,18690,1,-1,1.0
18690,18691,18691,1,1,1.0
18690,18691,18691,1,1,1.0
18690,18691,18691,1,1,1.0
18690,18691,18691,1,1,1.0
18690,18691,18691,1,1,1.0
18690,18691,18691,1,1,1.0
18690,18691,18690,2,-2,2.0
18690,18691,18690,1,-1,1.0
18690,18691,18690,1,-1,1.0
18690,18691,18691,5,5,5.0
18690,18691,18691,1,1,1.0
18690,18691,18691,25,25,25.0
18691,18692,18692,7,7,7.0
18691,18692,18692,17,17,17.0
18691,18692,18692,2,2,2.0
18691,18692,18691,1,-1,1.0
18691,18693,18693,1,1,1.0
18691,18693,18693,2,2,2.0
18691,18693,18693,1,1,1.0
18691,18693,18693,1,1,1.0
18691,18693,18693,1,1,1.0
18691,18693,18693,5,5,5.0
18691,18693,18693,1,1,1.0
18691,18693,18693,2,2,2.0
18691,18693,18693,1,1,1.0
18691,18693,18693,4,4,4.0
18691,18693,18693,5,5,5.0
18691,18693,18693,1,1,1.0
18691,18693,18693,2,2,2.0
18691,18693,18693,2,2,2.0
18691,18693,18693,2,2,2.0
18691,18693,18693,4,4,4.0
18691,18693,18693,3,3,3.0
18691,18693,18693,1,1,1.0
18691,18693,18693,2,2,2.0
18691,18693,18693,2,2,2.0
18691,18693,18693,1,1,1.0
18691,18693,18694,1,1,-1.0
18692,18694,18694,13,13,13.0
18692,18694,18694,1,1,1.0
18692,18694,18694,3,3,3.0
18692,18694,18695,1,1,-1.0
18692,18694,18693,1,1,-1.0
18692,18694,18694,1,1,1.0
18692,18694,18695,1,1,-1.0
18693,18695,18695,2,2,2.0
18693,18695,18695,2,2,2.0
18693,18695,18695,1,1,1.0
18693,18695,18695,1,1,1.0
18693,18695,18695,1,1,1.0
18693,18695,18695,1,1,1.0
18693,18695,18695,1,1,1.0
18693,18695,18695,2,2,2.0
18693,18695,18695,1,1,1.0
18693,18695,18695,5,5,5.0
18694,18695,18695,4,4,4.0
18694,18695,18694,1,-1,1.0
18694,18695,18694,2,-2,2.0
18694,18695,18695,1,1,1.0
18694,18695,18695,1,1,1.0
18694,18695,18694,1,-1,1.0
18694,18695,18694,1,-1,1.0
18694,18695,18695,2,2,2.0
18694,18695,18694,1,-1,1.0
18694,18695,18695,1,1,1.0
18694,18695,18695,1,1,1.0
18694,18695,18694,1,-1,1.0
18694,18695,18695,1,1,1.0
18694,18695,18694,1,-1,1.0
18694,18695,18694,1,-1,1.0
18694,18695,18694,1,-1,1.0
18694,18695,18694,4,-4,4.0
18694,18695,18694,1,-1,1.0
18694,18695,18694,1,-1,1.0
18694,18695,18694,1,-1,1.0
18694,18695,18694,1,-1,1.0
18694,18695,18695,2,2,2.0
18694,18695,18695,1,1,1.0
18694,18695,18694,1,-1,1.0
18694,18695,18695,1,1,1.0
18694,18695,18695,1,1,1.0
18694,18695,18694,1,-1,1.0
18694,18695,18694,1,-1,1.0
18694,18695,18695,1,1,1.0
18694,18695,18695,1,1,1.0
18694,18695,18694,1,-1,1.0
18694,18695,18694,1,-1,1.0
18694,18695,18695,1,1,1.0
18694,18695,18695,1,1,1.0
18694,18695,18694,1,-1,1.0
18694,18695,18695,4,4,4.0
18694,18695,18695,2,2,2.0
18694,18695,18695,1,1,1.0
18694,18695,18695,1,1,1.0
18694,18695,18695,1,1,1.0
18694,18695,18695,1,1,1.0
18694,18695,18694,1,-1,1.0
18694,18695,18695,1,1,1.0
18693,18695,18693,1,-1,1.0
18693,18695,18693,2,-2,2.0
18693,18695,18695,1,1,1.0
18693,18695,18695,1,1,1.0
18693,18695,18695,1,1,1.0
18693,18695,18695,1,1,1.0
18693,18694,18694,1,1,1.0
18693,18694,18694,1,1,1.0
18694,18695,18694,1,-1,1.0
18694,18695,18694,1,-1,1.0
18694,18695,18694,1,-1,1.0
18694,18695,18695,1,1,1.0
18694,18695,18694,1,-1,1.0
18694,18695,18694,1,-1,1.0
18694,18695,18694,2,-2,2.0
18693,18694,18694,1,1,1.0
18693,18694,18694,7,7,7.0
18693,18694,18695,2,2,-2.0
18693,18695,18695,1,1,1.0
18694,18695,18694,1,-1,1.0
18694,18695,18694,1,-1,1.0
18694,18695,18694,1,-1,1.0
18693,18694,18694,1,1,1.0
18693,18694,18695,12,12,-12.0
18693,18695,18695,1,1,1.0
18693,18695,18695,1,1,1.0
18694,18695,18694,2,-2,2.0
18694,18695,18694,1,-1,1.0
18694,18695,18695,6,6,6.0
18694,18695,18695,2,2,2.0
18694,18695,18695,2,2,2.0
18694,18695,18695,2,2,2.0
18694,18695,18694,2,-2,2.0
18694,18695,18695,2,2,2.0
18694,18695,18695,2,2,2.0
18694,18695,18695,2,2,2.0
18694,18695,18695,2,2,2.0
18694,18695,18695,3,3,3.0
18694,18695,18695,1,1,1.0
18695,18696,18696,1,1,1.0
18695,18696,18696,1,1,1.0
18695,18696,18696,16,16,16.0
18695,18696,18696,5,5,5.0
18695,18696,18696,1,1,1.0
18695,18696,18696,1,1,1.0
18695,18696,18696,1,1,1.0
18695,18696,18696,1,1,1.0
18695,18696,18695,1,-1,1.0
18695,18696,18696,2,2,2.0
18695,18696,18697,1,1,-1.0
18695,18697,18695,3,-3,3.0
18695,18697,18696,1,-1,1.0
18695,18697,18695,3,-3,3.0
18695,18697,18696,2,-2,2.0
18696,18697,18696,1,-1,1.0
18696,18697,18696,1,-1,1.0
18696,18697,18697,1,1,1.0
18696,18697,18696,2,-2,2.0
18696,18697,18696,35,-35,35.0
18696,18697,18695,1,-1,1.0
18695,18696,18695,2,-2,2.0
18695,18696,18695,3,-3,3.0
18694,18695,18694,1,-1,1.0
18694,18695,18694,1,-1,1.0
18694,18695,18694,5,-5,5.0
18694,18695,18693,1,-1,1.0
18694,18695,18693,1,-1,1.0
18694,18695,18693,2,-2,2.0
18692,18693,18692,2,-2,2.0
18692,18693,18692,1,-1,1.0
18692,18693,18693,2,2,2.0
18692,18693,18692,7,-7,7.0
18692,18693,18691,31,-31,31.0
18691,18692,18691,4,-4,4.0
18690,18692,18692,1,1,1.0
18690,18692,18690,1,-1,1.0
18690,18692,18691,1,-1,1.0
18690,18691,18690,1,-1,1.0
18690,18691,18689,1,-1,1.0
18688,18690,18688,1,-1,1.0
18688,18690,18688,1,-1,1.0
18688,18690,18690,3,3,3.0
18688,18690,18690,1,1,1.0
18688,18690,18690,1,1,1.0
18690,18691,18690,1,-1,1.0
18690,18691,18690,1,-1,1.0
18690,18691,18690,1,-1,1.0
18689,18691,18690,1,-1,1.0
18689,18690,18689,1,-1,1.0
18689,18690,18689,1,-1,1.0
18689,18690,18689,1,-1,1.0
18689,18690,18690,2,2,2.0
18689,18690,18689,1,-1,1.0
18689,18690,18690,2,2,2.0
18689,18690,18690,1,1,1.0
18689,18690,18691,1,1,-1.0
18689,18690,18689,6,-6,6.0
18689,18690,18689,1,-1,1.0
18688,18689,18689,1,1,1.0
18688,18689,18689,2,2,2.0
18688,18689,18689,2,2,2.0
18688,18690,18688,1,-1,1.0
18688,18690,18688,1,-1,1.0
18688,18689,18689,1,1,1.0
18688,18689,18688,5,-5,5.0
18688,18689,18688,1,-1,1.0
18687,18688,18688,4,4,4.0
18687,18688,18688,2,2,2.0
18687,18688,18687,3,-3,3.0
18687,18688,18687,1,-1,1.0
18687,18688,18687,1,-1,1.0
18687,18688,18686,1,-1,1.0
18687,18688,18687,1,-1,1.0
18687,18688,18685,1,-1,1.0
18687,18688,18685,1,-1,1.0
18685,18686,18686,1,1,1.0
18685,18686,18686,1,1,1.0
18685,18686,18685,1,-1,1.0
18685,18686,18685,1,-1,1.0
18685,18686,18685,2,-2,2.0
18685,18686,18685,2,-2,2.0
18685,18686,18686,1,1,1.0
18685,18686,18686,1,1,1.0
18685,18687,18687,1,1,1.0
18686,18687,18687,1,1,1.0
18687,18688,18687,2,-2,2.0
18687,18688,18687,2,-2,2.0
18687,18688,18686,27,-27,27.0
18687,18688,18685,21,-21,21.0
18687,18688,18686,1,-1,1.0
18685,18687,18685,1,-1,1.0
18685,18687,18687,1,1,1.0
18685,18687,18687,3,3,3.0
18686,18687,18686,4,-4,4.0
18686,18687,18686,1,-1,1.0
18685,18687,18685,1,-1,1.0
18685,18687,18687,1,1,1.0
18685,18687,18687,1,1,1.0
18685,18686,18686,1,1,1.0
18685,18686,18687,1,1,-1.0
18686,18687,18687,1,1,1.0
18686,18687,18687,8,8,8.0
18686,18688,18687,1,1,-1.0
18687,18688,18687,1,-1,1.0
18686,18688,18686,1,-1,1.0
18686,18688,18688,1,1,1.0
18686,18687,18687,1,1,1.0
18686,18687,18687,1,1,1.0
18686,18687,18687,2,2,2.0
18686,18687,18686,1,-1,1.0
18686,18687,18686,1,-1,1.0
18686,18687,18687,5,5,5.0
18686,18688,18686,5,-5,5.0
18686,18687,18687,3,3,3.0
18686,18688,18688,4,4,4.0
18686,18688,18688,1,1,1.0
18687,18688,18688,8,8,8.0
18687,18688,18688,1,1,1.0
18687,18688,18687,3,-3,3.0
18686,18688,18688,1,1,1.0
18687,18688,18687,1,-1,1.0
18686,18687,18687,1,1,1.0
18686,18687,18687,1,1,1.0
18686,18687,18687,1,1,1.0
18686,18687,18687,1,1,1.0
18686,18687,18687,1,1,1.0
18686,18687,18687,1,1,1.0
18687,18688,18688,1,1,1.0
18687,18688,18688,1,1,1.0
18687,18688,18688,1,1,1.0
18687,18688,18688,1,1,1.0
18687,18688,18688,1,1,1.0
18687,18688,18688,1,1,1.0
18687,18688,18688,1,1,1.0
18687,18688,18688,1,1,1.0
18687,18688,18687,1,-1,1.0
18687,18688,18688,1,1,1.0
18687,18688,18688,1,1,1.0
18687,18688,18688,1,1,1.0
18686,18688,18688,1,1,1.0
18686,18688,18688,2,2,2.0
18686,18688,18688,1,1,1.0
18686,18688,18688,2,2,2.0
18686,18687,18687,1,1,1.0
18686,18687,18687,2,2,2.0
18686,18687,18687,3,3,3.0
18686,18687,18688,2,2,-2.0
18686,18687,18687,1,1,1.0
18686,18687,18687,1,1,1.0
18686,18687,18686,2,-2,2.0
18686,18687,18687,1,1,1.0
18687,18688,18688,2,2,2.0
18687,18688,18688,1,1,1.0
18687,18688,18687,5,-5,5.0
18687,18688,18688,1,1,1.0
18687,18688,18688,1,1,1.0
18688,18689,18688,1,-1,1.0
18688,18689,18688,1,-1,1.0
18687,18688,18688,2,2,2.0
18688,18689,18688,1,-1,1.0
18687,18688,18687,1,-1,1.0
18687,18688,18687,2,-2,2.0
18687,18688,18687,2,-2,2.0
18686,18687,18686,1,-1,1.0
18686,18687,18687,4,4,4.0
18686,18687,18687,1,1,1.0
18687,18688,18688,1,1,1.0
18687,18688,18688,1,1,1.0
18687,18688,18687,1,-1,1.0
18686,18688,18688,1,1,1.0
18687,18688,18687,1,-1,1.0
18686,18688,18687,1,-1,1.0
18686,18687,18687,2,2,2.0
18686,18687,18687,1,1,1.0
18686,18687,18687,1,1,1.0
18686,18687,18687,1,1,1.0
18686,18687,18687,1,1,1.0
18686,18687,18686,1,-1,1.0
18686,18687,18686,1,-1,1.0
18686,18687,18687,1,1,1.0
18686,18687,18686,4,-4,4.0
18686,18687,18686,2,-2,2.0
18686,18687,18686,1,-1,1.0
18686,18687,18686,2,-2,2.0
18686,18687,18686,3,-3,3.0
18686,18687,18686,1,-1,1.0
18686,18687,18686,1,-1,1.0
18686,18687,18685,1,-1,1.0
18686,18687,18685,2,-2,2.0
18686,18687,18685,4,-4,4.0
18686,18687,18685,2,-2,2.0
18686,18687,18685,5,-5,5.0
18686,18687,18685,1,-1,1.0
18686,18687,18685,10,-10,10.0
18686,18687,18685,1,-1,1.0
18686,18687,18684,2,-2,2.0
18684,18685,18684,1,-1,1.0
18684,18685,18685,1,1,1.0
18684,18686,18685,1,1,-1.0
18684,18686,18685,2,2,-2.0
18684,18685,18684,1,-1,1.0
18685,18686,18686,1,1,1.0
18685,18687,18685,5,-5,5.0
18685,18687,18685,1,-1,1.0
18685,18687,18687,1,1,1.0
18685,18687,18685,1,-1,1.0
18685,18687,18684,1,-1,1.0
18684,18686,18684,1,-1,1.0
18684,18686,18685,1,-1,1.0
18685,18686,18686,2,2,2.0
18685,18686,18686,6,6,6.0
18685,18686,18686,2,2,2.0
18685,18686,18686,4,4,4.0
18685,18686,18686,4,4,4.0
18685,18686,18686,2,2,2.0
18685,18686,18686,1,1,1.0
18685,18686,18686,23,23,23.0
18686,18687,18686,1,-1,1.0
18685,18687,18687,1,1,1.0
18685,18687,18686,1,1,-1.0
18686,18687,18686,1,-1,1.0
18686,18687,18686,1,-1,1.0
18686,18687,18686,2,-2,2.0
18686,18687,18687,1,1,1.0
18686,18687,18687,2,2,2.0
18686,18687,18687,1,1,1.0
18687,18688,18688,1,1,1.0
18687,18688,18688,1,1,1.0
18687,18688,18687,1,-1,1.0
18687,18688,18687,1,-1,1.0
18687,18688,18687,4,-4,4.0
18687,18688,18688,1,1,1.0
18687,18688,18687,1,-1,1.0
18687,18688,18687,1,-1,1.0
18687,18688,18687,1,-1,1.0
18687,18688,18687,1,-1,1.0
18687,18688,18687,1,-1,1.0
18686,18688,18688,1,1,1.0
18686,18688,18688,1,1,1.0
18687,18688,18687,1,-1,1.0
18687,18688,18688,11,11,11.0
18687,18688,18689,1,1,-1.0
18687,18688,18689,1,1,-1.0
18687,18688,18689,1,1,-1.0
18689,18690,18690,1,1,1.0
18689,18690,18690,1,1,1.0
18689,18690,18690,2,2,2.0
18689,18690,18690,1,1,1.0
18689,18690,18690,1,1,1.0
18688,18690,18690,1,1,1.0
18688,18690,18690,1,1,1.0
18688,18690,18688,1,-1,1.0
18689,18690,18689,1,-1,1.0
18689,18690,18689,1,-1,1.0
18688,18689,18688,1,-1,1.0
18687,18689,18687,1,-1,1.0
18687,18689,18687,1,-1,1.0
18687,18689,18687,1,-1,1.0
18687,18689,18689,2,2,2.0
18687,18689,18687,1,-1,1.0
18687,18689,18687,1,-1,1.0
18688,18689,18688,1,-1,1.0
18688,18689,18688,1,-1,1.0
18688,18689,18689,3,3,3.0
18689,18690,18689,1,-1,1.0
18689,18690,18690,1,1,1.0
18689,18690,18690,1,1,1.0
18689,18690,18689,1,-1,1.0
18689,18690,18689,1,-1,1.0
18689,18690,18689,1,-1,1.0
18688,18690,18689,1,-1,1.0
18689,18690,18689,1,-1,1.0
18689,18690,18689,1,-1,1.0
18689,18690,18690,1,1,1.0
18689,18690,18690,2,2,2.0
18689,18690,18690,7,7,7.0
18689,18690,18690,1,1,1.0
18690,18691,18690,1,-1,1.0
18690,18691,18691,1,1,1.0
18690,18691,18690,1,-1,1.0
18690,18691,18691,2,2,2.0
18690,18691,18691,1,1,1.0
18690,18691,18690,1,-1,1.0
18690,18691,18690,1,-1,1.0
18690,18691,18690,1,-1,1.0
18689,18690,18690,1,1,1.0
18689,18690,18690,1,1,1.0
18689,18690,18690,1,1,1.0
18689,18690,18690,7,7,7.0
18690,18691,18691,4,4,4.0
18690,18691,18691,1,1,1.0
18690,18691,18691,1,1,1.0
18690,18691,18691,1,1,1.0
18691,18692,18692,16,16,16.0
18691,18692,18693,9,9,-9.0
18691,18693,18691,2,-2,2.0
18691,18693,18693,1,1,1.0
18691,18693,18691,3,-3,3.0
18691,18693,18691,1,-1,1.0
18691,18693,18691,1,-1,1.0
18691,18692,18692,2,2,2.0
18691,18692,18692,2,2,2.0
18691,18692,18691,2,-2,2.0
18690,18691,18691,1,1,1.0
18690,18692,18692,11,11,11.0
18690,18692,18693,13,13,-13.0
18691,18692,18692,1,1,1.0
18691,18692,18692,1,1,1.0
18691,18692,18692,1,1,1.0
18691,18692,18692,2,2,2.0
18691,18692,18693,1,1,-1.0
18691,18692,18692,1,1,1.0
18691,18692,18692,1,1,1.0
18691,18693,18693,10,10,10.0
18692,18693,18693,1,1,1.0
18692,18694,18693,1,1,-1.0
18693,18694,18694,1,1,1.0
18693,18694,18693,1,-1,1.0
18693,18694,18693,1,-1,1.0
18693,18694,18694,2,2,2.0
18693,18694,18694,5,5,5.0
18693,18694,18693,1,-1,1.0
18693,18694,18694,2,2,2.0
18693,18694,18694,4,4,4.0
18693,18694,18694,2,2,2.0
18693,18694,18693,1,-1,1.0
18692,18693,18693,1,1,1.0
18693,18694,18693,1,-1,1.0
18693,18694,18694,1,1,1.0
18693,18694,18693,1,-1,1.0
18693,18694,18694,1,1,1.0
18693,18694,18694,1,1,1.0
18693,18694,18694,1,1,1.0
18693,18694,18694,1,1,1.0
18693,18694,18693,3,-3,3.0
18693,18694,18693,4,-4,4.0
18692,18693,18693,1,1,1.0
18691,18693,18693,1,1,1.0
18692,18693,18692,1,-1,1.0
18691,18692,18692,1,1,1.0
18692,18693,18693,6,6,6.0
18692,18693,18694,26,26,-26.0
18692,18693,18693,2,2,2.0
18692,18693,18693,1,1,1.0
18692,18694,18692,2,-2,2.0
18692,18694,18693,1,-1,1.0
18692,18693,18693,2,2,2.0
18692,18693,18693,2,2,2.0
18692,18694,18692,1,-1,1.0
18692,18694,18694,1,1,1.0
18692,18694,18692,1,-1,1.0
18693,18694,18693,1,-1,1.0
18693,18694,18694,5,5,5.0
18693,18694,18695,40,40,-40.0
18693,18694,18696,5,5,-5.0
18694,18696,18696,1,1,1.0
18694,18696,18694,1,-1,1.0
18694,18696,18694,1,-1,1.0
18695,18696,18696,3,3,3.0
18695,18696,18695,2,-2,2.0
18694,18696,18694,3,-3,3.0
18693,18694,18694,3,3,3.0
18693,18694,18695,1,1,-1.0
18693,18695,18695,3,3,3.0
18693,18695,18695,1,1,1.0
18693,18695,18694,2,2,-2.0
18693,18695,18693,5,-5,5.0
18692,18694,18694,1,1,1.0
18693,18694,18693,3,-3,3.0
18693,18694,18694,20,20,20.0
18693,18694,18693,1,-1,1.0
18693,18695,18694,13,-13,13.0
18693,18695,18695,7,7,7.0
18692,18694,18692,1,-1,1.0
18692,18693,18693,2,2,2.0
18692,18693,18692,1,-1,1.0
18692,18693,18693,2,2,2.0
18692,18693,18693,2,2,2.0
18692,18694,18694,1,1,1.0
18693,18694,18693,1,-1,1.0
18693,18694,18693,1,-1,1.0
18693,18694,18694,1,1,1.0
18693,18694,18694,5,5,5.0
18694,18695,18695,1,1,1.0
18694,18695,18694,1,-1,1.0
18694,18695,18694,1,-1,1.0
18694,18695,18694,1,-1,1.0
18694,18695,18695,1,1,1.0
18694,18695,18694,1,-1,1.0
18694,18695,18694,1,-1,1.0
18694,18695,18695,1,1,1.0
18694,18695,18695,3,3,3.0
18694,18695,18695,1,1,1.0
18694,18695,18695,8,8,8.0
18694,18696,18696,1,1,1.0
18694,18696,18696,1,1,1.0
18694,18695,18694,1,-1,1.0
18694,18695,18695,1,1,1.0
18694,18695,18695,2,2,2.0
18695,18696,18695,1,-1,1.0
18694,18695,18695,1,1,1.0
18694,18695,18694,1,-1,1.0
18694,18695,18695,1,1,1.0
18694,18695,18695,2,2,2.0
18694,18695,18696,1,1,-1.0
18695,18696,18696,2,2,2.0
18695,18696,18695,1,-1,1.0
18694,18695,18695,1,1,1.0
18694,18695,18694,1,-1,1.0
18693,18694,18694,1,1,1.0
18693,18694,18695,9,9,-9.0
18694,18695,18695,3,3,3.0
18694,18695,18695,1,1,1.0
18694,18695,18695,2,2,2.0
18694,18695,18695,2,2,2.0
18694,18695,18694,1,-1,1.0
18694,18695,18695,3,3,3.0
18694,18696,18694,2,-2,2.0
18694,18696,18695,2,-2,2.0
18694,18696,18694,1,-1,1.0
18694,18696,18695,1,-1,1.0
18694,18696,18696,1,1,1.0
18694,18696,18696,6,6,6.0
18694,18696,18696,2,2,2.0
18695,18696,18696,2,2,2.0
18695,18696,18696,2,2,2.0
18695,18696,18696,1,1,1.0
18695,18696,18696,23,23,23.0
18695,18697,18695,2,-2,2.0
18695,18697,18697,1,1,1.0
18695,18697,18695,1,-1,1.0
18695,18697,18697,33,33,33.0
18695,18697,18697,1,1,1.0
18695,18697,18697,1,1,1.0
18695,18697,18698,1,1,-1.0
18695,18697,18698,1,1,-1.0
18697,18698,18698,3,3,3.0
18697,18698,18698,1,1,1.0
18697,18698,18698,1,1,1.0
18697,18698,18698,2,2,2.0
18697,18698,18698,3,3,3.0
18697,18698,18698,3,3,3.0
18697,18698,18698,1,1,1.0
18697,18698,18698,2,2,2.0
18697,18698,18698,2,2,2.0
18697,18698,18698,17,17,17.0
18697,18698,18698,1,1,1.0
18697,18698,18699,2,2,-2.0
18697,18698,18699,2,2,-2.0
18697,18698,18699,2,2,-2.0
18697,18698,18699,2,2,-2.0
18697,18699,18699,1,1,1.0
18697,18699,18699,1,1,1.0
18697,18699,18699,1,1,1.0
18697,18699,18699,1,1,1.0
18697,18699,18699,2,2,2.0
18697,18699,18699,2,2,2.0
18697,18699,18699,1,1,1.0
18697,18699,18699,1,1,1.0
18697,18699,18699,1,1,1.0
18697,18699,18699,4,4,4.0
18697,18699,18697,1,-1,1.0
18697,18699,18698,1,-1,1.0
18697,18699,18699,1,1,1.0
18697,18699,18699,3,3,3.0
18697,18699,18699,1,1,1.0
18697,18699,18697,1,-1,1.0
18697,18698,18698,1,1,1.0
18697,18699,18697,1,-1,1.0
18697,18699,18699,1,1,1.0
18697,18699,18699,1,1,1.0
18697,18699,18699,1,1,1.0
18697,18699,18699,2,2,2.0
18698,18699,18699,1,1,1.0
18698,18699,18699,1,1,1.0
18698,18699,18699,3,3,3.0
18698,18700,18700,1,1,1.0
18698,18700,18700,1,1,1.0
18698,18700,18700,4,4,4.0
18698,18700,18700,1,1,1.0
18698,18700,18700,1,1,1.0
18698,18700,18700,1,1,1.0
18698,18700,18700,2,2,2.0
18698,18700,18700,3,3,3.0
18698,18700,18700,2,2,2.0
18698,18700,18700,1,1,1.0
18698,18700,18699,2,2,-2.0
18698,18700,18700,1,1,1.0
18698,18700,18699,1,1,-1.0
18698,18700,18700,2,2,2.0
18698,18700,18698,5,-5,5.0
18698,18700,18699,2,-2,2.0
18698,18700,18699,2,-2,2.0
18699,18700,18699,1,-1,1.0
18699,18700,18699,1,-1,1.0
18699,18700,18700,1,1,1.0
18699,18700,18699,2,-2,2.0
18699,18700,18699,1,-1,1.0
18699,18700,18699,3,-3,3.0
18699,18700,18700,4,4,4.0
18699,18700,18700,1,1,1.0
18699,18700,18699,4,-4,4.0
18699,18700,18698,23,-23,23.0
18699,18700,18697,9,-9,9.0
18699,18700,18698,1,-1,1.0
18698,18699,18699,1,1,1.0
18698,18699,18699,2,2,2.0
18698,18699,18699,1,1,1.0
18698,18699,18700,1,1,-1.0
18698,18700,18699,1,1,-1.0
18698,18699,18699,2,2,2.0
18698,18699,18698,2,-2,2.0
18698,18699,18699,1,1,1.0
18698,18699,18699,1,1,1.0
18698,18699,18699,1,1,1.0
18698,18699,18699,2,2,2.0
18698,18700,18700,1,1,1.0
18698,18700,18699,1,1,-1.0
18698,18699,18698,3,-3,3.0
18697,18698,18698,1,1,1.0
18697,18698,18698,1,1,1.0
18697,18699,18698,1,1,-1.0
18697,18699,18698,1,1,-1.0
18697,18698,18698,1,1,1.0
18697,18698,18698,2,2,2.0
18697,18698,18697,1,-1,1.0
18697,18698,18697,1,-1,1.0
18697,18698,18698,4,4,4.0
18697,18698,18697,1,-1,1.0
18697,18698,18698,10,10,10.0
18697,18698,18697,1,-1,1.0
18697,18698,18697,1,-1,1.0
18697,18698,18698,4,4,4.0
18697,18698,18698,2,2,2.0
18697,18698,18697,1,-1,1.0
18697,18698,18697,2,-2,2.0
18696,18697,18696,1,-1,1.0
18696,18698,18697,1,-1,1.0
18696,18698,18697,1,-1,1.0
18697,18698,18698,6,6,6.0
18698,18699,18698,1,-1,1.0
18698,18699,18699,1,1,1.0
18698,18699,18698,1,-1,1.0
18698,18699,18699,3,3,3.0
18699,18700,18699,1,-1,1.0
18699,18700,18699,3,-3,3.0
18699,18700,18700,4,4,4.0
18698,18700,18699,1,1,-1.0
18698,18700,18699,2,2,-2.0
18698,18700,18699,1,1,-1.0
18698,18700,18700,5,5,5.0
18698,18700,18699,1,1,-1.0
18698,18700,18699,1,1,-1.0
18699,18700,18700,1,1,1.0
18699,18700,18700,2,2,2.0
18699,18700,18699,1,-1,1.0
18699,18700,18700,2,2,2.0
18699,18700,18699,3,-3,3.0
18698,18699,18699,4,4,4.0
18698,18700,18700,1,1,1.0
18698,18700,18700,1,1,1.0
18698,18700,18698,2,-2,2.0
18698,18699,18699,1,1,1.0
18698,18699,18698,1,-1,1.0
18698,18699,18698,8,-8,8.0
18697,18698,18698,1,1,1.0
18698,18699,18699,2,2,2.0
18698,18699,18698,1,-1,1.0
18698,18699,18699,2,2,2.0
18698,18699,18699,2,2,2.0
18698,18699,18699,2,2,2.0
18698,18700,18700,1,1,1.0
18698,18700,18700,1,1,1.0
18698,18700,18700,4,4,4.0
18698,18700,18700,3,3,3.0
18698,18700,18700,1,1,1.0
18698,18700,18700,1,1,1.0
18698,18700,18700,2,2,2.0
18698,18700,18700,1,1,1.0
18698,18700,18700,1,1,1.0
18698,18700,18700,1,1,1.0
18698,18700,18700,1,1,1.0
18698,18700,18700,1,1,1.0
18698,18700,18700,29,29,29.0
18700,18701,18700,1,-1,1.0
18700,18701,18701,1,1,1.0
18700,18701,18701,3,3,3.0
18700,18701,18701,3,3,3.0
18700,18701,18701,13,13,13.0
18700,18701,18702,1,1,-1.0
18700,18701,18702,1,1,-1.0
18701,18702,18701,1,-1,1.0
18701,18702,18701,2,-2,2.0
18701,18702,18701,1,-1,1.0
18701,18702,18702,1,1,1.0
18701,18702,18702,3,3,3.0
18701,18702,18701,2,-2,2.0
18701,18702,18701,1,-1,1.0
18701,18702,18702,1,1,1.0
18701,18702,18701,10,-10,10.0
18700,18701,18701,1,1,1.0
18700,18702,18702,3,3,3.0
18700,18702,18702,6,6,6.0
18700,18702,18702,2,2,2.0
18700,18702,18700,1,-1,1.0
18700,18701,18701,1,1,1.0
18700,18701,18700,1,-1,1.0
18700,18701,18701,2,2,2.0
18700,18701,18701,5,5,5.0
18700,18702,18700,5,-5,5.0
18700,18701,18701,1,1,1.0
18700,18701,18700,1,-1,1.0
18699,18701,18701,4,4,4.0
18699,18701,18701,2,2,2.0
18699,18701,18701,1,1,1.0
18699,18701,18701,1,1,1.0
18699,18701,18700,1,1,-1.0
18699,18701,18700,2,2,-2.0
18699,18700,18699,1,-1,1.0
18699,18700,18699,2,-2,2.0
18699,18700,18698,1,-1,1.0
18699,18700,18699,1,-1,1.0
18698,18700,18698,3,-3,3.0
18698,18700,18698,1,-1,1.0
18698,18699,18699,3,3,3.0
18698,18700,18699,2,2,-2.0
18698,18700,18699,1,1,-1.0
18700,18701,18701,2,2,2.0
18700,18701,18700,1,-1,1.0
18700,18701,18701,1,1,1.0
18700,18701,18701,1,1,1.0
18700,18701,18700,1,-1,1.0
18700,18701,18700,1,-1,1.0
18700,18701,18700,1,-1,1.0
18700,18701,18701,3,3,3.0
18700,18701,18700,1,-1,1.0
18700,18701,18701,1,1,1.0
18700,18701,18700,1,-1,1.0
18700,18701,18701,1,1,1.0
18700,18701,18701,4,4,4.0
18700,18701,18700,1,-1,1.0
18700,18701,18700,1,-1,1.0
18700,18701,18700,1,-1,1.0
18699,18700,18700,1,1,1.0
18699,18700,18701,1,1,-1.0
18700,18701,18700,2,-2,2.0
18699,18701,18700,1,-1,1.0
18699,18701,18701,1,1,1.0
18699,18701,18701,1,1,1.0
18699,18701,18700,1,1,-1.0
18699,18701,18701,6,6,6.0
18699,18701,18701,1,1,1.0
18699,18701,18701,1,1,1.0
18700,18701,18701,2,2,2.0
18700,18701,18701,2,2,2.0
18700,18701,18701,1,1,1.0
18700,18701,18701,1,1,1.0
18700,18701,18700,1,-1,1.0
18700,18701,18701,1,1,1.0
18700,18701,18701,1,1,1.0
18700,18702,18702,2,2,2.0
18700,18702,18702,1,1,1.0
18700,18702,18702,2,2,2.0
18700,18702,18701,2,2,-2.0
18700,18702,18702,1,1,1.0
18700,18702,18702,2,2,2.0
18700,18702,18702,2,2,2.0
18700,18702,18702,1,1,1.0
18700,18702,18702,1,1,1.0
18700,18702,18701,1,1,-1.0
18700,18701,18701,1,1,1.0
18700,18701,18702,1,1,-1.0
18700,18701,18702,3,3,-3.0
18700,18701,18702,1,1,-1.0
18700,18701,18702,16,16,-16.0
18700,18701,18701,1,1,1.0
18700,18701,18702,3,3,-3.0
18700,18701,18702,1,1,-1.0
18700,18701,18703,1,1,-1.0
18701,18703,18703,1,1,1.0
18701,18703,18703,2,2,2.0
18701,18703,18703,1,1,1.0
18701,18703,18703,3,3,3.0
18701,18703,18703,2,2,2.0
18701,18703,18703,2,2,2.0
18701,18703,18703,1,1,1.0
18701,18703,18703,1,1,1.0
18701,18703,18701,1,-1,1.0
18701,18703,18703,6,6,6.0
18701,18703,18703,1,1,1.0
18701,18703,18703,1,1,1.0
18701,18703,18703,1,1,1.0
18701,18703,18701,1,-1,1.0
18701,18703,18703,1,1,1.0
18701,18703,18701,1,-1,1.0
18701,18703,18703,1,1,1.0
18701,18703,18703,1,1,1.0
18701,18703,18703,1,1,1.0
18701,18703,18703,1,1,1.0
18701,18703,18701,11,-11,11.0
18701,18702,18702,1,1,1.0
18701,18702,18701,4,-4,4.0
18701,18702,18702,1,1,1.0
18701,18702,18701,4,-4,4.0
18700,18702,18700,2,-2,2.0
18700,18702,18700,5,-5,5.0
18699,18700,18699,1,-1,1.0
18699,18700,18699,9,-9,9.0
18698,18700,18700,2,2,2.0
18698,18700,18700,3,3,3.0
18698,18700,18700,2,2,2.0
18698,18700,18700,1,1,1.0
18698,18700,18700,1,1,1.0
18698,18700,18700,2,2,2.0
18698,18700,18700,1,1,1.0
18698,18700,18700,1,1,1.0
18698,18700,18700,2,2,2.0
18698,18700,18700,2,2,2.0
18698,18700,18699,1,1,-1.0
18698,18700,18700,1,1,1.0
18699,18701,18701,1,1,1.0
18699,18701,18701,1,1,1.0
18699,18701,18702,1,1,-1.0
18700,18701,18701,1,1,1.0
18700,18701,18702,1,1,-1.0
18700,18701,18700,1,-1,1.0
18700,18702,18701,2,-2,2.0
18701,18702,18701,3,-3,3.0
18701,18702,18702,7,7,7.0
18701,18703,18703,2,2,2.0
18701,18703,18703,4,4,4.0
18702,18703,18702,6,-6,6.0
18702,18703,18703,4,4,4.0
18701,18703,18703,1,1,1.0
18701,18703,18701,1,-1,1.0
18701,18703,18701,10,-10,10.0
18701,18702,18702,1,1,1.0
18701,18702,18702,2,2,2.0
18701,18703,18701,5,-5,5.0
18701,18703,18701,2,-2,2.0
18701,18703,18701,6,-6,6.0
18701,18703,18702,3,-3,3.0
18700,18701,18700,1,-1,1.0
18700,18701,18700,2,-2,2.0
18700,18701,18700,1,-1,1.0
18699,18701,18701,1,1,1.0
18699,18701,18701,1,1,1.0
18699,18701,18701,1,1,1.0
18699,18700,18699,1,-1,1.0
18699,18701,18700,1,-1,1.0
18699,18700,18700,1,1,1.0
18699,18700,18700,2,2,2.0
18699,18700,18700,4,4,4.0
18699,18700,18701,4,4,-4.0
18699,18701,18701,1,1,1.0
18699,18701,18701,1,1,1.0
18700,18702,18700,1,-1,1.0
18700,18702,18702,2,2,2.0
18699,18700,18700,1,1,1.0
18699,18700,18700,1,1,1.0
18700,18701,18701,2,2,2.0
18699,18701,18701,4,4,4.0
18701,18702,18701,1,-1,1.0
18701,18702,18701,1,-1,1.0
18701,18702,18701,1,-1,1.0
18701,18702,18701,2,-2,2.0
18700,18701,18701,1,1,1.0
18700,18701,18700,2,-2,2.0
18700,18701,18700,4,-4,4.0
18699,18701,18701,3,3,3.0
18699,18701,18699,1,-1,1.0
18699,18701,18701,1,1,1.0
18699,18701,18701,3,3,3.0
18699,18701,18701,1,1,1.0
18699,18701,18699,3,-3,3.0
18699,18700,18699,1,-1,1.0
18699,18700,18701,1,1,-1.0
18699,18700,18700,1,1,1.0
18700,18701,18700,1,-1,1.0
18699,18701,18700,1,-1,1.0
18699,18701,18701,1,1,1.0
18699,18700,18700,1,1,1.0
18699,18700,18700,1,1,1.0
18699,18701,18701,1,1,1.0
18699,18701,18701,1,1,1.0
18699,18701,18699,2,-2,2.0
18699,18700,18699,1,-1,1.0
18699,18701,18701,1,1,1.0
18699,18701,18701,1,1,1.0
18699,18701,18699,1,-1,1.0
18699,18701,18700,1,-1,1.0
18699,18700,18699,1,-1,1.0
18699,18700,18699,1,-1,1.0
18699,18700,18699,1,-1,1.0
18699,18700,18699,4,-4,4.0
18699,18700,18700,1,1,1.0
18698,18700,18700,1,1,1.0
18698,18699,18699,2,2,2.0
18698,18699,18699,3,3,3.0
18698,18699,18699,2,2,2.0
18698,18699,18699,1,1,1.0
18698,18699,18698,1,-1,1.0
18698,18699,18698,1,-1,1.0
18698,18699,18698,1,-1,1.0
18698,18699,18698,3,-3,3.0
18698,18699,18698,9,-9,9.0
18698,18699,18698,1,-1,1.0
18698,18699,18698,2,-2,2.0
18698,18699,18698,2,-2,2.0
18698,18699,18698,1,-1,1.0
18698,18699,18698,5,-5,5.0
18698,18699,18698,1,-1,1.0
18698,18699,18698,6,-6,6.0
18698,18699,18698,1,-1,1.0
18697,18698,18698,1,1,1.0
18697,18698,18699,1,1,-1.0
18697,18698,18698,1,1,1.0
18697,18698,18697,3,-3,3.0
18697,18698,18698,1,1,1.0
18697,18698,18697,1,-1,1.0
18697,18698,18698,1,1,1.0
18697,18699,18697,1,-1,1.0
18697,18699,18697,1,-1,1.0
18697,18699,18699,4,4,4.0
18697,18699,18699,1,1,1.0
18697,18698,18697,2,-2,2.0
18697,18698,18697,1,-1,1.0
18697,18698,18697,6,-6,6.0
18697,18698,18697,5,-5,5.0
18697,18698,18697,1,-1,1.0
18696,18697,18697,2,2,2.0
18696,18697,18697,1,1,1.0
18696,18697,18697,1,1,1.0
18697,18698,18697,1,-1,1.0
18697,18698,18698,1,1,1.0
18697,18698,18697,1,-1,1.0
18697,18698,18698,4,4,4.0
18697,18699,18698,1,1,-1.0
18697,18699,18697,1,-1,1.0
18697,18699,18697,1,-1,1.0
18697,18698,18698,2,2,2.0
18697,18698,18698,1,1,1.0
18697,18698,18697,2,-2,2.0
18697,18698,18697,1,-1,1.0
18697,18698,18697,1,-1,1.0
18696,18698,18696,1,-1,1.0
18696,18697,18697,2,2,2.0
18696,18697,18697,1,1,1.0
18696,18697,18697,1,1,1.0
18697,18698,18698,2,2,2.0
18697,18698,18698,1,1,1.0
18697,18698,18697,1,-1,1.0
18697,18698,18697,1,-1,1.0
18697,18698,18697,1,-1,1.0
18697,18698,18697,1,-1,1.0
18697,18698,18697,1,-1,1.0
18696,18698,18697,1,-1,1.0
18696,18697,18697,1,1,1.0
18696,18697,18697,2,2,2.0
18696,18698,18698,1,1,1.0
18696,18698,18697,2,2,-2.0
18696,18697,18696,3,-3,3.0
18696,18697,18697,1,1,1.0
18696,18698,18697,1,1,-1.0
18696,18698,18698,1,1,1.0
18696,18698,18698,1,1,1.0
18696,18698,18698,1,1,1.0
18696,18698,18698,5,5,5.0
18698,18699,18698,1,-1,1.0
18697,18699,18699,1,1,1.0
18697,18698,18698,1,1,1.0
18697,18698,18698,1,1,1.0
18697,18698,18698,1,1,1.0
18697,18698,18698,1,1,1.0
18698,18699,18698,1,-1,1.0
18698,18699,18698,5,-5,5.0
18697,18699,18697,1,-1,1.0
18697,18698,18698,2,2,2.0
18697,18698,18697,3,-3,3.0
18697,18698,18697,2,-2,2.0
18696,18698,18696,4,-4,4.0
18696,18697,18697,1,1,1.0
18696,18697,18696,3,-3,3.0
18696,18697,18696,2,-2,2.0
18696,18697,18697,1,1,1.0
18696,18697,18697,1,1,1.0
18696,18697,18697,6,6,6.0
18696,18697,18696,1,-1,1.0
18696,18697,18696,1,-1,1.0
18696,18697,18696,1,-1,1.0
18696,18697,18696,1,-1,1.0
18696,18697,18696,1,-1,1.0
18696,18697,18696,1,-1,1.0
18696,18697,18696,1,-1,1.0
18696,18697,18696,1,-1,1.0
18696,18697,18696,4,-4,4.0
18696,18697,18696,1,-1,1.0
18696,18697,18696,1,-1,1.0
18696,18697,18696,1,-1,1.0
18695,18697,18696,1,-1,1.0
18695,18697,18696,3,-3,3.0
18695,18697,18697,1,1,1.0
18695,18697,18695,5,-5,5.0
18695,18696,18696,1,1,1.0
18695,18696,18696,2,2,2.0
18695,18697,18696,1,1,-1.0
18695,18696,18695,1,-1,1.0
18695,18696,18696,1,1,1.0
18695,18696,18696,2,2,2.0
18695,18697,18697,1,1,1.0
18695,18697,18695,2,-2,2.0
18695,18697,18697,1,1,1.0
18695,18697,18697,1,1,1.0
18695,18697,18697,1,1,1.0
18695,18697,18697,2,2,2.0
18695,18697,18696,1,1,-1.0
18695,18697,18695,1,-1,1.0
18695,18696,18696,1,1,1.0
18695,18697,18696,1,1,-1.0
18696,18697,18696,3,-3,3.0
18696,18697,18695,2,-2,2.0
18696,18697,18697,2,2,2.0
18696,18697,18696,1,-1,1.0
18696,18697,18696,1,-1,1.0
18696,18697,18696,1,-1,1.0
18696,18697,18695,1,-1,1.0
18696,18697,18695,1,-1,1.0
18695,18697,18697,2,2,2.0
18696,18697,18696,1,-1,1.0
18696,18697,18696,2,-2,2.0
18696,18697,18696,2,-2,2.0
18696,18697,18696,3,-3,3.0
18696,18697,18695,6,-6,6.0
18696,18697,18696,1,-1,1.0
18696,18697,18696,2,-2,2.0
18695,18697,18695,2,-2,2.0
18695,18696,18696,2,2,2.0
18695,18696,18695,1,-1,1.0
18695,18696,18695,3,-3,3.0
18695,18696,18694,2,-2,2.0
18694,18696,18694,5,-5,5.0
18694,18696,18694,1,-1,1.0
18694,18696,18694,1,-1,1.0
18694,18695,18694,1,-1,1.0
18694,18695,18694,1,-1,1.0
18694,18695,18694,1,-1,1.0
18694,18695,18694,1,-1,1.0
18694,18695,18694,3,-3,3.0
18694,18695,18694,2,-2,2.0
18694,18695,18694,4,-4,4.0
18694,18695,18694,3,-3,3.0
18694,18695,18694,1,-1,1.0
18694,18695,18694,1,-1,1.0
18694,18695,18694,2,-2,2.0
18693,18694,18694,1,1,1.0
18693,18694,18693,1,-1,1.0
18693,18694,18693,1,-1,1.0
18693,18694,18693,1,-1,1.0
18693,18694,18693,3,-3,3.0
18693,18694,18692,1,-1,1.0
18693,18694,18694,2,2,2.0
18692,18694,18692,1,-1,1.0
18692,18694,18692,1,-1,1.0
18692,18694,18692,1,-1,1.0
18692,18694,18692,3,-3,3.0
18692,18694,18692,1,-1,1.0
18692,18694,18693,2,-2,2.0
18692,18694,18692,1,-1,1.0
18692,18694,18692,1,-1,1.0
18692,18694,18692,1,-1,1.0
18692,18693,18692,1,-1,1.0
18692,18693,18692,2,-2,2.0
18691,18692,18692,1,1,1.0
18691,18692,18693,1,1,-1.0
18691,18692,18691,1,-1,1.0
18691,18693,18691,1,-1,1.0
18691,18693,18692,1,-1,1.0
18692,18693,18692,1,-1,1.0
18691,18693,18691,1,-1,1.0
18691,18692,18691,1,-1,1.0
18691,18692,18691,3,-3,3.0
18691,18692,18691,2,-2,2.0
18691,18692,18691,3,-3,3.0
18691,18692,18691,1,-1,1.0
18690,18691,18691,1,1,1.0
18690,18691,18690,1,-1,1.0
18690,18691,18690,1,-1,1.0
18690,18691,18690,2,-2,2.0
18690,18691,18690,1,-1,1.0
18690,18691,18690,2,-2,2.0
18690,18691,18690,1,-1,1.0
18690,18691,18691,5,5,5.0
18691,18692,18691,2,-2,2.0
18691,18692,18692,4,4,4.0
18691,18693,18691,1,-1,1.0
18691,18693,18693,1,1,1.0
18691,18693,18691,1,-1,1.0
18691,18693,18691,1,-1,1.0
18691,18692,18691,1,-1,1.0
18691,18692,18691,1,-1,1.0
18691,18693,18691,1,-1,1.0
18692,18693,18693,1,1,1.0
18692,18693,18693,1,1,1.0
18692,18693,18693,1,1,1.0
18692,18693,18693,1,1,1.0
18693,18694,18693,1,-1,1.0
18692,18694,18694,2,2,2.0
18692,18694,18692,1,-1,1.0
18692,18694,18692,1,-1,1.0
18692,18693,18693,1,1,1.0
18692,18694,18692,1,-1,1.0
18692,18694,18693,1,-1,1.0
18692,18694,18694,1,1,1.0
18694,18695,18695,1,1,1.0
18694,18695,18695,2,2,2.0
18694,18695,18695,1,1,1.0
18694,18696,18696,1,1,1.0
18694,18695,18694,1,-1,1.0
18694,18695,18693,1,-1,1.0
18694,18695,18694,1,-1,1.0
18694,18695,18694,1,-1,1.0
18694,18695,18695,2,2,2.0
18695,18696,18696,1,1,1.0
18695,18696,18696,1,1,1.0
18695,18696,18696,2,2,2.0
18695,18696,18696,1,1,1.0
18696,18697,18696,1,-1,1.0
18696,18697,18696,1,-1,1.0
18696,18697,18695,1,-1,1.0
18695,18696,18696,1,1,1.0
18695,18696,18696,1,1,1.0
18695,18697,18697,1,1,1.0
18695,18697,18697,6,6,6.0
18695,18697,18697,3,3,3.0
18695,18697,18697,1,1,1.0
18695,18697,18697,5,5,5.0
18695,18697,18697,5,5,5.0
18695,18697,18697,3,3,3.0
18697,18698,18698,1,1,1.0
18697,18698,18697,1,-1,1.0
18697,18698,18697,1,-1,1.0
18697,18698,18698,3,3,3.0
18697,18698,18699,1,1,-1.0
18697,18699,18699,2,2,2.0
18698,18699,18699,2,2,2.0
18698,18699,18699,1,1,1.0
18698,18699,18699,1,1,1.0
18698,18699,18699,6,6,6.0
18699,18700,18699,1,-1,1.0
18699,18700,18699,9,-9,9.0
18699,18700,18700,2,2,2.0
18699,18700,18699,2,-2,2.0
18699,18700,18699,1,-1,1.0
18698,18700,18699,2,-2,2.0
18698,18699,18698,1,-1,1.0
18698,18699,18698,2,-2,2.0
18697,18698,18697,1,-1,1.0
18697,18698,18697,1,-1,1.0
18697,18698,18698,4,4,4.0
18698,18699,18698,2,-2,2.0
18698,18699,18698,1,-1,1.0
18698,18699,18698,1,-1,1.0
18698,18699,18698,3,-3,3.0
18697,18698,18697,4,-4,4.0
18697,18698,18697,1,-1,1.0
18697,18698,18697,1,-1,1.0
18697,18698,18697,1,-1,1.0
18697,18698,18697,1,-1,1.0
18697,18698,18697,1,-1,1.0
18696,18698,18697,1,-1,1.0
18697,18698,18697,1,-1,1.0
18697,18698,18697,1,-1,1.0
18697,18698,18698,2,2,2.0
18697,18698,18698,2,2,2.0
18697,18698,18698,3,3,3.0
18697,18698,18698,2,2,2.0
18698,18699,18698,1,-1,1.0
18698,18699,18698,1,-1,1.0
18698,18699,18698,1,-1,1.0
18698,18699,18698,1,-1,1.0
18698,18699,18699,9,9,9.0
18698,18699,18699,2,2,2.0
18698,18699,18699,1,1,1.0
18698,18699,18699,1,1,1.0
18699,18700,18700,1,1,1.0
18699,18700,18699,1,-1,1.0
18699,18700,18700,1,1,1.0
18699,18700,18700,2,2,2.0
18699,18700,18700,30,30,30.0
18700,18701,18700,1,-1,1.0
18700,18701,18700,1,-1,1.0
18700,18701,18700,1,-1,1.0
18700,18701,18700,1,-1,1.0
18700,18701,18700,2,-2,2.0
18700,18701,18700,1,-1,1.0
18700,18701,18701,3,3,3.0
18700,18701,18700,1,-1,1.0
18700,18701,18701,2,2,2.0
18700,18701,18700,1,-1,1.0
18700,18701,18700,1,-1,1.0
18700,18701,18701,1,1,1.0
18700,18701,18700,2,-2,2.0
18700,18701,18701,1,1,1.0
18700,18701,18700,1,-1,1.0
18700,18701,18701,1,1,1.0
18700,18701,18701,2,2,2.0
18700,18701,18700,2,-2,2.0
18700,18701,18701,2,2,2.0
18700,18701,18701,1,1,1.0
18700,18701,18701,1,1,1.0
18700,18701,18701,1,1,1.0
18700,18701,18701,9,9,9.0
18700,18701,18700,1,-1,1.0
18700,18701,18702,1,1,-1.0
18700,18702,18702,2,2,2.0
18700,18702,18700,1,-1,1.0
18700,18702,18702,1,1,1.0
18700,18702,18702,1,1,1.0
18700,18701,18701,1,1,1.0
18700,18701,18701,1,1,1.0
18700,18701,18701,1,1,1.0
18700,18701,18701,1,1,1.0
18700,18701,18701,1,1,1.0
18700,18701,18700,5,-5,5.0
18700,18701,18701,1,1,1.0
18701,18702,18701,1,-1,1.0
18700,18701,18701,1,1,1.0
18700,18701,18702,2,2,-2.0
18700,18702,18702,1,1,1.0
18700,18702,18702,1,1,1.0
18700,18702,18702,1,1,1.0
18700,18702,18702,1,1,1.0
18700,18702,18702,1,1,1.0
18700,18702,18702,1,1,1.0
18700,18701,18701,4,4,4.0
18700,18701,18701,1,1,1.0
18700,18701,18700,3,-3,3.0
18700,18701,18700,4,-4,4.0
18700,18701,18701,1,1,1.0
18700,18701,18701,2,2,2.0
18700,18701,18701,1,1,1.0
18700,18701,18700,1,-1,1.0
18700,18701,18700,3,-3,3.0
18699,18701,18700,1,-1,1.0
18699,18701,18700,2,-2,2.0
18699,18701,18701,1,1,1.0
18698,18700,18700,1,1,1.0
18698,18700,18700,1,1,1.0
18698,18700,18700,3,3,3.0
18699,18700,18699,1,-1,1.0
18699,18700,18698,2,-2,2.0
18699,18700,18698,1,-1,1.0
18699,18700,18698,1,-1,1.0
18698,18700,18699,1,-1,1.0
18698,18700,18699,1,-1,1.0
18698,18700,18699,1,-1,1.0
18699,18701,18699,1,-1,1.0
18699,18700,18700,1,1,1.0
18699,18700,18700,1,1,1.0
18699,18700,18700,1,1,1.0
18700,18701,18700,1,-1,1.0
18699,18701,18699,2,-2,2.0
18698,18700,18698,1,-1,1.0
18698,18700,18698,2,-2,2.0
18698,18699,18698,1,-1,1.0
18698,18699,18698,1,-1,1.0
18697,18698,18697,1,-1,1.0
18697,18698,18698,1,1,1.0
18697,18698,18697,1,-1,1.0
18697,18698,18698,1,1,1.0
18697,18698,18698,1,1,1.0
18697,18698,18698,1,1,1.0
18697,18698,18697,1,-1,1.0
18697,18698,18698,1,1,1.0
18697,18698,18697,1,-1,1.0
18697,18698,18697,1,-1,1.0
18697,18698,18697,1,-1,1.0
18696,18697,18697,1,1,1.0
18697,18699,18697,1,-1,1.0
18697,18698,18697,1,-1,1.0
18697,18698,18698,1,1,1.0
18697,18698,18697,2,-2,2.0
18697,18698,18697,1,-1,1.0
18697,18698,18698,1,1,1.0
18698,18700,18699,1,1,-1.0
18698,18700,18698,1,-1,1.0
18698,18699,18698,1,-1,1.0
18698,18699,18698,1,-1,1.0
18698,18699,18698,2,-2,2.0
18698,18699,18699,2,2,2.0
18698,18700,18700,1,1,1.0
18698,18700,18700,5,5,5.0
18698,18700,18700,1,1,1.0
18698,18700,18700,2,2,2.0
18698,18700,18700,8,8,8.0
18699,18701,18699,9,-9,9.0
18699,18701,18701,1,1,1.0
18699,18700,18700,1,1,1.0
18699,18700,18699,1,-1,1.0
18699,18700,18699,1,-1,1.0
18699,18700,18699,2,-2,2.0
18698,18700,18698,1,-1,1.0
18697,18698,18697,1,-1,1.0
18697,18698,18698,1,1,1.0
18697,18698,18698,3,3,3.0
18697,18699,18699,1,1,1.0
18697,18699,18697,3,-3,3.0
18697,18699,18697,1,-1,1.0
18697,18699,18697,3,-3,3.0
18697,18699,18697,1,-1,1.0
18697,18699,18697,1,-1,1.0
18696,18698,18698,1,1,1.0
18697,18698,18697,1,-1,1.0
18697,18698,18697,2,-2,2.0
18697,18699,18699,1,1,1.0
18697,18699,18699,1,1,1.0
18698,18699,18699,1,1,1.0
18698,18699,18699,4,4,4.0
18698,18699,18699,1,1,1.0
18698,18699,18698,1,-1,1.0
18698,18700,18699,1,-1,1.0
18697,18699,18697,1,-1,1.0
18697,18699,18699,1,1,1.0
18697,18698,18698,1,1,1.0
18697,18698,18699,3,3,-3.0
18698,18700,18698,1,-1,1.0
18699,18700,18700,1,1,1.0
18699,18700,18700,1,1,1.0
18699,18700,18700,1,1,1.0
18699,18700,18700,4,4,4.0
18699,18700,18700,2,2,2.0
18699,18700,18700,1,1,1.0
18699,18700,18700,1,1,1.0
18699,18700,18700,1,1,1.0
18699,18700,18700,2,2,2.0
18699,18700,18700,12,12,12.0
18700,18701,18701,2,2,2.0
18700,18701,18700,1,-1,1.0
18700,18701,18701,25,25,25.0
18701,18702,18702,29,29,29.0
18700,18701,18700,2,-2,2.0
18699,18701,18701,1,1,1.0
18699,18701,18702,1,1,-1.0
18699,18701,18702,2,2,-2.0
18699,18701,18702,1,1,-1.0
18699,18701,18702,1,1,-1.0
18699,18701,18702,1,1,-1.0
18700,18702,18700,2,-2,2.0
18700,18702,18702,2,2,2.0
18700,18702,18702,1,1,1.0
18700,18702,18702,1,1,1.0
18701,18702,18702,1,1,1.0
18701,18702,18702,2,2,2.0
18701,18702,18702,1,1,1.0
18701,18702,18702,2,2,2.0
18701,18702,18702,1,1,1.0
18701,18702,18702,1,1,1.0
18701,18702,18702,1,1,1.0
18701,18703,18703,2,2,2.0
18701,18703,18703,1,1,1.0
18701,18703,18703,2,2,2.0
18701,18703,18703,2,2,2.0
18701,18703,18703,1,1,1.0
18701,18703,18703,1,1,1.0
18701,18703,18703,1,1,1.0
18701,18703,18703,4,4,4.0
18701,18703,18703,1,1,1.0
18701,18703,18703,2,2,2.0
18701,18703,18703,2,2,2.0
18701,18703,18703,1,1,1.0
18701,18703,18703,1,1,1.0
18702,18703,18703,1,1,1.0
18702,18703,18703,10,10,10.0
18702,18703,18704,4,4,-4.0
18702,18704,18704,1,1,1.0
18702,18704,18704,1,1,1.0
18702,18704,18703,3,3,-3.0
18702,18704,18703,1,1,-1.0
18701,18703,18701,1,-1,1.0
18701,18703,18703,2,2,2.0
18701,18703,18703,1,1,1.0
18701,18703,18703,1,1,1.0
18701,18703,18703,1,1,1.0
18701,18703,18702,1,1,-1.0
18701,18703,18703,1,1,1.0
18701,18703,18703,2,2,2.0
18701,18703,18703,2,2,2.0
18701,18703,18703,1,1,1.0
18701,18703,18703,1,1,1.0
18701,18703,18701,1,-1,1.0
18701,18702,18702,1,1,1.0
18701,18703,18703,1,1,1.0
18701,18702,18701,1,-1,1.0
18701,18702,18702,1,1,1.0
18701,18702,18701,1,-1,1.0
18701,18702,18701,1,-1,1.0
18701,18702,18701,1,-1,1.0
18701,18702,18701,1,-1,1.0
18701,18702,18701,1,-1,1.0
18701,18702,18701,1,-1,1.0
18701,18702,18701,2,-2,2.0
18701,18702,18701,2,-2,2.0
18701,18702,18701,1,-1,1.0
18699,18701,18699,1,-1,1.0
18700,18701,18701,1,1,1.0
18699,18701,18701,5,5,5.0
18700,18702,18702,2,2,2.0
18700,18702,18701,1,1,-1.0
18700,18701,18701,1,1,1.0
18700,18701,18700,2,-2,2.0
18700,18701,18700,1,-1,1.0
18700,18701,18701,1,1,1.0
18700,18701,18701,1,1,1.0
18701,18703,18701,1,-1,1.0
18701,18703,18703,2,2,2.0
18701,18703,18701,1,-1,1.0
18701,18703,18701,1,-1,1.0
18701,18703,18701,10,-10,10.0
18702,18703,18702,1,-1,1.0
18702,18703,18702,4,-4,4.0
18702,18703,18701,1,-1,1.0
18702,18703,18702,1,-1,1.0
18702,18703,18702,1,-1,1.0
18702,18703,18702,1,-1,1.0
18702,18703,18703,3,3,3.0
18702,18703,18703,2,2,2.0
18702,18703,18703,2,2,2.0
18702,18703,18702,2,-2,2.0
18702,18703,18702,2,-2,2.0
18702,18703,18703,1,1,1.0
18702,18704,18703,1,1,-1.0
18703,18704,18704,1,1,1.0
18703,18704,18703,1,-1,1.0
18703,18704,18703,1,-1,1.0
18701,18702,18701,1,-1,1.0
18701,18702,18702,1,1,1.0
18701,18702,18701,1,-1,1.0
18701,18702,18701,2,-2,2.0
18700,18701,18701,1,1,1.0
18700,18701,18701,1,1,1.0
18700,18701,18701,3,3,3.0
18700,18702,18702,2,2,2.0
18700,18702,18701,1,1,-1.0
18700,18701,18700,2,-2,2.0
18699,18701,18700,1,-1,1.0
18699,18700,18699,3,-3,3.0
18699,18700,18699,2,-2,2.0
18699,18700,18699,1,-1,1.0
18698,18700,18698,1,-1,1.0
18698,18700,18699,1,-1,1.0
18699,18700,18699,1,-1,1.0
18698,18700,18700,1,1,1.0
18699,18700,18699,1,-1,1.0
18699,18700,18700,2,2,2.0
18699,18700,18699,2,-2,2.0
18699,18700,18700,3,3,3.0
18700,18701,18700,2,-2,2.0
18700,18701,18701,1,1,1.0
18700,18701,18700,2,-2,2.0
18700,18701,18700,1,-1,1.0
18700,18701,18700,2,-2,2.0
18699,18700,18700,1,1,1.0
18699,18700,18700,1,1,1.0
18700,18701,18700,1,-1,1.0
18699,18700,18699,2,-2,2.0
18698,18699,18698,1,-1,1.0
18698,18699,18698,2,-2,2.0
18698,18699,18698,2,-2,2.0
18697,18698,18697,1,-1,1.0
18697,18698,18697,1,-1,1.0
18697,18698,18697,1,-1,1.0
18697,18698,18697,1,-1,1.0
18697,18698,18697,3,-3,3.0
18696,18698,18696,1,-1,1.0
18696,18698,18697,1,-1,1.0
18696,18698,18697,1,-1,1.0
18696,18698,18696,1,-1,1.0
18696,18698,18696,4,-4,4.0
18695,18697,18695,1,-1,1.0
18695,18697,18695,5,-5,5.0
18695,18697,18697,1,1,1.0
18695,18697,18696,3,3,-3.0
18695,18697,18696,2,2,-2.0
18695,18697,18697,1,1,1.0
18696,18697,18697,1,1,1.0
18696,18697,18697,1,1,1.0
18696,18698,18698,1,1,1.0
18696,18698,18698,1,1,1.0
18696,18698,18699,5,5,-5.0
18696,18698,18699,7,7,-7.0
18696,18698,18699,2,2,-2.0
18699,18700,18700,1,1,1.0
18699,18700,18699,1,-1,1.0
18699,18700,18700,2,2,2.0
18699,18700,18700,7,7,7.0
18700,18701,18700,5,-5,5.0
18699,18701,18701,1,1,1.0
18699,18701,18699,4,-4,4.0
18699,18701,18699,1,-1,1.0
18699,18701,18698,3,-3,3.0
18699,18701,18698,1,-1,1.0
18699,18701,18698,6,-6,6.0
18699,18701,18698,16,-16,16.0
18699,18701,18697,4,-4,4.0
18699,18701,18697,5,-5,5.0
18699,18701,18697,1,-1,1.0
18699,18701,18697,1,-1,1.0
18699,18701,18697,2,-2,2.0
18699,18701,18697,1,-1,1.0
18699,18701,18696,1,-1,1.0
18699,18701,18696,5,-5,5.0
18699,18701,18696,2,-2,2.0
18699,18701,18696,2,-2,2.0
18699,18701,18696,2,-2,2.0
18699,18701,18695,1,-1,1.0
18699,18701,18695,1,-1,1.0
18699,18701,18695,2,-2,2.0
18699,18701,18696,2,-2,2.0
18699,18701,18696,6,-6,6.0
18699,18701,18696,1,-1,1.0
18699,18701,18696,1,-1,1.0
18699,18701,18696,2,-2,2.0
18699,18701,18696,1,-1,1.0
18699,18701,18696,3,-3,3.0
18696,18697,18696,2,-2,2.0
18695,18697,18697,1,1,1.0
18697,18698,18697,1,-1,1.0
18697,18698,18698,2,2,2.0
18699,18700,18700,1,1,1.0
18698,18700,18700,1,1,1.0
18698,18700,18700,1,1,1.0
18697,18699,18699,5,5,5.0
18697,18699,18698,1,1,-1.0
18698,18699,18699,1,1,1.0
18698,18699,18698,1,-1,1.0
18697,18698,18698,1,1,1.0
18697,18699,18699,1,1,1.0
18698,18699,18699,2,2,2.0
18698,18699,18699,1,1,1.0
18698,18699,18699,1,1,1.0
18698,18699,18699,2,2,2.0
18698,18699,18699,2,2,2.0
18699,18700,18699,1,-1,1.0
18699,18700,18699,1,-1,1.0
18699,18700,18699,3,-3,3.0
18699,18700,18700,5,5,5.0
18699,18700,18700,1,1,1.0
18699,18700,18700,1,1,1.0
18699,18700,18700,1,1,1.0
18699,18701,18701,1,1,1.0
18699,18701,18699,1,-1,1.0
18699,18701,18699,1,-1,1.0
18699,18700,18699,10,-10,10.0
18699,18700,18700,1,1,1.0
18699,18700,18700,3,3,3.0
18700,18701,18701,2,2,2.0
18700,18701,18701,10,10,10.0
18700,18702,18700,1,-1,1.0
18700,18701,18701,1,1,1.0
18700,18702,18702,1,1,1.0
18700,18701,18700,1,-1,1.0
18700,18701,18700,1,-1,1.0
18700,18701,18700,2,-2,2.0
18700,18701,18700,1,-1,1.0
18699,18700,18700,2,2,2.0
18699,18700,18700,4,4,4.0
18699,18700,18699,1,-1,1.0
18699,18700,18699,4,-4,4.0
18699,18700,18700,1,1,1.0
18699,18700,18700,1,1,1.0
18700,18702,18701,1,1,-1.0
18701,18702,18702,2,2,2.0
18701,18702,18702,3,3,3.0
18701,18702,18702,1,1,1.0
18701,18702,18702,2,2,2.0
18701,18702,18702,2,2,2.0
18701,18702,18702,1,1,1.0
18701,18702,18702,1,1,1.0
18701,18703,18703,5,5,5.0
18701,18703,18701,1,-1,1.0
18700,18702,18701,1,-1,1.0
18701,18703,18703,3,3,3.0
18701,18703,18702,1,1,-1.0
18701,18702,18702,2,2,2.0
18701,18702,18702,1,1,1.0
18701,18702,18702,2,2,2.0
18701,18702,18701,1,-1,1.0
18701,18702,18700,1,-1,1.0
18701,18702,18702,1,1,1.0
18701,18702,18701,1,-1,1.0
18701,18702,18702,1,1,1.0
18701,18703,18702,1,1,-1.0
18701,18703,18703,26,26,26.0
18701,18703,18704,24,24,-24.0
18703,18704,18704,1,1,1.0
18703,18704,18704,1,1,1.0
18703,18704,18704,2,2,2.0
18703,18704,18704,1,1,1.0
18702,18704,18704,5,5,5.0
18703,18704,18704,1,1,1.0
18703,18704,18703,1,-1,1.0
18703,18704,18704,1,1,1.0
18703,18704,18703,1,-1,1.0
18703,18704,18704,1,1,1.0
18703,18704,18703,2,-2,2.0
18703,18704,18703,2,-2,2.0
18703,18704,18703,1,-1,1.0
18703,18704,18703,1,-1,1.0
18703,18704,18703,1,-1,1.0
18702,18703,18703,1,1,1.0
18701,18703,18702,1,1,-1.0
18701,18702,18701,2,-2,2.0
18701,18702,18701,2,-2,2.0
18701,18702,18701,2,-2,2.0
18701,18702,18701,1,-1,1.0
18701,18702,18701,2,-2,2.0
18701,18702,18702,1,1,1.0
18701,18702,18701,1,-1,1.0
18701,18702,18701,1,-1,1.0
18701,18702,18701,1,-1,1.0
18701,18702,18702,2,2,2.0
18701,18702,18702,1,1,1.0
18701,18702,18701,2,-2,2.0
18701,18702,18701,3,-3,3.0
18700,18701,18701,1,1,1.0
18700,18701,18701,1,1,1.0
18700,18701,18701,1,1,1.0
18701,18702,18701,1,-1,1.0
18701,18702,18701,1,-1,1.0
18700,18701,18701,1,1,1.0
18700,18702,18700,1,-1,1.0
18700,18701,18701,5,5,5.0
18700,18702,18702,1,1,1.0
18700,18701,18700,4,-4,4.0
18700,18701,18699,1,-1,1.0
18699,18700,18699,1,-1,1.0
18698,18700,18700,1,1,1.0
18698,18700,18699,1,1,-1.0
18699,18700,18699,1,-1,1.0
18699,18700,18699,2,-2,2.0
18699,18700,18699,1,-1,1.0
18699,18700,18699,4,-4,4.0
18698,18699,18699,2,2,2.0
18698,18699,18698,3,-3,3.0
18698,18699,18698,1,-1,1.0
18698,18699,18698,2,-2,2.0
18697,18698,18697,2,-2,2.0
18696,18697,18697,1,1,1.0
18696,18697,18697,4,4,4.0
18696,18697,18696,1,-1,1.0
18696,18697,18696,4,-4,4.0
18696,18697,18696,1,-1,1.0
18695,18696,18696,1,1,1.0
18695,18696,18697,1,1,-1.0
18695,18696,18695,1,-1,1.0
18695,18696,18695,2,-2,2.0
18695,18696,18695,1,-1,1.0
18695,18696,18695,1,-1,1.0
18695,18696,18695,1,-1,1.0
18695,18696,18695,1,-1,1.0
18695,18696,18695,1,-1,1.0
18695,18696,18695,1,-1,1.0
18695,18696,18695,1,-1,1.0
18695,18696,18695,1,-1,1.0
18695,18696,18695,1,-1,1.0
18695,18696,18695,1,-1,1.0
18695,18696,18695,1,-1,1.0
18695,18696,18695,2,-2,2.0
18695,18696,18695,1,-1,1.0
18695,18696,18696,10,10,10.0
18695,18696,18696,1,1,1.0
18695,18696,18697,1,1,-1.0
18695,18696,18696,1,1,1.0
18695,18697,18697,2,2,2.0
18695,18697,18697,1,1,1.0
18695,18697,18697,1,1,1.0
18695,18697,18697,1,1,1.0
18695,18697,18697,1,1,1.0
18695,18697,18695,1,-1,1.0
18695,18697,18697,2,2,2.0
18695,18697,18697,1,1,1.0
18695,18697,18698,3,3,-3.0
18695,18697,18698,2,2,-2.0
18695,18697,18698,2,2,-2.0
18696,18698,18698,1,1,1.0
18697,18698,18698,3,3,3.0
18697,18698,18698,1,1,1.0
18697,18698,18698,1,1,1.0
18697,18699,18699,1,1,1.0
18697,18699,18697,2,-2,2.0
18697,18699,18698,1,-1,1.0
18697,18699,18699,1,1,1.0
18697,18699,18699,2,2,2.0
18697,18699,18699,1,1,1.0
18697,18699,18699,1,1,1.0
18697,18699,18697,2,-2,2.0
18697,18699,18699,1,1,1.0
18697,18699,18699,1,1,1.0
18697,18699,18699,2,2,2.0
18697,18699,18697,2,-2,2.0
18697,18699,18697,1,-1,1.0
18697,18699,18697,4,-4,4.0
18696,18697,18695,1,-1,1.0
18696,18697,18696,2,-2,2.0
18696,18698,18696,1,-1,1.0
18697,18699,18697,1,-1,1.0
18697,18698,18698,1,1,1.0
18697,18698,18697,1,-1,1.0
18697,18698,18698,1,1,1.0
18698,18699,18698,1,-1,1.0
18698,18699,18698,4,-4,4.0
18698,18699,18698,1,-1,1.0
18698,18699,18699,1,1,1.0
18699,18700,18699,1,-1,1.0
18699,18700,18700,3,3,3.0
18699,18701,18701,1,1,1.0
18697,18698,18698,1,1,1.0
18697,18699,18698,1,1,-1.0
18698,18699,18698,1,-1,1.0
18698,18699,18698,1,-1,1.0
18697,18698,18697,4,-4,4.0
18697,18698,18697,1,-1,1.0
18697,18698,18697,1,-1,1.0
18696,18698,18697,1,-1,1.0
18697,18698,18698,1,1,1.0
18697,18698,18698,1,1,1.0
18697,18698,18697,1,-1,1.0
18697,18698,18698,2,2,2.0
18698,18699,18698,2,-2,2.0
18698,18699,18698,1,-1,1.0
18697,18698,18697,1,-1,1.0
18697,18698,18697,4,-4,4.0
18697,18698,18697,4,-4,4.0
18696,18698,18698,5,5,5.0
18696,18697,18696,3,-3,3.0
18695,18697,18695,1,-1,1.0
18695,18696,18696,1,1,1.0
18695,18696,18696,2,2,2.0
18695,18697,18696,1,1,-1.0
18695,18697,18696,1,1,-1.0
18695,18697,18697,1,1,1.0
18695,18697,18695,1,-1,1.0
18695,18697,18695,1,-1,1.0
18695,18697,18697,1,1,1.0
18695,18696,18696,1,1,1.0
18695,18696,18696,1,1,1.0
18696,18697,18696,1,-1,1.0
18696,18697,18697,1,1,1.0
18695,18697,18696,1,1,-1.0
18695,18696,18695,25,-25,25.0
18695,18696,18695,1,-1,1.0
18695,18696,18694,1,-1,1.0
18694,18695,18695,2,2,2.0
18694,18696,18696,1,1,1.0
18694,18696,18696,1,1,1.0
18694,18696,18696,2,2,2.0
18694,18696,18696,1,1,1.0
18694,18696,18696,1,1,1.0
18694,18696,18696,1,1,1.0
18694,18696,18696,1,1,1.0
18695,18696,18696,1,1,1.0
18695,18696,18695,1,-1,1.0
18695,18696,18695,1,-1,1.0
18695,18696,18695,1,-1,1.0
18695,18696,18695,3,-3,3.0
18695,18696,18695,1,-1,1.0
18695,18696,18695,1,-1,1.0
18695,18696,18696,2,2,2.0
18695,18696,18696,1,1,1.0
18696,18697,18696,1,-1,1.0
18696,18697,18696,1,-1,1.0
18696,18697,18697,1,1,1.0
18696,18697,18696,1,-1,1.0
18696,18697,18697,4,4,4.0
18696,18697,18698,1,1,-1.0
18696,18698,18696,4,-4,4.0
18696,18698,18696,3,-3,3.0
18696,18698,18698,1,1,1.0
18696,18698,18696,1,-1,1.0
18696,18697,18697,1,1,1.0
18696,18697,18697,1,1,1.0
18696,18698,18698,1,1,1.0
18696,18698,18698,5,5,5.0
18696,18698,18697,1,1,-1.0
18696,18698,18697,2,2,-2.0
18696,18698,18697,3,3,-3.0
18696,18698,18697,1,1,-1.0
18696,18698,18698,1,1,1.0
18697,18698,18698,5,5,5.0
18698,18699,18699,1,1,1.0
18698,18699,18699,1,1,1.0
18699,18700,18699,1,-1,1.0
18699,18700,18699,1,-1,1.0
18699,18700,18699,1,-1,1.0
18699,18700,18700,2,2,2.0
18699,18700,18699,1,-1,1.0
18699,18700,18699,1,-1,1.0
18698,18700,18698,1,-1,1.0
18698,18699,18699,1,1,1.0
18698,18699,18700,4,4,-4.0
18699,18700,18700,1,1,1.0
18699,18700,18699,1,-1,1.0
18698,18699,18699,1,1,1.0
18698,18699,18698,1,-1,1.0
18698,18699,18698,2,-2,2.0
18697,18698,18697,1,-1,1.0
18697,18698,18697,1,-1,1.0
18697,18698,18698,3,3,3.0
18698,18699,18699,1,1,1.0
18698,18699,18699,1,1,1.0
18698,18699,18699,1,1,1.0
18698,18699,18699,1,1,1.0
18699,18700,18699,1,-1,1.0
18699,18700,18700,5,5,5.0
18699,18700,18700,1,1,1.0
18699,18700,18699,1,-1,1.0
18698,18700,18700,3,3,3.0
18699,18700,18699,1,-1,1.0
18699,18700,18700,2,2,2.0
18699,18700,18700,15,15,15.0
18699,18700,18700,1,1,1.0
18699,18700,18701,2,2,-2.0
18699,18700,18701,1,1,-1.0
18701,18702,18702,1,1,1.0
18701,18702,18702,1,1,1.0
18701,18702,18702,2,2,2.0
18701,18702,18702,1,1,1.0
18701,18702,18702,11,11,11.0
18702,18703,18702,1,-1,1.0
18702,18703,18702,1,-1,1.0
18702,18703,18702,1,-1,1.0
18702,18703,18702,4,-4,4.0
18702,18703,18702,1,-1,1.0
18701,18703,18701,1,-1,1.0
18701,18703,18703,1,1,1.0
18701,18703,18701,1,-1,1.0
18701,18703,18703,1,1,1.0
18701,18703,18702,2,2,-2.0
18701,18703,18703,15,15,15.0
18702,18704,18704,7,7,7.0
18702,18704,18705,3,3,-3.0
18702,18704,18705,2,2,-2.0
18702,18704,18705,2,2,-2.0
18702,18704,18705,6,6,-6.0
18702,18704,18705,1,1,-1.0
18703,18705,18705,8,8,8.0
18703,18705,18705,8,8,8.0
18703,18705,18705,3,3,3.0
18703,18705,18705,1,1,1.0
18703,18705,18705,1,1,1.0
18703,18705,18705,1,1,1.0
18703,18705,18705,1,1,1.0
18703,18705,18705,2,2,2.0
18704,18705,18705,1,1,1.0
18704,18705,18705,1,1,1.0
18704,18705,18705,2,2,2.0
18704,18705,18705,2,2,2.0
18704,18705,18705,1,1,1.0
18704,18705,18706,1,1,-1.0
18704,18706,18706,2,2,2.0
18704,18706,18704,1,-1,1.0
18704,18706,18706,1,1,1.0
18704,18706,18706,1,1,1.0
18704,18706,18706,3,3,3.0
18704,18706,18706,1,1,1.0
18704,18706,18706,2,2,2.0
18704,18706,18706,1,1,1.0
18704,18706,18704,3,-3,3.0
18704,18706,18706,1,1,1.0
18704,18706,18706,1,1,1.0
18704,18706,18706,3,3,3.0
18704,18706,18706,2,2,2.0
18704,18706,18704,3,-3,3.0
18704,18706,18706,2,2,2.0
18704,18706,18706,1,1,1.0
18704,18705,18705,1,1,1.0
18705,18706,18705,2,-2,2.0
18705,18706,18705,1,-1,1.0
18705,18706,18705,1,-1,1.0
18705,18706,18705,1,-1,1.0
18705,18706,18705,1,-1,1.0
18705,18706,18705,1,-1,1.0
18705,18706,18706,1,1,1.0
18704,18705,18704,1,-1,1.0
18704,18705,18705,1,1,1.0
18704,18705,18704,1,-1,1.0
18703,18704,18704,1,1,1.0
18703,18705,18705,1,1,1.0
18703,18705,18703,1,-1,1.0
18703,18704,18705,17,17,-17.0
18703,18704,18706,38,38,-38.0
18706,18707,18706,1,-1,1.0
18706,18707,18706,1,-1,1.0
18705,18707,18705,1,-1,1.0
18705,18706,18706,1,1,1.0
18705,18706,18707,3,3,-3.0
18705,18706,18706,1,1,1.0
18706,18707,18707,1,1,1.0
18706,18707,18707,1,1,1.0
18706,18707,18707,3,3,3.0
18706,18707,18707,2,2,2.0
18706,18707,18708,38,38,-38.0
18707,18708,18708,1,1,1.0
18707,18708,18708,2,2,2.0
18707,18708,18707,1,-1,1.0
18707,18708,18707,2,-2,2.0
18706,18708,18708,1,1,1.0
18707,18708,18708,1,1,1.0
18707,18708,18708,1,1,1.0
18708,18709,18708,1,-1,1.0
18707,18709,18707,1,-1,1.0
18707,18708,18707,1,-1,1.0
18707,18708,18708,1,1,1.0
18707,18708,18707,1,-1,1.0
18707,18708,18708,1,1,1.0
18707,18708,18707,1,-1,1.0
18707,18708,18708,1,1,1.0
18707,18709,18709,1,1,1.0
18707,18709,18708,3,3,-3.0
18707,18709,18709,1,1,1.0
18707,18709,18707,1,-1,1.0
18707,18709,18709,1,1,1.0
18707,18709,18709,1,1,1.0
18707,18709,18709,1,1,1.0
18708,18709,18709,1,1,1.0
18708,18709,18709,1,1,1.0
18708,18709,18709,1,1,1.0
18708,18709,18708,1,-1,1.0
18708,18709,18709,2,2,2.0
18708,18709,18709,3,3,3.0
18708,18709,18709,1,1,1.0
18708,18709,18708,1,-1,1.0
18708,18709,18709,1,1,1.0
18708,18709,18709,3,3,3.0
18708,18709,18709,5,5,5.0
18708,18709,18710,3,3,-3.0
18709,18710,18710,1,1,1.0
18709,18710,18710,1,1,1.0
18709,18710,18710,1,1,1.0
18709,18710,18710,3,3,3.0
18709,18710,18710,4,4,4.0
18709,18710,18709,2,-2,2.0
18709,18710,18709,2,-2,2.0
18709,18710,18708,4,-4,4.0
18708,18710,18710,1,1,1.0
18709,18710,18710,1,1,1.0
18709,18710,18710,3,3,3.0
18709,18710,18710,1,1,1.0
18709,18710,18710,1,1,1.0
18709,18710,18710,1,1,1.0
18709,18710,18710,5,5,5.0
18709,18710,18710,1,1,1.0
18709,18710,18710,1,1,1.0
18709,18710,18710,1,1,1.0
18709,18710,18710,1,1,1.0
18709,18710,18709,1,-1,1.0
18709,18710,18709,1,-1,1.0
18709,18710,18710,2,2,2.0
18709,18710,18710,1,1,1.0
18709,18710,18710,3,3,3.0
18709,18710,18709,1,-1,1.0
18708,18710,18710,1,1,1.0
18709,18710,18710,1,1,1.0
18709,18710,18710,1,1,1.0
18709,18710,18710,4,4,4.0
18709,18710,18710,1,1,1.0
18709,18710,18711,4,4,-4.0
18709,18710,18711,5,5,-5.0
18709,18710,18711,9,9,-9.0
18709,18710,18711,2,2,-2.0
18709,18710,18711,4,4,-4.0
18709,18710,18711,1,1,-1.0
18709,18710,18711,3,3,-3.0
18709,18710,18711,1,1,-1.0
18711,18712,18712,1,1,1.0
18711,18712,18712,17,17,17.0
18711,18712,18713,7,7,-7.0
18711,18712,18713,6,6,-6.0
18711,18712,18713,3,3,-3.0
18711,18712,18713,2,2,-2.0
18711,18712,18714,2,2,-2.0
18711,18712,18714,12,12,-12.0
18713,18714,18714,2,2,2.0
18713,18714,18714,2,2,2.0
18713,18714,18714,1,1,1.0
18713,18714,18714,1,1,1.0
18713,18714,18714,3,3,3.0
18713,18714,18714,6,6,6.0
18713,18714,18714,1,1,1.0
18713,18714,18714,1,1,1.0
18713,18714,18715,1,1,-1.0
18713,18714,18715,8,8,-8.0
18713,18714,18715,1,1,-1.0
18713,18714,18715,5,5,-5.0
18713,18714,18715,2,2,-2.0
18713,18714,18715,2,2,-2.0
18713,18714,18715,1,1,-1.0
18713,18714,18715,8,8,-8.0
18713,18714,18715,1,1,-1.0
18714,18715,18715,1,1,1.0
18714,18715,18715,8,8,8.0
18714,18715,18716,1,1,-1.0
18714,18715,18716,2,2,-2.0
18714,18715,18716,8,8,-8.0
18714,18715,18715,1,1,1.0
18714,18715,18716,1,1,-1.0
18714,18715,18716,2,2,-2.0
18714,18715,18716,1,1,-1.0
18714,18715,18716,1,1,-1.0
18715,18716,18715,1,-1,1.0
18715,18716,18716,1,1,1.0
18715,18716,18714,1,-1,1.0
18715,18716,18715,2,-2,2.0
18715,18716,18715,2,-2,2.0
18715,18716,18715,1,-1,1.0
18715,18716,18715,2,-2,2.0
18715,18716,18715,1,-1,1.0
18715,18716,18715,1,-1,1.0
18715,18716,18715,1,-1,1.0
18714,18715,18714,36,-36,36.0
18714,18715,18714,2,-2,2.0
18714,18715,18714,4,-4,4.0
18714,18715,18713,1,-1,1.0
18713,18714,18714,2,2,2.0
18713,18714,18713,1,-1,1.0
18713,18715,18713,1,-1,1.0
18712,18714,18714,1,1,1.0
18712,18714,18714,1,1,1.0
18712,18714,18713,1,1,-1.0
18712,18713,18712,1,-1,1.0
18712,18714,18712,1,-1,1.0
18712,18713,18712,1,-1,1.0
18712,18713,18712,1,-1,1.0
18712,18713,18713,2,2,2.0
18712,18713,18713,2,2,2.0
18712,18713,18712,2,-2,2.0
18711,18712,18712,1,1,1.0
18711,18712,18712,2,2,2.0
18711,18712,18712,1,1,1.0
18711,18712,18712,3,3,3.0
18711,18713,18711,10,-10,10.0
18711,18713,18712,3,-3,3.0
18710,18711,18710,1,-1,1.0
18710,18711,18710,2,-2,2.0
18710,18711,18710,2,-2,2.0
18709,18711,18709,1,-1,1.0
18709,18711,18711,5,5,5.0
18710,18711,18711,1,1,1.0
18710,18711,18711,1,1,1.0
18710,18711,18712,6,6,-6.0
18710,18712,18710,1,-1,1.0
18710,18712,18712,2,2,2.0
18710,18712,18712,2,2,2.0
18711,18712,18712,1,1,1.0
18711,18712,18711,4,-4,4.0
18711,18712,18710,6,-6,6.0
18711,18712,18711,1,-1,1.0
18711,18712,18712,1,1,1.0
18711,18712,18712,1,1,1.0
18711,18712,18712,1,1,1.0
18712,18713,18712,1,-1,1.0
18712,18713,18712,1,-1,1.0
18712,18713,18712,6,-6,6.0
18712,18713,18712,1,-1,1.0
18711,18712,18712,1,1,1.0
18711,18713,18713,1,1,1.0
18711,18713,18713,1,1,1.0
18712,18713,18713,1,1,1.0
18712,18713,18713,4,4,4.0
18712,18713,18712,2,-2,2.0
18711,18712,18711,4,-4,4.0
18711,18712,18712,1,1,1.0
18711,18712,18712,1,1,1.0
18711,18712,18711,1,-1,1.0
18711,18712,18711,1,-1,1.0
18711,18712,18712,1,1,1.0
18711,18712,18712,1,1,1.0
18711,18712,18711,1,-1,1.0
18711,18712,18711,1,-1,1.0
18711,18712,18712,2,2,2.0
18711,18712,18712,4,4,4.0
18711,18712,18712,3,3,3.0
18711,18712,18712,1,1,1.0
18711,18712,18711,1,-1,1.0
18711,18712,18712,6,6,6.0
18711,18712,18712,1,1,1.0
18711,18712,18713,24,24,-24.0
18711,18712,18714,6,6,-6.0
18713,18714,18713,2,-2,2.0
18713,18714,18714,1,1,1.0
18713,18714,18714,1,1,1.0
18713,18714,18714,1,1,1.0
18713,18714,18714,1,1,1.0
18713,18714,18714,1,1,1.0
18713,18714,18714,1,1,1.0
18714,18715,18714,1,-1,1.0
18714,18715,18715,1,1,1.0
18713,18715,18713,1,-1,1.0
18713,18714,18714,1,1,1.0
18714,18715,18715,1,1,1.0
18714,18715,18714,1,-1,1.0
18714,18715,18715,2,2,2.0
18714,18715,18714,1,-1,1.0
18714,18715,18715,1,1,1.0
18714,18715,18715,3,3,3.0
18714,18715,18714,1,-1,1.0
18714,18715,18714,5,-5,5.0
18714,18715,18714,1,-1,1.0
18714,18715,18713,1,-1,1.0
18713,18715,18715,2,2,2.0
18713,18715,18713,1,-1,1.0
18713,18714,18714,1,1,1.0
18713,18714,18713,1,-1,1.0
18713,18714,18713,1,-1,1.0
18713,18714,18714,1,1,1.0
18713,18714,18714,1,1,1.0
18714,18715,18714,1,-1,1.0
18714,18715,18715,4,4,4.0
18714,18715,18715,1,1,1.0
18714,18715,18715,1,1,1.0
18715,18716,18716,1,1,1.0
18715,18716,18715,2,-2,2.0
18715,18716,18716,2,2,2.0
18715,18716,18716,2,2,2.0
18715,18716,18715,1,-1,1.0
18715,18716,18714,1,-1,1.0
18715,18716,18715,1,-1,1.0
18714,18715,18715,4,4,4.0
18714,18716,18716,1,1,1.0
18714,18716,18716,1,1,1.0
18714,18716,18714,2,-2,2.0
18714,18716,18715,1,-1,1.0
18714,18715,18715,1,1,1.0
18714,18716,18716,1,1,1.0
18715,18716,18715,1,-1,1.0
18715,18716,18716,1,1,1.0
18715,18716,18715,1,-1,1.0
18715,18716,18715,1,-1,1.0
18715,18716,18715,2,-2,2.0
18715,18716,18716,1,1,1.0
18715,18716,18715,1,-1,1.0
18715,18716,18715,4,-4,4.0
18715,18716,18714,1,-1,1.0
18714,18716,18716,2,2,2.0
18715,18716,18716,2,2,2.0
18715,18716,18716,1,1,1.0
18715,18716,18716,1,1,1.0
18715,18716,18716,2,2,2.0
18715,18716,18716,1,1,1.0
18715,18716,18716,1,1,1.0
18715,18716,18716,1,1,1.0
18715,18716,18716,1,1,1.0
18716,18717,18717,2,2,2.0
18716,18717,18717,2,2,2.0
18716,18717,18717,3,3,3.0
18716,18717,18717,17,17,17.0
18716,18717,18717,3,3,3.0
18716,18717,18717,1,1,1.0
18716,18717,18718,23,23,-23.0
18718,18719,18719,3,3,3.0
18718,18719,18719,6,6,6.0
18718,18719,18718,1,-1,1.0
18718,18719,18719,1,1,1.0
18718,18719,18719,1,1,1.0
18718,18719,18719,7,7,7.0
18718,18719,18719,1,1,1.0
18718,18719,18719,1,1,1.0
18718,18719,18719,1,1,1.0
18718,18719,18718,1,-1,1.0
18718,18719,18718,1,-1,1.0
18718,18719,18718,1,-1,1.0
18718,18719,18718,1,-1,1.0
18718,18719,18718,1,-1,1.0
18718,18719,18718,3,-3,3.0
18718,18719,18718,1,-1,1.0
18718,18719,18718,1,-1,1.0
18718,18719,18718,1,-1,1.0
18718,18719,18718,6,-6,6.0
18718,18719,18718,1,-1,1.0
18718,18719,18717,3,-3,3.0
18717,18719,18719,1,1,1.0
18717,18719,18717,1,-1,1.0
18717,18718,18718,1,1,1.0
18717,18718,18717,1,-1,1.0
18717,18718,18717,1,-1,1.0
18717,18718,18717,1,-1,1.0
18716,18718,18718,2,2,2.0
18716,18718,18718,1,1,1.0
18717,18718,18718,1,1,1.0
18717,18719,18717,1,-1,1.0
18718,18719,18718,1,-1,1.0
18718,18719,18719,5,5,5.0
18718,18719,18718,2,-2,2.0
18718,18719,18718,2,-2,2.0
18718,18719,18718,4,-4,4.0
18717,18719,18719,1,1,1.0
18717,18719,18718,1,1,-1.0
18717,18719,18719,2,2,2.0
18717,18719,18717,1,-1,1.0
18717,18719,18719,3,3,3.0
18717,18719,18719,1,1,1.0
18717,18719,18718,1,1,-1.0
18717,18719,18719,1,1,1.0
18717,18719,18719,2,2,2.0
18717,18719,18720,16,16,-16.0
18717,18719,18720,7,7,-7.0
18717,18719,18720,3,3,-3.0
18717,18719,18720,2,2,-2.0
18719,18720,18720,1,1,1.0
18719,18720,18720,6,6,6.0
18719,18720,18720,2,2,2.0
18719,18720,18720,2,2,2.0
18719,18720,18720,1,1,1.0
18719,18720,18720,3,3,3.0
18719,18720,18720,1,1,1.0
18719,18720,18720,1,1,1.0
18719,18720,18720,1,1,1.0
18719,18720,18721,1,1,-1.0
18719,18720,18720,1,1,1.0
18719,18720,18721,1,1,-1.0
18719,18720,18720,3,3,3.0
18719,18720,18721,2,2,-2.0
18719,18720,18721,6,6,-6.0
18719,18721,18719,1,-1,1.0
18719,18721,18720,2,-2,2.0
18719,18721,18720,1,-1,1.0
18719,18721,18720,2,-2,2.0
18719,18721,18721,1,1,1.0
18719,18721,18721,1,1,1.0
18719,18721,18721,2,2,2.0
18719,18721,18721,1,1,1.0
18719,18721,18721,6,6,6.0
18719,18721,18721,1,1,1.0
18719,18721,18720,1,1,-1.0
18719,18721,18719,1,-1,1.0
18719,18721,18721,1,1,1.0
18719,18721,18721,1,1,1.0
18719,18721,18721,2,2,2.0
18719,18721,18721,2,2,2.0
18719,18721,18721,7,7,7.0
18719,18721,18721,2,2,2.0
18719,18721,18721,1,1,1.0
18719,18721,18722,1,1,-1.0
18719,18721,18720,3,3,-3.0
18720,18722,18722,2,2,2.0
18720,18722,18722,5,5,5.0
18720,18722,18722,3,3,3.0
18720,18722,18721,1,1,-1.0
18720,18722,18722,2,2,2.0
18720,18722,18720,1,-1,1.0
18720,18722,18722,2,2,2.0
18720,18722,18720,1,-1,1.0
18720,18722,18722,1,1,1.0
18720,18722,18720,1,-1,1.0
18720,18722,18720,1,-1,1.0
18719,18721,18721,1,1,1.0
18720,18721,18721,1,1,1.0
18720,18721,18720,1,-1,1.0
18720,18721,18721,2,2,2.0
18720,18721,18721,3,3,3.0
18720,18721,18722,4,4,-4.0
18720,18721,18722,1,1,-1.0
18721,18722,18722,1,1,1.0
18721,18722,18722,1,1,1.0
18721,18722,18722,3,3,3.0
18721,18723,18721,1,-1,1.0
18721,18722,18721,1,-1,1.0
18721,18722,18722,1,1,1.0
18721,18722,18722,3,3,3.0
18721,18722,18721,7,-7,7.0
18721,18722,18722,3,3,3.0
18722,18723,18722,1,-1,1.0
18722,18723,18722,4,-4,4.0
18722,18723,18722,1,-1,1.0
18721,18722,18721,1,-1,1.0
18720,18722,18722,1,1,1.0
18720,18722,18722,1,1,1.0
18720,18721,18720,1,-1,1.0
18720,18721,18720,1,-1,1.0
18720,18721,18720,2,-2,2.0
18720,18721,18720,1,-1,1.0
18720,18721,18719,6,-6,6.0
18719,18720,18720,2,2,2.0
18719,18720,18720,1,1,1.0
18719,18720,18721,2,2,-2.0
18720,18721,18720,2,-2,2.0
18720,18721,18720,1,-1,1.0
18720,18721,18720,1,-1,1.0
18719,18721,18719,1,-1,1.0
18719,18720,18720,1,1,1.0
18719,18720,18720,1,1,1.0
18720,18721,18721,1,1,1.0
18720,18721,18720,2,-2,2.0
18720,18721,18719,1,-1,1.0
18719,18721,18721,1,1,1.0
18719,18721,18721,1,1,1.0
18720,18721,18720,1,-1,1.0
18720,18721,18720,2,-2,2.0
18719,18720,18720,1,1,1.0
18719,18721,18719,1,-1,1.0
18719,18721,18720,1,-1,1.0
18719,18720,18720,1,1,1.0
18719,18720,18720,3,3,3.0
18719,18721,18719,2,-2,2.0
18719,18721,18721,1,1,1.0
18719,18721,18721,1,1,1.0
18719,18720,18720,1,1,1.0
18720,18721,18721,1,1,1.0
18720,18721,18720,2,-2,2.0
18719,18721,18719,1,-1,1.0
18719,18720,18720,1,1,1.0
18719,18720,18719,1,-1,1.0
18719,18720,18720,2,2,2.0
18720,18721,18721,16,16,16.0
18720,18721,18721,1,1,1.0
18721,18722,18721,3,-3,3.0
18721,18722,18721,1,-1,1.0
18720,18722,18720,1,-1,1.0
18720,18722,18720,1,-1,1.0
18720,18722,18720,2,-2,2.0
18720,18722,18720,2,-2,2.0
18720,18722,18720,1,-1,1.0
18720,18722,18721,1,-1,1.0
18720,18721,18720,2,-2,2.0
18720,18721,18720,1,-1,1.0
18720,18721,18720,1,-1,1.0
18720,18721,18721,1,1,1.0
18720,18721,18721,1,1,1.0
18720,18721,18721,7,7,7.0
18720,18721,18722,1,1,-1.0
18721,18722,18721,1,-1,1.0
18721,18722,18721,1,-1,1.0
18721,18722,18722,2,2,2.0
18721,18722,18722,16,16,16.0
18721,18722,18722,1,1,1.0
18722,18723,18722,1,-1,1.0
18722,18723,18721,1,-1,1.0
18721,18722,18722,1,1,1.0
18721,18722,18721,1,-1,1.0
18721,18722,18721,1,-1,1.0
18721,18722,18722,2,2,2.0
18721,18722,18721,1,-1,1.0
18721,18722,18721,1,-1,1.0
18720,18721,18721,1,1,1.0
18720,18721,18722,1,1,-1.0
18720,18722,18721,1,1,-1.0
18721,18722,18722,3,3,3.0
18721,18722,18722,1,1,1.0
18721,18722,18722,2,2,2.0
18721,18722,18722,4,4,4.0
18721,18722,18722,1,1,1.0
18721,18722,18722,1,1,1.0
18722,18723,18723,1,1,1.0
18722,18723,18723,13,13,13.0
18722,18723,18723,1,1,1.0
18722,18723,18723,2,2,2.0
18722,18724,18722,1,-1,1.0
18723,18724,18724,1,1,1.0
18723,18724,18724,1,1,1.0
18723,18724,18724,29,29,29.0
18723,18724,18725,42,42,-42.0
18723,18724,18726,9,9,-9.0
18723,18724,18725,1,1,-1.0
18723,18724,18724,1,1,1.0
18724,18726,18724,1,-1,1.0
18724,18726,18726,1,1,1.0
18724,18726,18726,1,1,1.0
18724,18726,18726,1,1,1.0
18724,18726,18726,4,4,4.0
18724,18726,18726,5,5,5.0
18724,18726,18726,1,1,1.0
18724,18726,18726,8,8,8.0
18724,18726,18726,3,3,3.0
18724,18726,18726,2,2,2.0
18725,18727,18727,1,1,1.0
18725,18727,18727,2,2,2.0
18725,18727,18727,1,1,1.0
18725,18727,18725,3,-3,3.0
18724,18726,18724,1,-1,1.0
18724,18726,18725,1,-1,1.0
18724,18726,18725,1,-1,1.0
18724,18726,18725,1,-1,1.0
18724,18726,18724,3,-3,3.0
18724,18726,18726,1,1,1.0
18724,18726,18726,1,1,1.0
18724,18726,18725,2,2,-2.0
18724,18726,18726,4,4,4.0
18724,18726,18725,1,1,-1.0
18724,18726,18725,1,1,-1.0
18724,18726,18726,1,1,1.0
18724,18726,18726,1,1,1.0
18724,18726,18724,1,-1,1.0
18724,18726,18724,1,-1,1.0
18724,18726,18723,4,-4,4.0
18724,18725,18725,1,1,1.0
18724,18725,18725,1,1,1.0
18724,18725,18725,1,1,1.0
18724,18725,18725,1,1,1.0
18723,18725,18725,1,1,1.0
18723,18725,18725,1,1,1.0
18723,18725,18724,1,1,-1.0
18724,18725,18725,1,1,1.0
18724,18725,18725,1,1,1.0
18724,18725,18724,2,-2,2.0
18722,18724,18724,5,5,5.0
18722,18724,18724,1,1,1.0
18722,18724,18724,1,1,1.0
18722,18724,18724,2,2,2.0
18722,18724,18722,1,-1,1.0
18722,18723,18723,1,1,1.0
18722,18723,18722,1,-1,1.0
18721,18723,18722,1,-1,1.0
18721,18722,18722,2,2,2.0
18722,18723,18722,1,-1,1.0
18722,18723,18723,1,1,1.0
18722,18723,18723,1,1,1.0
18722,18723,18723,3,3,3.0
18722,18723,18724,6,6,-6.0
18722,18724,18722,3,-3,3.0
18722,18724,18723,2,-2,2.0
18722,18724,18724,1,1,1.0
18723,18724,18723,10,-10,10.0
18722,18724,18723,1,-1,1.0
18723,18724,18724,3,3,3.0
18723,18724,18725,2,2,-2.0
18723,18725,18725,3,3,3.0
18723,18725,18725,1,1,1.0
18723,18725,18724,1,1,-1.0
18724,18725,18725,2,2,2.0
18724,18726,18726,2,2,2.0
18725,18726,18725,1,-1,1.0
18725,18726,18725,1,-1,1.0
18724,18725,18725,1,1,1.0
18724,18725,18725,2,2,2.0
18724,18725,18725,1,1,1.0
18724,18725,18726,1,1,-1.0
18724,18725,18726,1,1,-1.0
18724,18725,18726,1,1,-1.0
18724,18725,18726,4,4,-4.0
18724,18725,18726,1,1,-1.0
18724,18725,18726,1,1,-1.0
18724,18725,18726,2,2,-2.0
18726,18727,18726,1,-1,1.0
18726,18727,18726,1,-1,1.0
18725,18727,18726,5,-5,5.0
18725,18726,18725,1,-1,1.0
18724,18726,18726,1,1,1.0
18724,18725,18724,1,-1,1.0
18724,18725,18724,1,-1,1.0
18724,18725,18725,1,1,1.0
18724,18726,18726,1,1,1.0
18724,18726,18726,1,1,1.0
18724,18726,18726,4,4,4.0
18725,18726,18725,1,-1,1.0
18724,18726,18726,1,1,1.0
18724,18726,18726,1,1,1.0
18724,18725,18725,5,5,5.0
18725,18726,18725,6,-6,6.0
18725,18726,18726,1,1,1.0
18725,18726,18726,2,2,2.0
18725,18726,18726,15,15,15.0
18726,18727,18727,2,2,2.0
18726,18727,18727,1,1,1.0
18726,18727,18727,2,2,2.0
18726,18727,18727,2,2,2.0
18726,18727,18726,1,-1,1.0
18726,18727,18727,2,2,2.0
18727,18728,18728,1,1,1.0
18727,18728,18728,1,1,1.0
18727,18728,18727,1,-1,1.0
18727,18728,18727,1,-1,1.0
18727,18728,18728,4,4,4.0
18727,18728,18727,1,-1,1.0
18727,18728,18727,1,-1,1.0
18727,18728,18727,1,-1,1.0
18727,18728,18728,1,1,1.0
18727,18728,18727,1,-1,1.0
18727,18728,18728,2,2,2.0
18727,18728,18728,1,1,1.0
18727,18728,18727,1,-1,1.0
18727,18728,18727,1,-1,1.0
18727,18728,18727,8,-8,8.0
18726,18727,18727,1,1,1.0
18726,18727,18726,1,-1,1.0
18726,18727,18726,1,-1,1.0
18726,18727,18726,1,-1,1.0
18726,18727,18726,3,-3,3.0
18725,18726,18725,1,-1,1.0
18725,18726,18725,1,-1,1.0
18725,18726,18725,1,-1,1.0
18725,18726,18725,1,-1,1.0
18725,18726,18725,4,-4,4.0
18725,18726,18725,1,-1,1.0
18725,18726,18725,1,-1,1.0
18724,18725,18725,2,2,2.0
18724,18726,18724,1,-1,1.0
18724,18725,18725,2,2,2.0
18724,18725,18725,2,2,2.0
18724,18725,18725,1,1,1.0
18724,18725,18725,1,1,1.0
18724,18725,18724,2,-2,2.0
18724,18725,18724,2,-2,2.0
18724,18725,18724,5,-5,5.0
18724,18725,18723,1,-1,1.0
18723,18724,18723,6,-6,6.0
18723,18724,18723,1,-1,1.0
18723,18724,18723,1,-1,1.0
18722,18724,18724,1,1,1.0
18722,18724,18724,1,1,1.0
18722,18724,18724,1,1,1.0
18722,18724,18724,1,1,1.0
18723,18725,18725,4,4,4.0
18723,18725,18723,1,-1,1.0
18723,18725,18723,3,-3,3.0
18723,18724,18724,1,1,1.0
18723,18724,18723,1,-1,1.0
18722,18723,18722,1,-1,1.0
18722,18723,18722,5,-5,5.0
18722,18723,18722,4,-4,4.0
18722,18723,18722,1,-1,1.0
18722,18723,18722,1,-1,1.0
18722,18723,18722,14,-14,14.0
18722,18723,18722,1,-1,1.0
18722,18723,18722,1,-1,1.0
18722,18723,18722,1,-1,1.0
18722,18723,18722,1,-1,1.0
18722,18723,18722,1,-1,1.0
18722,18723,18722,1,-1,1.0
18721,18723,18721,2,-2,2.0
18721,18723,18723,1,1,1.0
18721,18723,18722,1,1,-1.0
18721,18722,18722,1,1,1.0
18721,18722,18721,1,-1,1.0
18721,18722,18721,10,-10,10.0
18721,18722,18721,5,-5,5.0
18720,18721,18721,1,1,1.0
18720,18721,18721,1,1,1.0
18720,18721,18721,2,2,2.0
18720,18721,18721,1,1,1.0
18720,18721,18720,1,-1,1.0
18720,18721,18720,1,-1,1.0
18720,18721,18720,1,-1,1.0
18720,18721,18721,1,1,1.0
18720,18721,18720,1,-1,1.0
18720,18721,18720,1,-1,1.0
18720,18721,18720,1,-1,1.0
18720,18721,18720,1,-1,1.0
18720,18721,18720,9,-9,9.0
18720,18721,18720,1,-1,1.0
18720,18721,18720,1,-1,1.0
18719,18721,18719,1,-1,1.0
18719,18721,18721,3,3,3.0
18719,18721,18721,1,1,1.0
18719,18721,18721,6,6,6.0
18719,18721,18721,3,3,3.0
18719,18721,18721,2,2,2.0
18719,18721,18721,1,1,1.0
18719,18721,18721,1,1,1.0
18719,18721,18721,1,1,1.0
18719,18721,18721,3,3,3.0
18719,18721,18721,1,1,1.0
18719,18721,18721,1,1,1.0
18719,18721,18721,2,2,2.0
18720,18721,18721,1,1,1.0
18720,18721,18721,1,1,1.0
18720,18721,18720,2,-2,2.0
18720,18721,18721,1,1,1.0
18720,18721,18721,2,2,2.0
18720,18721,18722,4,4,-4.0
18720,18721,18721,2,2,2.0
18720,18722,18722,3,3,3.0
18720,18722,18722,3,3,3.0
18720,18722,18722,6,6,6.0
18720,18722,18722,1,1,1.0
18721,18723,18721,1,-1,1.0
18721,18722,18721,1,-1,1.0
18721,18722,18721,1,-1,1.0
18721,18722,18721,2,-2,2.0
18720,18721,18721,2,2,2.0
18720,18721,18721,1,1,1.0
18720,18721,18721,1,1,1.0
18721,18722,18722,1,1,1.0
18721,18722,18722,4,4,4.0
18721,18722,18722,1,1,1.0
18721,18722,18722,3,3,3.0
18721,18722,18722,1,1,1.0
18722,18723,18722,1,-1,1.0
18721,18723,18723,1,1,1.0
18721,18723,18722,1,1,-1.0
18721,18723,18723,5,5,5.0
18722,18723,18722,4,-4,4.0
18722,18723,18722,1,-1,1.0
18722,18723,18722,1,-1,1.0
18721,18723,18723,1,1,1.0
18722,18723,18723,2,2,2.0
18722,18723,18723,12,12,12.0
18722,18723,18724,12,12,-12.0
18722,18723,18722,1,-1,1.0
18722,18723,18723,1,1,1.0
18722,18723,18724,6,6,-6.0
18722,18724,18722,6,-6,6.0
18722,18723,18723,1,1,1.0
18722,18723,18723,1,1,1.0
18722,18723,18722,1,-1,1.0
18722,18723,18723,1,1,1.0
18722,18724,18724,5,5,5.0
18723,18724,18723,2,-2,2.0
18723,18724,18723,1,-1,1.0
18722,18724,18723,1,-1,1.0
18722,18724,18724,1,1,1.0
18722,18724,18724,1,1,1.0
18723,18725,18723,1,-1,1.0
18724,18725,18724,1,-1,1.0
18724,18725,18724,1,-1,1.0
18724,18725,18725,3,3,3.0
18724,18725,18724,1,-1,1.0
18724,18725,18724,2,-2,2.0
18724,18725,18724,1,-1,1.0
18723,18724,18724,1,1,1.0
18723,18724,18723,1,-1,1.0
18722,18724,18724,2,2,2.0
18723,18725,18723,1,-1,1.0
18723,18725,18724,1,-1,1.0
18723,18724,18723,2,-2,2.0
18723,18724,18724,1,1,1.0
18723,18724,18724,1,1,1.0
18723,18724,18723,1,-1,1.0
18722,18724,18723,1,-1,1.0
18722,18724,18722,1,-1,1.0
18722,18724,18722,1,-1,1.0
18722,18723,18723,1,1,1.0
18722,18723,18723,1,1,1.0
18722,18723,18724,1,1,-1.0
18723,18724,18724,3,3,3.0
18723,18724,18724,2,2,2.0
18723,18724,18724,1,1,1.0
18723,18724,18725,2,2,-2.0
18723,18724,18725,3,3,-3.0
18724,18725,18724,1,-1,1.0
18724,18725,18724,3,-3,3.0
18723,18725,18723,2,-2,2.0
18723,18725,18723,1,-1,1.0
18723,18724,18724,2,2,2.0
18723,18724,18724,2,2,2.0
18723,18724,18724,1,1,1.0
18723,18724,18725,19,19,-19.0
18724,18725,18725,17,17,17.0
18724,18725,18726,3,3,-3.0
18725,18726,18725,3,-3,3.0
18725,18726,18725,1,-1,1.0
18725,18726,18725,1,-1,1.0
18725,18726,18725,1,-1,1.0
18723,18724,18724,1,1,1.0
18723,18724,18725,3,3,-3.0
18723,18725,18724,1,1,-1.0
18723,18724,18724,1,1,1.0
18723,18724,18724,1,1,1.0
18723,18724,18724,1,1,1.0
18723,18724,18724,1,1,1.0
18724,18725,18724,1,-1,1.0
18724,18725,18724,2,-2,2.0
18724,18725,18725,1,1,1.0
18724,18725,18725,3,3,3.0
18724,18725,18724,1,-1,1.0
18724,18725,18725,1,1,1.0
18724,18725,18725,1,1,1.0
18724,18725,18725,1,1,1.0
18724,18725,18724,4,-4,4.0
18724,18725,18724,6,-6,6.0
18723,18724,18724,1,1,1.0
18723,18724,18724,1,1,1.0
18723,18724,18725,24,24,-24.0
18724,18725,18725,1,1,1.0
18724,18725,18724,3,-3,3.0
18724,18725,18726,19,19,-19.0
18724,18725,18727,6,6,-6.0
18724,18725,18725,1,1,1.0
18724,18725,18725,2,2,2.0
18724,18726,18726,2,2,2.0
18725,18726,18726,1,1,1.0
18726,18727,18726,1,-1,1.0
18725,18727,18725,1,-1,1.0
18725,18727,18727,22,22,22.0
18725,18727,18727,2,2,2.0
18727,18728,18727,1,-1,1.0
18726,18727,18727,1,1,1.0
18726,18727,18727,1,1,1.0
18726,18728,18727,1,1,-1.0
18726,18728,18727,1,1,-1.0
18727,18728,18728,5,5,5.0
18727,18728,18728,1,1,1.0
18727,18728,18728,1,1,1.0
18727,18728,18728,1,1,1.0
18727,18728,18728,6,6,6.0
18727,18728,18727,1,-1,1.0
18727,18728,18728,1,1,1.0
18727,18728,18728,1,1,1.0
18727,18728,18727,1,-1,1.0
18727,18728,18728,3,3,3.0
18727,18728,18728,1,1,1.0
18727,18728,18728,1,1,1.0
18727,18728,18729,4,4,-4.0
18727,18728,18728,1,1,1.0
18727,18729,18729,1,1,1.0
18727,18729,18729,1,1,1.0
18727,18729,18729,1,1,1.0
18727,18729,18729,1,1,1.0
18727,18728,18728,4,4,4.0
18727,18729,18728,1,1,-1.0
18727,18729,18728,3,3,-3.0
18727,18729,18728,2,2,-2.0
18727,18728,18727,1,-1,1.0
18727,18728,18727,1,-1,1.0
18727,18728,18727,4,-4,4.0
18726,18727,18727,1,1,1.0
18726,18727,18726,4,-4,4.0
18726,18727,18726,1,-1,1.0
18725,18727,18727,1,1,1.0
18725,18726,18726,1,1,1.0
18726,18727,18726,1,-1,1.0
18726,18727,18726,1,-1,1.0
18725,18727,18727,2,2,2.0
18726,18727,18726,1,-1,1.0
18726,18728,18728,1,1,1.0
18726,18728,18728,1,1,1.0
18726,18728,18727,1,1,-1.0
18726,18728,18728,1,1,1.0
18726,18728,18728,1,1,1.0
18726,18728,18728,5,5,5.0
18727,18728,18727,1,-1,1.0
18726,18728,18728,5,5,5.0
18727,18728,18728,1,1,1.0
18727,18728,18727,1,-1,1.0
18726,18728,18728,3,3,3.0
18726,18727,18727,3,3,3.0
18726,18727,18727,2,2,2.0
18726,18727,18727,1,1,1.0
18726,18727,18726,1,-1,1.0
18726,18727,18727,5,5,5.0
18726,18728,18726,1,-1,1.0
18727,18728,18728,2,2,2.0
18727,18728,18727,3,-3,3.0
18727,18728,18727,5,-5,5.0
18727,18728,18727,1,-1,1.0
18727,18728,18727,1,-1,1.0
18726,18727,18727,6,6,6.0
18726,18727,18726,2,-2,2.0
18725,18727,18727,1,1,1.0
18725,18726,18726,1,1,1.0
18726,18727,18726,1,-1,1.0
18726,18727,18727,2,2,2.0
18726,18727,18727,3,3,3.0
18726,18727,18727,1,1,1.0
18726,18727,18728,3,3,-3.0
18726,18727,18728,4,4,-4.0
18726,18727,18728,2,2,-2.0
18726,18727,18728,1,1,-1.0
18726,18727,18728,1,1,-1.0
18726,18727,18728,4,4,-4.0
18726,18727,18728,7,7,-7.0
18726,18727,18728,3,3,-3.0
18726,18727,18728,1,1,-1.0
18726,18727,18728,1,1,-1.0
18726,18727,18728,4,4,-4.0
18728,18729,18728,5,-5,5.0
18728,18729,18728,1,-1,1.0
18728,18729,18728,1,-1,1.0
18727,18729,18729,10,10,10.0
18727,18729,18727,2,-2,2.0
18727,18729,18728,1,-1,1.0
18727,18728,18728,1,1,1.0
18727,18728,18729,1,1,-1.0
18727,18728,18729,2,2,-2.0
18727,18728,18729,6,6,-6.0
18727,18728,18729,3,3,-3.0
18728,18729,18729,1,1,1.0
18728,18729,18728,1,-1,1.0
18728,18729,18729,2,2,2.0
18728,18729,18729,3,3,3.0
18728,18729,18729,6,6,6.0
18728,18729,18729,4,4,4.0
18728,18729,18729,6,6,6.0
18728,18729,18729,2,2,2.0
18728,18729,18730,1,1,-1.0
18728,18729,18730,6,6,-6.0
18728,18729,18730,1,1,-1.0
18728,18729,18730,1,1,-1.0
18728,18730,18730,1,1,1.0
18728,18730,18730,3,3,3.0
18728,18730,18730,2,2,2.0
18728,18730,18730,1,1,1.0
18728,18730,18730,2,2,2.0
18728,18730,18730,2,2,2.0
18728,18730,18730,2,2,2.0
18728,18730,18730,1,1,1.0
18728,18730,18730,1,1,1.0
18729,18730,18730,4,4,4.0
18729,18730,18730,2,2,2.0
18729,18730,18730,2,2,2.0
18729,18730,18729,1,-1,1.0
18729,18730,18730,1,1,1.0
18729,18730,18729,1,-1,1.0
18729,18730,18730,3,3,3.0
18729,18730,18730,1,1,1.0
18729,18730,18730,3,3,3.0
18729,18730,18730,3,3,3.0
18729,18731,18731,1,1,1.0
18729,18731,18731,2,2,2.0
18729,18731,18731,1,1,1.0
18729,18731,18731,1,1,1.0
18729,18731,18729,7,-7,7.0
18728,18729,18729,1,1,1.0
18728,18729,18729,2,2,2.0
18728,18729,18729,1,1,1.0
18728,18729,18729,1,1,1.0
18728,18730,18730,1,1,1.0
18729,18730,18729,1,-1,1.0
18729,18730,18730,2,2,2.0
18729,18730,18730,1,1,1.0
18729,18730,18730,2,2,2.0
18729,18730,18730,1,1,1.0
18729,18730,18730,1,1,1.0
18729,18730,18730,1,1,1.0
18729,18730,18730,1,1,1.0
18729,18730,18731,2,2,-2.0
18730,18731,18730,1,-1,1.0
18730,18731,18730,1,-1,1.0
18730,18731,18730,1,-1,1.0
18729,18731,18731,1,1,1.0
18730,18731,18731,1,1,1.0
18730,18731,18731,1,1,1.0
18730,18731,18731,1,1,1.0
18730,18731,18731,2,2,2.0
18729,18731,18731,1,1,1.0
18729,18731,18731,1,1,1.0
18730,18732,18732,1,1,1.0
18730,18732,18730,1,-1,1.0
18730,18732,18732,3,3,3.0
18730,18732,18732,1,1,1.0
18731,18732,18732,2,2,2.0
18731,18732,18732,1,1,1.0
18731,18732,18732,1,1,1.0
18731,18732,18731,1,-1,1.0
18731,18732,18732,1,1,1.0
18731,18732,18732,1,1,1.0
18731,18732,18732,1,1,1.0
18731,18732,18732,1,1,1.0
18731,18732,18732,1,1,1.0
18731,18732,18732,2,2,2.0
18731,18732,18732,1,1,1.0
18731,18732,18732,1,1,1.0
18731,18732,18732,1,1,1.0
18731,18732,18732,1,1,1.0
18731,18732,18732,2,2,2.0
18731,18732,18732,3,3,3.0
18731,18732,18732,1,1,1.0
18731,18732,18732,4,4,4.0
18731,18732,18733,6,6,-6.0
18731,18732,18733,5,5,-5.0
18731,18732,18733,1,1,-1.0
18731,18732,18733,1,1,-1.0
18731,18732,18733,4,4,-4.0
18731,18732,18733,2,2,-2.0
18731,18732,18733,2,2,-2.0
18731,18732,18733,1,1,-1.0
18733,18734,18733,1,-1,1.0
18733,18734,18734,2,2,2.0
18733,18734,18733,1,-1,1.0
18733,18734,18733,1,-1,1.0
18733,18734,18733,1,-1,1.0
18733,18734,18733,1,-1,1.0
18733,18734,18734,3,3,3.0
18732,18734,18732,1,-1,1.0
18732,18733,18733,1,1,1.0
18732,18734,18733,2,2,-2.0
18732,18734,18732,2,-2,2.0
18732,18733,18733,2,2,2.0
18732,18733,18734,1,1,-1.0
18732,18733,18733,1,1,1.0
18733,18734,18733,1,-1,1.0
18733,18734,18733,1,-1,1.0
18733,18734,18733,1,-1,1.0
18733,18734,18733,2,-2,2.0
18732,18734,18733,1,-1,1.0
18732,18734,18734,18,18,18.0
18732,18734,18735,11,11,-11.0
18733,18735,18733,1,-1,1.0
18733,18735,18733,1,-1,1.0
18733,18735,18733,1,-1,1.0
18733,18735,18734,1,-1,1.0
18733,18735,18734,1,-1,1.0
18733,18735,18734,1,-1,1.0
18733,18735,18734,1,-1,1.0
18733,18734,18734,1,1,1.0
18733,18734,18734,1,1,1.0
18733,18734,18735,23,23,-23.0
18733,18734,18735,1,1,-1.0
18733,18734,18735,1,1,-1.0
18733,18734,18735,1,1,-1.0
18733,18734,18735,3,3,-3.0
18733,18734,18735,1,1,-1.0
18733,18734,18735,1,1,-1.0
18733,18734,18734,2,2,2.0
18733,18735,18733,1,-1,1.0
18733,18735,18735,1,1,1.0
18734,18735,18735,1,1,1.0
18734,18735,18734,1,-1,1.0
18733,18734,18734,1,1,1.0
18733,18734,18734,1,1,1.0
18733,18734,18735,1,1,-1.0
18734,18735,18734,1,-1,1.0
18734,18735,18735,2,2,2.0
18734,18735,18735,1,1,1.0
18734,18735,18734,1,-1,1.0
18734,18735,18735,1,1,1.0
18734,18735,18735,1,1,1.0
18735,18736,18735,1,-1,1.0
18735,18736,18735,1,-1,1.0
18735,18736,18735,1,-1,1.0
18735,18736,18736,1,1,1.0
18735,18736,18735,1,-1,1.0
18735,18736,18736,11,11,11.0
18735,18736,18735,1,-1,1.0
18735,18736,18735,1,-1,1.0
18734,18736,18735,1,-1,1.0
18734,18735,18735,1,1,1.0
18734,18735,18735,1,1,1.0
18734,18735,18735,1,1,1.0
18734,18735,18734,1,-1,1.0
18734,18735,18735,1,1,1.0
18734,18735,18735,1,1,1.0
18734,18735,18734,2,-2,2.0
18734,18735,18734,1,-1,1.0
18734,18735,18734,1,-1,1.0
18734,18735,18734,1,-1,1.0
18734,18735,18734,2,-2,2.0
18734,18735,18734,5,-5,5.0
18734,18735,18734,1,-1,1.0
18734,18735,18735,1,1,1.0
18734,18735,18734,1,-1,1.0
18734,18735,18734,1,-1,1.0
18734,18735,18735,1,1,1.0
18734,18735,18734,1,-1,1.0
18734,18735,18735,1,1,1.0
18734,18735,18735,1,1,1.0
18734,18736,18736,1,1,1.0
18734,18736,18734,1,-1,1.0
18735,18736,18735,1,-1,1.0
18735,18736,18735,2,-2,2.0
18735,18736,18734,8,-8,8.0
18734,18735,18735,3,3,3.0
18734,18735,18735,1,1,1.0
18735,18736,18736,1,1,1.0
18735,18736,18736,1,1,1.0
18735,18736,18736,1,1,1.0
18735,18736,18735,1,-1,1.0
18735,18736,18736,1,1,1.0
18735,18736,18736,1,1,1.0
18735,18736,18736,1,1,1.0
18735,18736,18736,2,2,2.0
18735,18736,18735,6,-6,6.0
18735,18737,18735,2,-2,2.0
18735,18737,18735,1,-1,1.0
18735,18737,18735,1,-1,1.0
18735,18737,18735,1,-1,1.0
18735,18737,18735,1,-1,1.0
18735,18736,18736,1,1,1.0
18735,18736,18736,1,1,1.0
18736,18737,18736,1,-1,1.0
18736,18737,18737,2,2,2.0
18736,18737,18736,1,-1,1.0
18736,18737,18737,1,1,1.0
18735,18737,18736,1,1,-1.0
18736,18737,18736,1,-1,1.0
18736,18737,18736,2,-2,2.0
18736,18737,18735,3,-3,3.0
18735,18737,18737,1,1,1.0
18735,18737,18735,1,-1,1.0
18735,18737,18735,1,-1,1.0
18735,18737,18735,2,-2,2.0
18735,18736,18736,3,3,3.0
18735,18737,18737,1,1,1.0
18735,18737,18736,6,6,-6.0
18735,18737,18737,1,1,1.0
18735,18736,18736,1,1,1.0
18736,18737,18736,1,-1,1.0
18735,18737,18737,4,4,4.0
18735,18737,18735,1,-1,1.0
18735,18737,18737,2,2,2.0
18735,18737,18737,1,1,1.0
18735,18737,18737,1,1,1.0
18735,18737,18737,1,1,1.0
18735,18736,18736,1,1,1.0
18735,18736,18737,1,1,-1.0
18735,18736,18736,1,1,1.0
18735,18737,18736,2,2,-2.0
18735,18737,18737,1,1,1.0
18735,18737,18737,1,1,1.0
18735,18737,18736,1,1,-1.0
18735,18737,18735,1,-1,1.0
18735,18737,18735,4,-4,4.0
18735,18737,18735,1,-1,1.0
18735,18737,18735,1,-1,1.0
18735,18737,18735,7,-7,7.0
18735,18737,18735,1,-1,1.0
18735,18737,18735,14,-14,14.0
18735,18737,18734,5,-5,5.0
18733,18735,18735,1,1,1.0
18733,18735,18733,1,-1,1.0
18733,18734,18734,1,1,1.0
18733,18734,18733,1,-1,1.0
18733,18735,18735,1,1,1.0
18734,18735,18735,1,1,1.0
18734,18735,18733,1,-1,1.0
18733,18735,18735,1,1,1.0
18733,18735,18733,8,-8,8.0
18732,18734,18734,1,1,1.0
18732,18734,18734,1,1,1.0
18732,18733,18732,2,-2,2.0
18732,18733,18732,4,-4,4.0
18732,18733,18732,22,-22,22.0
18732,18733,18731,3,-3,3.0
18732,18733,18730,25,-25,25.0
18732,18733,18729,1,-1,1.0
18730,18731,18731,1,1,1.0
18730,18731,18730,1,-1,1.0
18730,18731,18731,1,1,1.0
18729,18730,18730,1,1,1.0
18729,18731,18729,4,-4,4.0
18729,18730,18729,2,-2,2.0
18729,18730,18729,1,-1,1.0
18729,18730,18729,2,-2,2.0
18728,18729,18729,1,1,1.0
18729,18730,18730,1,1,1.0
18729,18730,18729,1,-1,1.0
18728,18730,18730,1,1,1.0
18728,18730,18728,3,-3,3.0
18728,18730,18728,1,-1,1.0
18728,18729,18728,1,-1,1.0
18728,18729,18728,7,-7,7.0
18728,18729,18729,5,5,5.0
18728,18729,18730,3,3,-3.0
18728,18730,18728,1,-1,1.0
18729,18730,18730,1,1,1.0
18729,18730,18729,1,-1,1.0
18729,18730,18729,1,-1,1.0
18729,18730,18730,1,1,1.0
18729,18730,18730,1,1,1.0
18730,18731,18730,1,-1,1.0
18730,18731,18731,1,1,1.0
18729,18730,18729,1,-1,1.0
18729,18730,18730,2,2,2.0
18730,18731,18730,1,-1,1.0
18729,18731,18729,1,-1,1.0
18729,18731,18729,1,-1,1.0
18729,18731,18729,1,-1,1.0
18729,18731,18729,1,-1,1.0
18728,18730,18728,1,-1,1.0
18729,18730,18729,1,-1,1.0
18729,18730,18729,1,-1,1.0
18729,18730,18730,2,2,2.0
18729,18731,18731,5,5,5.0
18729,18731,18731,2,2,2.0
18729,18731,18731,1,1,1.0
18729,18731,18732,1,1,-1.0
18729,18731,18732,1,1,-1.0
18729,18731,18731,3,3,3.0
18731,18732,18731,1,-1,1.0
18731,18732,18731,1,-1,1.0
18731,18732,18730,1,-1,1.0
18730,18731,18730,4,-4,4.0
18729,18730,18729,2,-2,2.0
18729,18730,18730,4,4,4.0
18729,18730,18729,5,-5,5.0
18728,18730,18730,1,1,1.0
18728,18729,18729,1,1,1.0
18728,18729,18729,2,2,2.0
18728,18729,18729,1,1,1.0
18728,18729,18729,1,1,1.0
18728,18729,18729,1,1,1.0
18728,18729,18729,1,1,1.0
18728,18729,18729,1,1,1.0
18728,18729,18728,1,-1,1.0
18728,18729,18728,1,-1,1.0
18728,18729,18729,1,1,1.0
18728,18729,18728,1,-1,1.0
18728,18729,18728,1,-1,1.0
18728,18729,18728,1,-1,1.0
18728,18729,18728,2,-2,2.0
18728,18729,18728,1,-1,1.0
18728,18729,18728,1,-1,1.0
18728,18729,18728,1,-1,1.0
18728,18729,18729,1,1,1.0
18728,18729,18728,1,-1,1.0
18728,18729,18728,1,-1,1.0
18728,18729,18728,1,-1,1.0
18728,18729,18728,1,-1,1.0
18728,18729,18729,1,1,1.0
18728,18729,18729,1,1,1.0
18728,18729,18728,1,-1,1.0
18728,18729,18728,1,-1,1.0
18728,18729,18728,1,-1,1.0
18728,18729,18728,1,-1,1.0
18728,18729,18728,1,-1,1.0
18728,18729,18728,1,-1,1.0
18727,18729,18727,1,-1,1.0
18727,18729,18728,1,-1,1.0
18727,18728,18727,2,-2,2.0
18727,18728,18727,1,-1,1.0
18727,18728,18727,1,-1,1.0
18727,18728,18727,4,-4,4.0
18727,18728,18727,1,-1,1.0
18727,18728,18727,4,-4,4.0
18727,18728,18727,1,-1,1.0
18727,18728,18727,1,-1,1.0
18726,18727,18726,1,-1,1.0
18726,18727,18727,1,1,1.0
18726,18727,18727,9,9,9.0
18726,18727,18727,6,6,6.0
18726,18727,18728,3,3,-3.0
18726,18727,18728,1,1,-1.0
18727,18728,18727,1,-1,1.0
18727,18728,18727,2,-2,2.0
18727,18728,18727,1,-1,1.0
18727,18728,18727,1,-1,1.0
18727,18728,18727,1,-1,1.0
18727,18728,18727,1,-1,1.0
18726,18728,18726,1,-1,1.0
18726,18728,18726,1,-1,1.0
18726,18728,18727,1,-1,1.0
18726,18728,18726,2,-2,2.0
18726,18727,18726,1,-1,1.0
18726,18727,18727,1,1,1.0
18726,18727,18726,1,-1,1.0
18726,18727,18727,2,2,2.0
18726,18727,18727,2,2,2.0
18727,18728,18727,1,-1,1.0
18727,18728,18728,1,1,1.0
18727,18728,18728,3,3,3.0
18727,18728,18728,1,1,1.0
18727,18728,18728,1,1,1.0
18728,18729,18728,13,-13,13.0
18728,18729,18728,1,-1,1.0
18728,18729,18728,2,-2,2.0
18727,18728,18727,1,-1,1.0
18727,18728,18727,1,-1,1.0
18727,18728,18727,3,-3,3.0
18727,18728,18726,2,-2,2.0
18726,18728,18726,1,-1,1.0
18726,18728,18727,1,-1,1.0
18726,18728,18726,13,-13,13.0
18726,18728,18727,1,-1,1.0
18727,18728,18728,7,7,7.0
18728,18729,18728,1,-1,1.0
18728,18729,18728,1,-1,1.0
18728,18729,18729,6,6,6.0
18729,18730,18730,2,2,2.0
18729,18730,18730,1,1,1.0
18729,18730,18730,4,4,4.0
18729,18730,18730,1,1,1.0
18729,18730,18730,4,4,4.0
18729,18730,18730,1,1,1.0
18729,18730,18730,1,1,1.0
18729,18731,18729,1,-1,1.0
18729,18731,18729,1,-1,1.0
18729,18731,18729,1,-1,1.0
18729,18731,18729,13,-13,13.0
18729,18731,18729,4,-4,4.0
18729,18731,18728,1,-1,1.0
18729,18731,18728,6,-6,6.0
18729,18731,18728,1,-1,1.0
18729,18731,18728,1,-1,1.0
18729,18731,18728,6,-6,6.0
18729,18731,18728,1,-1,1.0
18729,18731,18728,3,-3,3.0
18729,18731,18727,1,-1,1.0
18729,18731,18727,1,-1,1.0
18729,18731,18727,12,-12,12.0
18729,18731,18727,3,-3,3.0
18729,18731,18727,1,-1,1.0
18729,18731,18727,3,-3,3.0
18729,18731,18726,1,-1,1.0
18729,18731,18726,1,-1,1.0
18729,18731,18726,6,-6,6.0
18729,18731,18726,6,-6,6.0
18729,18731,18726,2,-2,2.0
18729,18731,18727,2,-2,2.0
18725,18727,18725,1,-1,1.0
18727,18728,18727,1,-1,1.0
18727,18728,18727,1,-1,1.0
18726,18727,18727,1,1,1.0
18726,18727,18728,2,2,-2.0
18726,18727,18728,2,2,-2.0
18726,18727,18728,2,2,-2.0
18726,18727,18728,4,4,-4.0
18726,18727,18727,2,2,2.0
18726,18727,18728,3,3,-3.0
18727,18729,18729,2,2,2.0
18727,18729,18729,1,1,1.0
18727,18729,18727,1,-1,1.0
18727,18729,18728,2,-2,2.0
18727,18729,18728,2,-2,2.0
18727,18729,18729,1,1,1.0
18727,18729,18728,2,2,-2.0
18727,18729,18728,2,2,-2.0
18727,18729,18727,2,-2,2.0
18727,18728,18728,3,3,3.0
18727,18728,18729,1,1,-1.0
18727,18728,18729,1,1,-1.0
18727,18729,18729,1,1,1.0
18727,18729,18729,2,2,2.0
18727,18729,18729,1,1,1.0
18728,18729,18729,1,1,1.0
18728,18729,18729,1,1,1.0
18728,18729,18729,1,1,1.0
18728,18729,18729,2,2,2.0
18728,18729,18728,1,-1,1.0
18728,18729,18729,1,1,1.0
18727,18729,18729,2,2,2.0
18727,18729,18729,1,1,1.0
18727,18729,18729,1,1,1.0
18727,18729,18729,2,2,2.0
18727,18729,18729,2,2,2.0
18727,18729,18727,1,-1,1.0
18727,18729,18729,1,1,1.0
18727,18728,18727,1,-1,1.0
18726,18727,18726,2,-2,2.0
18726,18727,18726,2,-2,2.0
18725,18727,18727,1,1,1.0
18725,18726,18725,14,-14,14.0
18725,18726,18725,3,-3,3.0
18723,18725,18724,1,-1,1.0
18723,18724,18724,2,2,2.0
18723,18725,18725,1,1,1.0
18724,18725,18725,1,1,1.0
18724,18725,18724,1,-1,1.0
18724,18725,18723,1,-1,1.0
18723,18725,18725,1,1,1.0
18724,18725,18725,1,1,1.0
18724,18726,18725,1,1,-1.0
18724,18725,18725,2,2,2.0
18725,18726,18726,9,9,9.0
18725,18727,18725,1,-1,1.0
18725,18727,18725,2,-2,2.0
18725,18727,18725,2,-2,2.0
18725,18727,18725,1,-1,1.0
18725,18727,18725,1,-1,1.0
18725,18727,18725,1,-1,1.0
18724,18725,18725,1,1,1.0
18724,18726,18726,1,1,1.0
18724,18726,18726,1,1,1.0
18724,18726,18724,1,-1,1.0
18724,18726,18726,1,1,1.0
18725,18726,18725,1,-1,1.0
18724,18725,18725,1,1,1.0
18724,18725,18725,1,1,1.0
18724,18725,18725,2,2,2.0
18724,18725,18726,1,1,-1.0
18724,18725,18725,1,1,1.0
18724,18725,18724,1,-1,1.0
18724,18726,18726,2,2,2.0
18724,18726,18724,1,-1,1.0
18724,18726,18724,1,-1,1.0
18724,18726,18725,1,-1,1.0
18724,18725,18724,1,-1,1.0
18724,18725,18724,7,-7,7.0
18723,18724,18723,3,-3,3.0
18723,18724,18723,2,-2,2.0
18723,18724,18723,2,-2,2.0
18723,18724,18723,1,-1,1.0
18723,18724,18723,1,-1,1.0
18723,18724,18723,1,-1,1.0
18723,18724,18723,1,-1,1.0
18722,18723,18723,4,4,4.0
18722,18724,18722,8,-8,8.0
18722,18724,18722,1,-1,1.0
18721,18723,18723,1,1,1.0
18721,18723,18721,1,-1,1.0
18721,18723,18721,2,-2,2.0
18721,18723,18721,14,-14,14.0
18720,18722,18720,1,-1,1.0
18720,18722,18722,1,1,1.0
18720,18722,18720,1,-1,1.0
18720,18721,18721,1,1,1.0
18720,18721,18720,1,-1,1.0
18720,18721,18720,1,-1,1.0
18720,18721,18721,4,4,4.0
18720,18721,18720,3,-3,3.0
18720,18721,18721,1,1,1.0
18720,18721,18720,1,-1,1.0
18720,18721,18720,13,-13,13.0
18720,18721,18720,2,-2,2.0
18720,18721,18720,1,-1,1.0
18720,18721,18720,1,-1,1.0
18719,18720,18719,10,-10,10.0
18719,18720,18719,2,-2,2.0
18719,18720,18720,1,1,1.0
18718,18719,18718,1,-1,1.0
18718,18719,18718,6,-6,6.0
18718,18719,18718,1,-1,1.0
18718,18719,18718,1,-1,1.0
18717,18719,18717,1,-1,1.0
18717,18719,18717,1,-1,1.0
18717,18719,18717,1,-1,1.0
18718,18719,18718,1,-1,1.0
18718,18719,18718,1,-1,1.0
18718,18719,18718,1,-1,1.0
18718,18719,18718,3,-3,3.0
18718,18719,18718,1,-1,1.0
18718,18719,18719,3,3,3.0
18718,18719,18718,1,-1,1.0
18718,18719,18717,9,-9,9.0
18717,18719,18717,1,-1,1.0
18717,18719,18717,1,-1,1.0
18718,18719,18719,1,1,1.0
18718,18720,18718,2,-2,2.0
18718,18719,18718,1,-1,1.0
18718,18719,18718,1,-1,1.0
18718,18720,18718,1,-1,1.0
18718,18720,18718,1,-1,1.0
18718,18720,18718,1,-1,1.0
18718,18720,18718,1,-1,1.0
18718,18720,18720,1,1,1.0
18718,18720,18720,1,1,1.0
18718,18720,18718,3,-3,3.0
18718,18720,18720,1,1,1.0
18718,18720,18720,4,4,4.0
18718,18720,18719,1,1,-1.0
18719,18720,18720,1,1,1.0
18719,18720,18719,1,-1,1.0
18718,18720,18720,1,1,1.0
18718,18720,18718,1,-1,1.0
18718,18720,18720,1,1,1.0
18719,18721,18721,1,1,1.0
18720,18721,18720,1,-1,1.0
18719,18721,18719,5,-5,5.0
18719,18720,18719,1,-1,1.0
18718,18719,18719,1,1,1.0
18719,18720,18720,1,1,1.0
18719,18720,18719,1,-1,1.0
18719,18720,18720,10,10,10.0
18719,18720,18720,1,1,1.0
18719,18720,18720,1,1,1.0
18719,18720,18720,1,1,1.0
18719,18720,18720,4,4,4.0
18720,18721,18719,1,-1,1.0
18720,18721,18719,2,-2,2.0
18719,18721,18720,1,-1,1.0
18720,18721,18720,1,-1,1.0
18720,18721,18721,9,9,9.0
18720,18721,18721,1,1,1.0
18720,18721,18721,4,4,4.0
18720,18721,18721,1,1,1.0
18720,18721,18721,1,1,1.0
18720,18722,18720,1,-1,1.0
18720,18722,18720,1,-1,1.0
18720,18722,18722,8,8,8.0
18720,18722,18722,2,2,2.0
18720,18722,18723,4,4,-4.0
18720,18722,18723,1,1,-1.0
18720,18722,18723,5,5,-5.0
18720,18722,18723,4,4,-4.0
18720,18722,18723,1,1,-1.0
18720,18722,18724,7,7,-7.0
18720,18722,18724,1,1,-1.0
18720,18722,18724,1,1,-1.0
18723,18724,18723,5,-5,5.0
18723,18724,18724,1,1,1.0
18723,18724,18723,1,-1,1.0
18723,18724,18724,1,1,1.0
18722,18724,18724,1,1,1.0
18722,18724,18724,1,1,1.0
18722,18724,18724,1,1,1.0
18722,18724,18724,4,4,4.0
18723,18725,18724,1,1,-1.0
18724,18725,18725,1,1,1.0
18724,18725,18725,1,1,1.0
18724,18725,18725,2,2,2.0
18724,18725,18725,1,1,1.0
18724,18725,18725,2,2,2.0
18724,18725,18725,5,5,5.0
18724,18725,18726,1,1,-1.0
18725,18726,18726,1,1,1.0
18725,18726,18726,1,1,1.0
18725,18727,18726,1,1,-1.0
18725,18726,18726,2,2,2.0
18725,18726,18726,1,1,1.0
18725,18726,18726,4,4,4.0
18725,18726,18726,1,1,1.0
18725,18726,18726,1,1,1.0
18725,18726,18727,1,1,-1.0
18725,18726,18727,14,14,-14.0
18725,18726,18728,1,1,-1.0
18725,18726,18728,3,3,-3.0
18725,18726,18728,2,2,-2.0
18728,18729,18728,1,-1,1.0
18728,18729,18729,1,1,1.0
18728,18729,18729,1,1,1.0
18728,18729,18729,1,1,1.0
18729,18730,18730,1,1,1.0
18729,18730,18729,1,-1,1.0
18729,18730,18729,1,-1,1.0
18729,18730,18729,1,-1,1.0
18729,18730,18729,1,-1,1.0
18729,18730,18729,1,-1,1.0
18729,18730,18728,1,-1,1.0
18726,18728,18726,1,-1,1.0
18726,18728,18728,2,2,2.0
18726,18728,18726,5,-5,5.0
18726,18728,18726,8,-8,8.0
18726,18728,18725,1,-1,1.0
18724,18726,18724,1,-1,1.0
18724,18726,18725,1,-1,1.0
18724,18726,18724,1,-1,1.0
18723,18725,18723,1,-1,1.0
18723,18725,18723,1,-1,1.0
18723,18725,18723,1,-1,1.0
18723,18725,18723,1,-1,1.0
18723,18725,18723,1,-1,1.0
18722,18724,18724,1,1,1.0
18722,18724,18722,1,-1,1.0
18722,18724,18722,1,-1,1.0
18723,18724,18723,3,-3,3.0
18723,18724,18723,1,-1,1.0
18723,18724,18724,1,1,1.0
18723,18724,18723,1,-1,1.0
18723,18724,18723,1,-1,1.0
18723,18724,18723,1,-1,1.0
18723,18724,18723,1,-1,1.0
18722,18723,18722,2,-2,2.0
18722,18723,18723,1,1,1.0
18722,18723,18723,1,1,1.0
18722,18723,18724,2,2,-2.0
18722,18723,18723,1,1,1.0
18723,18724,18723,1,-1,1.0
18722,18724,18722,1,-1,1.0
18723,18724,18723,1,-1,1.0
18723,18724,18722,1,-1,1.0
18723,18724,18723,1,-1,1.0
18723,18724,18723,1,-1,1.0
18723,18724,18724,6,6,6.0
18723,18725,18723,2,-2,2.0
18723,18725,18725,1,1,1.0
18723,18725,18725,4,4,4.0
18723,18725,18725,6,6,6.0
18723,18725,18725,5,5,5.0
18723,18725,18726,4,4,-4.0
18723,18725,18726,2,2,-2.0
18723,18725,18726,3,3,-3.0
18723,18725,18726,1,1,-1.0
18723,18725,18727,4,4,-4.0
18726,18728,18726,1,-1,1.0
18726,18728,18727,2,-2,2.0
18726,18728,18726,1,-1,1.0
18725,18727,18726,1,-1,1.0
18725,18727,18725,1,-1,1.0
18725,18726,18725,2,-2,2.0
18725,18726,18725,1,-1,1.0
18725,18726,18725,3,-3,3.0
18725,18726,18725,4,-4,4.0
18725,18726,18724,16,-16,16.0
18725,18726,18724,2,-2,2.0
18725,18726,18724,4,-4,4.0
18725,18726,18723,1,-1,1.0
18725,18726,18723,1,-1,1.0
18725,18726,18723,1,-1,1.0
18725,18726,18723,1,-1,1.0
18725,18726,18723,1,-1,1.0
18725,18726,18723,4,-4,4.0
18723,18724,18723,2,-2,2.0
18723,18724,18723,1,-1,1.0
18722,18723,18722,1,-1,1.0
18722,18723,18723,1,1,1.0
18723,18724,18723,1,-1,1.0
18723,18724,18723,1,-1,1.0
18722,18724,18723,1,-1,1.0
18723,18724,18724,1,1,1.0
18723,18724,18724,1,1,1.0
18723,18724,18725,2,2,-2.0
18723,18724,18725,15,15,-15.0
18723,18724,18725,3,3,-3.0
18723,18724,18725,15,15,-15.0
18723,18724,18726,4,4,-4.0
18723,18724,18726,6,6,-6.0
18726,18727,18727,1,1,1.0
18726,18727,18727,2,2,2.0
18726,18728,18726,2,-2,2.0
18726,18727,18726,5,-5,5.0
18726,18727,18726,1,-1,1.0
18725,18727,18727,1,1,1.0
18726,18727,18727,1,1,1.0
18726,18727,18727,1,1,1.0
18726,18727,18728,3,3,-3.0
18726,18728,18726,1,-1,1.0
18726,18728,18728,9,9,9.0
18726,18728,18728,1,1,1.0
18726,18728,18728,2,2,2.0
18726,18728,18729,1,1,-1.0
18726,18728,18729,1,1,-1.0
18727,18729,18729,1,1,1.0
18727,18729,18727,1,-1,1.0
18727,18728,18728,3,3,3.0
18727,18728,18728,2,2,2.0
18727,18728,18727,1,-1,1.0
18726,18728,18728,1,1,1.0
18726,18728,18728,1,1,1.0
18727,18728,18728,1,1,1.0
18726,18728,18728,1,1,1.0
18726,18728,18728,1,1,1.0
18726,18727,18726,5,-5,5.0
18724,18725,18725,1,1,1.0
18723,18725,18725,3,3,3.0
18723,18725,18724,4,4,-4.0
18724,18725,18725,1,1,1.0
18725,18726,18725,1,-1,1.0
18724,18725,18724,2,-2,2.0
18723,18725,18725,1,1,1.0
18723,18724,18724,2,2,2.0
18723,18724,18723,2,-2,2.0
18723,18724,18723,6,-6,6.0
18723,18724,18723,2,-2,2.0
18723,18724,18723,1,-1,1.0
18723,18724,18723,2,-2,2.0
18722,18724,18724,4,4,4.0
18722,18724,18724,1,1,1.0
18722,18724,18723,1,1,-1.0
18723,18724,18723,4,-4,4.0
18723,18724,18724,3,3,3.0
18724,18725,18725,1,1,1.0
18724,18725,18725,1,1,1.0
18724,18725,18725,1,1,1.0
18724,18725,18725,1,1,1.0
18724,18726,18724,1,-1,1.0
18724,18726,18726,1,1,1.0
18724,18726,18724,1,-1,1.0
18725,18726,18726,1,1,1.0
18725,18726,18726,1,1,1.0
18725,18726,18726,2,2,2.0
18724,18726,18726,1,1,1.0
18724,18726,18724,10,-10,10.0
18724,18726,18724,5,-5,5.0
18724,18726,18725,2,-2,2.0
18724,18726,18725,1,-1,1.0
18724,18725,18724,1,-1,1.0
18724,18725,18724,1,-1,1.0
18724,18725,18724,1,-1,1.0
18724,18725,18724,11,-11,11.0
18723,18724,18724,4,4,4.0
18723,18724,18724,1,1,1.0
18723,18724,18724,1,1,1.0
18723,18724,18723,1,-1,1.0
18722,18724,18722,1,-1,1.0
18722,18723,18723,2,2,2.0
18723,18724,18723,1,-1,1.0
18723,18724,18723,6,-6,6.0
18723,18724,18723,4,-4,4.0
18723,18724,18723,3,-3,3.0
18723,18724,18723,2,-2,2.0
18723,18724,18723,2,-2,2.0
18723,18724,18723,1,-1,1.0
18722,18724,18724,2,2,2.0
18722,18723,18723,3,3,3.0
18722,18723,18723,1,1,1.0
18723,18724,18723,1,-1,1.0
18723,18724,18723,1,-1,1.0
18723,18724,18724,2,2,2.0
18723,18724,18724,1,1,1.0
18723,18724,18725,12,12,-12.0
18724,18726,18724,1,-1,1.0
18724,18726,18724,1,-1,1.0
18724,18726,18724,1,-1,1.0
18724,18726,18726,1,1,1.0
18724,18726,18726,1,1,1.0
18724,18726,18726,5,5,5.0
18725,18726,18725,1,-1,1.0
18725,18726,18725,1,-1,1.0
18724,18726,18726,2,2,2.0
18724,18725,18725,2,2,2.0
18724,18725,18725,1,1,1.0
18725,18726,18726,1,1,1.0
18725,18726,18726,1,1,1.0
18725,18726,18726,1,1,1.0
18726,18727,18727,1,1,1.0
18726,18727,18726,1,-1,1.0
18726,18727,18726,1,-1,1.0
18726,18727,18725,1,-1,1.0
18726,18727,18727,10,10,10.0
18726,18728,18727,1,1,-1.0
18727,18728,18727,1,-1,1.0
18725,18727,18727,1,1,1.0
18726,18727,18727,2,2,2.0
18726,18727,18726,1,-1,1.0
18726,18727,18727,1,1,1.0
18726,18727,18726,1,-1,1.0
18726,18727,18726,1,-1,1.0
18726,18727,18726,1,-1,1.0
18726,18727,18727,2,2,2.0
18726,18727,18725,1,-1,1.0
18725,18727,18727,1,1,1.0
18725,18727,18727,1,1,1.0
18725,18727,18727,2,2,2.0
18725,18727,18727,1,1,1.0
18725,18727,18727,1,1,1.0
18725,18726,18726,1,1,1.0
18724,18725,18724,1,-1,1.0
18724,18725,18724,1,-1,1.0
18724,18725,18724,1,-1,1.0
18724,18725,18724,1,-1,1.0
18723,18725,18725,1,1,1.0
18723,18725,18725,1,1,1.0
18723,18725,18725,1,1,1.0
18724,18725,18724,2,-2,2.0
18723,18724,18723,1,-1,1.0
18723,18724,18723,6,-6,6.0
18722,18723,18722,3,-3,3.0
18722,18723,18722,2,-2,2.0
18722,18723,18722,1,-1,1.0
18722,18723,18722,9,-9,9.0
18722,18723,18722,5,-5,5.0
18722,18723,18722,1,-1,1.0
18721,18722,18722,1,1,1.0
18721,18723,18723,1,1,1.0
18721,18723,18721,1,-1,1.0
18721,18723,18723,2,2,2.0
18721,18723,18723,2,2,2.0
18721,18723,18722,1,1,-1.0
18722,18724,18722,1,-1,1.0
18722,18724,18722,1,-1,1.0
18723,18724,18723,2,-2,2.0
18723,18724,18723,1,-1,1.0
18722,18723,18722,2,-2,2.0
18722,18723,18723,2,2,2.0
18723,18724,18723,1,-1,1.0
18723,18724,18723,1,-1,1.0
18722,18723,18723,1,1,1.0
18722,18724,18724,1,1,1.0
18723,18724,18723,1,-1,1.0
18723,18724,18723,1,-1,1.0
18723,18724,18723,2,-2,2.0
18723,18724,18722,5,-5,5.0
18723,18724,18721,1,-1,1.0
18723,18724,18721,4,-4,4.0
18723,18724,18721,4,-4,4.0
18723,18724,18720,1,-1,1.0
18723,18724,18720,1,-1,1.0
18723,18724,18720,4,-4,4.0
18723,18724,18720,1,-1,1.0
18723,18724,18720,2,-2,2.0
18723,18724,18719,1,-1,1.0
18723,18724,18719,1,-1,1.0
18723,18724,18719,1,-1,1.0
18723,18724,18719,1,-1,1.0
18723,18724,18723,3,-3,3.0
18723,18724,18722,7,-7,7.0
18723,18724,18722,3,-3,3.0
18723,18724,18722,2,-2,2.0
18723,18724,18721,5,-5,5.0
18723,18724,18721,5,-5,5.0
18723,18724,18721,1,-1,1.0
18723,18724,18721,2,-2,2.0
18723,18724,18720,1,-1,1.0
18723,18724,18720,1,-1,1.0
18723,18724,18720,1,-1,1.0
18723,18724,18720,9,-9,9.0
18723,18724,18720,4,-4,4.0
18723,18724,18720,2,-2,2.0
18723,18724,18720,1,-1,1.0
18723,18724,18720,1,-1,1.0
18723,18724,18720,3,-3,3.0
18723,18724,18720,1,-1,1.0
18723,18724,18720,1,-1,1.0
18723,18724,18718,1,-1,1.0
18718,18720,18720,1,1,1.0
18718,18720,18720,2,2,2.0
18718,18720,18720,3,3,3.0
18720,18721,18721,1,1,1.0
18721,18722,18722,2,2,2.0
18722,18723,18722,3,-3,3.0
18721,18723,18721,1,-1,1.0
18721,18723,18721,1,-1,1.0
18721,18722,18722,2,2,2.0
18722,18723,18722,1,-1,1.0
18722,18723,18722,1,-1,1.0
18721,18722,18722,1,1,1.0
18721,18722,18722,1,1,1.0
18721,18723,18721,1,-1,1.0
18721,18723,18721,1,-1,1.0
18721,18722,18721,1,-1,1.0
18721,18722,18722,1,1,1.0
18721,18722,18722,1,1,1.0
18721,18722,18722,2,2,2.0
18721,18723,18722,1,1,-1.0
18722,18723,18722,1,-1,1.0
18720,18722,18722,1,1,1.0
18720,18722,18720,1,-1,1.0
18721,18722,18721,1,-1,1.0
18721,18722,18722,2,2,2.0
18721,18722,18721,1,-1,1.0
18721,18722,18721,1,-1,1.0
18721,18722,18721,7,-7,7.0
18721,18722,18721,1,-1,1.0
18720,18721,18721,1,1,1.0
18720,18721,18721,1,1,1.0
18720,18721,18721,1,1,1.0
18720,18722,18722,1,1,1.0
18720,18721,18721,1,1,1.0
18720,18721,18721,1,1,1.0
18720,18721,18721,1,1,1.0
18720,18721,18721,1,1,1.0
18720,18721,18720,2,-2,2.0
18720,18721,18720,1,-1,1.0
18720,18721,18720,1,-1,1.0
18719,18720,18720,2,2,2.0
18719,18720,18720,1,1,1.0
18719,18721,18721,1,1,1.0
18720,18721,18721,7,7,7.0
18720,18721,18721,2,2,2.0
18720,18721,18721,9,9,9.0
18720,18721,18721,1,1,1.0
18721,18722,18722,1,1,1.0
18720,18721,18721,1,1,1.0
18721,18722,18722,1,1,1.0
18721,18722,18721,1,-1,1.0
18720,18721,18721,1,1,1.0
18720,18721,18721,1,1,1.0
18720,18721,18720,2,-2,2.0
18720,18721,18720,1,-1,1.0
18720,18721,18720,1,-1,1.0
18720,18721,18720,1,-1,1.0
18720,18721,18720,5,-5,5.0
18720,18721,18720,2,-2,2.0
18719,18720,18720,1,1,1.0
18719,18720,18720,1,1,1.0
18719,18720,18720,1,1,1.0
18719,18720,18720,2,2,2.0
18719,18720,18720,1,1,1.0
18719,18720,18719,1,-1,1.0
18719,18720,18719,2,-2,2.0
18719,18720,18718,2,-2,2.0
18718,18720,18720,1,1,1.0
18718,18720,18720,1,1,1.0
18719,18720,18720,1,1,1.0
18719,18721,18721,1,1,1.0
18719,18721,18720,1,1,-1.0
18719,18721,18721,5,5,5.0
18719,18721,18721,1,1,1.0
18719,18721,18719,1,-1,1.0
18719,18720,18719,1,-1,1.0
18719,18720,18719,1,-1,1.0
18718,18720,18718,1,-1,1.0
18718,18720,18718,1,-1,1.0
18719,18720,18719,1,-1,1.0
18719,18720,18719,1,-1,1.0
18718,18720,18718,1,-1,1.0
18718,18719,18718,1,-1,1.0
18718,18719,18719,1,1,1.0
18718,18719,18718,1,-1,1.0
18718,18719,18718,1,-1,1.0
18718,18719,18718,1,-1,1.0
18718,18719,18719,1,1,1.0
18718,18719,18718,1,-1,1.0
18718,18719,18719,1,1,1.0
18718,18719,18718,1,-1,1.0
18718,18719,18718,1,-1,1.0
18718,18719,18718,2,-2,2.0
18718,18719,18718,1,-1,1.0
18717,18719,18719,1,1,1.0
18718,18719,18719,1,1,1.0
18718,18719,18719,4,4,4.0
18718,18720,18718,1,-1,1.0
18718,18720,18718,1,-1,1.0
18718,18720,18718,3,-3,3.0
18718,18720,18718,1,-1,1.0
18718,18720,18718,2,-2,2.0
18718,18720,18718,1,-1,1.0
18718,18720,18718,1,-1,1.0
18718,18720,18717,1,-1,1.0
18717,18718,18717,2,-2,2.0
18717,18718,18717,1,-1,1.0
18717,18718,18717,2,-2,2.0
18717,18718,18718,1,1,1.0
18717,18718,18717,10,-10,10.0
18717,18718,18716,1,-1,1.0
18717,18718,18716,1,-1,1.0
18717,18718,18717,1,-1,1.0
18716,18717,18717,1,1,1.0
18716,18717,18716,1,-1,1.0
18716,18717,18716,10,-10,10.0
18716,18717,18716,1,-1,1.0
18716,18717,18715,1,-1,1.0
18715,18717,18715,1,-1,1.0
18715,18717,18715,1,-1,1.0
18715,18717,18715,1,-1,1.0
18715,18717,18715,2,-2,2.0
18715,18717,18717,1,1,1.0
18716,18718,18716,1,-1,1.0
18716,18718,18716,1,-1,1.0
18716,18717,18716,1,-1,1.0
18716,18717,18715,4,-4,4.0
18715,18717,18715,2,-2,2.0
18715,18717,18717,1,1,1.0
18715,18717,18717,2,2,2.0
18715,18717,18717,1,1,1.0
18715,18717,18715,1,-1,1.0
18715,18717,18717,1,1,1.0
18715,18717,18715,1,-1,1.0
18715,18717,18715,1,-1,1.0
18716,18717,18717,1,1,1.0
18716,18717,18716,1,-1,1.0
18716,18717,18715,2,-2,2.0
18715,18717,18717,1,1,1.0
18715,18717,18716,1,1,-1.0
18716,18717,18717,2,2,2.0
18716,18717,18717,3,3,3.0
18716,18717,18718,1,1,-1.0
18716,18717,18718,2,2,-2.0
18716,18717,18718,1,1,-1.0
18716,18717,18718,1,1,-1.0
18718,18719,18719,1,1,1.0
18718,18719,18719,2,2,2.0
18718,18719,18718,1,-1,1.0
18718,18719,18718,1,-1,1.0
18718,18720,18718,1,-1,1.0
18718,18720,18718,1,-1,1.0
18718,18720,18718,1,-1,1.0
18718,18720,18718,1,-1,1.0
18718,18720,18718,1,-1,1.0
18718,18720,18718,1,-1,1.0
18717,18719,18719,1,1,1.0
18717,18718,18717,1,-1,1.0
18717,18718,18718,1,1,1.0
18718,18719,18718,1,-1,1.0
18717,18719,18719,1,1,1.0
18717,18719,18717,1,-1,1.0
18717,18718,18717,1,-1,1.0
18717,18718,18718,1,1,1.0
18718,18719,18718,1,-1,1.0
18717,18719,18719,5,5,5.0
18718,18719,18718,1,-1,1.0
18718,18719,18718,1,-1,1.0
18718,18719,18717,1,-1,1.0
18717,18719,18719,1,1,1.0
18717,18719,18717,1,-1,1.0
18717,18718,18718,1,1,1.0
18718,18719,18718,1,-1,1.0
18717,18719,18717,2,-2,2.0
18717,18718,18718,1,1,1.0
18717,18719,18717,1,-1,1.0
18718,18719,18718,1,-1,1.0
18718,18719,18718,1,-1,1.0
18718,18719,18718,1,-1,1.0
18717,18718,18718,1,1,1.0
18718,18719,18718,1,-1,1.0
18717,18718,18717,1,-1,1.0
18717,18718,18718,1,1,1.0
18717,18718,18718,1,1,1.0
18717,18718,18718,4,4,4.0
18717,18718,18717,2,-2,2.0
18717,18718,18717,2,-2,2.0
18717,18718,18717,1,-1,1.0
18717,18718,18717,2,-2,2.0
18717,18718,18717,1,-1,1.0
18716,18717,18717,2,2,2.0
18716,18717,18717,2,2,2.0
18716,18718,18718,1,1,1.0
18716,18717,18717,7,7,7.0
18716,18717,18718,2,2,-2.0
18716,18717,18717,1,1,1.0
18716,18717,18717,1,1,1.0
18716,18717,18717,1,1,1.0
18716,18717,18716,3,-3,3.0
18716,18717,18716,1,-1,1.0
18716,18717,18716,1,-1,1.0
18716,18717,18717,1,1,1.0
18716,18717,18716,6,-6,6.0
18716,18717,18716,1,-1,1.0
18716,18717,18716,1,-1,1.0
18716,18717,18716,1,-1,1.0
18716,18717,18716,1,-1,1.0
18715,18716,18716,1,1,1.0
18715,18716,18715,1,-1,1.0
18715,18717,18717,1,1,1.0
18715,18717,18716,1,1,-1.0
18715,18717,18715,1,-1,1.0
18715,18716,18716,1,1,1.0
18715,18716,18716,1,1,1.0
18715,18716,18716,1,1,1.0
18715,18716,18715,1,-1,1.0
18715,18716,18716,1,1,1.0
18715,18716,18716,2,2,2.0
18715,18716,18716,3,3,3.0
18715,18716,18715,1,-1,1.0
18715,18716,18715,3,-3,3.0
18715,18716,18715,2,-2,2.0
18715,18716,18715,1,-1,1.0
18715,18716,18715,1,-1,1.0
18715,18716,18715,1,-1,1.0
18715,18716,18715,1,-1,1.0
18715,18716,18715,1,-1,1.0
18715,18716,18715,5,-5,5.0
18714,18715,18715,1,1,1.0
18714,18715,18715,1,1,1.0
18714,18716,18714,1,-1,1.0
18714,18716,18716,1,1,1.0
18714,18716,18714,1,-1,1.0
18714,18716,18716,2,2,2.0
18714,18715,18715,1,1,1.0
18714,18715,18715,1,1,1.0
18714,18715,18715,1,1,1.0
18714,18715,18715,1,1,1.0
18714,18715,18715,1,1,1.0
18714,18716,18716,1,1,1.0
18714,18716,18716,2,2,2.0
18714,18716,18715,1,1,-1.0
18716,18717,18716,1,-1,1.0
18716,18717,18716,2,-2,2.0
18716,18717,18716,1,-1,1.0
18716,18717,18717,1,1,1.0
18716,18717,18716,1,-1,1.0
18716,18717,18714,1,-1,1.0
18714,18715,18715,1,1,1.0
18714,18715,18715,1,1,1.0
18714,18715,18714,2,-2,2.0
18714,18715,18715,1,1,1.0
18714,18715,18715,1,1,1.0
18714,18715,18715,3,3,3.0
18714,18716,18714,4,-4,4.0
18714,18716,18714,2,-2,2.0
18715,18716,18715,1,-1,1.0
18714,18716,18714,3,-3,3.0
18714,18715,18714,2,-2,2.0
18714,18715,18715,1,1,1.0
18715,18716,18715,2,-2,2.0
18715,18716,18715,2,-2,2.0
18715,18716,18715,1,-1,1.0
18715,18716,18715,1,-1,1.0
18715,18716,18716,1,1,1.0
18715,18716,18715,1,-1,1.0
18715,18716,18715,1,-1,1.0
18715,18716,18715,1,-1,1.0
18715,18716,18715,1,-1,1.0
18715,18716,18716,5,5,5.0
18715,18716,18715,1,-1,1.0
18715,18716,18715,1,-1,1.0
18715,18716,18716,4,4,4.0
18716,18717,18716,1,-1,1.0
18715,18716,18715,1,-1,1.0
18715,18716,18715,1,-1,1.0
18715,18716,18716,1,1,1.0
18715,18716,18716,2,2,2.0
18715,18716,18716,1,1,1.0
18715,18716,18716,4,4,4.0
18716,18717,18717,10,10,10.0
18716,18717,18717,2,2,2.0
18717,18718,18717,1,-1,1.0
18717,18718,18718,5,5,5.0
18717,18718,18718,11,11,11.0
18718,18719,18719,2,2,2.0
18718,18719,18719,4,4,4.0
18718,18719,18719,1,1,1.0
18718,18720,18719,1,1,-1.0
18718,18720,18718,1,-1,1.0
18718,18720,18719,5,-5,5.0
18718,18720,18720,1,1,1.0
18718,18720,18720,1,1,1.0
18718,18720,18720,1,1,1.0
18718,18719,18719,1,1,1.0
18719,18720,18719,1,-1,1.0
18719,18720,18719,1,-1,1.0
18719,18720,18719,2,-2,2.0
18719,18720,18719,1,-1,1.0
18719,18720,18719,2,-2,2.0
18719,18720,18719,1,-1,1.0
18718,18720,18719,1,-1,1.0
18718,18720,18720,14,14,14.0
18719,18720,18720,1,1,1.0
18718,18720,18719,1,1,-1.0
18718,18720,18719,1,1,-1.0
18718,18720,18718,1,-1,1.0
18718,18720,18719,1,-1,1.0
18718,18720,18719,1,-1,1.0
18718,18720,18720,1,1,1.0
18718,18719,18719,1,1,1.0
18718,18719,18718,2,-2,2.0
18718,18719,18719,2,2,2.0
18718,18719,18719,1,1,1.0
18718,18719,18718,1,-1,1.0
18718,18719,18718,13,-13,13.0
18717,18718,18717,1,-1,1.0
18717,18718,18718,2,2,2.0
18718,18719,18719,9,9,9.0
18719,18720,18719,1,-1,1.0
18719,18720,18720,16,16,16.0
18720,18721,18721,1,1,1.0
18720,18721,18720,1,-1,1.0
18720,18721,18721,2,2,2.0
18720,18721,18720,1,-1,1.0
18720,18721,18720,2,-2,2.0
18719,18720,18719,2,-2,2.0
18719,18720,18720,1,1,1.0
18719,18720,18721,1,1,-1.0
18719,18720,18720,1,1,1.0
18720,18721,18720,1,-1,1.0
18719,18721,18721,1,1,1.0
18719,18721,18719,1,-1,1.0
18718,18720,18720,1,1,1.0
18718,18719,18718,1,-1,1.0
18718,18719,18718,1,-1,1.0
18718,18719,18718,1,-1,1.0
18717,18718,18718,2,2,2.0
18717,18718,18717,1,-1,1.0
18717,18718,18717,1,-1,1.0
18717,18718,18717,3,-3,3.0
18717,18718,18717,1,-1,1.0
18717,18718,18717,3,-3,3.0
18717,18718,18717,1,-1,1.0
18717,18718,18717,5,-5,5.0
18716,18717,18717,2,2,2.0
18716,18718,18718,1,1,1.0
18716,18718,18716,1,-1,1.0
18716,18718,18716,16,-16,16.0
18715,18716,18715,1,-1,1.0
18715,18716,18715,2,-2,2.0
18715,18716,18715,1,-1,1.0
18715,18716,18715,1,-1,1.0
18715,18716,18715,1,-1,1.0
18715,18716,18715,1,-1,1.0
18715,18716,18715,30,-30,30.0
18715,18716,18714,1,-1,1.0
18715,18716,18714,3,-3,3.0
18715,18716,18714,2,-2,2.0
18715,18716,18714,2,-2,2.0
18715,18716,18714,1,-1,1.0
18713,18714,18713,2,-2,2.0
18713,18714,18713,1,-1,1.0
18713,18714,18713,1,-1,1.0
18713,18714,18713,1,-1,1.0
18713,18714,18713,1,-1,1.0
18713,18714,18713,6,-6,6.0
18712,18713,18713,1,1,1.0
18712,18714,18714,1,1,1.0
18712,18713,18713,1,1,1.0
18712,18713,18712,1,-1,1.0
18712,18713,18712,11,-11,11.0
18711,18713,18713,1,1,1.0
18711,18713,18713,1,1,1.0
18712,18714,18713,1,1,-1.0
18713,18715,18713,1,-1,1.0
18713,18714,18713,1,-1,1.0
18713,18714,18714,1,1,1.0
18713,18715,18714,1,1,-1.0
18713,18714,18712,1,-1,1.0
18712,18713,18712,1,-1,1.0
18712,18713,18712,1,-1,1.0
18712,18713,18712,1,-1,1.0
18711,18712,18712,1,1,1.0
18711,18712,18712,1,1,1.0
18711,18712,18711,1,-1,1.0
18711,18712,18712,1,1,1.0
18711,18712,18711,3,-3,3.0
18711,18712,18711,1,-1,1.0
18711,18712,18711,1,-1,1.0
18711,18712,18711,6,-6,6.0
18711,18712,18710,1,-1,1.0
18710,18712,18710,3,-3,3.0
18710,18712,18710,1,-1,1.0
18710,18712,18710,1,-1,1.0
18710,18712,18710,1,-1,1.0
18710,18712,18710,1,-1,1.0
18710,18711,18711,2,2,2.0
18710,18711,18710,2,-2,2.0
18710,18711,18710,1,-1,1.0
18710,18711,18710,1,-1,1.0
18710,18711,18711,3,3,3.0
18710,18711,18710,3,-3,3.0
18710,18711,18711,1,1,1.0
18710,18711,18710,1,-1,1.0
18710,18711,18711,1,1,1.0
18710,18711,18710,1,-1,1.0
18710,18711,18710,1,-1,1.0
18710,18711,18710,1,-1,1.0
18710,18711,18710,1,-1,1.0
18710,18711,18711,1,1,1.0
18710,18711,18710,1,-1,1.0
18710,18711,18711,14,14,14.0
18710,18711,18712,9,9,-9.0
18710,18711,18711,2,2,2.0
18711,18712,18711,1,-1,1.0
18711,18712,18711,1,-1,1.0
18710,18712,18711,2,-2,2.0
18710,18712,18710,13,-13,13.0
18710,18712,18710,1,-1,1.0
18710,18711,18710,2,-2,2.0
18710,18711,18711,1,1,1.0
18710,18711,18710,1,-1,1.0
18709,18710,18709,2,-2,2.0
18709,18710,18710,1,1,1.0
18709,18710,18709,4,-4,4.0
18709,18710,18709,3,-3,3.0
18709,18710,18709,1,-1,1.0
18709,18710,18710,2,2,2.0
18709,18710,18710,1,1,1.0
18709,18710,18710,15,15,15.0
18710,18711,18710,1,-1,1.0
18710,18711,18710,1,-1,1.0
18710,18711,18710,1,-1,1.0
18710,18711,18710,1,-1,1.0
18709,18710,18709,1,-1,1.0
18709,18710,18710,1,1,1.0
18709,18710,18710,1,1,1.0
18710,18711,18710,1,-1,1.0
18709,18710,18710,3,3,3.0
18709,18710,18711,1,1,-1.0
18709,18710,18709,2,-2,2.0
18709,18711,18709,1,-1,1.0
18709,18711,18711,1,1,1.0
18709,18711,18709,1,-1,1.0
18709,18710,18710,2,2,2.0
18709,18710,18710,1,1,1.0
18709,18710,18710,2,2,2.0
18710,18711,18710,1,-1,1.0
18710,18711,18711,2,2,2.0
18710,18711,18711,1,1,1.0
18710,18711,18710,3,-3,3.0
18710,18711,18710,1,-1,1.0
18709,18711,18709,1,-1,1.0
18709,18711,18709,1,-1,1.0
18709,18710,18710,1,1,1.0
18709,18711,18710,1,1,-1.0
18709,18711,18711,1,1,1.0
18709,18711,18709,3,-3,3.0
18709,18711,18710,1,-1,1.0
18709,18711,18711,1,1,1.0
18710,18711,18710,2,-2,2.0
18709,18711,18709,2,-2,2.0
18710,18711,18710,1,-1,1.0
18710,18711,18709,1,-1,1.0
18710,18711,18710,1,-1,1.0
18709,18710,18709,2,-2,2.0
18709,18710,18709,2,-2,2.0
18709,18710,18709,1,-1,1.0
18709,18710,18709,1,-1,1.0
18709,18710,18710,1,1,1.0
18709,18710,18710,1,1,1.0
18709,18710,18710,1,1,1.0
18709,18710,18710,1,1,1.0
18709,18710,18710,2,2,2.0
18709,18710,18710,2,2,2.0
18709,18710,18710,9,9,9.0
18709,18710,18710,2,2,2.0
18709,18710,18710,1,1,1.0
18709,18710,18709,2,-2,2.0
18709,18710,18709,1,-1,1.0
18709,18710,18709,2,-2,2.0
18709,18710,18709,1,-1,1.0
18709,18710,18709,2,-2,2.0
18709,18710,18709,5,-5,5.0
18709,18710,18709,5,-5,5.0
18708,18709,18708,1,-1,1.0
18708,18709,18708,3,-3,3.0
18708,18709,18708,1,-1,1.0
18708,18709,18709,1,1,1.0
18708,18709,18709,1,1,1.0
18708,18709,18709,1,1,1.0
18708,18709,18709,1,1,1.0
18708,18710,18708,1,-1,1.0
18708,18710,18710,3,3,3.0
18708,18710,18710,1,1,1.0
18709,18710,18710,1,1,1.0
18709,18710,18710,2,2,2.0
18709,18710,18711,1,1,-1.0
18709,18710,18711,1,1,-1.0
18709,18710,18711,2,2,-2.0
18709,18710,18711,1,1,-1.0
18709,18710,18711,1,1,-1.0
18709,18710,18711,2,2,-2.0
18709,18710,18711,1,1,-1.0
18709,18710,18711,1,1,-1.0
18710,18712,18711,1,1,-1.0
18710,18712,18711,1,1,-1.0
18710,18712,18711,1,1,-1.0
18710,18712,18711,2,2,-2.0
18710,18712,18712,1,1,1.0
18710,18712,18711,1,1,-1.0
18710,18712,18712,2,2,2.0
18710,18712,18712,1,1,1.0
18710,18712,18711,1,1,-1.0
18710,18712,18711,2,2,-2.0
18710,18712,18712,10,10,10.0
18710,18712,18712,1,1,1.0
18710,18712,18712,1,1,1.0
18710,18712,18710,1,-1,1.0
18710,18712,18710,1,-1,1.0
18710,18712,18712,1,1,1.0
18710,18712,18712,1,1,1.0
18710,18712,18710,1,-1,1.0
18710,18712,18712,1,1,1.0
18710,18712,18710,1,-1,1.0
18710,18712,18712,1,1,1.0
18710,18712,18711,2,2,-2.0
18710,18712,18712,1,1,1.0
18710,18712,18711,1,1,-1.0
18710,18712,18710,1,-1,1.0
18710,18712,18711,1,-1,1.0
18710,18711,18711,1,1,1.0
18710,18711,18711,5,5,5.0
18710,18711,18711,1,1,1.0
18710,18711,18711,1,1,1.0
18710,18711,18711,1,1,1.0
18710,18711,18711,1,1,1.0
18710,18711,18711,1,1,1.0
18710,18711,18712,1,1,-1.0
18710,18711,18712,1,1,-1.0
18710,18711,18712,1,1,-1.0
18710,18711,18712,1,1,-1.0
18710,18711,18711,2,2,2.0
18710,18712,18712,1,1,1.0
18710,18712,18712,1,1,1.0
18710,18712,18712,3,3,3.0
18710,18712,18710,7,-7,7.0
18710,18712,18711,1,-1,1.0
18709,18711,18711,1,1,1.0
18709,18711,18711,1,1,1.0
18709,18710,18709,1,-1,1.0
18709,18710,18710,1,1,1.0
18709,18710,18710,1,1,1.0
18709,18710,18709,1,-1,1.0
18709,18710,18709,2,-2,2.0
18708,18710,18709,1,-1,1.0
18708,18710,18709,2,-2,2.0
18708,18710,18709,2,-2,2.0
18708,18710,18709,2,-2,2.0
18708,18710,18709,2,-2,2.0
18708,18710,18710,2,2,2.0
18708,18710,18710,2,2,2.0
18708,18710,18710,2,2,2.0
18708,18710,18711,2,2,-2.0
18708,18710,18711,2,2,-2.0
18708,18710,18710,2,2,2.0
18708,18710,18711,2,2,-2.0
18708,18710,18711,1,1,-1.0
18708,18710,18711,2,2,-2.0
18708,18710,18709,1,1,-1.0
18709,18711,18711,4,4,4.0
18709,18711,18710,2,2,-2.0
18709,18711,18710,2,2,-2.0
18709,18711,18710,1,1,-1.0
18709,18711,18710,1,1,-1.0
18709,18711,18709,2,-2,2.0
18709,18711,18710,1,-1,1.0
18709,18710,18710,3,3,3.0
18709,18710,18710,1,1,1.0
18709,18710,18710,8,8,8.0
18709,18710,18709,1,-1,1.0
18709,18710,18710,1,1,1.0
18709,18710,18710,2,2,2.0
18709,18710,18710,1,1,1.0
18709,18710,18710,1,1,1.0
18710,18712,18710,9,-9,9.0
18710,18712,18710,1,-1,1.0
18710,18711,18710,1,-1,1.0
18710,18711,18711,1,1,1.0
18710,18711,18711,1,1,1.0
18710,18711,18713,1,1,-1.0
18711,18713,18713,1,1,1.0
18711,18713,18713,1,1,1.0
18711,18713,18713,1,1,1.0
18711,18713,18713,1,1,1.0
18711,18713,18713,1,1,1.0
18711,18713,18713,1,1,1.0
18712,18713,18713,1,1,1.0
18712,18713,18713,1,1,1.0
18712,18713,18713,1,1,1.0
18712,18713,18713,1,1,1.0
18712,18713,18713,1,1,1.0
18712,18713,18713,2,2,2.0
18712,18713,18713,2,2,2.0
18712,18713,18713,2,2,2.0
18712,18713,18713,1,1,1.0
18713,18714,18713,2,-2,2.0
18713,18714,18712,3,-3,3.0
18712,18714,18712,1,-1,1.0
18712,18713,18712,22,-22,22.0
18712,18713,18711,2,-2,2.0
18712,18713,18713,1,1,1.0
18712,18713,18713,1,1,1.0
18712,18713,18713,1,1,1.0
18713,18714,18713,5,-5,5.0
18713,18714,18713,2,-2,2.0
18713,18714,18713,1,-1,1.0
18713,18714,18712,1,-1,1.0
18712,18714,18713,1,-1,1.0
18712,18714,18713,1,-1,1.0
18712,18714,18712,1,-1,1.0
18712,18714,18714,1,1,1.0
18712,18714,18712,2,-2,2.0
18713,18714,18713,3,-3,3.0
18711,18713,18712,2,-2,2.0
18711,18713,18712,1,-1,1.0
18712,18713,18712,1,-1,1.0
18712,18714,18714,7,7,7.0
18713,18714,18713,2,-2,2.0
18712,18713,18712,1,-1,1.0
18712,18713,18713,1,1,1.0
18712,18713,18713,1,1,1.0
18712,18713,18713,1,1,1.0
18712,18713,18713,1,1,1.0
18712,18713,18713,2,2,2.0
18712,18713,18713,1,1,1.0
18712,18713,18713,1,1,1.0
18712,18713,18713,1,1,1.0
18712,18713,18713,3,3,3.0
18712,18713,18713,1,1,1.0
18712,18713,18713,1,1,1.0
18712,18713,18713,2,2,2.0
18713,18714,18714,1,1,1.0
18713,18714,18714,1,1,1.0
18713,18714,18713,1,-1,1.0
18712,18714,18712,2,-2,2.0
18712,18713,18713,1,1,1.0
18712,18713,18713,1,1,1.0
18712,18713,18713,5,5,5.0
18713,18714,18713,2,-2,2.0
18713,18714,18713,2,-2,2.0
18713,18714,18713,1,-1,1.0
18713,18714,18714,20,20,20.0
18713,18714,18715,1,1,-1.0
18713,18714,18715,5,5,-5.0
18715,18716,18716,2,2,2.0
18716,18717,18716,3,-3,3.0
18716,18717,18715,2,-2,2.0
18716,18717,18717,1,1,1.0
18716,18717,18717,2,2,2.0
18715,18716,18716,1,1,1.0
18715,18716,18716,1,1,1.0
18715,18717,18715,1,-1,1.0
18715,18716,18716,1,1,1.0
18715,18717,18717,2,2,2.0
18716,18717,18717,1,1,1.0
18716,18717,18717,1,1,1.0
18716,18717,18717,1,1,1.0
18717,18718,18717,3,-3,3.0
18716,18718,18718,1,1,1.0
18716,18717,18717,1,1,1.0
18716,18717,18717,1,1,1.0
18717,18718,18718,8,8,8.0
18718,18719,18718,1,-1,1.0
18717,18719,18718,1,-1,1.0
18717,18718,18718,1,1,1.0
18717,18719,18718,1,1,-1.0
18717,18719,18718,1,1,-1.0
18717,18719,18719,1,1,1.0
18718,18719,18718,1,-1,1.0
18717,18719,18719,1,1,1.0
18717,18719,18719,1,1,1.0
18718,18719,18719,5,5,5.0
18718,18719,18718,1,-1,1.0
18718,18720,18718,2,-2,2.0
18718,18719,18718,2,-2,2.0
18718,18719,18718,1,-1,1.0
18718,18719,18718,1,-1,1.0
18718,18719,18718,1,-1,1.0
18718,18719,18718,2,-2,2.0
18718,18719,18717,1,-1,1.0
18718,18719,18717,5,-5,5.0
18718,18719,18717,1,-1,1.0
18718,18719,18716,2,-2,2.0
18718,18719,18716,1,-1,1.0
18718,18719,18716,1,-1,1.0
18715,18716,18715,1,-1,1.0
18715,18716,18715,1,-1,1.0
18715,18716,18715,1,-1,1.0
18715,18716,18715,2,-2,2.0
18714,18716,18714,1,-1,1.0
18714,18716,18713,1,-1,1.0
18714,18716,18713,1,-1,1.0
18714,18716,18713,1,-1,1.0
18714,18716,18714,2,-2,2.0
18713,18715,18714,1,-1,1.0
18714,18716,18715,1,-1,1.0
18714,18716,18716,3,3,3.0
18715,18716,18716,1,1,1.0
18716,18717,18716,1,-1,1.0
18715,18716,18716,1,1,1.0
18714,18716,18716,4,4,4.0
18716,18717,18716,1,-1,1.0
18715,18717,18717,1,1,1.0
18714,18716,18716,1,1,1.0
18715,18716,18716,1,1,1.0
18715,18716,18715,1,-1,1.0
18715,18716,18715,1,-1,1.0
18714,18715,18714,2,-2,2.0
18713,18715,18714,1,-1,1.0
18714,18715,18714,1,-1,1.0
18714,18715,18714,1,-1,1.0
18714,18715,18714,1,-1,1.0
18713,18714,18714,1,1,1.0
18713,18714,18714,1,1,1.0
18713,18714,18714,1,1,1.0
18713,18714,18715,1,1,-1.0
18713,18714,18715,1,1,-1.0
18713,18714,18714,1,1,1.0
18713,18714,18715,1,1,-1.0
18714,18715,18715,1,1,1.0
18713,18715,18713,1,-1,1.0
18713,18715,18715,1,1,1.0
18714,18715,18714,1,-1,1.0
18714,18715,18714,1,-1,1.0
18713,18715,18715,4,4,4.0
18713,18715,18715,1,1,1.0
18713,18715,18713,1,-1,1.0
18713,18715,18715,1,1,1.0
18713,18715,18713,1,-1,1.0
18713,18714,18714,1,1,1.0
18713,18714,18714,1,1,1.0
18713,18715,18713,1,-1,1.0
18713,18715,18713,2,-2,2.0
18713,18715,18713,2,-2,2.0
18712,18714,18713,1,-1,1.0
18712,18714,18713,1,-1,1.0
18712,18714,18712,4,-4,4.0
18712,18714,18713,1,-1,1.0
18712,18714,18713,4,-4,4.0
18712,18714,18713,4,-4,4.0
18712,18713,18713,1,1,1.0
18713,18714,18713,1,-1,1.0
18712,18713,18712,1,-1,1.0
18711,18713,18712,2,-2,2.0
18711,18713,18711,2,-2,2.0
18712,18713,18712,5,-5,5.0
18712,18713,18713,3,3,3.0
18712,18713,18713,2,2,2.0
18713,18714,18713,1,-1,1.0
18712,18713,18713,1,1,1.0
18712,18714,18713,1,1,-1.0
18712,18714,18712,9,-9,9.0
18712,18714,18712,1,-1,1.0
18712,18713,18712,2,-2,2.0
18712,18713,18713,1,1,1.0
18712,18713,18713,6,6,6.0
18712,18713,18714,3,3,-3.0
18714,18715,18714,1,-1,1.0
18714,18715,18714,1,-1,1.0
18714,18715,18714,1,-1,1.0
18714,18715,18715,1,1,1.0
18714,18715,18714,1,-1,1.0
18714,18715,18715,1,1,1.0
18714,18715,18715,2,2,2.0
18714,18715,18714,1,-1,1.0
18714,18715,18715,1,1,1.0
18714,18715,18715,1,1,1.0
18714,18715,18716,1,1,-1.0
18714,18716,18715,1,1,-1.0
18714,18716,18716,1,1,1.0
18714,18716,18714,1,-1,1.0
18715,18716,18715,1,-1,1.0
18714,18715,18714,1,-1,1.0
18714,18715,18715,1,1,1.0
18714,18715,18716,1,1,-1.0
18714,18716,18715,1,1,-1.0
18715,18716,18715,1,-1,1.0
18714,18715,18714,2,-2,2.0
18714,18715,18714,2,-2,2.0
18714,18715,18714,2,-2,2.0
18714,18715,18714,1,-1,1.0
18714,18715,18714,1,-1,1.0
18714,18715,18714,1,-1,1.0
18714,18715,18715,1,1,1.0
18714,18715,18714,1,-1,1.0
18714,18715,18715,4,4,4.0
18714,18715,18714,1,-1,1.0
18713,18714,18714,1,1,1.0
18713,18714,18713,1,-1,1.0
18713,18714,18714,1,1,1.0
18713,18714,18714,1,1,1.0
18713,18714,18715,3,3,-3.0
18713,18714,18714,1,1,1.0
18713,18714,18714,3,3,3.0
18713,18714,18714,4,4,4.0
18713,18714,18715,4,4,-4.0
18713,18714,18715,8,8,-8.0
18713,18715,18715,1,1,1.0
18713,18715,18714,2,2,-2.0
18713,18714,18714,1,1,1.0
18713,18714,18714,1,1,1.0
18714,18715,18715,1,1,1.0
18714,18715,18715,1,1,1.0
18713,18715,18714,1,1,-1.0
18713,18715,18715,3,3,3.0
18713,18715,18715,1,1,1.0
18713,18714,18713,1,-1,1.0
18713,18714,18713,1,-1,1.0
18713,18714,18713,1,-1,1.0
18713,18714,18713,1,-1,1.0
18713,18714,18713,1,-1,1.0
18713,18714,18713,1,-1,1.0
18712,18714,18714,2,2,2.0
18712,18714,18713,2,2,-2.0
18712,18714,18712,1,-1,1.0
18712,18714,18714,1,1,1.0
18713,18714,18714,1,1,1.0
18713,18714,18713,2,-2,2.0
18713,18714,18713,2,-2,2.0
18713,18714,18712,2,-2,2.0
18713,18714,18714,1,1,1.0
18713,18714,18714,2,2,2.0
18713,18714,18714,1,1,1.0
18714,18715,18714,3,-3,3.0
18714,18715,18715,3,3,3.0
18715,18716,18715,1,-1,1.0
18715,18716,18715,4,-4,4.0
18714,18716,18714,1,-1,1.0
18714,18716,18714,1,-1,1.0
18714,18715,18714,1,-1,1.0
18714,18715,18714,2,-2,2.0
18714,18715,18714,1,-1,1.0
18714,18715,18715,2,2,2.0
18714,18715,18715,1,1,1.0
18715,18716,18716,3,3,3.0
18715,18716,18716,9,9,9.0
18715,18716,18717,2,2,-2.0
18715,18716,18717,1,1,-1.0
18715,18716,18717,2,2,-2.0
18716,18717,18717,2,2,2.0
18716,18717,18716,2,-2,2.0
18716,18717,18716,1,-1,1.0
18714,18716,18714,1,-1,1.0
18714,18716,18716,1,1,1.0
18714,18716,18716,1,1,1.0
18714,18715,18715,1,1,1.0
18714,18715,18716,1,1,-1.0
18715,18717,18716,1,1,-1.0
18715,18717,18716,2,2,-2.0
18716,18717,18717,1,1,1.0
18716,18717,18717,1,1,1.0
18716,18717,18717,1,1,1.0
18716,18717,18717,5,5,5.0
18716,18717,18717,4,4,4.0
18717,18718,18718,1,1,1.0
18717,18718,18717,1,-1,1.0
18717,18718,18718,1,1,1.0
18717,18718,18718,1,1,1.0
18717,18718,18717,1,-1,1.0
18717,18718,18717,1,-1,1.0
18717,18718,18717,1,-1,1.0
18717,18718,18718,2,2,2.0
18717,18718,18717,4,-4,4.0
18717,18718,18717,1,-1,1.0
18716,18717,18717,1,1,1.0
18716,18717,18716,5,-5,5.0
18715,18717,18717,1,1,1.0
18715,18717,18717,1,1,1.0
18715,18717,18715,1,-1,1.0
18715,18717,18715,1,-1,1.0
18715,18716,18715,2,-2,2.0
18715,18716,18715,1,-1,1.0
18715,18716,18715,1,-1,1.0
18714,18716,18714,1,-1,1.0
18714,18716,18715,2,-2,2.0
18714,18716,18715,1,-1,1.0
18714,18715,18714,2,-2,2.0
18714,18715,18715,1,1,1.0
18714,18716,18715,1,1,-1.0
18714,18715,18714,1,-1,1.0
18714,18715,18714,1,-1,1.0
18714,18715,18714,2,-2,2.0
18714,18715,18714,2,-2,2.0
18713,18714,18713,1,-1,1.0
18713,18714,18713,2,-2,2.0
18713,18714,18713,1,-1,1.0
18712,18713,18712,1,-1,1.0
18712,18713,18712,1,-1,1.0
18712,18713,18712,14,-14,14.0
18712,18713,18712,2,-2,2.0
18712,18713,18712,2,-2,2.0
18712,18713,18712,1,-1,1.0
18712,18713,18712,2,-2,2.0
18711,18713,18713,1,1,1.0
18712,18713,18712,1,-1,1.0
18712,18713,18711,9,-9,9.0
18712,18713,18711,1,-1,1.0
18711,18712,18712,2,2,2.0
18711,18712,18712,2,2,2.0
18711,18713,18711,2,-2,2.0
18711,18713,18711,2,-2,2.0
18711,18713,18711,1,-1,1.0
18711,18713,18713,2,2,2.0
18712,18713,18712,2,-2,2.0
18712,18713,18712,5,-5,5.0
18712,18713,18711,2,-2,2.0
18711,18712,18712,1,1,1.0
18711,18712,18712,1,1,1.0
18711,18712,18711,1,-1,1.0
18711,18712,18711,2,-2,2.0
18711,18712,18711,1,-1,1.0
18711,18712,18711,1,-1,1.0
18711,18712,18711,3,-3,3.0
18710,18712,18712,1,1,1.0
18711,18712,18712,1,1,1.0
18711,18712,18711,1,-1,1.0
18711,18712,18711,1,-1,1.0
18711,18712,18712,1,1,1.0
18711,18712,18712,1,1,1.0
18711,18713,18712,1,1,-1.0
18711,18712,18711,3,-3,3.0
18710,18712,18711,1,-1,1.0
18710,18712,18712,1,1,1.0
18711,18712,18711,1,-1,1.0
18710,18712,18711,1,-1,1.0
18711,18712,18712,1,1,1.0
18711,18712,18711,1,-1,1.0
18711,18712,18711,1,-1,1.0
18711,18712,18711,1,-1,1.0
18711,18712,18711,2,-2,2.0
18710,18711,18711,1,1,1.0
18710,18711,18710,1,-1,1.0
18710,18711,18711,1,1,1.0
18710,18711,18711,3,3,3.0
18710,18711,18711,1,1,1.0
18710,18711,18711,3,3,3.0
18710,18711,18710,1,-1,1.0
18710,18711,18710,1,-1,1.0
18710,18711,18710,1,-1,1.0
18710,18711,18710,2,-2,2.0
18710,18711,18710,1,-1,1.0
18710,18711,18710,1,-1,1.0
18710,18711,18710,1,-1,1.0
18710,18711,18710,1,-1,1.0
18710,18711,18710,1,-1,1.0
18710,18711,18710,1,-1,1.0
18710,18711,18710,2,-2,2.0
18710,18711,18710,1,-1,1.0
18710,18711,18710,3,-3,3.0
18710,18711,18710,2,-2,2.0
18709,18711,18710,1,-1,1.0
18709,18710,18710,1,1,1.0
18709,18710,18710,1,1,1.0
18709,18710,18710,2,2,2.0
18710,18711,18710,1,-1,1.0
18710,18711,18710,1,-1,1.0
18709,18711,18711,22,22,22.0
18709,18711,18711,2,2,2.0
18709,18711,18711,4,4,4.0
18709,18711,18711,2,2,2.0
18709,18711,18711,2,2,2.0
18711,18712,18711,1,-1,1.0
18711,18712,18711,1,-1,1.0
18711,18712,18712,10,10,10.0
18711,18713,18711,1,-1,1.0
18712,18713,18712,1,-1,1.0
18712,18713,18712,2,-2,2.0
18712,18713,18712,1,-1,1.0
18712,18713,18711,5,-5,5.0
18712,18713,18713,1,1,1.0
18712,18713,18712,1,-1,1.0
18711,18713,18713,1,1,1.0
18711,18713,18713,1,1,1.0
18710,18712,18710,2,-2,2.0
18710,18712,18711,5,-5,5.0
18710,18712,18712,1,1,1.0
18710,18712,18710,5,-5,5.0
18710,18711,18710,1,-1,1.0
18710,18711,18710,2,-2,2.0
18710,18711,18710,3,-3,3.0
18709,18710,18709,1,-1,1.0
18709,18710,18709,3,-3,3.0
18709,18710,18709,1,-1,1.0
18709,18710,18709,1,-1,1.0
18709,18710,18709,1,-1,1.0
18709,18710,18709,1,-1,1.0
18709,18710,18709,1,-1,1.0
18709,18710,18709,1,-1,1.0
18709,18710,18709,2,-2,2.0
18709,18710,18710,1,1,1.0
18709,18710,18709,1,-1,1.0
18709,18710,18709,1,-1,1.0
18709,18710,18709,1,-1,1.0
18709,18710,18709,2,-2,2.0
18709,18710,18709,1,-1,1.0
18709,18710,18709,1,-1,1.0
18709,18710,18709,1,-1,1.0
18709,18710,18709,1,-1,1.0
18709,18710,18709,1,-1,1.0
18709,18710,18709,1,-1,1.0
18709,18710,18709,2,-2,2.0
18709,18710,18709,1,-1,1.0
18709,18710,18709,1,-1,1.0
18709,18710,18709,1,-1,1.0
18709,18710,18709,1,-1,1.0
18709,18710,18709,1,-1,1.0
18709,18710,18709,1,-1,1.0
18709,18710,18709,1,-1,1.0
18709,18710,18709,4,-4,4.0
18709,18710,18709,1,-1,1.0
18709,18710,18709,1,-1,1.0
18708,18709,18709,5,5,5.0
18708,18710,18708,1,-1,1.0
18708,18710,18708,1,-1,1.0
18708,18709,18708,9,-9,9.0
18708,18709,18708,1,-1,1.0
18708,18709,18708,1,-1,1.0
18708,18709,18708,1,-1,1.0
18708,18709,18708,4,-4,4.0
18708,18709,18708,9,-9,9.0
18707,18708,18708,1,1,1.0
18707,18708,18707,5,-5,5.0
18707,18708,18707,1,-1,1.0
18707,18708,18708,1,1,1.0
18707,18708,18709,1,1,-1.0
18707,18708,18707,1,-1,1.0
18707,18708,18708,1,1,1.0
18707,18709,18707,2,-2,2.0
18707,18708,18708,2,2,2.0
18707,18708,18709,4,4,-4.0
18707,18708,18707,1,-1,1.0
18707,18708,18707,32,-32,32.0
18707,18708,18706,42,-42,42.0
18707,18708,18705,26,-26,26.0
18707,18708,18705,1,-1,1.0
18707,18708,18705,1,-1,1.0
18705,18707,18705,7,-7,7.0
18705,18707,18705,1,-1,1.0
18705,18707,18705,2,-2,2.0
18705,18707,18705,1,-1,1.0
18705,18707,18705,1,-1,1.0
18705,18707,18705,4,-4,4.0
18705,18707,18705,1,-1,1.0
18705,18707,18705,1,-1,1.0
18705,18707,18705,1,-1,1.0
18705,18707,18705,5,-5,5.0
18705,18707,18705,1,-1,1.0
18705,18706,18705,1,-1,1.0
18705,18706,18706,6,6,6.0
18706,18707,18706,1,-1,1.0
18706,18707,18707,1,1,1.0
18706,18707,18706,1,-1,1.0
18706,18707,18706,2,-2,2.0
18706,18707,18707,1,1,1.0
18706,18707,18707,1,1,1.0
18706,18707,18707,1,1,1.0
18706,18707,18706,3,-3,3.0
18706,18707,18707,1,1,1.0
18706,18707,18706,1,-1,1.0
18706,18707,18707,1,1,1.0
18706,18707,18707,1,1,1.0
18706,18707,18706,2,-2,2.0
18706,18707,18705,1,-1,1.0
18706,18707,18707,1,1,1.0
18706,18707,18707,11,11,11.0
18706,18708,18706,1,-1,1.0
18706,18707,18707,1,1,1.0
18706,18707,18706,1,-1,1.0
18706,18707,18706,2,-2,2.0
18706,18707,18707,1,1,1.0
18706,18707,18706,4,-4,4.0
18706,18707,18707,2,2,2.0
18706,18707,18707,1,1,1.0
18706,18707,18707,3,3,3.0
18706,18707,18707,1,1,1.0
18706,18708,18707,1,1,-1.0
18706,18707,18706,1,-1,1.0
18706,18707,18707,1,1,1.0
18706,18707,18706,2,-2,2.0
18706,18707,18707,2,2,2.0
18706,18707,18706,2,-2,2.0
18706,18707,18706,1,-1,1.0
18705,18707,18707,1,1,1.0
18706,18707,18706,3,-3,3.0
18706,18707,18706,2,-2,2.0
18706,18707,18706,2,-2,2.0
18705,18707,18706,1,-1,1.0
18705,18707,18705,1,-1,1.0
18705,18707,18706,1,-1,1.0
18705,18706,18706,1,1,1.0
18706,18707,18706,1,-1,1.0
18706,18707,18706,3,-3,3.0
18706,18707,18707,1,1,1.0
18706,18707,18706,1,-1,1.0
18706,18707,18706,2,-2,2.0
18705,18707,18707,5,5,5.0
18705,18707,18705,1,-1,1.0
18706,18707,18706,1,-1,1.0
18705,18707,18706,1,-1,1.0
18705,18706,18705,1,-1,1.0
18705,18706,18705,1,-1,1.0
18705,18706,18705,1,-1,1.0
18705,18706,18705,1,-1,1.0
18705,18706,18705,1,-1,1.0
18705,18706,18705,1,-1,1.0
18705,18706,18706,1,1,1.0
18705,18706,18706,1,1,1.0
18705,18706,18706,1,1,1.0
18705,18706,18706,1,1,1.0
18705,18706,18705,1,-1,1.0
18705,18706,18706,1,1,1.0
18705,18706,18705,1,-1,1.0
18705,18706,18705,1,-1,1.0
18705,18706,18705,2,-2,2.0
18705,18706,18705,1,-1,1.0
18705,18706,18706,3,3,3.0
18705,18706,18706,4,4,4.0
18705,18706,18705,4,-4,4.0
18705,18706,18705,2,-2,2.0
18705,18706,18705,5,-5,5.0
18705,18706,18705,1,-1,1.0
18705,18706,18706,2,2,2.0
18705,18706,18706,3,3,3.0
18705,18707,18705,3,-3,3.0
18706,18707,18706,3,-3,3.0
18706,18707,18705,1,-1,1.0
18705,18707,18707,1,1,1.0
18706,18707,18707,1,1,1.0
18706,18707,18707,5,5,5.0
18706,18707,18707,1,1,1.0
18706,18707,18707,1,1,1.0
18706,18707,18706,1,-1,1.0
18706,18707,18707,2,2,2.0
18706,18707,18707,2,2,2.0
18706,18707,18707,11,11,11.0
18706,18707,18707,5,5,5.0
18707,18708,18708,2,2,2.0
18707,18708,18708,1,1,1.0
18707,18708,18708,1,1,1.0
18707,18708,18708,1,1,1.0
18707,18708,18708,17,17,17.0
18707,18708,18709,1,1,-1.0
18707,18708,18709,1,1,-1.0
18709,18710,18709,1,-1,1.0
18709,18710,18709,1,-1,1.0
18709,18710,18709,1,-1,1.0
18708,18710,18710,1,1,1.0
18708,18710,18709,2,2,-2.0
18708,18710,18710,1,1,1.0
18708,18710,18710,1,1,1.0
18709,18710,18710,1,1,1.0
18709,18710,18709,4,-4,4.0
18709,18710,18710,6,6,6.0
18709,18710,18710,1,1,1.0
18709,18710,18709,1,-1,1.0
18709,18710,18709,1,-1,1.0
18709,18710,18709,2,-2,2.0
18709,18710,18709,1,-1,1.0
18708,18709,18708,2,-2,2.0
18707,18708,18708,3,3,3.0
18707,18708,18709,1,1,-1.0
18708,18709,18708,1,-1,1.0
18708,18709,18709,1,1,1.0
18708,18709,18708,2,-2,2.0
18708,18709,18708,5,-5,5.0
18707,18709,18707,1,-1,1.0
18707,18709,18707,11,-11,11.0
18707,18709,18706,1,-1,1.0
18706,18708,18708,1,1,1.0
18706,18708,18708,3,3,3.0
18707,18709,18707,1,-1,1.0
18707,18709,18707,1,-1,1.0
18707,18709,18707,1,-1,1.0
18707,18709,18707,1,-1,1.0
18708,18709,18708,1,-1,1.0
18708,18709,18709,1,1,1.0
18708,18709,18709,1,1,1.0
18708,18709,18709,19,19,19.0
18708,18710,18708,1,-1,1.0
18708,18709,18709,1,1,1.0
18708,18710,18709,1,1,-1.0
18708,18710,18708,1,-1,1.0
18708,18710,18710,1,1,1.0
18709,18710,18709,2,-2,2.0
18709,18710,18709,3,-3,3.0
18708,18709,18709,1,1,1.0
18708,18709,18708,1,-1,1.0
18708,18709,18709,3,3,3.0
18708,18710,18710,1,1,1.0
18708,18710,18710,1,1,1.0
18708,18710,18709,1,1,-1.0
18709,18710,18710,1,1,1.0
18708,18710,18710,2,2,2.0
18709,18710,18710,16,16,16.0
18709,18710,18710,1,1,1.0
18709,18710,18710,2,2,2.0
18709,18710,18711,3,3,-3.0
18710,18711,18710,1,-1,1.0
18710,18711,18710,1,-1,1.0
18710,18711,18711,4,4,4.0
18710,18711,18711,1,1,1.0
18710,18711,18711,7,7,7.0
18711,18712,18711,1,-1,1.0
18711,18712,18712,1,1,1.0
18711,18712,18712,3,3,3.0
18711,18712,18712,1,1,1.0
18711,18712,18712,1,1,1.0
18711,18712,18712,1,1,1.0
18711,18712,18712,2,2,2.0
18711,18712,18712,1,1,1.0
18712,18713,18712,1,-1,1.0
18711,18712,18712,1,1,1.0
18711,18712,18712,2,2,2.0
18711,18713,18712,1,1,-1.0
18712,18713,18712,1,-1,1.0
18712,18713,18712,1,-1,1.0
18712,18713,18712,1,-1,1.0
18711,18712,18712,1,1,1.0
18712,18713,18712,1,-1,1.0
18711,18712,18711,1,-1,1.0
18711,18712,18711,1,-1,1.0
18710,18712,18711,1,-1,1.0
18710,18712,18712,2,2,2.0
18710,18712,18712,1,1,1.0
18711,18712,18712,1,1,1.0
18711,18712,18712,2,2,2.0
18711,18712,18712,8,8,8.0
18711,18712,18711,1,-1,1.0
18711,18712,18711,1,-1,1.0
18710,18712,18710,1,-1,1.0
18710,18712,18712,1,1,1.0
18711,18712,18711,1,-1,1.0
18711,18712,18711,1,-1,1.0
18711,18712,18711,2,-2,2.0
18711,18712,18711,4,-4,4.0
18711,18712,18711,2,-2,2.0
18710,18712,18712,1,1,1.0
18711,18712,18711,1,-1,1.0
18711,18712,18711,1,-1,1.0
18710,18711,18710,1,-1,1.0
18710,18711,18710,1,-1,1.0
18710,18711,18710,1,-1,1.0
18710,18711,18710,3,-3,3.0
18710,18711,18710,3,-3,3.0
18710,18711,18710,1,-1,1.0
18710,18711,18710,1,-1,1.0
18710,18711,18709,1,-1,1.0
18709,18710,18710,1,1,1.0
18709,18710,18710,1,1,1.0
18709,18710,18710,1,1,1.0
18709,18710,18710,4,4,4.0
18709,18710,18710,1,1,1.0
18709,18710,18711,3,3,-3.0
18709,18710,18711,1,1,-1.0
18709,18710,18711,1,1,-1.0
18709,18710,18712,10,10,-10.0
18709,18710,18712,4,4,-4.0
18709,18710,18711,1,1,-1.0
18711,18713,18711,1,-1,1.0
18711,18712,18712,1,1,1.0
18711,18712,18712,1,1,1.0
18711,18712,18712,1,1,1.0
18711,18712,18712,1,1,1.0
18711,18712,18712,3,3,3.0
18711,18712,18712,1,1,1.0
18712,18713,18712,2,-2,2.0
18711,18712,18711,1,-1,1.0
18711,18712,18712,1,1,1.0
18711,18712,18711,1,-1,1.0
18711,18712,18711,1,-1,1.0
18710,18712,18710,1,-1,1.0
18710,18711,18711,1,1,1.0
18710,18711,18710,1,-1,1.0
18710,18711,18710,1,-1,1.0
18710,18711,18710,1,-1,1.0
18709,18710,18709,1,-1,1.0
18709,18710,18709,3,-3,3.0
18709,18710,18710,1,1,1.0
18710,18711,18710,1,-1,1.0
18709,18710,18710,1,1,1.0
18710,18711,18711,1,1,1.0
18710,18712,18710,1,-1,1.0
18711,18712,18711,1,-1,1.0
18710,18711,18711,1,1,1.0
18710,18711,18711,1,1,1.0
18710,18711,18710,2,-2,2.0
18710,18711,18710,2,-2,2.0
18709,18710,18710,6,6,6.0
18709,18710,18709,1,-1,1.0
18709,18710,18709,1,-1,1.0
18709,18710,18709,2,-2,2.0
18709,18710,18709,1,-1,1.0
18709,18710,18709,1,-1,1.0
18709,18710,18709,2,-2,2.0
18709,18710,18709,1,-1,1.0
18709,18710,18709,1,-1,1.0
18709,18710,18709,2,-2,2.0
18709,18710,18709,1,-1,1.0
18709,18710,18709,1,-1,1.0
18708,18710,18710,2,2,2.0
18708,18710,18710,1,1,1.0
18708,18710,18710,1,1,1.0
18709,18710,18710,3,3,3.0
18709,18710,18709,13,-13,13.0
18708,18709,18709,1,1,1.0
18708,18709,18708,2,-2,2.0
18708,18709,18709,1,1,1.0
18708,18709,18709,2,2,2.0
18708,18709,18709,2,2,2.0
18708,18709,18709,6,6,6.0
18708,18709,18710,2,2,-2.0
18708,18710,18709,2,2,-2.0
18708,18710,18710,3,3,3.0
18708,18710,18710,3,3,3.0
18709,18710,18710,1,1,1.0
18710,18711,18711,1,1,1.0
18710,18711,18710,1,-1,1.0
18710,18711,18711,1,1,1.0
18710,18711,18711,1,1,1.0
18710,18711,18710,1,-1,1.0
18710,18712,18710,1,-1,1.0
18710,18712,18712,1,1,1.0
18710,18711,18711,1,1,1.0
18710,18712,18712,1,1,1.0
18711,18712,18711,1,-1,1.0
18711,18712,18712,1,1,1.0
18711,18712,18712,1,1,1.0
18711,18712,18711,1,-1,1.0
18711,18712,18710,3,-3,3.0
18710,18712,18712,1,1,1.0
18711,18712,18711,5,-5,5.0
18711,18712,18712,1,1,1.0
18711,18712,18712,1,1,1.0
18711,18712,18712,4,4,4.0
18712,18713,18712,1,-1,1.0
18712,18713,18713,1,1,1.0
18712,18713,18713,1,1,1.0
18712,18713,18712,1,-1,1.0
18711,18712,18711,1,-1,1.0
18711,18712,18710,2,-2,2.0
18712,18713,18713,15,15,15.0
18712,18713,18713,1,1,1.0
18712,18713,18714,1,1,-1.0
18713,18714,18714,1,1,1.0
18713,18714,18713,2,-2,2.0
18713,18714,18714,1,1,1.0
18713,18714,18714,7,7,7.0
18713,18714,18714,1,1,1.0
18713,18714,18714,13,13,13.0
18714,18715,18715,1,1,1.0
18714,18715,18715,4,4,4.0
18714,18715,18715,1,1,1.0
18714,18715,18715,1,1,1.0
18714,18715,18715,1,1,1.0
18714,18715,18715,1,1,1.0
18714,18715,18715,8,8,8.0
18714,18715,18715,1,1,1.0
18714,18715,18715,1,1,1.0
18714,18715,18715,4,4,4.0
18715,18716,18715,1,-1,1.0
18715,18716,18715,1,-1,1.0
18715,18716,18715,5,-5,5.0
18715,18716,18716,1,1,1.0
18715,18716,18716,2,2,2.0
18715,18716,18716,1,1,1.0
18715,18716,18716,2,2,2.0
18715,18716,18716,5,5,5.0
18715,18717,18715,3,-3,3.0
18715,18717,18715,2,-2,2.0
18715,18717,18715,1,-1,1.0
18715,18717,18716,1,-1,1.0
18715,18716,18715,10,-10,10.0
18714,18715,18715,1,1,1.0
18714,18715,18715,1,1,1.0
18714,18715,18715,2,2,2.0
18714,18716,18716,1,1,1.0
18714,18716,18715,1,1,-1.0
18714,18716,18716,2,2,2.0
18715,18716,18716,3,3,3.0
18715,18716,18716,1,1,1.0
18715,18716,18716,1,1,1.0
18715,18716,18716,1,1,1.0
18715,18716,18716,1,1,1.0
18715,18716,18716,1,1,1.0
18715,18716,18715,1,-1,1.0
18715,18716,18715,3,-3,3.0
18714,18715,18715,1,1,1.0
18714,18715,18715,1,1,1.0
18714,18715,18715,3,3,3.0
18714,18715,18714,1,-1,1.0
18714,18715,18715,1,1,1.0
18714,18715,18714,1,-1,1.0
18714,18715,18714,1,-1,1.0
18714,18715,18714,6,-6,6.0
18713,18714,18713,2,-2,2.0
18712,18714,18713,3,-3,3.0
18712,18713,18713,1,1,1.0
18712,18714,18714,1,1,1.0
18713,18714,18713,1,-1,1.0
18712,18713,18713,1,1,1.0
18713,18714,18714,1,1,1.0
18713,18714,18714,1,1,1.0
18713,18714,18714,1,1,1.0
18714,18715,18715,1,1,1.0
18715,18716,18716,1,1,1.0
18715,18716,18716,1,1,1.0
18715,18716,18716,2,2,2.0
18715,18716,18716,3,3,3.0
18715,18716,18716,3,3,3.0
18715,18716,18716,2,2,2.0
18715,18717,18717,1,1,1.0
18716,18717,18717,1,1,1.0
18716,18717,18716,1,-1,1.0
18716,18717,18717,1,1,1.0
18716,18717,18716,1,-1,1.0
18715,18717,18717,2,2,2.0
18716,18717,18716,2,-2,2.0
18716,18717,18716,1,-1,1.0
18716,18717,18716,1,-1,1.0
18716,18717,18715,1,-1,1.0
18715,18717,18717,1,1,1.0
18715,18717,18717,16,16,16.0
18716,18718,18717,1,1,-1.0
18716,18718,18718,3,3,3.0
18716,18718,18718,2,2,2.0
18716,18718,18717,1,1,-1.0
18716,18718,18717,2,2,-2.0
18717,18718,18718,1,1,1.0
18717,18718,18718,23,23,23.0
18718,18719,18718,1,-1,1.0
18718,18719,18718,5,-5,5.0
18717,18718,18717,1,-1,1.0
18717,18718,18717,1,-1,1.0
18716,18718,18718,1,1,1.0
18717,18718,18717,1,-1,1.0
18716,18717,18716,2,-2,2.0
18716,18717,18716,1,-1,1.0
18716,18717,18716,2,-2,2.0
18715,18716,18716,1,1,1.0
18715,18716,18717,1,1,-1.0
18716,18717,18716,1,-1,1.0
18715,18717,18717,1,1,1.0
18716,18717,18717,2,2,2.0
18717,18718,18717,2,-2,2.0
18717,18718,18717,2,-2,2.0
18717,18718,18716,1,-1,1.0
18717,18718,18716,3,-3,3.0
18714,18715,18715,1,1,1.0
18714,18715,18715,1,1,1.0
18715,18716,18715,1,-1,1.0
18714,18715,18714,1,-1,1.0
18713,18714,18714,1,1,1.0
18713,18714,18714,3,3,3.0
18713,18714,18714,5,5,5.0
18714,18715,18714,1,-1,1.0
18713,18714,18714,1,1,1.0
18713,18715,18715,3,3,3.0
18713,18715,18715,5,5,5.0
18714,18715,18714,7,-7,7.0
18714,18715,18714,2,-2,2.0
18713,18714,18713,5,-5,5.0
18713,18714,18713,1,-1,1.0
18713,18714,18712,2,-2,2.0
18713,18714,18713,1,-1,1.0
18713,18714,18713,1,-1,1.0
18713,18714,18712,1,-1,1.0
18713,18714,18713,1,-1,1.0
18713,18714,18713,1,-1,1.0
18712,18713,18712,1,-1,1.0
18712,18713,18712,2,-2,2.0
18712,18713,18712,1,-1,1.0
18712,18713,18712,1,-1,1.0
18712,18713,18712,1,-1,1.0
18712,18713,18712,1,-1,1.0
18712,18713,18712,4,-4,4.0
18711,18712,18712,1,1,1.0
18711,18712,18711,2,-2,2.0
18711,18712,18711,1,-1,1.0
18711,18712,18711,1,-1,1.0
18711,18712,18711,1,-1,1.0
18711,18712,18711,5,-5,5.0
18710,18711,18711,1,1,1.0
18710,18711,18710,1,-1,1.0
18710,18711,18710,1,-1,1.0
18710,18711,18710,1,-1,1.0
18710,18711,18710,1,-1,1.0
18710,18711,18710,2,-2,2.0
18710,18711,18710,1,-1,1.0
18710,18711,18710,1,-1,1.0
18710,18711,18710,1,-1,1.0
18710,18711,18710,2,-2,2.0
18710,18711,18710,2,-2,2.0
18709,18710,18709,1,-1,1.0
18709,18710,18709,2,-2,2.0
18709,18710,18709,1,-1,1.0
18709,18710,18709,1,-1,1.0
18709,18710,18709,3,-3,3.0
18709,18710,18709,1,-1,1.0
18708,18710,18708,2,-2,2.0
18708,18710,18710,2,2,2.0
18708,18710,18708,1,-1,1.0
18708,18710,18709,4,-4,4.0
18708,18710,18710,3,3,3.0
18709,18710,18709,2,-2,2.0
18709,18710,18710,1,1,1.0
18709,18710,18710,1,1,1.0
18710,18711,18710,1,-1,1.0
18710,18711,18711,2,2,2.0
18710,18711,18710,1,-1,1.0
18710,18711,18710,2,-2,2.0
18710,18711,18710,1,-1,1.0
18710,18711,18710,1,-1,1.0
18710,18711,18710,2,-2,2.0
18710,18711,18710,1,-1,1.0
18710,18711,18710,1,-1,1.0
18710,18711,18710,2,-2,2.0
18710,18711,18710,1,-1,1.0
18710,18711,18710,6,-6,6.0
18710,18711,18710,1,-1,1.0
18710,18711,18710,1,-1,1.0
18710,18711,18711,2,2,2.0
18710,18711,18711,2,2,2.0
18710,18711,18711,2,2,2.0
18710,18711,18711,3,3,3.0
18711,18712,18711,2,-2,2.0
18711,18712,18711,1,-1,1.0
18711,18712,18712,1,1,1.0
18711,18712,18711,1,-1,1.0
18711,18712,18712,1,1,1.0
18711,18712,18711,1,-1,1.0
18711,18712,18711,2,-2,2.0
18711,18712,18711,2,-2,2.0
18710,18711,18711,1,1,1.0
18711,18712,18711,1,-1,1.0
18711,18712,18710,5,-5,5.0
18710,18711,18710,6,-6,6.0
18710,18712,18710,6,-6,6.0
18710,18712,18712,1,1,1.0
18711,18712,18711,1,-1,1.0
18711,18712,18712,1,1,1.0
18711,18712,18712,2,2,2.0
18711,18712,18712,3,3,3.0
18711,18712,18712,1,1,1.0
18711,18712,18712,1,1,1.0
18711,18712,18712,1,1,1.0
18711,18712,18712,2,2,2.0
18711,18712,18712,7,7,7.0
18712,18713,18713,1,1,1.0
18712,18713,18713,1,1,1.0
18712,18713,18712,1,-1,1.0
18712,18713,18713,1,1,1.0
18712,18713,18713,2,2,2.0
18713,18714,18714,2,2,2.0
18713,18714,18714,2,2,2.0
18713,18714,18715,1,1,-1.0
18713,18714,18715,3,3,-3.0
18713,18714,18715,1,1,-1.0
18713,18714,18715,3,3,-3.0
18713,18714,18715,2,2,-2.0
18713,18714,18715,1,1,-1.0
18713,18714,18715,1,1,-1.0
18713,18714,18715,1,1,-1.0
18715,18716,18715,5,-5,5.0
18715,18716,18714,2,-2,2.0
18715,18716,18715,1,-1,1.0
18715,18716,18715,1,-1,1.0
18715,18716,18716,31,31,31.0
18716,18717,18716,5,-5,5.0
18715,18717,18715,1,-1,1.0
18716,18717,18717,1,1,1.0
18716,18717,18716,1,-1,1.0
18716,18717,18716,1,-1,1.0
18716,18717,18716,1,-1,1.0
18716,18717,18716,1,-1,1.0
18716,18717,18717,1,1,1.0
18716,18717,18716,2,-2,2.0
18715,18716,18716,2,2,2.0
18716,18717,18716,1,-1,1.0
18716,18717,18716,1,-1,1.0
18716,18717,18716,6,-6,6.0
18715,18716,18716,7,7,7.0
18715,18716,18717,13,13,-13.0
18715,18716,18716,1,1,1.0
18715,18716,18715,1,-1,1.0
18715,18716,18716,1,1,1.0
18715,18716,18715,1,-1,1.0
18715,18716,18715,1,-1,1.0
18715,18716,18715,1,-1,1.0
18714,18716,18714,1,-1,1.0
18714,18716,18714,1,-1,1.0
18715,18716,18715,1,-1,1.0
18714,18716,18714,1,-1,1.0
18714,18715,18714,1,-1,1.0
18714,18715,18715,7,7,7.0
18714,18715,18714,1,-1,1.0
18714,18715,18714,1,-1,1.0
18714,18715,18714,1,-1,1.0
18714,18715,18714,2,-2,2.0
18714,18715,18714,4,-4,4.0
18714,18715,18714,1,-1,1.0
18714,18715,18714,1,-1,1.0
18713,18714,18713,2,-2,2.0
18712,18713,18713,1,1,1.0
18712,18713,18713,1,1,1.0
18712,18714,18712,4,-4,4.0
18712,18713,18712,1,-1,1.0
18712,18713,18712,3,-3,3.0
18712,18713,18711,1,-1,1.0
18711,18712,18712,1,1,1.0
18711,18712,18712,3,3,3.0
18712,18714,18712,6,-6,6.0
18712,18714,18712,1,-1,1.0
18712,18713,18712,1,-1,1.0
18711,18712,18711,3,-3,3.0
18711,18712,18711,1,-1,1.0
18711,18712,18711,1,-1,1.0
18711,18712,18711,5,-5,5.0
18710,18712,18711,3,-3,3.0
18711,18712,18711,1,-1,1.0
18711,18712,18712,2,2,2.0
18711,18712,18712,1,1,1.0
18711,18713,18711,2,-2,2.0
18711,18713,18711,1,-1,1.0
18711,18713,18711,1,-1,1.0
18711,18713,18711,2,-2,2.0
18712,18713,18712,4,-4,4.0
18712,18713,18711,3,-3,3.0
18711,18713,18713,2,2,2.0
18711,18713,18713,2,2,2.0
18712,18713,18712,2,-2,2.0
18712,18713,18713,5,5,5.0
18713,18714,18714,2,2,2.0
18713,18715,18713,7,-7,7.0
18713,18714,18714,2,2,2.0
18713,18714,18713,2,-2,2.0
18713,18714,18713,1,-1,1.0
18713,18714,18713,2,-2,2.0
18712,18713,18713,2,2,2.0
18712,18713,18712,1,-1,1.0
18712,18713,18712,7,-7,7.0
18711,18712,18711,1,-1,1.0
18711,18712,18711,3,-3,3.0
18710,18711,18710,1,-1,1.0
18710,18711,18710,1,-1,1.0
18710,18711,18711,1,1,1.0
18710,18711,18711,1,1,1.0
18710,18711,18710,1,-1,1.0
18710,18711,18710,1,-1,1.0
18710,18711,18710,1,-1,1.0
18710,18711,18710,1,-1,1.0
18710,18711,18710,1,-1,1.0
18710,18711,18710,1,-1,1.0
18710,18711,18710,10,-10,10.0
18710,18711,18711,11,11,11.0
18711,18712,18711,1,-1,1.0
18711,18712,18712,5,5,5.0
18711,18712,18712,1,1,1.0
18712,18713,18712,1,-1,1.0
18712,18713,18713,6,6,6.0
18712,18713,18713,5,5,5.0
18713,18714,18713,6,-6,6.0
18713,18714,18713,1,-1,1.0
18713,18714,18713,1,-1,1.0
18713,18714,18714,1,1,1.0
18713,18714,18714,5,5,5.0
18714,18715,18714,1,-1,1.0
18714,18715,18714,2,-2,2.0
18713,18715,18713,2,-2,2.0
18713,18714,18713,1,-1,1.0
18713,18715,18713,7,-7,7.0
18713,18715,18713,9,-9,9.0
18713,18715,18714,1,-1,1.0
18714,18715,18714,1,-1,1.0
18713,18715,18713,1,-1,1.0
18713,18715,18715,1,1,1.0
18714,18715,18714,2,-2,2.0
18713,18715,18715,1,1,1.0
18713,18715,18715,1,1,1.0
18713,18715,18715,2,2,2.0
18713,18715,18715,2,2,2.0
18714,18716,18716,2,2,2.0
18714,18716,18716,2,2,2.0
18714,18716,18716,1,1,1.0
18714,18716,18715,2,2,-2.0
18714,18715,18714,2,-2,2.0
18714,18715,18715,1,1,1.0
18714,18715,18715,1,1,1.0
18714,18716,18715,2,2,-2.0
18714,18716,18714,1,-1,1.0
18715,18716,18715,1,-1,1.0
18715,18716,18715,1,-1,1.0
18715,18716,18715,1,-1,1.0
18714,18716,18715,1,-1,1.0
18715,18716,18715,1,-1,1.0
18715,18716,18715,1,-1,1.0
18715,18716,18716,1,1,1.0
18715,18716,18716,6,6,6.0
18715,18717,18716,2,2,-2.0
18715,18716,18715,1,-1,1.0
18716,18717,18716,1,-1,1.0
18715,18717,18715,1,-1,1.0
18715,18716,18716,4,4,4.0
18716,18717,18716,1,-1,1.0
18715,18716,18716,5,5,5.0
18715,18716,18716,1,1,1.0
18715,18716,18715,1,-1,1.0
18715,18716,18715,10,-10,10.0
18715,18716,18715,1,-1,1.0
18715,18716,18715,1,-1,1.0
18715,18716,18715,1,-1,1.0
18715,18716,18715,1,-1,1.0
18715,18716,18715,3,-3,3.0
18715,18716,18715,3,-3,3.0
18715,18716,18715,1,-1,1.0
18715,18716,18715,1,-1,1.0
18714,18715,18714,2,-2,2.0
18714,18715,18715,1,1,1.0
18714,18715,18714,1,-1,1.0
18714,18715,18714,1,-1,1.0
18714,18715,18714,1,-1,1.0
18714,18715,18713,8,-8,8.0
18713,18715,18713,1,-1,1.0
18713,18715,18713,2,-2,2.0
18713,18715,18713,1,-1,1.0
18712,18713,18712,2,-2,2.0
18712,18713,18712,1,-1,1.0
18711,18712,18712,1,1,1.0
18711,18713,18712,5,5,-5.0
18711,18712,18711,1,-1,1.0
18711,18713,18711,1,-1,1.0
18712,18714,18712,1,-1,1.0
18712,18714,18712,1,-1,1.0
18712,18713,18713,1,1,1.0
18712,18713,18713,1,1,1.0
18712,18713,18712,1,-1,1.0
18711,18712,18711,2,-2,2.0
18711,18712,18711,3,-3,3.0
18711,18712,18711,4,-4,4.0
18710,18711,18711,1,1,1.0
18710,18711,18710,1,-1,1.0
18710,18711,18710,4,-4,4.0
18710,18711,18710,2,-2,2.0
18710,18711,18710,13,-13,13.0
18710,18711,18709,2,-2,2.0
18710,18711,18709,7,-7,7.0
18710,18711,18709,1,-1,1.0
18708,18709,18708,6,-6,6.0
18708,18709,18709,1,1,1.0
18708,18709,18709,1,1,1.0
18708,18709,18709,6,6,6.0
18709,18710,18709,1,-1,1.0
18708,18710,18708,1,-1,1.0
18708,18710,18709,2,-2,2.0
18708,18709,18708,1,-1,1.0
18708,18709,18708,1,-1,1.0
18708,18709,18708,1,-1,1.0
18708,18709,18708,1,-1,1.0
18708,18709,18708,19,-19,19.0
18708,18709,18707,1,-1,1.0
18708,18709,18708,3,-3,3.0
18707,18708,18707,1,-1,1.0
18707,18708,18707,1,-1,1.0
18707,18708,18708,1,1,1.0
18707,18708,18707,1,-1,1.0
18707,18708,18707,1,-1,1.0
18707,18708,18707,1,-1,1.0
18707,18708,18707,1,-1,1.0
18706,18708,18708,1,1,1.0
18706,18708,18707,1,1,-1.0
18706,18708,18708,1,1,1.0
18706,18708,18708,1,1,1.0
18707,18708,18707,2,-2,2.0
18707,18708,18708,1,1,1.0
18707,18708,18708,3,3,3.0
18707,18708,18707,1,-1,1.0
18707,18708,18707,1,-1,1.0
18707,18708,18707,1,-1,1.0
18707,18708,18707,2,-2,2.0
18707,18708,18708,2,2,2.0
18707,18708,18707,1,-1,1.0
18707,18708,18707,2,-2,2.0
18707,18708,18707,3,-3,3.0
18706,18707,18706,2,-2,2.0
18706,18707,18707,1,1,1.0
18706,18707,18707,1,1,1.0
18706,18707,18707,1,1,1.0
18706,18707,18706,1,-1,1.0
18706,18707,18706,1,-1,1.0
18706,18707,18707,2,2,2.0
18706,18707,18707,2,2,2.0
18706,18707,18707,2,2,2.0
18706,18707,18707,3,3,3.0
18706,18708,18708,1,1,1.0
18706,18708,18706,1,-1,1.0
18706,18708,18707,2,-2,2.0
18707,18708,18707,2,-2,2.0
18706,18707,18707,1,1,1.0
18706,18707,18706,2,-2,2.0
18706,18707,18706,2,-2,2.0
18706,18707,18706,1,-1,1.0
18706,18707,18706,2,-2,2.0
18706,18707,18706,1,-1,1.0
18706,18707,18706,7,-7,7.0
18706,18707,18706,2,-2,2.0
18706,18707,18706,1,-1,1.0
18705,18706,18706,1,1,1.0
18705,18706,18706,1,1,1.0
18705,18706,18706,1,1,1.0
18705,18706,18706,1,1,1.0
18705,18706,18706,2,2,2.0
18705,18706,18705,21,-21,21.0
18705,18706,18705,2,-2,2.0
18705,18706,18705,1,-1,1.0
18705,18706,18705,1,-1,1.0
18705,18706,18705,1,-1,1.0
18705,18706,18705,1,-1,1.0
18705,18706,18705,2,-2,2.0
18705,18706,18705,1,-1,1.0
18705,18706,18705,1,-1,1.0
18705,18706,18705,6,-6,6.0
18704,18705,18704,2,-2,2.0
18704,18705,18704,2,-2,2.0
18704,18705,18704,1,-1,1.0
18704,18705,18704,1,-1,1.0
18704,18705,18704,1,-1,1.0
18704,18705,18705,1,1,1.0
18704,18705,18704,8,-8,8.0
18704,18705,18703,5,-5,5.0
18704,18705,18703,6,-6,6.0
18704,18705,18703,2,-2,2.0
18704,18705,18703,3,-3,3.0
18704,18705,18703,1,-1,1.0
18704,18705,18703,1,-1,1.0
18704,18705,18703,5,-5,5.0
18704,18705,18703,1,-1,1.0
18703,18704,18703,3,-3,3.0
18703,18704,18702,1,-1,1.0
18703,18704,18702,6,-6,6.0
18703,18704,18702,1,-1,1.0
18703,18704,18704,1,1,1.0
18703,18704,18702,1,-1,1.0
18703,18704,18702,1,-1,1.0
18703,18704,18702,1,-1,1.0
18703,18704,18702,1,-1,1.0
18702,18704,18702,1,-1,1.0
18702,18704,18702,1,-1,1.0
18702,18704,18704,1,1,1.0
18702,18704,18703,1,1,-1.0
18702,18704,18703,1,1,-1.0
18702,18704,18702,9,-9,9.0
18702,18704,18702,1,-1,1.0
18702,18704,18702,1,-1,1.0
18702,18704,18702,1,-1,1.0
18702,18704,18702,1,-1,1.0
18702,18704,18702,1,-1,1.0
18702,18704,18702,1,-1,1.0
18702,18704,18702,2,-2,2.0
18702,18704,18702,1,-1,1.0
18702,18704,18702,3,-3,3.0
18702,18704,18702,1,-1,1.0
18702,18704,18702,1,-1,1.0
18702,18704,18703,1,-1,1.0
18702,18704,18702,1,-1,1.0
18702,18704,18704,1,1,1.0
18703,18705,18703,3,-3,3.0
18703,18705,18702,1,-1,1.0
18702,18704,18702,1,-1,1.0
18702,18704,18703,1,-1,1.0
18702,18704,18702,1,-1,1.0
18702,18703,18702,2,-2,2.0
18702,18703,18703,1,1,1.0
18702,18703,18702,1,-1,1.0
18702,18703,18702,1,-1,1.0
18702,18703,18702,2,-2,2.0
18702,18703,18701,3,-3,3.0
18701,18703,18701,3,-3,3.0
18702,18703,18702,1,-1,1.0
18702,18703,18702,2,-2,2.0
18702,18703,18702,2,-2,2.0
18702,18703,18702,1,-1,1.0
18702,18703,18702,1,-1,1.0
18702,18703,18702,2,-2,2.0
18702,18703,18703,1,1,1.0
18702,18703,18702,2,-2,2.0
18701,18702,18702,1,1,1.0
18701,18702,18701,1,-1,1.0
18701,18702,18702,1,1,1.0
18701,18702,18701,5,-5,5.0
18701,18702,18702,1,1,1.0
18701,18702,18702,1,1,1.0
18701,18702,18701,2,-2,2.0
18701,18702,18701,2,-2,2.0
18701,18702,18702,9,9,9.0
18702,18703,18702,1,-1,1.0
18702,18703,18702,1,-1,1.0
18702,18703,18703,1,1,1.0
18702,18703,18702,1,-1,1.0
18702,18703,18702,11,-11,11.0
18702,18703,18701,29,-29,29.0
18701,18703,18703,1,1,1.0
18701,18702,18702,1,1,1.0
18701,18702,18702,1,1,1.0
18702,18703,18702,1,-1,1.0
18701,18702,18702,1,1,1.0
18701,18702,18702,1,1,1.0
18702,18703,18702,1,-1,1.0
18702,18703,18702,2,-2,2.0
18702,18703,18702,1,-1,1.0
18702,18703,18702,1,-1,1.0
18701,18703,18701,2,-2,2.0
18701,18702,18701,2,-2,2.0
18701,18702,18700,3,-3,3.0
18701,18702,18700,12,-12,12.0
18700,18701,18701,1,1,1.0
18700,18701,18700,1,-1,1.0
18700,18701,18700,10,-10,10.0
18700,18701,18700,2,-2,2.0
18700,18701,18700,2,-2,2.0
18700,18701,18700,2,-2,2.0
18700,18701,18700,1,-1,1.0
18700,18701,18700,1,-1,1.0
18700,18701,18701,4,4,4.0
18700,18701,18700,15,-15,15.0
18700,18701,18699,5,-5,5.0
18700,18701,18699,3,-3,3.0
18700,18701,18699,6,-6,6.0
18700,18701,18700,1,-1,1.0
18700,18701,18701,2,2,2.0
18700,18701,18700,4,-4,4.0
18700,18701,18699,1,-1,1.0
18700,18701,18700,4,-4,4.0
18700,18701,18699,16,-16,16.0
18699,18701,18699,5,-5,5.0
18698,18700,18699,1,-1,1.0
18698,18699,18699,3,3,3.0
18698,18699,18700,10,10,-10.0
18699,18700,18699,1,-1,1.0
18698,18700,18699,1,-1,1.0
18699,18701,18699,1,-1,1.0
18699,18701,18699,5,-5,5.0
18699,18701,18699,5,-5,5.0
18698,18699,18699,1,1,1.0
18698,18699,18699,1,1,1.0
18698,18699,18699,3,3,3.0
18698,18699,18698,1,-1,1.0
18698,18699,18698,1,-1,1.0
18698,18699,18698,1,-1,1.0
18698,18699,18698,1,-1,1.0
18698,18699,18698,6,-6,6.0
18698,18699,18698,1,-1,1.0
18698,18699,18698,1,-1,1.0
18698,18699,18698,2,-2,2.0
18698,18699,18698,7,-7,7.0
18698,18699,18698,2,-2,2.0
18697,18698,18697,2,-2,2.0
18697,18698,18697,2,-2,2.0
18697,18698,18698,1,1,1.0
18697,18698,18699,1,1,-1.0
18697,18698,18697,1,-1,1.0
18697,18698,18697,1,-1,1.0
18697,18698,18697,1,-1,1.0
18697,18698,18697,1,-1,1.0
18697,18698,18697,1,-1,1.0
18697,18699,18699,1,1,1.0
18697,18699,18697,1,-1,1.0
18697,18699,18699,1,1,1.0
18697,18699,18697,20,-20,20.0
18697,18698,18697,1,-1,1.0
18697,18698,18697,2,-2,2.0
18697,18698,18697,1,-1,1.0
18697,18698,18697,4,-4,4.0
18697,18698,18696,1,-1,1.0
18697,18699,18697,2,-2,2.0
18697,18699,18697,2,-2,2.0
18697,18699,18697,1,-1,1.0
18697,18699,18697,1,-1,1.0
18697,18698,18698,1,1,1.0
18697,18698,18697,1,-1,1.0
18697,18698,18696,1,-1,1.0
18696,18697,18696,6,-6,6.0
18696,18697,18697,1,1,1.0
18696,18697,18698,1,1,-1.0
18696,18698,18696,2,-2,2.0
18696,18698,18696,2,-2,2.0
18696,18697,18697,1,1,1.0
18696,18697,18696,1,-1,1.0
18696,18698,18696,1,-1,1.0
18696,18698,18696,2,-2,2.0
18696,18697,18697,1,1,1.0
18696,18697,18696,1,-1,1.0
18696,18697,18697,1,1,1.0
18696,18697,18697,1,1,1.0
18696,18697,18697,2,2,2.0
18696,18697,18696,1,-1,1.0
18696,18697,18696,1,-1,1.0
18697,18698,18697,1,-1,1.0
18697,18698,18697,3,-3,3.0
18697,18698,18697,1,-1,1.0
18697,18698,18697,2,-2,2.0
18697,18698,18696,1,-1,1.0
18697,18698,18698,1,1,1.0
18697,18698,18697,1,-1,1.0
18697,18698,18698,1,1,1.0
18697,18698,18697,1,-1,1.0
18696,18698,18698,1,1,1.0
18697,18698,18697,1,-1,1.0
18697,18698,18697,1,-1,1.0
18697,18698,18697,1,-1,1.0
18697,18698,18697,1,-1,1.0
18697,18698,18696,2,-2,2.0
18697,18698,18696,1,-1,1.0
18697,18698,18696,4,-4,4.0
18697,18698,18696,1,-1,1.0
18697,18698,18696,3,-3,3.0
18695,18696,18696,2,2,2.0
18696,18697,18696,2,-2,2.0
18696,18697,18697,1,1,1.0
18696,18697,18697,1,1,1.0
18696,18697,18696,1,-1,1.0
18696,18697,18696,1,-1,1.0
18696,18697,18696,1,-1,1.0
18696,18697,18696,1,-1,1.0
18696,18697,18696,1,-1,1.0
18696,18697,18695,2,-2,2.0
18695,18696,18696,1,1,1.0
18695,18696,18695,1,-1,1.0
18695,18696,18695,1,-1,1.0
18695,18696,18696,1,1,1.0
18695,18697,18695,1,-1,1.0
18696,18697,18696,2,-2,2.0
18696,18697,18696,3,-3,3.0
18696,18697,18696,1,-1,1.0
18696,18697,18695,1,-1,1.0
18695,18697,18697,3,3,3.0
18695,18697,18697,1,1,1.0
18696,18697,18696,1,-1,1.0
18696,18697,18697,1,1,1.0
18695,18697,18695,1,-1,1.0
18695,18697,18696,1,-1,1.0
18695,18696,18695,1,-1,1.0
18695,18696,18696,1,1,1.0
18695,18696,18696,2,2,2.0
18695,18696,18695,1,-1,1.0
18695,18696,18695,1,-1,1.0
18695,18696,18695,1,-1,1.0
18695,18696,18695,1,-1,1.0
18695,18696,18695,1,-1,1.0
18695,18696,18695,1,-1,1.0
18695,18696,18695,1,-1,1.0
18695,18696,18695,1,-1,1.0
18695,18696,18695,1,-1,1.0
18695,18696,18695,1,-1,1.0
18695,18696,18695,1,-1,1.0
18695,18696,18695,1,-1,1.0
18695,18696,18695,17,-17,17.0
18695,18696,18695,2,-2,2.0
18694,18695,18695,1,1,1.0
18694,18695,18695,2,2,2.0
18694,18695,18694,1,-1,1.0
18694,18695,18694,3,-3,3.0
18694,18695,18694,6,-6,6.0
18694,18695,18694,2,-2,2.0
18694,18695,18694,10,-10,10.0
18694,18695,18694,1,-1,1.0
18694,18695,18694,1,-1,1.0
18694,18695,18693,1,-1,1.0
18694,18695,18693,12,-12,12.0
18694,18695,18693,5,-5,5.0
18694,18695,18693,3,-3,3.0
18694,18695,18693,1,-1,1.0
18694,18695,18692,11,-11,11.0
18694,18695,18692,1,-1,1.0
18694,18695,18692,1,-1,1.0
18694,18695,18694,1,-1,1.0
18693,18694,18693,1,-1,1.0
18693,18694,18693,2,-2,2.0
18693,18694,18693,2,-2,2.0
18693,18694,18693,1,-1,1.0
18693,18694,18693,1,-1,1.0
18693,18694,18693,1,-1,1.0
18693,18694,18693,1,-1,1.0
18693,18694,18693,1,-1,1.0
18693,18694,18693,1,-1,1.0
18693,18695,18693,5,-5,5.0
18693,18695,18693,1,-1,1.0
18693,18695,18694,1,-1,1.0
18694,18695,18694,1,-1,1.0
18694,18695,18694,1,-1,1.0
18694,18695,18694,1,-1,1.0
18694,18695,18694,1,-1,1.0
18694,18695,18695,3,3,3.0
18694,18695,18694,1,-1,1.0
18694,18695,18695,1,1,1.0
18694,18695,18695,1,1,1.0
18694,18695,18695,1,1,1.0
18695,18696,18695,1,-1,1.0
18694,18695,18694,2,-2,2.0
18694,18695,18695,1,1,1.0
18694,18695,18695,1,1,1.0
18694,18695,18695,1,1,1.0
18694,18695,18694,1,-1,1.0
18694,18696,18696,1,1,1.0
18694,18696,18694,2,-2,2.0
18694,18696,18694,1,-1,1.0
18695,18696,18696,4,4,4.0
18695,18696,18695,1,-1,1.0
18695,18696,18696,1,1,1.0
18695,18696,18695,1,-1,1.0
18695,18696,18696,5,5,5.0
18695,18696,18697,19,19,-19.0
18695,18697,18697,5,5,5.0
18696,18698,18696,1,-1,1.0
18696,18697,18697,1,1,1.0
18696,18697,18697,1,1,1.0
18697,18698,18697,2,-2,2.0
18697,18698,18698,2,2,2.0
18697,18698,18698,23,23,23.0
18698,18699,18699,2,2,2.0
18698,18699,18699,1,1,1.0
18698,18699,18699,1,1,1.0
18699,18700,18700,1,1,1.0
18699,18700,18699,1,-1,1.0
18699,18700,18700,1,1,1.0
18699,18700,18700,8,8,8.0
18699,18700,18700,2,2,2.0
18699,18701,18701,3,3,3.0
18699,18701,18700,1,1,-1.0
18700,18701,18701,1,1,1.0
18700,18701,18701,1,1,1.0
18700,18701,18701,1,1,1.0
18700,18701,18700,1,-1,1.0
18700,18701,18701,1,1,1.0
18700,18701,18700,1,-1,1.0
18700,18701,18701,1,1,1.0
18700,18701,18701,1,1,1.0
18700,18701,18700,2,-2,2.0
18700,18701,18701,1,1,1.0
18700,18701,18701,1,1,1.0
18700,18701,18701,1,1,1.0
18700,18701,18700,2,-2,2.0
18700,18701,18701,1,1,1.0
18700,18701,18700,2,-2,2.0
18700,18701,18701,1,1,1.0
18700,18701,18700,1,-1,1.0
18700,18701,18700,2,-2,2.0
18700,18701,18700,4,-4,4.0
18700,18701,18700,1,-1,1.0
18700,18701,18700,1,-1,1.0
18699,18700,18699,7,-7,7.0
18698,18699,18698,1,-1,1.0
18697,18699,18698,1,-1,1.0
18698,18699,18698,1,-1,1.0
18697,18698,18698,1,1,1.0
18697,18698,18697,1,-1,1.0
18698,18699,18699,5,5,5.0
18698,18699,18699,2,2,2.0
18698,18700,18698,1,-1,1.0
18699,18700,18700,1,1,1.0
18698,18700,18699,2,2,-2.0
18698,18700,18700,2,2,2.0
18698,18699,18698,2,-2,2.0
18698,18699,18699,1,1,1.0
18698,18699,18699,1,1,1.0
18698,18699,18699,1,1,1.0
18698,18699,18699,1,1,1.0
18698,18699,18699,2,2,2.0
18698,18699,18699,1,1,1.0
18699,18700,18700,1,1,1.0
18699,18700,18700,1,1,1.0
18699,18700,18700,1,1,1.0
18699,18700,18700,1,1,1.0
18699,18700,18700,1,1,1.0
18699,18700,18700,1,1,1.0
18699,18700,18700,1,1,1.0
18699,18700,18700,1,1,1.0
18699,18700,18700,1,1,1.0
18699,18700,18700,1,1,1.0
18699,18700,18700,1,1,1.0
18699,18700,18700,1,1,1.0
18699,18700,18700,1,1,1.0
18699,18700,18700,1,1,1.0
18699,18700,18700,3,3,3.0
18700,18701,18700,1,-1,1.0
18700,18701,18701,2,2,2.0
18700,18701,18701,1,1,1.0
18700,18701,18701,1,1,1.0
18700,18701,18701,1,1,1.0
18700,18701,18700,1,-1,1.0
18700,18701,18701,1,1,1.0
18701,18702,18701,1,-1,1.0
18701,18702,18701,1,-1,1.0
18701,18702,18701,4,-4,4.0
18701,18702,18700,1,-1,1.0
18700,18701,18700,1,-1,1.0
18700,18701,18700,1,-1,1.0
18700,18701,18700,1,-1,1.0
18700,18701,18700,4,-4,4.0
18700,18701,18700,1,-1,1.0
18699,18700,18699,3,-3,3.0
18699,18700,18700,1,1,1.0
18698,18700,18700,2,2,2.0
18698,18699,18698,3,-3,3.0
18698,18699,18698,1,-1,1.0
18697,18698,18698,2,2,2.0
18697,18698,18699,1,1,-1.0
18697,18698,18698,5,5,5.0
18697,18698,18697,1,-1,1.0
18697,18698,18697,1,-1,1.0
18697,18698,18698,1,1,1.0
18697,18699,18697,1,-1,1.0
18698,18699,18698,2,-2,2.0
18697,18699,18699,1,1,1.0
18698,18699,18698,2,-2,2.0
18698,18699,18698,1,-1,1.0
18698,18699,18699,2,2,2.0
18698,18699,18699,1,1,1.0
18698,18699,18699,3,3,3.0
18698,18699,18698,1,-1,1.0
18698,18699,18699,1,1,1.0
18698,18699,18698,1,-1,1.0
18698,18699,18699,2,2,2.0
18698,18699,18699,1,1,1.0
18698,18699,18699,1,1,1.0
18698,18699,18699,1,1,1.0
18698,18699,18699,2,2,2.0
18699,18700,18699,1,-1,1.0
18699,18700,18699,1,-1,1.0
18699,18700,18700,10,10,10.0
18699,18700,18700,1,1,1.0
18700,18701,18700,1,-1,1.0
18699,18701,18701,1,1,1.0
18700,18701,18701,1,1,1.0
18700,18701,18700,3,-3,3.0
18700,18701,18701,1,1,1.0
18700,18701,18701,1,1,1.0
18700,18701,18701,2,2,2.0
18700,18701,18700,1,-1,1.0
18700,18701,18700,1,-1,1.0
18700,18701,18700,1,-1,1.0
18700,18701,18700,2,-2,2.0
18699,18700,18699,1,-1,1.0
18699,18700,18700,1,1,1.0
18699,18700,18699,3,-3,3.0
18698,18699,18699,1,1,1.0
18698,18699,18699,1,1,1.0
18698,18699,18698,1,-1,1.0
18698,18699,18698,5,-5,5.0
18698,18699,18698,1,-1,1.0
18698,18699,18698,1,-1,1.0
18698,18699,18698,1,-1,1.0
18697,18699,18697,1,-1,1.0
18697,18698,18698,1,1,1.0
18697,18698,18698,1,1,1.0
18697,18698,18698,1,1,1.0
18697,18698,18698,1,1,1.0
18697,18698,18698,2,2,2.0
18698,18699,18698,1,-1,1.0
18698,18699,18698,1,-1,1.0
18697,18698,18698,1,1,1.0
18697,18698,18697,1,-1,1.0
18697,18699,18697,2,-2,2.0
18698,18699,18698,1,-1,1.0
18698,18699,18699,11,11,11.0
18698,18700,18698,2,-2,2.0
18698,18700,18698,1,-1,1.0
18699,18700,18699,1,-1,1.0
18699,18700,18699,4,-4,4.0
18699,18700,18699,1,-1,1.0
18698,18699,18699,1,1,1.0
18698,18699,18699,1,1,1.0
18698,18699,18699,1,1,1.0
18698,18699,18699,1,1,1.0
18698,18699,18699,1,1,1.0
18698,18699,18699,2,2,2.0
18698,18699,18699,1,1,1.0
18698,18699,18700,4,4,-4.0
18698,18700,18698,1,-1,1.0
18699,18700,18699,1,-1,1.0
18699,18700,18700,14,14,14.0
18699,18701,18701,1,1,1.0
18700,18701,18700,1,-1,1.0
18699,18701,18701,5,5,5.0
18700,18701,18701,1,1,1.0
18700,18701,18701,2,2,2.0
18699,18701,18701,3,3,3.0
18699,18700,18700,2,2,2.0
18699,18700,18701,3,3,-3.0
18699,18700,18699,1,-1,1.0
18699,18700,18700,1,1,1.0
18699,18701,18699,1,-1,1.0
18699,18701,18701,1,1,1.0
18699,18700,18699,2,-2,2.0
18699,18700,18699,1,-1,1.0
18699,18700,18700,1,1,1.0
18700,18701,18700,1,-1,1.0
18700,18701,18700,1,-1,1.0
18700,18701,18700,1,-1,1.0
18700,18701,18700,1,-1,1.0
18700,18701,18700,1,-1,1.0
18699,18701,18700,1,-1,1.0
18700,18701,18701,1,1,1.0
18700,18701,18701,20,20,20.0
18700,18701,18701,2,2,2.0
18700,18701,18701,2,2,2.0
18700,18702,18701,2,2,-2.0
18701,18702,18701,1,-1,1.0
18701,18702,18701,2,-2,2.0
18701,18702,18702,1,1,1.0
18701,18702,18701,1,-1,1.0
18701,18702,18701,8,-8,8.0
18701,18702,18701,1,-1,1.0
18700,18701,18701,4,4,4.0
18700,18701,18700,1,-1,1.0
18700,18701,18700,1,-1,1.0
18700,18701,18701,1,1,1.0
18700,18701,18700,1,-1,1.0
18700,18701,18700,2,-2,2.0
18700,18701,18700,1,-1,1.0
18700,18701,18700,2,-2,2.0
18700,18701,18700,1,-1,1.0
18700,18701,18700,1,-1,1.0
18700,18701,18700,1,-1,1.0
18700,18701,18700,4,-4,4.0
18700,18701,18700,1,-1,1.0
18700,18701,18700,3,-3,3.0
18700,18701,18700,2,-2,2.0
18700,18701,18699,1,-1,1.0
18700,18701,18699,1,-1,1.0
18700,18701,18699,1,-1,1.0
18700,18701,18699,1,-1,1.0
18700,18701,18699,1,-1,1.0
18700,18701,18699,1,-1,1.0
18699,18700,18699,1,-1,1.0
18699,18700,18699,1,-1,1.0
18699,18700,18699,2,-2,2.0
18699,18700,18699,7,-7,7.0
18698,18699,18698,1,-1,1.0
18698,18699,18698,2,-2,2.0
18698,18699,18698,1,-1,1.0
18698,18699,18698,1,-1,1.0
18698,18699,18698,1,-1,1.0
18698,18699,18698,1,-1,1.0
18698,18699,18698,1,-1,1.0
18698,18699,18698,1,-1,1.0
18698,18699,18699,4,4,4.0
18699,18700,18699,1,-1,1.0
18699,18700,18699,1,-1,1.0
18699,18700,18699,1,-1,1.0
18699,18700,18698,2,-2,2.0
18698,18700,18700,1,1,1.0
18698,18699,18699,1,1,1.0
18698,18699,18699,1,1,1.0
18698,18700,18700,1,1,1.0
18698,18700,18698,1,-1,1.0
18698,18699,18698,2,-2,2.0
18698,18699,18698,2,-2,2.0
18698,18699,18700,1,1,-1.0
18698,18700,18700,4,4,4.0
18699,18700,18700,1,1,1.0
18699,18700,18700,1,1,1.0
18699,18700,18701,1,1,-1.0
18699,18701,18701,2,2,2.0
18699,18701,18699,1,-1,1.0
18699,18700,18699,2,-2,2.0
18699,18700,18700,1,1,1.0
18699,18700,18699,1,-1,1.0
18699,18700,18699,2,-2,2.0
18699,18700,18700,1,1,1.0
18699,18700,18700,1,1,1.0
18699,18700,18700,3,3,3.0
18699,18700,18701,5,5,-5.0
18700,18701,18699,1,-1,1.0
18699,18701,18699,1,-1,1.0
18699,18701,18701,2,2,2.0
18699,18701,18701,2,2,2.0
18699,18701,18701,2,2,2.0
18699,18701,18701,2,2,2.0
18700,18701,18702,1,1,-1.0
18700,18702,18700,1,-1,1.0
18699,18701,18701,1,1,1.0
18701,18702,18701,1,-1,1.0
18701,18702,18702,1,1,1.0
18701,18702,18702,1,1,1.0
18701,18702,18702,1,1,1.0
18701,18702,18701,1,-1,1.0
18699,18701,18701,2,2,2.0
18699,18701,18701,1,1,1.0
18699,18701,18699,2,-2,2.0
18699,18700,18699,2,-2,2.0
18699,18700,18699,1,-1,1.0
18699,18700,18699,2,-2,2.0
18699,18700,18699,2,-2,2.0
18699,18700,18699,2,-2,2.0
18699,18700,18699,3,-3,3.0
18698,18699,18698,2,-2,2.0
18698,18699,18699,2,2,2.0
18698,18699,18698,1,-1,1.0
18698,18699,18698,5,-5,5.0
18698,18699,18698,1,-1,1.0
18698,18699,18698,1,-1,1.0
18697,18698,18698,1,1,1.0
18697,18698,18697,1,-1,1.0
18697,18698,18698,1,1,1.0
18697,18698,18698,2,2,2.0
18697,18699,18697,1,-1,1.0
18698,18699,18698,1,-1,1.0
18698,18699,18698,1,-1,1.0
18698,18699,18698,4,-4,4.0
18697,18698,18698,1,1,1.0
18697,18699,18697,1,-1,1.0
18697,18698,18697,2,-2,2.0
18697,18698,18697,1,-1,1.0
18697,18698,18698,1,1,1.0
18697,18698,18697,8,-8,8.0
18696,18697,18697,1,1,1.0
18697,18698,18697,1,-1,1.0
18697,18698,18698,1,1,1.0
18697,18698,18698,2,2,2.0
18697,18698,18698,1,1,1.0
18697,18698,18698,6,6,6.0
18697,18698,18698,2,2,2.0
18697,18698,18698,2,2,2.0
18697,18698,18698,1,1,1.0
18697,18699,18697,1,-1,1.0
18697,18699,18697,1,-1,1.0
18697,18699,18697,1,-1,1.0
18697,18698,18697,1,-1,1.0
18697,18698,18698,1,1,1.0
18697,18699,18698,3,3,-3.0
18697,18699,18699,2,2,2.0
18698,18699,18698,1,-1,1.0
18697,18698,18698,1,1,1.0
18697,18699,18699,3,3,3.0
18697,18699,18697,1,-1,1.0
18697,18699,18697,4,-4,4.0
18697,18699,18699,1,1,1.0
18697,18699,18699,1,1,1.0
18697,18699,18699,1,1,1.0
18697,18699,18699,5,5,5.0
18697,18698,18697,1,-1,1.0
18697,18698,18697,1,-1,1.0
18697,18698,18697,1,-1,1.0
18696,18698,18697,1,-1,1.0
18696,18698,18697,1,-1,1.0
18696,18697,18696,2,-2,2.0
18696,18697,18696,1,-1,1.0
18696,18697,18696,1,-1,1.0
18696,18697,18696,4,-4,4.0
18696,18697,18697,1,1,1.0
18696,18697,18696,1,-1,1.0
18696,18697,18696,4,-4,4.0
18696,18697,18696,1,-1,1.0
18696,18697,18696,2,-2,2.0
18696,18697,18696,1,-1,1.0
18696,18697,18696,1,-1,1.0
18695,18696,18695,1,-1,1.0
18695,18696,18696,1,1,1.0
18695,18696,18695,1,-1,1.0
18695,18696,18695,1,-1,1.0
18695,18696,18695,1,-1,1.0
18695,18696,18695,4,-4,4.0
18695,18696,18695,2,-2,2.0
18695,18696,18695,27,-27,27.0
18694,18695,18695,8,8,8.0
18694,18695,18694,3,-3,3.0
18694,18695,18694,1,-1,1.0
18694,18695,18694,1,-1,1.0
18694,18695,18695,1,1,1.0
18694,18695,18694,1,-1,1.0
18694,18695,18695,2,2,2.0
18694,18695,18695,5,5,5.0
18694,18695,18695,1,1,1.0
18695,18696,18696,2,2,2.0
18696,18697,18696,1,-1,1.0
18696,18697,18696,1,-1,1.0
18695,18696,18696,1,1,1.0
18696,18697,18697,1,1,1.0
18696,18697,18697,1,1,1.0
18696,18697,18697,1,1,1.0
18696,18697,18697,1,1,1.0
18696,18697,18697,1,1,1.0
18696,18697,18697,2,2,2.0
18696,18697,18697,4,4,4.0
18697,18699,18697,1,-1,1.0
18696,18698,18697,2,-2,2.0
18696,18697,18696,2,-2,2.0
18696,18697,18697,2,2,2.0
18697,18699,18697,1,-1,1.0
18697,18699,18697,2,-2,2.0
18698,18699,18698,1,-1,1.0
18698,18699,18697,2,-2,2.0
18698,18699,18696,1,-1,1.0
18697,18698,18697,1,-1,1.0
18697,18698,18698,6,6,6.0
18698,18699,18699,1,1,1.0
18698,18699,18699,21,21,21.0
18698,18699,18699,1,1,1.0
18698,18699,18698,1,-1,1.0
18698,18699,18698,1,-1,1.0
18698,18699,18699,1,1,1.0
18698,18699,18698,1,-1,1.0
18698,18699,18699,1,1,1.0
18698,18699,18699,1,1,1.0
18698,18699,18699,1,1,1.0
18698,18699,18699,2,2,2.0
18699,18700,18699,2,-2,2.0
18698,18700,18699,1,-1,1.0
18698,18699,18698,2,-2,2.0
18698,18699,18697,8,-8,8.0
18698,18699,18698,1,-1,1.0
18697,18698,18698,2,2,2.0
18697,18698,18698,1,1,1.0
18697,18699,18697,3,-3,3.0
18697,18699,18699,4,4,4.0
18697,18698,18697,4,-4,4.0
18697,18698,18696,5,-5,5.0
18696,18697,18697,1,1,1.0
18696,18698,18696,12,-12,12.0
18696,18698,18695,8,-8,8.0
18696,18697,18696,1,-1,1.0
18696,18697,18696,1,-1,1.0
18695,18696,18695,1,-1,1.0
18695,18696,18695,1,-1,1.0
18695,18696,18695,1,-1,1.0
18695,18696,18695,4,-4,4.0
18695,18696,18695,1,-1,1.0
18695,18696,18695,1,-1,1.0
18695,18696,18695,1,-1,1.0
18695,18696,18695,3,-3,3.0
18695,18696,18695,2,-2,2.0
18694,18695,18695,1,1,1.0
18694,18695,18695,1,1,1.0
18694,18695,18695,1,1,1.0
18694,18695,18695,2,2,2.0
18694,18696,18696,6,6,6.0
18694,18696,18694,1,-1,1.0
18694,18696,18694,1,-1,1.0
18694,18696,18694,1,-1,1.0
18694,18696,18694,1,-1,1.0
18694,18695,18695,3,3,3.0
18694,18695,18694,1,-1,1.0
18694,18695,18695,1,1,1.0
18694,18695,18694,1,-1,1.0
18694,18695,18694,2,-2,2.0
18694,18695,18694,7,-7,7.0
18693,18694,18693,3,-3,3.0
18693,18694,18693,3,-3,3.0
18693,18694,18693,3,-3,3.0
18693,18694,18693,1,-1,1.0
18693,18694,18694,1,1,1.0
18693,18694,18694,1,1,1.0
18693,18694,18694,1,1,1.0
18693,18694,18694,1,1,1.0
18693,18694,18694,1,1,1.0
18693,18694,18694,1,1,1.0
18693,18694,18693,1,-1,1.0
18693,18694,18693,2,-2,2.0
18693,18694,18694,1,1,1.0
18693,18695,18693,10,-10,10.0
18692,18694,18694,1,1,1.0
18692,18694,18693,1,1,-1.0
18692,18693,18693,1,1,1.0
18692,18693,18693,1,1,1.0
18692,18694,18693,10,10,-10.0
18692,18694,18693,1,1,-1.0
18693,18694,18694,1,1,1.0
18693,18694,18693,1,-1,1.0
18693,18694,18693,1,-1,1.0
18693,18694,18693,4,-4,4.0
18693,18694,18692,6,-6,6.0
18692,18694,18694,1,1,1.0
18692,18694,18693,1,1,-1.0
18692,18694,18692,1,-1,1.0
18692,18694,18694,4,4,4.0
18693,18694,18692,3,-3,3.0
18692,18693,18692,5,-5,5.0
18692,18693,18692,2,-2,2.0
18692,18693,18693,2,2,2.0
18692,18693,18693,1,1,1.0
18692,18693,18693,7,7,7.0
18693,18694,18693,1,-1,1.0
18693,18694,18692,4,-4,4.0
18693,18694,18694,1,1,1.0
18694,18695,18695,6,6,6.0
18694,18695,18695,5,5,5.0
18696,18698,18695,2,-2,2.0
18695,18697,18695,1,-1,1.0
18695,18697,18695,1,-1,1.0
18694,18696,18694,1,-1,1.0
18694,18696,18694,1,-1,1.0
18696,18698,18696,1,-1,1.0
18695,18697,18695,1,-1,1.0
18695,18697,18695,2,-2,2.0
18697,18698,18697,1,-1,1.0
18697,18698,18697,2,-2,2.0
18697,18698,18697,1,-1,1.0
18697,18698,18698,3,3,3.0
18697,18698,18699,2,2,-2.0
18697,18699,18697,2,-2,2.0
18697,18699,18698,2,-2,2.0
18697,18698,18698,3,3,3.0
18697,18698,18699,2,2,-2.0
18697,18698,18698,2,2,2.0
18697,18698,18697,1,-1,1.0
18696,18698,18698,5,5,5.0
18697,18698,18698,3,3,3.0
18697,18698,18699,2,2,-2.0
18697,18698,18697,1,-1,1.0
18696,18698,18698,3,3,3.0
18696,18698,18698,1,1,1.0
18696,18698,18698,1,1,1.0
18697,18698,18697,1,-1,1.0
18696,18698,18696,1,-1,1.0
18696,18698,18698,3,3,3.0
18697,18698,18697,1,-1,1.0
18697,18698,18697,1,-1,1.0
18697,18698,18697,1,-1,1.0
18696,18698,18696,2,-2,2.0
18697,18698,18697,9,-9,9.0
18697,18698,18696,1,-1,1.0
18696,18698,18697,1,-1,1.0
18697,18698,18697,1,-1,1.0
18697,18698,18697,1,-1,1.0
18697,18698,18697,1,-1,1.0
18697,18698,18697,1,-1,1.0
18697,18698,18697,2,-2,2.0
18697,18698,18697,1,-1,1.0
18697,18698,18697,1,-1,1.0
18697,18698,18697,1,-1,1.0
18697,18698,18697,1,-1,1.0
18697,18698,18697,1,-1,1.0
18696,18698,18696,3,-3,3.0
18696,18698,18697,1,-1,1.0
18696,18698,18697,1,-1,1.0
18696,18697,18697,1,1,1.0
18696,18697,18696,3,-3,3.0
18696,18697,18697,2,2,2.0
18696,18697,18697,1,1,1.0
18696,18697,18696,1,-1,1.0
18696,18697,18696,1,-1,1.0
18696,18697,18697,1,1,1.0
18697,18698,18697,1,-1,1.0
18697,18698,18698,1,1,1.0
18697,18698,18698,1,1,1.0
18697,18698,18697,1,-1,1.0
18697,18698,18698,1,1,1.0
18697,18698,18697,1,-1,1.0
18697,18698,18697,1,-1,1.0
18696,18697,18696,2,-2,2.0
18695,18697,18696,1,-1,1.0
18695,18697,18695,12,-12,12.0
18694,18695,18694,3,-3,3.0
18693,18694,18693,1,-1,1.0
18693,18694,18693,1,-1,1.0
18693,18694,18693,3,-3,3.0
18693,18694,18693,1,-1,1.0
18693,18694,18693,1,-1,1.0
18693,18694,18693,2,-2,2.0
18693,18694,18693,1,-1,1.0
18693,18694,18692,2,-2,2.0
18692,18693,18692,2,-2,2.0
18692,18693,18692,1,-1,1.0
18692,18693,18693,1,1,1.0
18692,18693,18693,2,2,2.0
18692,18693,18692,1,-1,1.0
18693,18694,18694,1,1,1.0
18693,18694,18694,1,1,1.0
18693,18694,18695,16,16,-16.0
18694,18696,18696,1,1,1.0
18694,18696,18696,1,1,1.0
18695,18697,18695,1,-1,1.0
18696,18697,18696,5,-5,5.0
18696,18697,18695,20,-20,20.0
18694,18696,18696,1,1,1.0
18694,18696,18694,1,-1,1.0
18694,18696,18696,2,2,2.0
18694,18696,18695,1,1,-1.0
18694,18696,18694,25,-25,25.0
18694,18695,18694,5,-5,5.0
18693,18694,18694,2,2,2.0
18693,18694,18695,1,1,-1.0
18693,18694,18693,1,-1,1.0
18693,18694,18693,3,-3,3.0
18693,18694,18693,3,-3,3.0
18693,18694,18694,1,1,1.0
18693,18694,18693,3,-3,3.0
18693,18694,18692,1,-1,1.0
18692,18694,18694,1,1,1.0
18692,18693,18692,21,-21,21.0
18692,18693,18692,4,-4,4.0
18692,18693,18692,2,-2,2.0
18692,18693,18692,2,-2,2.0
18692,18693,18693,1,1,1.0
18692,18693,18693,1,1,1.0
18692,18694,18693,1,1,-1.0
18692,18694,18692,8,-8,8.0
18692,18694,18694,2,2,2.0
18693,18694,18693,1,-1,1.0
18692,18693,18693,1,1,1.0
18692,18693,18692,1,-1,1.0
18692,18693,18693,1,1,1.0
18692,18693,18693,18,18,18.0
18693,18694,18693,2,-2,2.0
18693,18694,18694,2,2,2.0
18693,18695,18695,1,1,1.0
18693,18695,18693,1,-1,1.0
18692,18693,18693,4,4,4.0
18692,18693,18692,2,-2,2.0
18692,18693,18692,1,-1,1.0
18692,18693,18693,22,22,22.0
18692,18693,18694,3,3,-3.0
18693,18695,18693,2,-2,2.0
18693,18695,18693,1,-1,1.0
18694,18695,18694,9,-9,9.0
18693,18694,18694,12,12,12.0
18694,18695,18695,1,1,1.0
18694,18695,18695,1,1,1.0
18694,18695,18694,2,-2,2.0
18694,18695,18694,1,-1,1.0
18693,18695,18693,2,-2,2.0
18693,18694,18694,1,1,1.0
18693,18695,18694,1,1,-1.0
18693,18694,18693,18,-18,18.0
18692,18693,18693,1,1,1.0
18692,18693,18693,1,1,1.0
18692,18694,18693,1,1,-1.0
18693,18694,18693,1,-1,1.0
18693,18694,18693,1,-1,1.0
18693,18694,18694,5,5,5.0
18694,18695,18695,1,1,1.0
18694,18695,18694,10,-10,10.0
18694,18695,18694,14,-14,14.0
18694,18695,18694,1,-1,1.0
18693,18695,18693,2,-2,2.0
18693,18694,18694,1,1,1.0
18694,18695,18694,9,-9,9.0
18694,18695,18693,11,-11,11.0
18693,18694,18694,1,1,1.0
18693,18694,18694,1,1,1.0
18693,18694,18693,6,-6,6.0
18692,18693,18693,1,1,1.0
18692,18693,18693,1,1,1.0
18692,18693,18693,1,1,1.0
18692,18693,18693,1,1,1.0
18692,18693,18693,1,1,1.0
18692,18693,18693,10,10,10.0
18693,18694,18694,2,2,2.0
18694,18695,18695,7,7,7.0
18694,18695,18695,1,1,1.0
18695,18696,18695,1,-1,1.0
18695,18696,18695,1,-1,1.0
18695,18696,18696,1,1,1.0
18695,18696,18696,2,2,2.0
18696,18697,18696,1,-1,1.0
18696,18697,18697,1,1,1.0
18696,18697,18696,4,-4,4.0
18696,18697,18696,1,-1,1.0
18695,18696,18696,1,1,1.0
18695,18696,18696,1,1,1.0
18695,18696,18696,1,1,1.0
18695,18696,18696,1,1,1.0
18695,18696,18696,1,1,1.0
18695,18696,18696,12,12,12.0
18695,18696,18697,3,3,-3.0
18696,18698,18697,1,1,-1.0
18696,18697,18697,2,2,2.0
18696,18697,18697,1,1,1.0
18696,18697,18697,1,1,1.0
18696,18697,18697,5,5,5.0
18696,18697,18697,15,15,15.0
18697,18698,18698,22,22,22.0
18698,18699,18698,2,-2,2.0
18698,18699,18698,3,-3,3.0
18698,18699,18697,17,-17,17.0
18697,18698,18697,1,-1,1.0
18697,18698,18697,1,-1,1.0
18697,18698,18698,1,1,1.0
18697,18698,18697,2,-2,2.0
18697,18698,18697,2,-2,2.0
18697,18698,18697,1,-1,1.0
18696,18697,18697,2,2,2.0
18696,18697,18696,1,-1,1.0
18696,18697,18697,1,1,1.0
18696,18697,18696,1,-1,1.0
18695,18696,18696,22,22,22.0
18695,18696,18697,4,4,-4.0
18695,18697,18697,5,5,5.0
18695,18697,18697,5,5,5.0
18695,18697,18696,3,3,-3.0
18695,18698,18695,3,-3,3.0
18695,18696,18696,1,1,1.0
18695,18696,18696,1,1,1.0
18695,18696,18695,9,-9,9.0
18694,18695,18695,1,1,1.0
18694,18695,18695,1,1,1.0
18694,18695,18695,1,1,1.0
18694,18695,18695,1,1,1.0
18694,18695,18695,4,4,4.0
18694,18695,18695,5,5,5.0
18695,18697,18695,3,-3,3.0
18694,18696,18695,1,-1,1.0
18694,18696,18694,14,-14,14.0
18694,18696,18693,5,-5,5.0
18693,18695,18695,2,2,2.0
18693,18695,18693,1,-1,1.0
18693,18695,18693,10,-10,10.0
18692,18694,18694,2,2,2.0
18692,18694,18694,20,20,20.0
18692,18694,18694,1,1,1.0
18694,18695,18695,2,2,2.0
18695,18696,18695,3,-3,3.0
18695,18696,18694,1,-1,1.0
18693,18694,18693,2,-2,2.0
18693,18694,18693,1,-1,1.0
18693,18694,18693,1,-1,1.0
18692,18694,18694,2,2,2.0
18693,18694,18693,1,-1,1.0
18692,18694,18693,1,-1,1.0
18692,18693,18692,2,-2,2.0
18692,18693,18692,2,-2,2.0
18692,18693,18692,1,-1,1.0
18692,18693,18692,1,-1,1.0
18692,18693,18692,1,-1,1.0
18692,18693,18692,1,-1,1.0
18692,18693,18692,1,-1,1.0
18691,18693,18691,2,-2,2.0
18691,18693,18691,1,-1,1.0
18691,18693,18691,5,-5,5.0
18691,18693,18691,1,-1,1.0
18691,18693,18691,9,-9,9.0
18691,18693,18690,1,-1,1.0
18691,18693,18690,1,-1,1.0
18691,18693,18690,67,-67,67.0
18691,18693,18689,1,-1,1.0
18691,18693,18689,1,-1,1.0
18691,18693,18689,1,-1,1.0
18691,18693,18689,1,-1,1.0
18691,18693,18689,5,-5,5.0
18691,18693,18688,7,-7,7.0
18691,18693,18688,2,-2,2.0
18688,18690,18688,3,-3,3.0
18688,18690,18688,5,-5,5.0
18688,18690,18688,12,-12,12.0
18688,18690,18688,1,-1,1.0
18688,18690,18688,2,-2,2.0
18688,18690,18688,5,-5,5.0
18688,18690,18688,2,-2,2.0
18688,18690,18688,1,-1,1.0
18688,18690,18688,1,-1,1.0
18688,18690,18688,1,-1,1.0
18688,18689,18689,1,1,1.0
18688,18689,18688,1,-1,1.0
18688,18689,18688,1,-1,1.0
18688,18689,18688,4,-4,4.0
18688,18689,18688,1,-1,1.0
18688,18689,18688,1,-1,1.0
18688,18689,18688,2,-2,2.0
18688,18690,18688,1,-1,1.0
18688,18690,18688,1,-1,1.0
18688,18690,18689,1,-1,1.0
18689,18690,18689,1,-1,1.0
18689,18690,18689,1,-1,1.0
18688,18690,18688,1,-1,1.0
18689,18690,18689,1,-1,1.0
18689,18690,18689,2,-2,2.0
18689,18690,18689,1,-1,1.0
18689,18690,18690,1,1,1.0
18689,18690,18689,2,-2,2.0
18688,18690,18688,1,-1,1.0
18689,18690,18689,2,-2,2.0
18689,18690,18689,1,-1,1.0
18689,18690,18690,3,3,3.0
18689,18690,18690,1,1,1.0
18689,18690,18690,1,1,1.0
18691,18693,18691,1,-1,1.0
18692,18694,18692,1,-1,1.0
18692,18693,18692,1,-1,1.0
18692,18694,18693,1,-1,1.0
18692,18694,18693,1,-1,1.0
18692,18694,18693,1,-1,1.0
18692,18693,18693,1,1,1.0
18693,18694,18693,1,-1,1.0
18693,18694,18694,1,1,1.0
18693,18695,18694,1,1,-1.0
18693,18694,18693,1,-1,1.0
18693,18694,18693,1,-1,1.0
18693,18694,18693,1,-1,1.0
18693,18694,18693,4,-4,4.0
18692,18693,18692,1,-1,1.0
18692,18693,18693,1,1,1.0
18692,18693,18693,3,3,3.0
18692,18693,18693,1,1,1.0
18692,18693,18693,2,2,2.0
18692,18693,18693,4,4,4.0
18693,18694,18694,1,1,1.0
18693,18694,18693,1,-1,1.0
18693,18694,18693,6,-6,6.0
18692,18693,18693,1,1,1.0
18692,18693,18693,1,1,1.0
18692,18693,18693,1,1,1.0
18692,18693,18692,4,-4,4.0
18692,18693,18692,1,-1,1.0
18692,18693,18692,1,-1,1.0
18692,18693,18692,2,-2,2.0
18691,18692,18692,2,2,2.0
18691,18692,18691,1,-1,1.0
18691,18692,18691,1,-1,1.0
18691,18692,18691,2,-2,2.0
18690,18692,18690,2,-2,2.0
18690,18692,18691,2,-2,2.0
18690,18692,18690,1,-1,1.0
18690,18691,18690,5,-5,5.0
18690,18691,18691,3,3,3.0
18690,18692,18692,1,1,1.0
18690,18692,18690,1,-1,1.0
18690,18692,18690,14,-14,14.0
18690,18692,18690,1,-1,1.0
18690,18692,18690,1,-1,1.0
18690,18692,18690,1,-1,1.0
18689,18691,18691,1,1,1.0
18690,18691,18691,2,2,2.0
18691,18692,18691,1,-1,1.0
18691,18692,18691,2,-2,2.0
18690,18692,18692,1,1,1.0
18690,18692,18692,1,1,1.0
18690,18692,18692,1,1,1.0
18690,18692,18690,2,-2,2.0
18690,18692,18690,2,-2,2.0
18690,18692,18692,1,1,1.0
18690,18692,18690,1,-1,1.0
18690,18692,18690,1,-1,1.0
18690,18692,18690,1,-1,1.0
18691,18692,18692,24,24,24.0
18691,18692,18691,1,-1,1.0
18690,18691,18691,1,1,1.0
18690,18691,18691,4,4,4.0
18690,18691,18690,4,-4,4.0
18690,18691,18691,1,1,1.0
18690,18691,18690,1,-1,1.0
18689,18691,18691,1,1,1.0
18690,18691,18691,1,1,1.0
18691,18692,18690,1,-1,1.0
18691,18692,18690,1,-1,1.0
18690,18691,18691,1,1,1.0
18690,18691,18691,1,1,1.0
18690,18692,18690,1,-1,1.0
18690,18691,18691,1,1,1.0
18690,18691,18690,1,-1,1.0
18690,18692,18690,1,-1,1.0
18691,18692,18692,7,7,7.0
18692,18693,18693,1,1,1.0
18692,18693,18693,6,6,6.0
18692,18693,18693,12,12,12.0
18693,18694,18693,1,-1,1.0
18693,18694,18693,7,-7,7.0
18692,18693,18693,9,9,9.0
18692,18693,18694,12,12,-12.0
18693,18694,18693,2,-2,2.0
18694,18695,18694,1,-1,1.0
18694,18695,18694,3,-3,3.0
18693,18694,18693,8,-8,8.0
18693,18694,18694,1,1,1.0
18693,18694,18694,1,1,1.0
18693,18694,18693,1,-1,1.0
18693,18694,18694,1,1,1.0
18693,18694,18694,1,1,1.0
18693,18694,18694,8,8,8.0
18693,18695,18693,1,-1,1.0
18693,18695,18694,1,-1,1.0
18693,18694,18694,1,1,1.0
18693,18694,18694,1,1,1.0
18693,18694,18694,1,1,1.0
18693,18694,18693,1,-1,1.0
18693,18694,18694,1,1,1.0
18693,18694,18694,13,13,13.0
18694,18695,18694,9,-9,9.0
18694,18695,18694,1,-1,1.0
18694,18695,18694,5,-5,5.0
18693,18694,18694,1,1,1.0
18693,18694,18694,5,5,5.0
18693,18695,18695,1,1,1.0
18693,18694,18694,1,1,1.0
18694,18695,18695,1,1,1.0
18694,18695,18694,1,-1,1.0
18694,18695,18695,1,1,1.0
18694,18695,18695,1,1,1.0
18694,18695,18695,1,1,1.0
18694,18696,18696,1,1,1.0
18694,18696,18696,1,1,1.0
18695,18696,18696,1,1,1.0
18695,18696,18696,1,1,1.0
18695,18696,18696,1,1,1.0
18695,18697,18695,2,-2,2.0
18695,18696,18695,1,-1,1.0
18695,18696,18695,1,-1,1.0
18695,18696,18696,1,1,1.0
18695,18696,18696,1,1,1.0
18695,18696,18695,1,-1,1.0
18694,18696,18696,1,1,1.0
18696,18697,18697,1,1,1.0
18696,18697,18697,1,1,1.0
18696,18697,18697,5,5,5.0
18696,18697,18697,7,7,7.0
18697,18698,18698,1,1,1.0
18697,18698,18698,1,1,1.0
18697,18698,18698,1,1,1.0
18697,18698,18698,4,4,4.0
18697,18698,18698,1,1,1.0
18698,18699,18698,1,-1,1.0
18698,18699,18698,2,-2,2.0
18698,18699,18698,3,-3,3.0
18698,18699,18697,2,-2,2.0
18698,18699,18697,2,-2,2.0
18698,18699,18697,3,-3,3.0
18698,18699,18697,2,-2,2.0
18698,18699,18697,1,-1,1.0
18698,18699,18696,1,-1,1.0
18698,18699,18696,4,-4,4.0
18696,18697,18696,1,-1,1.0
18696,18697,18696,2,-2,2.0
18696,18697,18696,1,-1,1.0
18696,18697,18696,1,-1,1.0
18696,18697,18695,1,-1,1.0
18695,18697,18697,1,1,1.0
18696,18698,18698,1,1,1.0
18696,18698,18698,2,2,2.0
18696,18698,18698,1,1,1.0
18696,18698,18698,5,5,5.0
18698,18699,18698,1,-1,1.0
18698,18699,18699,2,2,2.0
18698,18699,18699,1,1,1.0
18698,18699,18699,1,1,1.0
18698,18699,18699,1,1,1.0
18698,18699,18699,1,1,1.0
18698,18699,18699,1,1,1.0
18698,18699,18699,5,5,5.0
18698,18699,18699,8,8,8.0
18698,18700,18700,1,1,1.0
18699,18700,18700,2,2,2.0
18699,18700,18700,1,1,1.0
18699,18700,18700,1,1,1.0
18699,18700,18700,1,1,1.0
18699,18700,18700,1,1,1.0
18699,18700,18700,2,2,2.0
18699,18700,18699,9,-9,9.0
18699,18700,18698,1,-1,1.0
18699,18700,18699,2,-2,2.0
18699,18700,18699,1,-1,1.0
18698,18699,18699,1,1,1.0
18698,18699,18699,2,2,2.0
18698,18699,18698,8,-8,8.0
18697,18699,18699,1,1,1.0
18697,18699,18697,1,-1,1.0
18697,18698,18697,1,-1,1.0
18697,18698,18697,1,-1,1.0
18696,18697,18697,1,1,1.0
18696,18697,18697,3,3,3.0
18696,18697,18697,1,1,1.0
18697,18698,18697,1,-1,1.0
18697,18698,18698,3,3,3.0
18697,18698,18698,3,3,3.0
18698,18699,18698,2,-2,2.0
18697,18699,18698,1,-1,1.0
18697,18699,18698,1,-1,1.0
18697,18698,18698,1,1,1.0
18697,18698,18697,1,-1,1.0
18697,18698,18697,1,-1,1.0
18696,18698,18698,1,1,1.0
18698,18699,18698,1,-1,1.0
18698,18699,18699,1,1,1.0
18697,18699,18699,1,1,1.0
18698,18699,18698,1,-1,1.0
18697,18698,18698,2,2,2.0
18697,18698,18698,2,2,2.0
18697,18699,18699,1,1,1.0
18698,18699,18699,13,13,13.0
18699,18700,18699,1,-1,1.0
18698,18700,18700,1,1,1.0
18698,18699,18698,1,-1,1.0
18698,18699,18698,1,-1,1.0
18698,18699,18698,2,-2,2.0
18697,18698,18697,1,-1,1.0
18697,18699,18698,1,-1,1.0
18698,18699,18698,2,-2,2.0
18698,18699,18698,3,-3,3.0
18697,18699,18697,39,-39,39.0
18696,18697,18696,1,-1,1.0
18696,18697,18696,1,-1,1.0
18696,18697,18697,1,1,1.0
18696,18697,18696,1,-1,1.0
18696,18697,18696,3,-3,3.0
18695,18696,18696,1,1,1.0
18695,18696,18695,1,-1,1.0
18695,18696,18696,2,2,2.0
18695,18696,18696,1,1,1.0
18695,18697,18697,1,1,1.0
18696,18697,18696,1,-1,1.0
18697,18698,18697,1,-1,1.0
18697,18698,18697,1,-1,1.0
18697,18698,18697,2,-2,2.0
18697,18698,18697,1,-1,1.0
18696,18697,18696,5,-5,5.0
18696,18697,18696,1,-1,1.0
18696,18697,18697,12,12,12.0
18696,18697,18698,37,37,-37.0
18696,18697,18698,1,1,-1.0
18696,18697,18696,1,-1,1.0
18696,18697,18697,1,1,1.0
18696,18697,18696,3,-3,3.0
18696,18697,18697,1,1,1.0
18696,18697,18695,1,-1,1.0
18697,18698,18697,1,-1,1.0
18697,18698,18697,1,-1,1.0
18695,18696,18696,1,1,1.0
18695,18696,18696,2,2,2.0
18696,18697,18696,2,-2,2.0
18695,18696,18696,1,1,1.0
18696,18697,18696,1,-1,1.0
18695,18696,18695,32,-32,32.0
18695,18696,18694,12,-12,12.0
18695,18696,18695,2,-2,2.0
18693,18695,18695,1,1,1.0
18694,18695,18695,1,1,1.0
18694,18695,18695,1,1,1.0
18694,18695,18694,6,-6,6.0
18694,18695,18693,1,-1,1.0
18693,18695,18694,1,-1,1.0
18694,18695,18695,3,3,3.0
18695,18696,18695,1,-1,1.0
18695,18696,18695,1,-1,1.0
18695,18696,18695,1,-1,1.0
18695,18696,18695,1,-1,1.0
18694,18695,18694,1,-1,1.0
18694,18695,18694,1,-1,1.0
18693,18694,18694,1,1,1.0
18693,18694,18693,1,-1,1.0
18693,18694,18693,2,-2,2.0
18692,18693,18692,10,-10,10.0
18691,18692,18691,7,-7,7.0
18690,18691,18690,16,-16,16.0
18690,18691,18689,8,-8,8.0
18688,18689,18688,1,-1,1.0
18688,18689,18688,2,-2,2.0
18688,18689,18688,4,-4,4.0
18688,18689,18688,22,-22,22.0
18688,18689,18688,5,-5,5.0
18688,18689,18687,4,-4,4.0
18687,18688,18687,3,-3,3.0
18687,18688,18687,5,-5,5.0
18687,18688,18687,3,-3,3.0
18687,18688,18687,3,-3,3.0
18687,18688,18687,2,-2,2.0
18687,18688,18688,2,2,2.0
18688,18689,18689,2,2,2.0
18688,18689,18689,10,10,10.0
18688,18690,18690,1,1,1.0
18688,18690,18688,10,-10,10.0
18688,18689,18688,2,-2,2.0
18688,18689,18689,1,1,1.0
18689,18690,18689,1,-1,1.0
18689,18690,18689,1,-1,1.0
18688,18690,18688,4,-4,4.0
18688,18690,18688,1,-1,1.0
18688,18690,18689,2,-2,2.0
18688,18689,18689,4,4,4.0
18688,18689,18690,6,6,-6.0
18688,18690,18690,2,2,2.0
18688,18689,18688,1,-1,1.0
18688,18689,18689,2,2,2.0
18688,18689,18689,1,1,1.0
18688,18689,18689,1,1,1.0
18688,18689,18688,8,-8,8.0
18688,18689,18689,1,1,1.0
18688,18689,18688,4,-4,4.0
18688,18689,18688,1,-1,1.0
18688,18689,18688,1,-1,1.0
18688,18689,18688,1,-1,1.0
18688,18689,18688,1,-1,1.0
18688,18689,18688,1,-1,1.0
18688,18689,18688,1,-1,1.0
18688,18689,18688,1,-1,1.0
18688,18689,18689,2,2,2.0
18688,18689,18688,1,-1,1.0
18688,18689,18689,2,2,2.0
18688,18689,18688,3,-3,3.0
18688,18689,18689,1,1,1.0
18688,18689,18689,7,7,7.0
18689,18690,18689,1,-1,1.0
18689,18690,18690,10,10,10.0
18689,18690,18690,1,1,1.0
18689,18690,18690,2,2,2.0
18689,18690,18690,2,2,2.0
18690,18691,18690,1,-1,1.0
18690,18691,18690,1,-1,1.0
18689,18691,18691,1,1,1.0
18690,18691,18690,1,-1,1.0
18690,18691,18690,6,-6,6.0
18689,18690,18689,1,-1,1.0
18688,18689,18689,1,1,1.0
18688,18689,18689,1,1,1.0
18688,18689,18689,1,1,1.0
18688,18689,18689,1,1,1.0
18688,18689,18688,1,-1,1.0
18688,18689,18688,1,-1,1.0
18688,18689,18689,2,2,2.0
18688,18689,18689,1,1,1.0
18688,18689,18689,1,1,1.0
18688,18689,18689,1,1,1.0
18688,18689,18689,1,1,1.0
18688,18689,18689,2,2,2.0
18688,18689,18688,5,-5,5.0
18688,18689,18688,4,-4,4.0
18687,18688,18688,2,2,2.0
18687,18689,18689,1,1,1.0
18687,18689,18689,4,4,4.0
18687,18689,18689,1,1,1.0
18688,18689,18689,1,1,1.0
18688,18689,18689,1,1,1.0
18688,18689,18689,1,1,1.0
18688,18689,18688,1,-1,1.0
18687,18688,18688,1,1,1.0
18687,18688,18688,3,3,3.0
18687,18689,18689,2,2,2.0
18687,18689,18689,8,8,8.0
18687,18689,18689,7,7,7.0
18687,18689,18689,2,2,2.0
18687,18689,18689,5,5,5.0
18687,18689,18689,2,2,2.0
18687,18689,18689,2,2,2.0
18687,18689,18689,4,4,4.0
18687,18689,18690,1,1,-1.0
18687,18689,18690,1,1,-1.0
18687,18689,18690,2,2,-2.0
18687,18689,18690,3,3,-3.0
18687,18689,18690,1,1,-1.0
18687,18689,18690,1,1,-1.0
18687,18689,18690,6,6,-6.0
18687,18689,18690,3,3,-3.0
18687,18689,18690,1,1,-1.0
18687,18689,18690,6,6,-6.0
18687,18689,18690,2,2,-2.0
18687,18689,18690,1,1,-1.0
18687,18689,18690,1,1,-1.0
18687,18689,18690,6,6,-6.0
18687,18689,18690,1,1,-1.0
18687,18689,18690,4,4,-4.0
18687,18689,18690,2,2,-2.0
18687,18689,18690,8,8,-8.0
18689,18691,18689,1,-1,1.0
18689,18690,18689,1,-1,1.0
18689,18690,18690,1,1,1.0
18689,18690,18689,2,-2,2.0
18689,18690,18689,1,-1,1.0
18689,18690,18689,2,-2,2.0
18689,18690,18690,1,1,1.0
18690,18691,18690,18,-18,18.0
18689,18690,18690,1,1,1.0
18689,18690,18690,1,1,1.0
18689,18690,18689,2,-2,2.0
18688,18690,18690,38,38,38.0
18689,18691,18691,1,1,1.0
18689,18690,18689,2,-2,2.0
18688,18689,18688,1,-1,1.0
18688,18689,18688,1,-1,1.0
18688,18689,18688,1,-1,1.0
18688,18689,18688,1,-1,1.0
18688,18689,18688,1,-1,1.0
18688,18689,18688,1,-1,1.0
18688,18689,18688,2,-2,2.0
18688,18689,18687,1,-1,1.0
18688,18689,18687,1,-1,1.0
18687,18688,18688,1,1,1.0
18687,18688,18687,2,-2,2.0
18687,18688,18687,2,-2,2.0
18687,18688,18687,2,-2,2.0
18687,18688,18687,2,-2,2.0
18687,18688,18687,2,-2,2.0
18687,18688,18687,2,-2,2.0
18687,18688,18688,1,1,1.0
18687,18688,18688,1,1,1.0
18687,18689,18688,1,1,-1.0
18687,18688,18688,1,1,1.0
18687,18688,18688,7,7,7.0
18687,18688,18688,3,3,3.0
18687,18688,18688,1,1,1.0
18687,18688,18687,1,-1,1.0
18687,18689,18687,4,-4,4.0
18687,18689,18688,1,-1,1.0
18687,18688,18688,1,1,1.0
18687,18688,18688,1,1,1.0
18687,18688,18688,2,2,2.0
18687,18689,18688,1,1,-1.0
18687,18689,18689,3,3,3.0
18688,18689,18689,1,1,1.0
18688,18690,18689,2,2,-2.0
18689,18690,18689,1,-1,1.0
18688,18690,18690,1,1,1.0
18689,18690,18690,1,1,1.0
18689,18690,18690,5,5,5.0
18689,18690,18690,20,20,20.0
18689,18690,18690,1,1,1.0
18689,18691,18689,1,-1,1.0
18689,18691,18690,1,-1,1.0
18689,18690,18690,1,1,1.0
18689,18690,18690,2,2,2.0
18689,18690,18690,1,1,1.0
18689,18690,18690,3,3,3.0
18689,18690,18689,1,-1,1.0
18689,18690,18690,1,1,1.0
18689,18690,18690,1,1,1.0
18689,18690,18689,4,-4,4.0
18689,18690,18690,1,1,1.0
18689,18690,18690,3,3,3.0
18689,18690,18690,3,3,3.0
18689,18690,18690,2,2,2.0
18689,18690,18690,8,8,8.0
18690,18691,18691,5,5,5.0
18691,18692,18692,1,1,1.0
18691,18692,18692,4,4,4.0
18692,18693,18693,1,1,1.0
18692,18693,18693,3,3,3.0
18692,18693,18693,1,1,1.0
18692,18693,18692,1,-1,1.0
18692,18693,18692,11,-11,11.0
18691,18693,18690,4,-4,4.0
18690,18692,18692,1,1,1.0
18690,18691,18690,1,-1,1.0
18690,18691,18690,1,-1,1.0
18690,18691,18691,3,3,3.0
18690,18691,18691,1,1,1.0
18690,18691,18691,2,2,2.0
18690,18691,18690,3,-3,3.0
18690,18691,18690,9,-9,9.0
18690,18691,18690,1,-1,1.0
18690,18691,18690,1,-1,1.0
18690,18691,18690,5,-5,5.0
18690,18691,18690,1,-1,1.0
18689,18690,18690,4,4,4.0
18689,18690,18690,1,1,1.0
18690,18691,18690,1,-1,1.0
18690,18691,18691,1,1,1.0
18690,18691,18690,1,-1,1.0
18690,18691,18691,1,1,1.0
18690,18691,18691,1,1,1.0
18690,18691,18691,7,7,7.0
18690,18691,18691,5,5,5.0
18690,18691,18691,3,3,3.0
18690,18691,18691,2,2,2.0
18690,18691,18691,2,2,2.0
18690,18691,18692,1,1,-1.0
18692,18693,18693,1,1,1.0
18692,18693,18693,2,2,2.0
18693,18694,18693,3,-3,3.0
18691,18693,18693,2,2,2.0
18692,18693,18693,1,1,1.0
18692,18694,18692,3,-3,3.0
18692,18694,18692,4,-4,4.0
18692,18694,18692,2,-2,2.0
18692,18693,18693,1,1,1.0
18692,18693,18693,1,1,1.0
18692,18693,18692,1,-1,1.0
18691,18692,18692,10,10,10.0
18691,18693,18693,1,1,1.0
18692,18694,18693,4,4,-4.0
18693,18694,18693,1,-1,1.0
18693,18694,18693,4,-4,4.0
18693,18694,18693,1,-1,1.0
18692,18693,18693,6,6,6.0
18693,18694,18694,1,1,1.0
18693,18694,18694,1,1,1.0
18693,18694,18693,1,-1,1.0
18693,18694,18693,1,-1,1.0
18693,18694,18693,2,-2,2.0
18693,18694,18693,4,-4,4.0
18692,18693,18693,3,3,3.0
18692,18693,18692,5,-5,5.0
18692,18693,18691,4,-4,4.0
18691,18693,18693,4,4,4.0
18692,18693,18693,2,2,2.0
18692,18693,18693,1,1,1.0
18692,18694,18694,12,12,12.0
18692,18694,18694,1,1,1.0
18693,18694,18694,1,1,1.0
18693,18694,18694,1,1,1.0
18694,18695,18695,1,1,1.0
18694,18695,18695,2,2,2.0
18694,18695,18695,1,1,1.0
18694,18695,18695,1,1,1.0
18694,18695,18695,26,26,26.0
18694,18695,18696,1,1,-1.0
18695,18696,18695,1,-1,1.0
18695,18696,18696,2,2,2.0
18695,18696,18696,1,1,1.0
18695,18696,18697,1,1,-1.0
18695,18697,18697,1,1,1.0
18695,18697,18697,1,1,1.0
18695,18697,18697,3,3,3.0
18696,18697,18697,1,1,1.0
18696,18697,18696,4,-4,4.0
18696,18697,18695,6,-6,6.0
18695,18697,18695,1,-1,1.0
18695,18697,18696,1,-1,1.0
18696,18697,18696,1,-1,1.0
18696,18697,18696,1,-1,1.0
18695,18697,18695,1,-1,1.0
18695,18696,18695,1,-1,1.0
18695,18696,18695,1,-1,1.0
18695,18696,18695,1,-1,1.0
18695,18696,18696,1,1,1.0
18695,18697,18695,6,-6,6.0
18695,18696,18695,1,-1,1.0
18695,18696,18696,1,1,1.0
18695,18697,18697,6,6,6.0
18696,18697,18697,1,1,1.0
18696,18697,18696,5,-5,5.0
18696,18697,18697,6,6,6.0
18697,18698,18698,1,1,1.0
18697,18698,18698,2,2,2.0
18697,18698,18697,1,-1,1.0
18697,18698,18698,1,1,1.0
18697,18698,18697,3,-3,3.0
18697,18698,18698,1,1,1.0
18697,18698,18698,2,2,2.0
18697,18698,18699,2,2,-2.0
18698,18699,18699,10,10,10.0
18698,18699,18698,1,-1,1.0
18698,18699,18698,6,-6,6.0
18698,18699,18698,2,-2,2.0
18698,18699,18698,3,-3,3.0
18697,18698,18698,1,1,1.0
18697,18699,18699,1,1,1.0
18697,18699,18698,1,1,-1.0
18697,18698,18698,1,1,1.0
18697,18698,18699,1,1,-1.0
18698,18699,18699,2,2,2.0
18698,18699,18698,1,-1,1.0
18698,18699,18699,2,2,2.0
18698,18699,18699,1,1,1.0
18698,18699,18698,1,-1,1.0
18698,18699,18698,10,-10,10.0
18698,18699,18699,1,1,1.0
18698,18699,18699,1,1,1.0
18698,18699,18699,3,3,3.0
18698,18699,18699,4,4,4.0
18698,18699,18699,1,1,1.0
18698,18699,18699,2,2,2.0
18698,18699,18699,4,4,4.0
18699,18700,18700,51,51,51.0
18699,18700,18701,1,1,-1.0
18700,18701,18701,1,1,1.0
18700,18701,18701,3,3,3.0
18700,18701,18701,2,2,2.0
18700,18701,18701,1,1,1.0
18700,18701,18700,1,-1,1.0
18700,18701,18701,1,1,1.0
18700,18701,18700,23,-23,23.0
18700,18701,18700,1,-1,1.0
18698,18700,18700,3,3,3.0
18698,18700,18700,1,1,1.0
18699,18700,18700,1,1,1.0
18699,18700,18699,1,-1,1.0
18699,18700,18699,1,-1,1.0
18699,18700,18700,1,1,1.0
18699,18700,18699,2,-2,2.0
18699,18700,18699,2,-2,2.0
18698,18700,18700,1,1,1.0
18698,18699,18698,4,-4,4.0
18698,18699,18698,1,-1,1.0
18698,18699,18698,1,-1,1.0
18698,18699,18698,1,-1,1.0
18697,18698,18697,2,-2,2.0
18697,18698,18698,1,1,1.0
18697,18698,18697,1,-1,1.0
18697,18698,18698,1,1,1.0
18697,18698,18697,1,-1,1.0
18696,18697,18697,2,2,2.0
18697,18698,18697,1,-1,1.0
18697,18698,18696,1,-1,1.0
18696,18697,18697,1,1,1.0
18696,18697,18697,2,2,2.0
18697,18699,18699,1,1,1.0
18697,18699,18697,1,-1,1.0
18697,18699,18697,1,-1,1.0
18697,18699,18698,1,-1,1.0
18698,18699,18698,1,-1,1.0
18698,18699,18699,2,2,2.0
18698,18699,18699,2,2,2.0
18698,18699,18699,3,3,3.0
18698,18699,18699,2,2,2.0
18698,18699,18699,1,1,1.0
18698,18699,18699,1,1,1.0
18699,18700,18699,1,-1,1.0
18699,18700,18699,1,-1,1.0
18699,18700,18699,1,-1,1.0
18699,18700,18700,1,1,1.0
18699,18700,18700,1,1,1.0
18699,18700,18700,1,1,1.0
18699,18700,18700,1,1,1.0
18699,18700,18700,1,1,1.0
18699,18700,18700,2,2,2.0
18699,18700,18700,1,1,1.0
18699,18700,18700,3,3,3.0
18699,18700,18700,2,2,2.0
18699,18700,18700,14,14,14.0
18699,18700,18700,1,1,1.0
18699,18700,18700,1,1,1.0
18699,18700,18700,18,18,18.0
18699,18700,18700,3,3,3.0
18699,18700,18700,1,1,1.0
18699,18700,18700,1,1,1.0
18699,18700,18700,1,1,1.0
18699,18700,18700,1,1,1.0
18699,18700,18700,1,1,1.0
18699,18700,18700,1,1,1.0
18699,18700,18700,1,1,1.0
18699,18700,18700,7,7,7.0
18699,18700,18700,2,2,2.0
18699,18700,18700,7,7,7.0
18700,18701,18700,1,-1,1.0
18700,18701,18701,1,1,1.0
18700,18701,18700,1,-1,1.0
18700,18701,18701,1,1,1.0
18700,18701,18700,1,-1,1.0
18700,18701,18701,1,1,1.0
18700,18701,18701,1,1,1.0
18700,18701,18700,1,-1,1.0
18700,18701,18700,2,-2,2.0
18700,18701,18700,4,-4,4.0
18699,18701,18701,2,2,2.0
18699,18700,18700,1,1,1.0
18699,18700,18699,2,-2,2.0
18698,18699,18699,1,1,1.0
18698,18700,18700,2,2,2.0
18698,18700,18699,2,2,-2.0
18698,18699,18699,1,1,1.0
18698,18699,18698,1,-1,1.0
18698,18699,18698,2,-2,2.0
18698,18699,18698,1,-1,1.0
18697,18698,18698,1,1,1.0
18698,18699,18698,1,-1,1.0
18698,18699,18699,1,1,1.0
18698,18699,18698,1,-1,1.0
18698,18699,18699,1,1,1.0
18698,18699,18699,1,1,1.0
18698,18699,18699,1,1,1.0
18698,18699,18698,1,-1,1.0
18698,18699,18698,2,-2,2.0
18698,18699,18698,1,-1,1.0
18697,18699,18699,2,2,2.0
18698,18699,18698,1,-1,1.0
18697,18698,18698,1,1,1.0
18697,18698,18698,1,1,1.0
18697,18698,18698,2,2,2.0
18697,18698,18699,3,3,-3.0
18698,18699,18698,4,-4,4.0
18698,18699,18698,3,-3,3.0
18697,18698,18698,1,1,1.0
18697,18698,18697,1,-1,1.0
18697,18698,18697,16,-16,16.0
18697,18698,18697,2,-2,2.0
18697,18698,18697,1,-1,1.0
18697,18698,18697,2,-2,2.0
18697,18698,18697,1,-1,1.0
18697,18698,18697,3,-3,3.0
18697,18698,18697,1,-1,1.0
18697,18698,18697,1,-1,1.0
18696,18697,18697,1,1,1.0
18697,18698,18697,3,-3,3.0
18697,18698,18697,2,-2,2.0
18697,18698,18696,18,-18,18.0
18696,18697,18696,2,-2,2.0
18696,18698,18696,1,-1,1.0
18697,18698,18698,5,5,5.0
18697,18699,18698,2,2,-2.0
18698,18699,18699,2,2,2.0
18698,18699,18699,3,3,3.0
18698,18699,18699,2,2,2.0
18698,18699,18699,3,3,3.0
18698,18699,18699,1,1,1.0
18698,18699,18699,1,1,1.0
18698,18699,18699,2,2,2.0
18698,18699,18699,4,4,4.0
18698,18699,18699,1,1,1.0
18698,18699,18699,2,2,2.0
18698,18699,18699,1,1,1.0
18698,18699,18699,5,5,5.0
18698,18699,18699,3,3,3.0
18698,18699,18699,4,4,4.0
18698,18699,18699,5,5,5.0
18698,18699,18699,1,1,1.0
18699,18700,18700,1,1,1.0
18699,18700,18699,3,-3,3.0
18699,18700,18700,24,24,24.0
18700,18701,18700,1,-1,1.0
18700,18701,18700,1,-1,1.0
18700,18701,18700,1,-1,1.0
18700,18701,18701,1,1,1.0
18699,18701,18701,1,1,1.0
18699,18701,18701,1,1,1.0
18699,18701,18701,1,1,1.0
18699,18701,18701,1,1,1.0
18699,18701,18701,1,1,1.0
18699,18701,18701,1,1,1.0
18700,18701,18701,1,1,1.0
18700,18701,18700,2,-2,2.0
18700,18701,18700,1,-1,1.0
18699,18701,18701,3,3,3.0
18699,18701,18700,2,2,-2.0
18700,18701,18701,1,1,1.0
18700,18701,18701,1,1,1.0
18700,18701,18701,2,2,2.0
18700,18701,18701,1,1,1.0
18700,18701,18701,4,4,4.0
18700,18701,18701,3,3,3.0
18700,18701,18701,2,2,2.0
18700,18701,18701,2,2,2.0
18700,18701,18701,1,1,1.0
18700,18701,18701,1,1,1.0
18700,18701,18701,13,13,13.0
18701,18702,18701,1,-1,1.0
18701,18702,18701,1,-1,1.0
18701,18702,18701,2,-2,2.0
18701,18702,18701,2,-2,2.0
18700,18701,18701,1,1,1.0
18700,18701,18700,1,-1,1.0
18699,18701,18701,1,1,1.0
18699,18701,18701,1,1,1.0
18699,18700,18699,1,-1,1.0
18699,18700,18700,1,1,1.0
18699,18700,18700,1,1,1.0
18699,18700,18699,1,-1,1.0
18699,18700,18699,1,-1,1.0
18699,18700,18699,1,-1,1.0
18699,18700,18699,1,-1,1.0
18699,18700,18699,1,-1,1.0
18699,18700,18699,1,-1,1.0
18698,18700,18700,1,1,1.0
18698,18699,18698,8,-8,8.0
18697,18699,18699,1,1,1.0
18698,18700,18700,3,3,3.0
18698,18700,18699,1,1,-1.0
18698,18700,18700,1,1,1.0
18698,18699,18698,1,-1,1.0
18698,18699,18698,3,-3,3.0
18698,18699,18698,4,-4,4.0
18697,18699,18698,1,-1,1.0
18697,18698,18698,1,1,1.0
18697,18698,18698,1,1,1.0
18697,18698,18698,1,1,1.0
18697,18698,18698,2,2,2.0
18697,18698,18698,2,2,2.0
18698,18699,18698,1,-1,1.0
18698,18700,18699,1,-1,1.0
18699,18700,18699,2,-2,2.0
18699,18700,18699,1,-1,1.0
18699,18700,18699,2,-2,2.0
18699,18700,18699,3,-3,3.0
18698,18699,18699,6,6,6.0
18698,18699,18699,2,2,2.0
18698,18699,18698,1,-1,1.0
18698,18699,18698,1,-1,1.0
18698,18699,18699,1,1,1.0
18698,18700,18698,1,-1,1.0
18698,18699,18699,1,1,1.0
18698,18699,18699,1,1,1.0
18699,18700,18700,5,5,5.0
18699,18700,18700,2,2,2.0
18699,18700,18700,2,2,2.0
18699,18700,18700,3,3,3.0
18699,18700,18700,1,1,1.0
18700,18701,18700,1,-1,1.0
18700,18701,18700,1,-1,1.0
18700,18701,18701,10,10,10.0
18701,18702,18701,1,-1,1.0
18700,18702,18700,2,-2,2.0
18701,18702,18701,1,-1,1.0
18700,18702,18701,1,-1,1.0
18700,18702,18701,2,-2,2.0
18701,18702,18701,2,-2,2.0
18701,18702,18701,3,-3,3.0
18701,18702,18701,1,-1,1.0
18701,18702,18701,1,-1,1.0
18700,18701,18700,5,-5,5.0
18699,18701,18701,1,1,1.0
18700,18701,18701,1,1,1.0
18699,18701,18701,1,1,1.0
18700,18702,18701,1,1,-1.0
18701,18702,18701,1,-1,1.0
18701,18702,18701,1,-1,1.0
18701,18702,18701,1,-1,1.0
18701,18702,18701,1,-1,1.0
18701,18702,18701,2,-2,2.0
18701,18702,18701,1,-1,1.0
18700,18702,18702,1,1,1.0
18700,18702,18702,2,2,2.0
18700,18702,18700,1,-1,1.0
18700,18702,18702,1,1,1.0
18700,18702,18702,1,1,1.0
18700,18702,18702,1,1,1.0
18700,18702,18702,1,1,1.0
18700,18701,18700,1,-1,1.0
18700,18701,18700,1,-1,1.0
18699,18701,18701,1,1,1.0
18700,18701,18701,2,2,2.0
18701,18702,18701,1,-1,1.0
18701,18702,18701,1,-1,1.0
18701,18702,18701,1,-1,1.0
18701,18702,18701,2,-2,2.0
18701,18702,18700,1,-1,1.0
18700,18702,18702,2,2,2.0
18701,18702,18701,1,-1,1.0
18701,18702,18701,1,-1,1.0
18700,18701,18701,1,1,1.0
18701,18702,18702,1,1,1.0
18701,18702,18702,3,3,3.0
18701,18702,18702,2,2,2.0
18701,18702,18702,5,5,5.0
18701,18702,18702,1,1,1.0
18701,18702,18702,1,1,1.0
18701,18702,18702,17,17,17.0
18701,18702,18702,1,1,1.0
18701,18702,18702,2,2,2.0
18701,18702,18702,1,1,1.0
18701,18702,18702,1,1,1.0
18701,18702,18702,2,2,2.0
18701,18702,18702,1,1,1.0
18701,18702,18702,1,1,1.0
18701,18702,18702,3,3,3.0
18702,18703,18703,1,1,1.0
18702,18703,18703,1,1,1.0
18702,18703,18703,1,1,1.0
18702,18703,18703,2,2,2.0
18702,18703,18703,3,3,3.0
18702,18703,18703,1,1,1.0
18702,18703,18703,3,3,3.0
18702,18703,18703,2,2,2.0
18702,18703,18703,1,1,1.0
18702,18703,18703,1,1,1.0
18702,18703,18703,2,2,2.0
18702,18704,18704,1,1,1.0
18702,18704,18703,1,1,-1.0
18702,18704,18704,1,1,1.0
18702,18704,18704,1,1,1.0
18702,18704,18704,1,1,1.0
18702,18704,18704,1,1,1.0
18702,18704,18704,1,1,1.0
18702,18704,18703,1,1,-1.0
18702,18704,18702,10,-10,10.0
18702,18704,18703,1,-1,1.0
18702,18704,18703,1,-1,1.0
18702,18704,18703,1,-1,1.0
18702,18704,18703,2,-2,2.0
18702,18704,18703,15,-15,15.0
18702,18704,18703,1,-1,1.0
18702,18704,18703,1,-1,1.0
18702,18704,18704,1,1,1.0
18702,18703,18702,1,-1,1.0
18701,18702,18702,2,2,2.0
18701,18702,18701,2,-2,2.0
18700,18702,18702,1,1,1.0
18701,18703,18702,1,1,-1.0
18701,18703,18701,1,-1,1.0
18701,18702,18702,1,1,1.0
18701,18703,18703,1,1,1.0
18701,18703,18703,4,4,4.0
18701,18703,18703,1,1,1.0
18701,18703,18701,1,-1,1.0
18701,18703,18703,1,1,1.0
18701,18703,18703,1,1,1.0
18701,18703,18703,3,3,3.0
18701,18703,18703,1,1,1.0
18701,18703,18703,1,1,1.0
18701,18703,18703,1,1,1.0
18701,18703,18703,2,2,2.0
18701,18703,18703,1,1,1.0
18702,18704,18703,1,1,-1.0
18702,18704,18704,6,6,6.0
18702,18704,18704,1,1,1.0
18702,18704,18704,1,1,1.0
18702,18704,18704,1,1,1.0
18702,18704,18704,1,1,1.0
18702,18704,18704,1,1,1.0
18702,18704,18702,1,-1,1.0
18702,18704,18704,2,2,2.0
18702,18703,18703,1,1,1.0
18702,18703,18704,1,1,-1.0
18702,18704,18704,1,1,1.0
18702,18704,18702,3,-3,3.0
18701,18703,18703,1,1,1.0
18701,18703,18703,2,2,2.0
18702,18704,18704,2,2,2.0
18702,18704,18704,1,1,1.0
18702,18704,18704,1,1,1.0
18702,18704,18704,1,1,1.0
18702,18703,18702,1,-1,1.0
18702,18703,18702,1,-1,1.0
18701,18702,18701,2,-2,2.0
18701,18702,18701,2,-2,2.0
18701,18702,18701,2,-2,2.0
18701,18702,18701,1,-1,1.0
18701,18702,18702,2,2,2.0
18701,18702,18702,1,1,1.0
18701,18703,18703,1,1,1.0
18701,18703,18703,1,1,1.0
18701,18703,18703,1,1,1.0
18702,18703,18703,1,1,1.0
18702,18703,18702,1,-1,1.0
18701,18703,18703,1,1,1.0
18702,18703,18702,1,-1,1.0
18701,18702,18702,3,3,3.0
18701,18702,18701,1,-1,1.0
18701,18702,18702,1,1,1.0
18701,18702,18701,1,-1,1.0
18700,18702,18702,1,1,1.0
18700,18702,18702,2,2,2.0
18700,18702,18702,2,2,2.0
18700,18702,18702,1,1,1.0
18700,18702,18700,3,-3,3.0
18700,18702,18700,2,-2,2.0
18700,18702,18700,5,-5,5.0
18700,18702,18700,2,-2,2.0
18700,18702,18700,5,-5,5.0
18700,18702,18700,8,-8,8.0
18700,18702,18701,4,-4,4.0
18700,18701,18700,1,-1,1.0
18700,18701,18700,1,-1,1.0
18699,18700,18700,1,1,1.0
18699,18700,18699,2,-2,2.0
18700,18701,18701,2,2,2.0
18700,18701,18701,1,1,1.0
18701,18702,18702,1,1,1.0
18701,18702,18702,1,1,1.0
18700,18702,18701,1,1,-1.0
18700,18701,18700,1,-1,1.0
18700,18701,18701,1,1,1.0
18700,18701,18700,5,-5,5.0
18700,18701,18700,1,-1,1.0
18699,18701,18701,1,1,1.0
18699,18700,18700,1,1,1.0
18699,18701,18701,1,1,1.0
18699,18701,18701,1,1,1.0
18699,18701,18701,2,2,2.0
18699,18701,18699,1,-1,1.0
18699,18701,18699,1,-1,1.0
18699,18701,18699,4,-4,4.0
18699,18701,18699,1,-1,1.0
18699,18701,18699,4,-4,4.0
18699,18701,18699,1,-1,1.0
18699,18701,18699,3,-3,3.0
18699,18701,18699,3,-3,3.0
18699,18701,18699,1,-1,1.0
18699,18701,18699,9,-9,9.0
18699,18701,18699,2,-2,2.0
18699,18701,18700,2,-2,2.0
18698,18700,18700,1,1,1.0
18698,18699,18698,1,-1,1.0
18697,18698,18697,10,-10,10.0
18696,18698,18696,1,-1,1.0
18696,18698,18697,2,-2,2.0
18696,18697,18697,2,2,2.0
18696,18697,18698,8,8,-8.0
18697,18699,18697,1,-1,1.0
18697,18698,18698,2,2,2.0
18698,18699,18698,1,-1,1.0
18698,18699,18698,2,-2,2.0
18698,18699,18698,1,-1,1.0
18698,18699,18698,1,-1,1.0
18697,18698,18698,1,1,1.0
18697,18698,18697,4,-4,4.0
18696,18697,18696,1,-1,1.0
18696,18697,18696,1,-1,1.0
18696,18697,18696,1,-1,1.0
18696,18697,18696,1,-1,1.0
18696,18697,18696,1,-1,1.0
18696,18697,18696,1,-1,1.0
18696,18697,18696,1,-1,1.0
18696,18697,18696,1,-1,1.0
18696,18697,18696,2,-2,2.0
18696,18697,18696,1,-1,1.0
18696,18697,18696,1,-1,1.0
18696,18697,18696,1,-1,1.0
18695,18696,18695,3,-3,3.0
18695,18696,18695,1,-1,1.0
18695,18696,18695,1,-1,1.0
18695,18696,18695,1,-1,1.0
18695,18696,18695,2,-2,2.0
18695,18696,18695,3,-3,3.0
18695,18696,18695,2,-2,2.0
18695,18696,18695,1,-1,1.0
18694,18695,18695,1,1,1.0
18694,18695,18694,1,-1,1.0
18694,18695,18694,3,-3,3.0
18694,18695,18694,1,-1,1.0
18694,18695,18695,2,2,2.0
18694,18695,18694,1,-1,1.0
18694,18695,18694,1,-1,1.0
18694,18695,18694,1,-1,1.0
18694,18695,18694,1,-1,1.0
18694,18695,18694,1,-1,1.0
18694,18695,18695,1,1,1.0
18694,18695,18695,1,1,1.0
18694,18695,18694,1,-1,1.0
18694,18695,18695,1,1,1.0
18694,18695,18694,1,-1,1.0
18694,18695,18695,1,1,1.0
18694,18695,18694,1,-1,1.0
18694,18695,18695,1,1,1.0
18694,18695,18695,1,1,1.0
18694,18695,18695,1,1,1.0
18695,18696,18695,1,-1,1.0
18695,18696,18695,1,-1,1.0
18694,18696,18694,1,-1,1.0
18694,18696,18694,4,-4,4.0
18693,18694,18694,2,2,2.0
18693,18694,18694,1,1,1.0
18693,18695,18693,1,-1,1.0
18693,18694,18693,1,-1,1.0
18693,18694,18694,4,4,4.0
18693,18694,18694,1,1,1.0
18693,18694,18695,2,2,-2.0
18693,18695,18695,2,2,2.0
18693,18695,18695,1,1,1.0
18693,18695,18694,1,1,-1.0
18693,18694,18694,1,1,1.0
18693,18694,18693,1,-1,1.0
18693,18694,18694,2,2,2.0
18693,18694,18693,1,-1,1.0
18693,18694,18694,1,1,1.0
18693,18694,18693,1,-1,1.0
18693,18694,18694,10,10,10.0
18693,18694,18694,3,3,3.0
18693,18694,18695,8,8,-8.0
18693,18695,18693,1,-1,1.0
18694,18695,18694,1,-1,1.0
18693,18695,18693,2,-2,2.0
18694,18695,18694,1,-1,1.0
18694,18695,18694,1,-1,1.0
18694,18695,18694,1,-1,1.0
18694,18695,18695,1,1,1.0
18694,18695,18694,1,-1,1.0
18694,18695,18695,3,3,3.0
18694,18695,18695,1,1,1.0
18694,18695,18695,4,4,4.0
18694,18695,18695,2,2,2.0
18695,18696,18695,1,-1,1.0
18694,18696,18694,2,-2,2.0
18695,18696,18695,3,-3,3.0
18695,18696,18696,3,3,3.0
18695,18696,18696,3,3,3.0
18695,18696,18695,2,-2,2.0
18694,18695,18695,5,5,5.0
18694,18696,18695,1,1,-1.0
18694,18696,18696,1,1,1.0
18695,18696,18695,1,-1,1.0
18695,18696,18696,1,1,1.0
18695,18696,18695,1,-1,1.0
18695,18696,18695,1,-1,1.0
18694,18695,18694,8,-8,8.0
18693,18695,18695,1,1,1.0
18693,18695,18695,2,2,2.0
18695,18696,18695,1,-1,1.0
18695,18696,18696,1,1,1.0
18695,18696,18696,1,1,1.0
18696,18697,18697,2,2,2.0
18696,18697,18696,1,-1,1.0
18696,18697,18696,1,-1,1.0
18696,18697,18696,1,-1,1.0
18695,18696,18695,1,-1,1.0
18695,18696,18695,1,-1,1.0
18695,18696,18695,1,-1,1.0
18695,18696,18695,1,-1,1.0
18694,18696,18696,1,1,1.0
18695,18696,18695,1,-1,1.0
18694,18695,18695,1,1,1.0
18694,18696,18696,1,1,1.0
18694,18695,18695,1,1,1.0
18694,18696,18696,1,1,1.0
18694,18696,18696,1,1,1.0
18694,18695,18695,1,1,1.0
18695,18696,18695,2,-2,2.0
18695,18696,18695,3,-3,3.0
18695,18696,18695,1,-1,1.0
18694,18695,18695,1,1,1.0
18695,18696,18695,1,-1,1.0
18695,18696,18695,1,-1,1.0
18695,18696,18695,1,-1,1.0
18695,18696,18695,1,-1,1.0
18695,18696,18695,1,-1,1.0
18694,18695,18695,1,1,1.0
18694,18695,18695,1,1,1.0
18694,18695,18695,1,1,1.0
18694,18695,18695,1,1,1.0
18694,18696,18696,1,1,1.0
18695,18696,18695,1,-1,1.0
18694,18695,18695,3,3,3.0
18695,18696,18695,1,-1,1.0
18695,18696,18695,1,-1,1.0
18695,18696,18695,1,-1,1.0
18695,18696,18695,1,-1,1.0
18694,18695,18695,1,1,1.0
18695,18696,18695,1,-1,1.0
18694,18696,18695,1,-1,1.0
18695,18696,18695,1,-1,1.0
18695,18696,18695,1,-1,1.0
18695,18696,18695,1,-1,1.0
18695,18696,18695,1,-1,1.0
18695,18696,18695,2,-2,2.0
18695,18696,18695,1,-1,1.0
18695,18696,18695,1,-1,1.0
18694,18696,18694,1,-1,1.0
18695,18696,18696,1,1,1.0
18695,18696,18695,1,-1,1.0
18695,18696,18696,1,1,1.0
18695,18696,18695,1,-1,1.0
18695,18696,18696,10,10,10.0
18695,18696,18696,2,2,2.0
18696,18697,18696,1,-1,1.0
18696,18697,18696,1,-1,1.0
18696,18697,18697,1,1,1.0
18696,18698,18698,2,2,2.0
18696,18698,18698,1,1,1.0
18696,18698,18698,1,1,1.0
18696,18698,18696,1,-1,1.0
18696,18698,18697,3,-3,3.0
18697,18698,18698,1,1,1.0
18697,18698,18698,1,1,1.0
18697,18698,18698,1,1,1.0
18697,18698,18697,1,-1,1.0
18697,18698,18697,1,-1,1.0
18697,18698,18697,1,-1,1.0
18697,18698,18698,2,2,2.0
18698,18699,18698,1,-1,1.0
18698,18699,18698,2,-2,2.0
18697,18698,18697,4,-4,4.0
18697,18698,18697,1,-1,1.0
18697,18698,18696,1,-1,1.0
18697,18698,18697,1,-1,1.0
18697,18698,18698,1,1,1.0
18697,18698,18698,1,1,1.0
18697,18699,18697,3,-3,3.0
18696,18698,18698,1,1,1.0
18697,18698,18698,1,1,1.0
18697,18698,18697,1,-1,1.0
18696,18697,18697,1,1,1.0
18696,18697,18697,1,1,1.0
18697,18698,18697,1,-1,1.0
18697,18698,18697,1,-1,1.0
18697,18698,18696,2,-2,2.0
18697,18698,18697,1,-1,1.0
18696,18698,18696,1,-1,1.0
18696,18698,18696,1,-1,1.0
18696,18698,18696,1,-1,1.0
18696,18697,18696,1,-1,1.0
18696,18697,18696,1,-1,1.0
18696,18697,18696,1,-1,1.0
18696,18697,18697,1,1,1.0
18696,18697,18697,1,1,1.0
18696,18697,18696,3,-3,3.0
18696,18697,18696,3,-3,3.0
18696,18697,18696,1,-1,1.0
18695,18696,18696,1,1,1.0
18695,18696,18696,1,1,1.0
18696,18697,18696,1,-1,1.0
18696,18697,18697,1,1,1.0
18696,18697,18696,1,-1,1.0
18696,18697,18696,1,-1,1.0
18696,18697,18696,1,-1,1.0
18696,18697,18697,2,2,2.0
18696,18697,18697,1,1,1.0
18696,18697,18697,2,2,2.0
18696,18697,18697,1,1,1.0
18696,18697,18697,2,2,2.0
18696,18697,18697,2,2,2.0
18696,18697,18697,1,1,1.0
18696,18697,18697,1,1,1.0
18696,18697,18697,1,1,1.0
18697,18698,18698,1,1,1.0
18697,18698,18698,1,1,1.0
18697,18698,18698,4,4,4.0
18698,18699,18698,1,-1,1.0
18698,18699,18699,1,1,1.0
18698,18699,18699,8,8,8.0
18698,18699,18699,1,1,1.0
18698,18699,18699,1,1,1.0
18699,18700,18699,2,-2,2.0
18699,18700,18700,5,5,5.0
18699,18700,18699,2,-2,2.0
18699,18700,18699,1,-1,1.0
18698,18699,18699,1,1,1.0
18699,18700,18699,1,-1,1.0
18699,18700,18699,1,-1,1.0
18699,18700,18699,1,-1,1.0
18698,18699,18698,1,-1,1.0
18697,18698,18698,1,1,1.0
18697,18699,18698,1,1,-1.0
18697,18698,18698,1,1,1.0
18697,18698,18698,1,1,1.0
18697,18699,18699,1,1,1.0
18698,18699,18698,4,-4,4.0
18697,18699,18697,1,-1,1.0
18697,18698,18697,2,-2,2.0
18696,18697,18697,3,3,3.0
18696,18697,18697,1,1,1.0
18696,18697,18697,2,2,2.0
18697,18698,18698,2,2,2.0
18698,18699,18698,1,-1,1.0
18698,18699,18699,2,2,2.0
18698,18699,18699,5,5,5.0
18698,18699,18699,1,1,1.0
18698,18699,18699,1,1,1.0
18698,18700,18700,1,1,1.0
18698,18700,18699,1,1,-1.0
18698,18700,18700,1,1,1.0
18698,18700,18700,1,1,1.0
18697,18698,18697,1,-1,1.0
18696,18698,18697,4,-4,4.0
18696,18697,18696,2,-2,2.0
18696,18697,18697,1,1,1.0
18696,18697,18697,1,1,1.0
18696,18697,18697,2,2,2.0
18696,18697,18697,1,1,1.0
18697,18698,18697,1,-1,1.0
18697,18698,18698,1,1,1.0
18697,18698,18698,1,1,1.0
18697,18698,18698,1,1,1.0
18697,18698,18698,1,1,1.0
18697,18698,18698,1,1,1.0
18698,18699,18699,1,1,1.0
18698,18699,18698,1,-1,1.0
18697,18698,18698,1,1,1.0
18697,18699,18699,4,4,4.0
18698,18699,18699,1,1,1.0
18698,18699,18699,1,1,1.0
18698,18699,18698,1,-1,1.0
18698,18699,18698,1,-1,1.0
18698,18699,18698,2,-2,2.0
18698,18699,18699,1,1,1.0
18698,18699,18699,1,1,1.0
18698,18699,18699,4,4,4.0
18698,18699,18699,5,5,5.0
18698,18699,18699,1,1,1.0
18698,18699,18699,1,1,1.0
18698,18699,18699,1,1,1.0
18699,18700,18700,2,2,2.0
18699,18700,18700,1,1,1.0
18699,18700,18700,15,15,15.0
18699,18700,18700,1,1,1.0
18699,18700,18700,5,5,5.0
18700,18701,18701,1,1,1.0
18700,18701,18700,1,-1,1.0
18700,18701,18700,1,-1,1.0
18700,18701,18701,1,1,1.0
18700,18701,18701,4,4,4.0
18700,18701,18701,2,2,2.0
18700,18701,18701,16,16,16.0
18701,18702,18702,26,26,26.0
18702,18703,18703,3,3,3.0
18702,18703,18703,16,16,16.0
18703,18704,18703,1,-1,1.0
18702,18704,18702,1,-1,1.0
18703,18704,18703,1,-1,1.0
18702,18703,18703,1,1,1.0
18703,18704,18703,1,-1,1.0
18703,18704,18703,1,-1,1.0
18703,18704,18703,1,-1,1.0
18703,18704,18704,1,1,1.0
18703,18704,18704,13,13,13.0
18703,18704,18705,3,3,-3.0
18703,18704,18705,16,16,-16.0
18704,18705,18705,2,2,2.0
18704,18705,18705,1,1,1.0
18704,18705,18705,1,1,1.0
18704,18705,18705,1,1,1.0
18704,18705,18705,2,2,2.0
18704,18705,18705,6,6,6.0
18705,18706,18706,2,2,2.0
18705,18706,18706,1,1,1.0
18705,18706,18706,2,2,2.0
18705,18706,18706,5,5,5.0
18705,18706,18706,8,8,8.0
18705,18706,18705,1,-1,1.0
18705,18706,18705,1,-1,1.0
18705,18706,18706,1,1,1.0
18705,18706,18705,2,-2,2.0
18705,18706,18705,1,-1,1.0
18705,18706,18704,6,-6,6.0
18705,18706,18705,2,-2,2.0
18703,18705,18705,3,3,3.0
18704,18706,18706,2,2,2.0
18704,18706,18706,1,1,1.0
18704,18706,18706,1,1,1.0
18705,18706,18705,2,-2,2.0
18705,18706,18705,1,-1,1.0
18705,18706,18705,1,-1,1.0
18705,18706,18705,1,-1,1.0
18703,18705,18705,1,1,1.0
18703,18704,18704,1,1,1.0
18703,18704,18705,1,1,-1.0
18703,18705,18705,1,1,1.0
18703,18704,18704,1,1,1.0
18703,18705,18705,1,1,1.0
18703,18704,18703,3,-3,3.0
18703,18704,18702,7,-7,7.0
18702,18703,18702,2,-2,2.0
18701,18702,18702,1,1,1.0
18701,18702,18701,2,-2,2.0
18701,18702,18701,1,-1,1.0
18700,18702,18700,1,-1,1.0
18699,18701,18699,1,-1,1.0
18700,18701,18700,2,-2,2.0
18700,18701,18700,1,-1,1.0
18700,18701,18700,1,-1,1.0
18700,18701,18699,1,-1,1.0
18699,18701,18699,1,-1,1.0
18699,18701,18699,4,-4,4.0
18699,18701,18698,8,-8,8.0
18699,18701,18698,19,-19,19.0
18698,18700,18700,1,1,1.0
18699,18701,18700,1,1,-1.0
18700,18701,18700,1,-1,1.0
18699,18701,18701,1,1,1.0
18700,18701,18700,1,-1,1.0
18700,18701,18700,1,-1,1.0
18700,18701,18700,1,-1,1.0
18700,18701,18701,4,4,4.0
18700,18701,18701,1,1,1.0
18700,18701,18701,1,1,1.0
18700,18701,18701,2,2,2.0
18700,18701,18701,1,1,1.0
18700,18701,18701,2,2,2.0
18701,18703,18701,1,-1,1.0
18701,18703,18701,1,-1,1.0
18701,18703,18701,1,-1,1.0
18701,18703,18701,1,-1,1.0
18701,18702,18701,1,-1,1.0
18700,18701,18701,6,6,6.0
18701,18702,18701,1,-1,1.0
18701,18703,18701,1,-1,1.0
18701,18703,18702,1,-1,1.0
18700,18701,18701,1,1,1.0
18700,18701,18700,1,-1,1.0
18700,18701,18701,2,2,2.0
18701,18702,18701,1,-1,1.0
18701,18702,18701,1,-1,1.0
18700,18702,18700,1,-1,1.0
18700,18701,18701,1,1,1.0
18701,18702,18702,1,1,1.0
18701,18702,18701,1,-1,1.0
18701,18702,18702,1,1,1.0
18701,18702,18701,1,-1,1.0
18701,18702,18702,2,2,2.0
18701,18702,18702,1,1,1.0
18701,18702,18702,1,1,1.0
18702,18703,18701,1,-1,1.0
18701,18703,18702,1,-1,1.0
18701,18703,18701,1,-1,1.0
18701,18702,18702,1,1,1.0
18701,18703,18701,1,-1,1.0
18701,18703,18701,1,-1,1.0
18701,18703,18701,1,-1,1.0
18701,18703,18701,1,-1,1.0
18701,18703,18701,1,-1,1.0
18702,18703,18703,1,1,1.0
18702,18703,18702,2,-2,2.0
18702,18703,18702,4,-4,4.0
18702,18703,18702,5,-5,5.0
18702,18703,18702,1,-1,1.0
18702,18703,18702,1,-1,1.0
18701,18702,18701,1,-1,1.0
18700,18701,18700,1,-1,1.0
18700,18701,18700,1,-1,1.0
18700,18701,18700,1,-1,1.0
18700,18701,18700,4,-4,4.0
18700,18701,18700,1,-1,1.0
18700,18701,18700,4,-4,4.0
18700,18701,18700,3,-3,3.0
18700,18701,18699,1,-1,1.0
18700,18701,18699,4,-4,4.0
18700,18701,18699,1,-1,1.0
18698,18700,18700,5,5,5.0
18699,18701,18701,1,1,1.0
18699,18701,18701,10,10,10.0
18700,18701,18701,2,2,2.0
18700,18701,18701,1,1,1.0
18701,18702,18702,1,1,1.0
18701,18703,18702,1,1,-1.0
18701,18702,18701,1,-1,1.0
18701,18702,18701,1,-1,1.0
18701,18702,18701,5,-5,5.0
18700,18702,18700,1,-1,1.0
18700,18702,18700,1,-1,1.0
18700,18702,18699,7,-7,7.0
18698,18699,18699,1,1,1.0
18698,18699,18698,12,-12,12.0
18698,18699,18697,3,-3,3.0
18697,18698,18698,3,3,3.0
18698,18699,18698,2,-2,2.0
18698,18699,18698,1,-1,1.0
18698,18699,18698,1,-1,1.0
18698,18699,18698,1,-1,1.0
18698,18699,18698,1,-1,1.0
18698,18699,18699,1,1,1.0
18698,18699,18698,1,-1,1.0
18697,18699,18697,2,-2,2.0
18697,18699,18699,4,4,4.0
18698,18699,18698,1,-1,1.0
18697,18698,18698,1,1,1.0
18697,18698,18698,2,2,2.0
18698,18699,18699,2,2,2.0
18698,18699,18700,8,8,-8.0
18698,18699,18699,2,2,2.0
18697,18698,18698,2,2,2.0
18697,18698,18698,2,2,2.0
18697,18699,18699,1,1,1.0
18698,18699,18699,2,2,2.0
18698,18699,18699,2,2,2.0
18698,18699,18699,1,1,1.0
18698,18699,18699,5,5,5.0
18699,18700,18700,9,9,9.0
18699,18700,18701,1,1,-1.0
18699,18700,18700,1,1,1.0
18699,18700,18700,2,2,2.0
18699,18700,18700,2,2,2.0
18699,18700,18700,1,1,1.0
18700,18701,18700,1,-1,1.0
18700,18701,18701,1,1,1.0
18700,18701,18700,2,-2,2.0
18700,18701,18700,2,-2,2.0
18699,18701,18700,1,-1,1.0
18699,18701,18699,1,-1,1.0
18699,18701,18701,1,1,1.0
18699,18701,18700,2,2,-2.0
18698,18700,18700,1,1,1.0
18698,18699,18699,1,1,1.0
18698,18699,18699,1,1,1.0
18698,18700,18698,6,-6,6.0
18698,18700,18698,3,-3,3.0
18699,18700,18699,1,-1,1.0
18698,18700,18699,3,-3,3.0
18698,18699,18699,2,2,2.0
18699,18700,18700,3,3,3.0
18699,18700,18700,1,1,1.0
18699,18700,18700,5,5,5.0
18699,18700,18700,1,1,1.0
18699,18700,18699,1,-1,1.0
18699,18700,18699,1,-1,1.0
18699,18700,18700,5,5,5.0
18699,18700,18700,1,1,1.0
18699,18700,18700,3,3,3.0
18699,18700,18700,1,1,1.0
18699,18701,18700,1,1,-1.0
18700,18701,18700,2,-2,2.0
18699,18700,18700,3,3,3.0
18699,18701,18700,1,1,-1.0
18699,18700,18699,1,-1,1.0
18699,18700,18699,1,-1,1.0
18699,18700,18700,1,1,1.0
18698,18699,18699,2,2,2.0
18699,18700,18699,1,-1,1.0
18699,18700,18699,1,-1,1.0
18699,18700,18700,5,5,5.0
18699,18700,18700,1,1,1.0
18699,18700,18701,1,1,-1.0
18700,18701,18701,3,3,3.0
18700,18701,18701,1,1,1.0
18700,18701,18701,4,4,4.0
18700,18701,18701,7,7,7.0
18701,18702,18701,1,-1,1.0
18701,18702,18702,28,28,28.0
18701,18703,18703,8,8,8.0
18701,18703,18701,1,-1,1.0
18701,18703,18703,1,1,1.0
18701,18702,18701,2,-2,2.0
18701,18702,18701,1,-1,1.0
18700,18702,18700,1,-1,1.0
18700,18702,18700,2,-2,2.0
18700,18701,18701,2,2,2.0
18700,18701,18701,1,1,1.0
18701,18702,18702,3,3,3.0
18701,18703,18702,1,1,-1.0
18702,18703,18702,1,-1,1.0
18702,18703,18703,3,3,3.0
18702,18703,18702,2,-2,2.0
18702,18703,18702,2,-2,2.0
18702,18703,18702,2,-2,2.0
18700,18702,18702,1,1,1.0
18700,18702,18702,1,1,1.0
18700,18702,18702,1,1,1.0
18700,18702,18702,2,2,2.0
18700,18702,18701,1,1,-1.0
18700,18702,18702,3,3,3.0
18701,18702,18702,2,2,2.0
18701,18702,18702,2,2,2.0
18701,18702,18702,1,1,1.0
18701,18702,18702,1,1,1.0
18701,18703,18702,1,1,-1.0
18701,18702,18702,1,1,1.0
18702,18703,18703,15,15,15.0
18702,18703,18703,2,2,2.0
18702,18704,18703,2,2,-2.0
18702,18704,18703,1,1,-1.0
18703,18704,18703,1,-1,1.0
18702,18703,18702,2,-2,2.0
18702,18703,18703,1,1,1.0
18703,18704,18703,1,-1,1.0
18702,18704,18704,1,1,1.0
18702,18703,18703,1,1,1.0
18702,18703,18703,2,2,2.0
18702,18703,18703,2,2,2.0
18702,18703,18703,1,1,1.0
18702,18703,18703,1,1,1.0
18702,18703,18703,1,1,1.0
18702,18703,18703,4,4,4.0
18702,18703,18703,1,1,1.0
18702,18703,18703,1,1,1.0
18702,18703,18702,1,-1,1.0
18702,18703,18702,1,-1,1.0
18702,18703,18702,3,-3,3.0
18702,18703,18702,1,-1,1.0
18702,18703,18702,1,-1,1.0
18701,18703,18703,1,1,1.0
18701,18703,18703,1,1,1.0
18701,18703,18703,1,1,1.0
18701,18703,18702,1,1,-1.0
18701,18702,18701,1,-1,1.0
18701,18702,18702,1,1,1.0
18701,18703,18701,1,-1,1.0
18701,18703,18701,1,-1,1.0
18701,18703,18701,2,-2,2.0
18701,18702,18701,1,-1,1.0
18700,18701,18700,2,-2,2.0
18699,18701,18699,1,-1,1.0
18699,18700,18700,1,1,1.0
18699,18701,18701,1,1,1.0
18700,18701,18701,4,4,4.0
18700,18701,18701,1,1,1.0
18700,18701,18700,2,-2,2.0
18699,18700,18700,1,1,1.0
18699,18701,18699,1,-1,1.0
18699,18701,18701,1,1,1.0
18700,18701,18700,1,-1,1.0
18699,18701,18700,1,-1,1.0
18699,18701,18700,1,-1,1.0
18700,18701,18701,3,3,3.0
18700,18701,18701,3,3,3.0
18701,18702,18701,2,-2,2.0
18701,18702,18701,3,-3,3.0
18701,18702,18701,1,-1,1.0
18701,18702,18702,2,2,2.0
18701,18702,18701,1,-1,1.0
18701,18702,18702,1,1,1.0
18701,18702,18702,2,2,2.0
18702,18703,18702,1,-1,1.0
18702,18703,18702,2,-2,2.0
18702,18703,18702,1,-1,1.0
18701,18703,18702,1,-1,1.0
18702,18703,18702,2,-2,2.0
18702,18703,18702,1,-1,1.0
18701,18702,18702,1,1,1.0
18701,18702,18702,1,1,1.0
18701,18702,18702,1,1,1.0
18701,18702,18702,1,1,1.0
18701,18702,18702,1,1,1.0
18702,18703,18702,1,-1,1.0
18702,18703,18703,10,10,10.0
18702,18703,18703,2,2,2.0
18702,18703,18703,1,1,1.0
18702,18703,18702,1,-1,1.0
18702,18703,18702,2,-2,2.0
18702,18703,18703,1,1,1.0
18702,18703,18703,1,1,1.0
18702,18703,18703,1,1,1.0
18702,18703,18703,1,1,1.0
18702,18703,18702,1,-1,1.0
18701,18703,18703,1,1,1.0
18702,18703,18703,1,1,1.0
18702,18703,18703,11,11,11.0
18703,18704,18704,2,2,2.0
18703,18704,18704,17,17,17.0
18703,18705,18704,1,1,-1.0
18704,18705,18705,2,2,2.0
18704,18705,18705,18,18,18.0
18705,18706,18706,1,1,1.0
18705,18706,18705,2,-2,2.0
18705,18706,18706,1,1,1.0
18705,18706,18706,1,1,1.0
18705,18706,18706,3,3,3.0
18706,18707,18707,1,1,1.0
18706,18707,18706,2,-2,2.0
18706,18707,18707,2,2,2.0
18706,18707,18706,1,-1,1.0
18706,18707,18705,6,-6,6.0
18706,18707,18706,1,-1,1.0
18706,18707,18707,2,2,2.0
18706,18707,18707,24,24,24.0
18707,18708,18708,3,3,3.0
18707,18708,18708,1,1,1.0
18707,18708,18708,5,5,5.0
18707,18708,18708,11,11,11.0
18707,18708,18709,1,1,-1.0
18707,18708,18708,1,1,1.0
18707,18708,18709,5,5,-5.0
18707,18708,18709,4,4,-4.0
18708,18709,18709,2,2,2.0
18708,18709,18708,1,-1,1.0
18708,18709,18709,1,1,1.0
18708,18709,18709,1,1,1.0
18708,18709,18708,1,-1,1.0
18707,18708,18708,1,1,1.0
18707,18708,18707,5,-5,5.0
18707,18708,18707,1,-1,1.0
18706,18707,18707,1,1,1.0
18707,18708,18708,2,2,2.0
18707,18708,18708,1,1,1.0
18707,18708,18708,3,3,3.0
18707,18708,18708,1,1,1.0
18707,18708,18708,1,1,1.0
18707,18708,18708,1,1,1.0
18707,18708,18708,3,3,3.0
18707,18708,18708,1,1,1.0
18707,18708,18708,2,2,2.0
18707,18708,18708,3,3,3.0
18707,18708,18708,1,1,1.0
18707,18708,18708,1,1,1.0
18707,18708,18708,1,1,1.0
18707,18708,18708,3,3,3.0
18707,18708,18708,3,3,3.0
18707,18708,18708,2,2,2.0
18707,18709,18709,1,1,1.0
18707,18709,18709,1,1,1.0
18707,18708,18708,1,1,1.0
18707,18708,18708,1,1,1.0
18707,18708,18707,1,-1,1.0
18707,18708,18707,2,-2,2.0
18707,18708,18708,1,1,1.0
18707,18708,18708,1,1,1.0
18707,18708,18708,1,1,1.0
18707,18708,18707,1,-1,1.0
18707,18708,18707,1,-1,1.0
18707,18708,18707,3,-3,3.0
18707,18708,18707,2,-2,2.0
18707,18708,18707,5,-5,5.0
18706,18708,18708,2,2,2.0
18706,18708,18707,1,1,-1.0
18706,18708,18708,1,1,1.0
18707,18708,18707,2,-2,2.0
18707,18708,18708,3,3,3.0
18707,18708,18708,1,1,1.0
18707,18708,18708,1,1,1.0
18707,18708,18708,1,1,1.0
18707,18708,18708,1,1,1.0
18708,18709,18708,1,-1,1.0
18708,18709,18708,1,-1,1.0
18708,18709,18708,1,-1,1.0
18708,18709,18708,1,-1,1.0
18708,18709,18708,1,-1,1.0
18708,18709,18708,3,-3,3.0
18708,18709,18708,3,-3,3.0
18707,18708,18708,2,2,2.0
18707,18708,18708,1,1,1.0
18708,18709,18709,1,1,1.0
18708,18709,18708,2,-2,2.0
18708,18709,18709,1,1,1.0
18708,18709,18709,1,1,1.0
18708,18709,18708,1,-1,1.0
18707,18709,18709,1,1,1.0
18708,18709,18709,2,2,2.0
18708,18709,18709,1,1,1.0
18708,18709,18709,1,1,1.0
18708,18709,18708,1,-1,1.0
18708,18709,18708,1,-1,1.0
18708,18709,18709,1,1,1.0
18708,18709,18709,1,1,1.0
18708,18709,18708,1,-1,1.0
18708,18709,18709,1,1,1.0
18708,18709,18709,2,2,2.0
18708,18709,18709,1,1,1.0
18708,18709,18709,3,3,3.0
18708,18709,18709,4,4,4.0
18708,18709,18709,2,2,2.0
18709,18710,18709,1,-1,1.0
18709,18710,18710,2,2,2.0
18709,18710,18710,1,1,1.0
18709,18710,18710,1,1,1.0
18709,18710,18710,1,1,1.0
18709,18710,18710,2,2,2.0
18709,18710,18710,1,1,1.0
18709,18710,18710,4,4,4.0
18709,18710,18710,1,1,1.0
18709,18710,18710,1,1,1.0
18709,18710,18710,4,4,4.0
18709,18710,18710,1,1,1.0
18709,18710,18710,5,5,5.0
18709,18710,18710,5,5,5.0
18709,18710,18710,1,1,1.0
18709,18710,18710,1,1,1.0
18709,18710,18710,4,4,4.0
18709,18711,18711,1,1,1.0
18709,18711,18710,1,1,-1.0
18709,18711,18711,1,1,1.0
18709,18711,18711,1,1,1.0
18709,18711,18711,1,1,1.0
18709,18711,18711,10,10,10.0
18710,18711,18711,1,1,1.0
18710,18711,18712,10,10,-10.0
18710,18711,18712,3,3,-3.0
18710,18711,18712,1,1,-1.0
18710,18711,18712,2,2,-2.0
18710,18711,18712,5,5,-5.0
18710,18711,18712,1,1,-1.0
18710,18711,18712,6,6,-6.0
18711,18712,18712,2,2,2.0
18711,18712,18712,2,2,2.0
18711,18712,18712,2,2,2.0
18711,18712,18712,4,4,4.0
18711,18712,18712,1,1,1.0
18711,18712,18711,1,-1,1.0
18711,18712,18712,1,1,1.0
18711,18712,18712,1,1,1.0
18711,18712,18712,1,1,1.0
18710,18712,18712,1,1,1.0
18710,18712,18712,1,1,1.0
18710,18712,18712,4,4,4.0
18710,18712,18711,4,4,-4.0
18710,18712,18712,1,1,1.0
18710,18712,18711,1,1,-1.0
18709,18711,18711,1,1,1.0
18709,18710,18710,1,1,1.0
18709,18710,18709,1,-1,1.0
18709,18710,18710,1,1,1.0
18709,18710,18709,2,-2,2.0
18709,18710,18710,4,4,4.0
18709,18710,18710,8,8,8.0
18709,18711,18709,1,-1,1.0
18709,18710,18709,1,-1,1.0
18709,18710,18709,6,-6,6.0
18708,18710,18710,1,1,1.0
18708,18710,18709,2,2,-2.0
18708,18709,18709,2,2,2.0
18708,18710,18710,12,12,12.0
18708,18710,18710,2,2,2.0
18708,18710,18710,1,1,1.0
18708,18710,18710,1,1,1.0
18709,18710,18709,1,-1,1.0
18709,18710,18710,1,1,1.0
18709,18710,18709,1,-1,1.0
18709,18710,18710,2,2,2.0
18709,18710,18710,1,1,1.0
18710,18712,18711,2,2,-2.0
18710,18711,18711,1,1,1.0
18710,18711,18710,5,-5,5.0
18710,18711,18711,1,1,1.0
18710,18711,18711,1,1,1.0
18710,18711,18711,1,1,1.0
18710,18711,18712,1,1,-1.0
18711,18712,18711,2,-2,2.0
18711,18712,18712,1,1,1.0
18711,18712,18711,3,-3,3.0
18711,18712,18711,3,-3,3.0
18710,18712,18710,1,-1,1.0
18710,18711,18711,1,1,1.0
18711,18712,18711,1,-1,1.0
18711,18712,18711,1,-1,1.0
18711,18712,18712,1,1,1.0
18711,18712,18711,1,-1,1.0
18710,18711,18710,13,-13,13.0
18710,18711,18710,1,-1,1.0
18710,18711,18710,2,-2,2.0
18710,18711,18710,1,-1,1.0
18710,18711,18710,1,-1,1.0
18710,18711,18710,1,-1,1.0
18710,18711,18710,1,-1,1.0
18710,18711,18710,1,-1,1.0
18709,18710,18710,1,1,1.0
18709,18711,18710,1,1,-1.0
18709,18711,18711,3,3,3.0
18710,18711,18711,1,1,1.0
18710,18711,18710,1,-1,1.0
18710,18711,18711,10,10,10.0
18711,18712,18711,1,-1,1.0
18710,18711,18711,1,1,1.0
18710,18711,18710,2,-2,2.0
18710,18711,18710,1,-1,1.0
18710,18711,18710,1,-1,1.0
18710,18711,18709,1,-1,1.0
18710,18711,18710,2,-2,2.0
18709,18711,18711,2,2,2.0
18709,18710,18709,1,-1,1.0
18709,18710,18710,1,1,1.0
18709,18710,18711,1,1,-1.0
18709,18711,18709,1,-1,1.0
18709,18711,18711,1,1,1.0
18709,18710,18710,1,1,1.0
18709,18710,18711,1,1,-1.0
18710,18711,18711,1,1,1.0
18710,18711,18711,1,1,1.0
18710,18711,18711,1,1,1.0
18710,18711,18710,1,-1,1.0
18710,18711,18710,1,-1,1.0
18709,18711,18710,1,-1,1.0
18709,18711,18710,1,-1,1.0
18709,18711,18710,1,-1,1.0
18709,18711,18709,10,-10,10.0
18710,18711,18710,1,-1,1.0
18710,18711,18710,1,-1,1.0
18710,18711,18710,2,-2,2.0
18709,18710,18710,1,1,1.0
18709,18710,18710,1,1,1.0
18709,18710,18710,1,1,1.0
18709,18710,18709,1,-1,1.0
18709,18710,18710,1,1,1.0
18709,18710,18710,1,1,1.0
18709,18710,18710,2,2,2.0
18709,18710,18710,1,1,1.0
18709,18710,18710,1,1,1.0
18709,18710,18710,2,2,2.0
18710,18711,18710,1,-1,1.0
18709,18711,18710,2,-2,2.0
18710,18711,18711,4,4,4.0
18710,18711,18711,1,1,1.0
18710,18711,18711,3,3,3.0
18710,18711,18711,1,1,1.0
18710,18711,18711,1,1,1.0
18710,18711,18711,1,1,1.0
18710,18711,18711,1,1,1.0
18710,18711,18711,1,1,1.0
18710,18711,18712,1,1,-1.0
18711,18712,18712,2,2,2.0
18711,18712,18712,5,5,5.0
18711,18712,18712,1,1,1.0
18711,18712,18712,1,1,1.0
18711,18712,18712,9,9,9.0
18711,18712,18712,1,1,1.0
18711,18712,18712,1,1,1.0
18711,18712,18712,2,2,2.0
18711,18712,18712,1,1,1.0
18712,18713,18713,1,1,1.0
18712,18713,18713,1,1,1.0
18712,18713,18713,2,2,2.0
18712,18713,18713,1,1,1.0
18712,18713,18713,1,1,1.0
18712,18713,18713,1,1,1.0
18712,18713,18713,4,4,4.0
18712,18713,18713,1,1,1.0
18712,18713,18713,4,4,4.0
18712,18713,18713,1,1,1.0
18712,18713,18713,1,1,1.0
18712,18713,18713,1,1,1.0
18712,18713,18713,1,1,1.0
18712,18713,18713,8,8,8.0
18712,18713,18713,1,1,1.0
18712,18713,18713,1,1,1.0
18712,18714,18714,1,1,1.0
18712,18714,18714,1,1,1.0
18712,18714,18714,1,1,1.0
18712,18714,18714,1,1,1.0
18712,18714,18714,1,1,1.0
18712,18713,18713,2,2,2.0
18712,18713,18714,6,6,-6.0
18712,18714,18712,3,-3,3.0
18712,18714,18712,1,-1,1.0
18712,18714,18714,1,1,1.0
18711,18713,18713,1,1,1.0
18711,18713,18712,1,1,-1.0
18711,18713,18711,8,-8,8.0
18711,18712,18712,1,1,1.0
18711,18712,18712,1,1,1.0
18711,18712,18712,1,1,1.0
18712,18713,18712,1,-1,1.0
18712,18713,18713,1,1,1.0
18712,18713,18712,1,-1,1.0
18712,18713,18712,3,-3,3.0
18712,18713,18711,6,-6,6.0
18711,18712,18712,1,1,1.0
18711,18712,18711,1,-1,1.0
18711,18712,18712,1,1,1.0
18711,18712,18711,1,-1,1.0
18711,18712,18712,1,1,1.0
18711,18712,18712,1,1,1.0
18711,18712,18712,2,2,2.0
18711,18713,18713,1,1,1.0
18712,18713,18713,1,1,1.0
18712,18713,18712,2,-2,2.0
18712,18713,18712,1,-1,1.0
18712,18713,18712,2,-2,2.0
18712,18713,18713,3,3,3.0
18712,18713,18712,1,-1,1.0
18712,18713,18712,1,-1,1.0
18712,18713,18712,2,-2,2.0
18711,18713,18712,2,-2,2.0
18711,18712,18712,2,2,2.0
18711,18712,18711,7,-7,7.0
18711,18712,18712,6,6,6.0
18712,18713,18712,1,-1,1.0
18712,18713,18712,2,-2,2.0
18712,18713,18713,4,4,4.0
18712,18713,18713,2,2,2.0
18712,18713,18712,2,-2,2.0
18710,18712,18711,2,-2,2.0
18710,18712,18711,2,-2,2.0
18710,18712,18711,3,-3,3.0
18711,18712,18712,1,1,1.0
18711,18712,18711,1,-1,1.0
18711,18712,18711,2,-2,2.0
18711,18712,18712,1,1,1.0
18711,18712,18711,1,-1,1.0
18711,18712,18711,1,-1,1.0
18711,18712,18712,6,6,6.0
18712,18713,18713,1,1,1.0
18712,18713,18713,2,2,2.0
18712,18713,18713,1,1,1.0
18712,18713,18713,1,1,1.0
18712,18713,18713,2,2,2.0
18712,18713,18713,2,2,2.0
18712,18713,18712,1,-1,1.0
18712,18713,18713,6,6,6.0
18713,18714,18713,1,-1,1.0
18713,18714,18713,2,-2,2.0
18713,18714,18712,1,-1,1.0
18712,18713,18712,1,-1,1.0
18712,18713,18712,1,-1,1.0
18711,18713,18712,1,-1,1.0
18711,18713,18713,1,1,1.0
18711,18712,18712,1,1,1.0
18711,18712,18712,1,1,1.0
18711,18712,18713,4,4,-4.0
18711,18712,18712,2,2,2.0
18712,18713,18712,1,-1,1.0
18712,18713,18713,6,6,6.0
18712,18713,18714,4,4,-4.0
18712,18713,18713,2,2,2.0
18713,18714,18713,5,-5,5.0
18712,18713,18712,1,-1,1.0
18712,18713,18713,1,1,1.0
18712,18713,18712,10,-10,10.0
18712,18713,18712,6,-6,6.0
18711,18713,18711,1,-1,1.0
18711,18713,18711,4,-4,4.0
18710,18712,18712,2,2,2.0
18711,18712,18712,5,5,5.0
18711,18713,18711,1,-1,1.0
18711,18712,18712,4,4,4.0
18711,18712,18713,2,2,-2.0
18711,18712,18711,1,-1,1.0
18711,18712,18711,2,-2,2.0
18710,18711,18711,3,3,3.0
18711,18712,18711,4,-4,4.0
18710,18711,18711,1,1,1.0
18710,18711,18711,5,5,5.0
18710,18711,18711,5,5,5.0
18711,18712,18712,1,1,1.0
18711,18713,18713,1,1,1.0
18711,18713,18713,3,3,3.0
18711,18713,18713,1,1,1.0
18711,18713,18713,7,7,7.0
18711,18713,18713,2,2,2.0
18711,18713,18713,1,1,1.0
18711,18713,18714,6,6,-6.0
18711,18713,18714,4,4,-4.0
18711,18713,18714,6,6,-6.0
18711,18713,18714,1,1,-1.0
18711,18713,18714,5,5,-5.0
18713,18715,18715,1,1,1.0
18714,18715,18715,1,1,1.0
18714,18715,18715,1,1,1.0
18714,18715,18715,1,1,1.0
18714,18715,18715,1,1,1.0
18714,18715,18715,3,3,3.0
18714,18715,18715,1,1,1.0
18714,18715,18715,21,21,21.0
18714,18715,18715,2,2,2.0
18714,18715,18715,2,2,2.0
18714,18715,18715,2,2,2.0
18714,18715,18715,1,1,1.0
18714,18715,18715,5,5,5.0
18714,18715,18715,1,1,1.0
18714,18715,18715,1,1,1.0
18715,18716,18715,2,-2,2.0
18715,18716,18715,1,-1,1.0
18714,18715,18715,1,1,1.0
18715,18716,18715,1,-1,1.0
18714,18716,18714,1,-1,1.0
18714,18715,18715,1,1,1.0
18714,18715,18715,1,1,1.0
18714,18715,18715,1,1,1.0
18714,18715,18714,13,-13,13.0
18712,18713,18712,1,-1,1.0
18711,18712,18712,5,5,5.0
18714,18715,18715,1,1,1.0
18714,18715,18714,1,-1,1.0
18714,18715,18714,1,-1,1.0
18714,18715,18715,1,1,1.0
18714,18715,18714,3,-3,3.0
18712,18714,18714,1,1,1.0
18712,18713,18712,1,-1,1.0
18712,18713,18712,1,-1,1.0
18712,18713,18712,2,-2,2.0
18712,18713,18712,1,-1,1.0
18711,18712,18712,2,2,2.0
18711,18712,18712,1,1,1.0
18711,18713,18712,1,1,-1.0
18711,18713,18711,1,-1,1.0
18711,18712,18711,1,-1,1.0
18711,18712,18711,10,-10,10.0
18711,18712,18711,2,-2,2.0
18710,18711,18710,1,-1,1.0
18710,18712,18710,2,-2,2.0
18710,18712,18710,1,-1,1.0
18710,18712,18710,1,-1,1.0
18710,18711,18711,1,1,1.0
18711,18712,18711,1,-1,1.0
18711,18712,18711,1,-1,1.0
18711,18712,18712,1,1,1.0
18712,18713,18712,1,-1,1.0
18712,18713,18713,1,1,1.0
18713,18714,18713,1,-1,1.0
18712,18714,18712,1,-1,1.0
18712,18714,18712,1,-1,1.0
18712,18714,18712,1,-1,1.0
18712,18714,18712,1,-1,1.0
18712,18714,18712,1,-1,1.0
18712,18713,18713,1,1,1.0
18713,18714,18713,1,-1,1.0
18712,18714,18712,1,-1,1.0
18713,18714,18714,11,11,11.0
18714,18715,18714,1,-1,1.0
18714,18715,18715,2,2,2.0
18714,18715,18715,4,4,4.0
18714,18715,18715,1,1,1.0
18714,18715,18715,3,3,3.0
18715,18716,18716,1,1,1.0
18715,18716,18715,1,-1,1.0
18715,18716,18716,2,2,2.0
18715,18716,18716,2,2,2.0
18715,18716,18716,1,1,1.0
18715,18716,18715,1,-1,1.0
18715,18716,18715,1,-1,1.0
18715,18716,18715,1,-1,1.0
18715,18716,18716,1,1,1.0
18715,18716,18715,1,-1,1.0
18715,18716,18715,1,-1,1.0
18715,18716,18715,1,-1,1.0
18715,18716,18716,1,1,1.0
18715,18716,18715,1,-1,1.0
18715,18716,18715,1,-1,1.0
18715,18716,18715,1,-1,1.0
18715,18716,18715,1,-1,1.0
18715,18716,18715,1,-1,1.0
18715,18716,18715,1,-1,1.0
18715,18716,18716,3,3,3.0
18715,18716,18715,1,-1,1.0
18715,18716,18715,2,-2,2.0
18713,18715,18715,2,2,2.0
18714,18716,18715,1,1,-1.0
18714,18716,18715,1,1,-1.0
18714,18715,18715,7,7,7.0
18714,18715,18715,3,3,3.0
18714,18715,18715,1,1,1.0
18714,18715,18715,1,1,1.0
18714,18715,18715,1,1,1.0
18714,18715,18715,1,1,1.0
18714,18715,18715,2,2,2.0
18714,18715,18715,1,1,1.0
18714,18715,18715,1,1,1.0
18715,18716,18715,1,-1,1.0
18715,18716,18716,1,1,1.0
18715,18716,18715,1,-1,1.0
18715,18716,18715,1,-1,1.0
18715,18716,18715,1,-1,1.0
18715,18716,18715,2,-2,2.0
18715,18716,18715,2,-2,2.0
18715,18716,18715,2,-2,2.0
18714,18715,18714,1,-1,1.0
18714,18715,18714,1,-1,1.0
18713,18715,18713,2,-2,2.0
18713,18715,18713,2,-2,2.0
18713,18714,18714,1,1,1.0
18714,18715,18715,1,1,1.0
18714,18715,18715,2,2,2.0
18715,18716,18715,4,-4,4.0
18715,18716,18714,1,-1,1.0
18714,18716,18716,1,1,1.0
18714,18716,18716,4,4,4.0
18715,18716,18716,2,2,2.0
18715,18716,18715,1,-1,1.0
18715,18716,18715,1,-1,1.0
18715,18716,18715,1,-1,1.0
18715,18716,18715,1,-1,1.0
18715,18716,18715,15,-15,15.0
18715,18716,18716,36,36,36.0
18715,18716,18716,1,1,1.0
18716,18717,18717,1,1,1.0
18716,18717,18717,1,1,1.0
18716,18717,18717,2,2,2.0
18716,18717,18717,21,21,21.0
18716,18718,18717,2,2,-2.0
18716,18718,18717,3,3,-3.0
18717,18718,18717,1,-1,1.0
18717,18718,18718,1,1,1.0
18717,18718,18718,1,1,1.0
18717,18718,18717,1,-1,1.0
18717,18718,18718,4,4,4.0
18717,18718,18718,4,4,4.0
18717,18718,18718,1,1,1.0
18717,18718,18718,10,10,10.0
18717,18718,18718,16,16,16.0
18718,18719,18718,2,-2,2.0
18717,18718,18718,1,1,1.0
18717,18718,18718,1,1,1.0
18717,18718,18719,6,6,-6.0
18718,18719,18718,1,-1,1.0
18718,18719,18719,1,1,1.0
18718,18719,18718,1,-1,1.0
18718,18719,18719,1,1,1.0
18718,18719,18719,1,1,1.0
18718,18719,18719,10,10,10.0
18718,18719,18719,4,4,4.0
18718,18719,18720,6,6,-6.0
18718,18720,18718,1,-1,1.0
18718,18720,18720,1,1,1.0
18718,18720,18718,1,-1,1.0
18718,18720,18720,3,3,3.0
18718,18720,18720,2,2,2.0
18719,18720,18719,5,-5,5.0
18719,18720,18720,10,10,10.0
18719,18720,18719,1,-1,1.0
18719,18720,18720,1,1,1.0
18719,18720,18719,1,-1,1.0
18719,18720,18719,1,-1,1.0
18719,18720,18719,1,-1,1.0
18719,18720,18719,1,-1,1.0
18719,18720,18720,10,10,10.0
18719,18720,18719,1,-1,1.0
18719,18720,18719,2,-2,2.0
18719,18720,18719,1,-1,1.0
18719,18720,18720,3,3,3.0
18719,18720,18719,1,-1,1.0
18719,18720,18719,1,-1,1.0
18719,18720,18719,3,-3,3.0
18719,18720,18719,1,-1,1.0
18719,18720,18719,10,-10,10.0
18719,18720,18719,1,-1,1.0
18719,18720,18719,1,-1,1.0
18718,18720,18720,2,2,2.0
18718,18719,18719,1,1,1.0
18718,18719,18719,1,1,1.0
18718,18719,18719,1,1,1.0
18719,18720,18720,1,1,1.0
18719,18720,18719,1,-1,1.0
18718,18719,18719,1,1,1.0
18718,18719,18719,1,1,1.0
18718,18719,18718,4,-4,4.0
18718,18719,18718,2,-2,2.0
18718,18719,18718,2,-2,2.0
18718,18719,18718,1,-1,1.0
18718,18719,18718,1,-1,1.0
18718,18719,18718,2,-2,2.0
18718,18719,18718,5,-5,5.0
18717,18718,18718,1,1,1.0
18717,18718,18718,1,1,1.0
18717,18718,18718,1,1,1.0
18717,18718,18717,1,-1,1.0
18717,18718,18717,1,-1,1.0
18717,18718,18717,1,-1,1.0
18717,18718,18717,1,-1,1.0
18717,18718,18717,1,-1,1.0
18717,18718,18718,3,3,3.0
18717,18718,18718,1,1,1.0
18718,18719,18718,2,-2,2.0
18718,18719,18718,2,-2,2.0
18718,18719,18719,3,3,3.0
18718,18719,18719,1,1,1.0
18718,18719,18719,2,2,2.0
18718,18719,18719,1,1,1.0
18718,18719,18719,1,1,1.0
18718,18719,18719,1,1,1.0
18718,18719,18719,1,1,1.0
18718,18719,18719,2,2,2.0
18718,18719,18719,3,3,3.0
18718,18719,18719,1,1,1.0
18719,18720,18719,1,-1,1.0
18719,18720,18719,4,-4,4.0
18718,18720,18720,2,2,2.0
18719,18720,18720,1,1,1.0
18719,18720,18720,1,1,1.0
18719,18720,18719,2,-2,2.0
18719,18720,18719,1,-1,1.0
18719,18720,18720,2,2,2.0
18719,18720,18719,1,-1,1.0
18719,18720,18720,1,1,1.0
18719,18720,18720,1,1,1.0
18719,18720,18719,1,-1,1.0
18719,18720,18719,1,-1,1.0
18719,18720,18719,1,-1,1.0
18719,18720,18719,2,-2,2.0
18719,18720,18719,1,-1,1.0
18719,18720,18719,1,-1,1.0
18719,18720,18720,1,1,1.0
18719,18720,18720,20,20,20.0
18719,18720,18720,2,2,2.0
18719,18720,18720,5,5,5.0
18719,18720,18720,1,1,1.0
18719,18720,18720,1,1,1.0
18719,18720,18720,1,1,1.0
18719,18720,18720,1,1,1.0
18719,18720,18720,4,4,4.0
18719,18720,18720,1,1,1.0
18719,18720,18720,2,2,2.0
18719,18720,18720,11,11,11.0
18720,18721,18721,5,5,5.0
18720,18721,18721,2,2,2.0
18720,18721,18721,1,1,1.0
18720,18721,18721,22,22,22.0
18721,18722,18722,2,2,2.0
18721,18722,18722,2,2,2.0
18721,18722,18722,1,1,1.0
18720,18722,18722,1,1,1.0
18720,18722,18721,1,1,-1.0
18720,18721,18721,1,1,1.0
18720,18721,18720,2,-2,2.0
18720,18721,18721,1,1,1.0
18720,18721,18721,4,4,4.0
18720,18721,18720,1,-1,1.0
18720,18721,18720,2,-2,2.0
18720,18721,18720,4,-4,4.0
18719,18720,18720,3,3,3.0
18719,18720,18719,5,-5,5.0
18719,18720,18720,1,1,1.0
18719,18720,18720,6,6,6.0
18719,18720,18720,1,1,1.0
18720,18721,18720,1,-1,1.0
18720,18721,18721,1,1,1.0
18720,18721,18721,4,4,4.0
18720,18721,18722,6,6,-6.0
18720,18721,18721,1,1,1.0
18720,18721,18721,1,1,1.0
18720,18721,18721,1,1,1.0
18720,18721,18721,2,2,2.0
18720,18721,18721,1,1,1.0
18720,18721,18720,1,-1,1.0
18720,18721,18721,10,10,10.0
18720,18721,18721,1,1,1.0
18720,18722,18721,2,2,-2.0
18720,18722,18721,1,1,-1.0
18721,18722,18721,1,-1,1.0
18721,18722,18721,3,-3,3.0
18721,18722,18721,1,-1,1.0
18720,18721,18720,10,-10,10.0
18720,18721,18720,1,-1,1.0
18720,18721,18721,6,6,6.0
18720,18721,18720,1,-1,1.0
18720,18721,18721,5,5,5.0
18720,18721,18720,1,-1,1.0
18720,18721,18721,3,3,3.0
18720,18721,18721,2,2,2.0
18720,18721,18721,12,12,12.0
18721,18722,18722,1,1,1.0
18721,18722,18722,1,1,1.0
18721,18722,18722,1,1,1.0
18721,18722,18722,1,1,1.0
18721,18722,18722,1,1,1.0
18721,18722,18722,2,2,2.0
18721,18722,18722,2,2,2.0
18721,18722,18722,2,2,2.0
18721,18722,18722,1,1,1.0
18721,18722,18722,2,2,2.0
18721,18722,18722,2,2,2.0
18721,18722,18722,1,1,1.0
18721,18722,18722,2,2,2.0
18721,18722,18722,2,2,2.0
18721,18722,18722,2,2,2.0
18721,18722,18722,2,2,2.0
18721,18722,18722,3,3,3.0
18721,18722,18722,1,1,1.0
18721,18722,18721,2,-2,2.0
18720,18721,18721,3,3,3.0
18720,18721,18722,1,1,-1.0
18720,18721,18721,1,1,1.0
18720,18721,18721,1,1,1.0
18721,18722,18721,1,-1,1.0
18721,18722,18722,1,1,1.0
18721,18722,18721,1,-1,1.0
18721,18722,18721,1,-1,1.0
18721,18722,18722,5,5,5.0
18721,18722,18722,1,1,1.0
18721,18722,18721,1,-1,1.0
18721,18722,18721,1,-1,1.0
18720,18721,18721,4,4,4.0
18720,18721,18721,4,4,4.0
18720,18721,18721,1,1,1.0
18720,18721,18721,1,1,1.0
18720,18721,18721,1,1,1.0
18720,18721,18721,4,4,4.0
18720,18721,18722,1,1,-1.0
18720,18722,18721,2,2,-2.0
18720,18722,18722,1,1,1.0
18721,18722,18721,1,-1,1.0
18720,18721,18721,3,3,3.0
18720,18721,18721,2,2,2.0
18720,18721,18721,10,10,10.0
18720,18721,18722,35,35,-35.0
18720,18721,18723,5,5,-5.0
18721,18722,18722,1,1,1.0
18721,18722,18722,2,2,2.0
18721,18722,18722,2,2,2.0
18721,18722,18722,2,2,2.0
18721,18722,18722,2,2,2.0
18721,18722,18722,2,2,2.0
18721,18722,18722,2,2,2.0
18721,18722,18722,1,1,1.0
18721,18722,18721,7,-7,7.0
18721,18722,18720,3,-3,3.0
18720,18721,18721,3,3,3.0
18720,18721,18721,7,7,7.0
18720,18721,18721,1,1,1.0
18720,18721,18720,24,-24,24.0
18720,18721,18719,4,-4,4.0
18720,18721,18719,1,-1,1.0
18720,18721,18719,1,-1,1.0
18720,18721,18719,2,-2,2.0
18720,18721,18719,2,-2,2.0
18720,18721,18719,1,-1,1.0
18720,18721,18719,10,-10,10.0
18720,18721,18719,1,-1,1.0
18720,18721,18719,1,-1,1.0
18720,18721,18719,1,-1,1.0
18720,18721,18719,5,-5,5.0
18720,18721,18719,1,-1,1.0
18720,18721,18719,1,-1,1.0
18720,18721,18719,1,-1,1.0
18720,18721,18719,1,-1,1.0
18718,18719,18719,1,1,1.0
18718,18719,18718,1,-1,1.0
18718,18719,18718,1,-1,1.0
18718,18719,18718,1,-1,1.0
18718,18719,18719,1,1,1.0
18718,18720,18718,1,-1,1.0
18718,18719,18719,1,1,1.0
18718,18720,18719,1,1,-1.0
18718,18720,18720,6,6,6.0
18719,18720,18720,1,1,1.0
18719,18720,18720,1,1,1.0
18719,18720,18719,1,-1,1.0
18719,18720,18719,1,-1,1.0
18719,18720,18719,1,-1,1.0
18719,18720,18719,1,-1,1.0
18719,18720,18719,1,-1,1.0
18719,18720,18719,2,-2,2.0
18719,18720,18719,1,-1,1.0
18719,18720,18719,1,-1,1.0
18719,18720,18719,1,-1,1.0
18719,18720,18719,1,-1,1.0
18718,18719,18718,1,-1,1.0
18718,18719,18718,1,-1,1.0
18718,18719,18718,2,-2,2.0
18718,18719,18718,5,-5,5.0
18718,18719,18718,1,-1,1.0
18718,18719,18719,1,1,1.0
18718,18719,18719,6,6,6.0
18718,18719,18720,6,6,-6.0
18719,18720,18719,1,-1,1.0
18719,18720,18720,6,6,6.0
18719,18720,18720,10,10,10.0
18720,18721,18721,1,1,1.0
18720,18721,18721,1,1,1.0
18720,18721,18721,4,4,4.0
18720,18722,18720,1,-1,1.0
18721,18722,18721,1,-1,1.0
18721,18722,18721,2,-2,2.0
18721,18722,18721,2,-2,2.0
18721,18722,18721,1,-1,1.0
18720,18721,18721,2,2,2.0
18720,18721,18720,1,-1,1.0
18720,18721,18720,1,-1,1.0
18720,18721,18721,1,1,1.0
18720,18721,18721,1,1,1.0
18721,18722,18721,1,-1,1.0
18721,18722,18721,1,-1,1.0
18721,18722,18721,1,-1,1.0
18721,18722,18721,1,-1,1.0
18721,18722,18721,1,-1,1.0
18720,18721,18721,1,1,1.0
18720,18722,18721,1,1,-1.0
18720,18721,18720,1,-1,1.0
18720,18721,18721,1,1,1.0
18720,18722,18722,1,1,1.0
18720,18722,18722,1,1,1.0
18720,18722,18722,1,1,1.0
18720,18722,18722,1,1,1.0
18720,18722,18722,1,1,1.0
18720,18722,18722,1,1,1.0
18721,18722,18722,1,1,1.0
18721,18722,18722,1,1,1.0
18721,18722,18722,1,1,1.0
18721,18722,18722,1,1,1.0
18721,18722,18722,11,11,11.0
18721,18722,18722,5,5,5.0
18722,18723,18723,1,1,1.0
18722,18723,18723,1,1,1.0
18722,18723,18723,5,5,5.0
18722,18723,18723,5,5,5.0
18722,18723,18723,1,1,1.0
18722,18723,18723,2,2,2.0
18722,18723,18723,4,4,4.0
18722,18723,18723,4,4,4.0
18722,18723,18723,1,1,1.0
18722,18723,18723,1,1,1.0
18722,18723,18723,1,1,1.0
18722,18723,18723,2,2,2.0
18722,18723,18723,5,5,5.0
18722,18723,18723,1,1,1.0
18722,18723,18723,1,1,1.0
18722,18723,18723,5,5,5.0
18722,18724,18724,1,1,1.0
18722,18724,18724,10,10,10.0
18722,18724,18722,1,-1,1.0
18722,18724,18724,1,1,1.0
18722,18723,18723,1,1,1.0
18722,18723,18723,1,1,1.0
18722,18723,18722,1,-1,1.0
18722,18723,18722,1,-1,1.0
18721,18723,18721,1,-1,1.0
18721,18723,18723,1,1,1.0
18721,18723,18723,9,9,9.0
18721,18723,18723,2,2,2.0
18721,18723,18723,1,1,1.0
18721,18723,18723,1,1,1.0
18721,18723,18723,2,2,2.0
18721,18723,18723,1,1,1.0
18721,18723,18723,1,1,1.0
18721,18723,18724,8,8,-8.0
18721,18723,18724,1,1,-1.0
18724,18725,18725,9,9,9.0
18724,18725,18725,6,6,6.0
18724,18725,18725,3,3,3.0
18724,18725,18725,3,3,3.0
18724,18725,18725,15,15,15.0
18724,18726,18724,1,-1,1.0
18725,18726,18726,1,1,1.0
18725,18726,18725,1,-1,1.0
18724,18725,18725,1,1,1.0
18724,18725,18725,4,4,4.0
18724,18725,18726,1,1,-1.0
18724,18725,18726,5,5,-5.0
18724,18726,18724,1,-1,1.0
18724,18726,18724,1,-1,1.0
18725,18726,18725,1,-1,1.0
18725,18726,18725,1,-1,1.0
18725,18726,18725,1,-1,1.0
18724,18726,18724,1,-1,1.0
18724,18726,18724,1,-1,1.0
18724,18725,18724,1,-1,1.0
18724,18725,18724,1,-1,1.0
18723,18725,18725,7,7,7.0
18724,18726,18726,1,1,1.0
18724,18726,18726,1,1,1.0
18724,18726,18726,1,1,1.0
18724,18726,18724,1,-1,1.0
18724,18725,18725,1,1,1.0
18724,18726,18726,4,4,4.0
18724,18726,18726,1,1,1.0
18724,18726,18724,2,-2,2.0
18724,18726,18726,8,8,8.0
18725,18726,18726,1,1,1.0
18725,18726,18726,4,4,4.0
18725,18726,18725,1,-1,1.0
18724,18726,18725,1,-1,1.0
18724,18726,18724,1,-1,1.0
18724,18726,18724,1,-1,1.0
18724,18726,18726,1,1,1.0
18724,18725,18725,1,1,1.0
18725,18726,18725,1,-1,1.0
18724,18726,18724,1,-1,1.0
18725,18726,18725,1,-1,1.0
18725,18726,18725,1,-1,1.0
18725,18726,18725,3,-3,3.0
18724,18726,18725,1,-1,1.0
18724,18725,18725,7,7,7.0
18724,18725,18726,7,7,-7.0
18724,18726,18724,1,-1,1.0
18724,18725,18725,1,1,1.0
18725,18726,18725,2,-2,2.0
18725,18726,18725,1,-1,1.0
18725,18726,18725,1,-1,1.0
18724,18725,18725,1,1,1.0
18725,18726,18725,1,-1,1.0
18724,18726,18726,1,1,1.0
18724,18725,18725,1,1,1.0
18724,18726,18726,1,1,1.0
18724,18725,18725,1,1,1.0
18724,18725,18725,1,1,1.0
18724,18725,18724,1,-1,1.0
18724,18725,18724,2,-2,2.0
18724,18725,18724,1,-1,1.0
18724,18725,18724,1,-1,1.0
18724,18725,18724,1,-1,1.0
18724,18725,18724,2,-2,2.0
18724,18725,18724,2,-2,2.0
18724,18725,18724,1,-1,1.0
18724,18725,18724,1,-1,1.0
18724,18725,18724,1,-1,1.0
18724,18725,18724,1,-1,1.0
18723,18724,18723,1,-1,1.0
18723,18724,18723,1,-1,1.0
18723,18724,18724,5,5,5.0
18723,18724,18724,1,1,1.0
18723,18724,18724,1,1,1.0
18723,18724,18723,28,-28,28.0
18722,18724,18722,1,-1,1.0
18722,18723,18722,1,-1,1.0
18721,18722,18721,1,-1,1.0
18721,18722,18721,1,-1,1.0
18721,18722,18722,1,1,1.0
18721,18722,18722,1,1,1.0
18721,18722,18721,1,-1,1.0
18721,18722,18721,1,-1,1.0
18721,18722,18721,1,-1,1.0
18721,18722,18721,1,-1,1.0
18721,18722,18721,1,-1,1.0
18721,18722,18721,1,-1,1.0
18720,18722,18722,1,1,1.0
18721,18722,18721,1,-1,1.0
18720,18722,18721,4,-4,4.0
18720,18722,18721,1,-1,1.0
18720,18722,18721,1,-1,1.0
18721,18722,18722,8,8,8.0
18721,18723,18721,1,-1,1.0
18721,18723,18721,2,-2,2.0
18721,18723,18721,3,-3,3.0
18722,18723,18722,1,-1,1.0
18721,18723,18722,1,-1,1.0
18721,18722,18722,1,1,1.0
18721,18722,18721,3,-3,3.0
18721,18722,18721,12,-12,12.0
18720,18721,18720,4,-4,4.0
18720,18721,18720,18,-18,18.0
18719,18720,18719,1,-1,1.0
18719,18720,18719,1,-1,1.0
18719,18720,18719,1,-1,1.0
18719,18720,18719,1,-1,1.0
18719,18720,18719,11,-11,11.0
18719,18720,18718,9,-9,9.0
18718,18719,18718,4,-4,4.0
18718,18719,18719,9,9,9.0
18718,18719,18720,2,2,-2.0
18718,18719,18719,1,1,1.0
18718,18719,18718,2,-2,2.0
18718,18719,18718,1,-1,1.0
18718,18719,18718,1,-1,1.0
18717,18718,18717,1,-1,1.0
18717,18718,18717,5,-5,5.0
18717,18718,18717,2,-2,2.0
18717,18718,18717,1,-1,1.0
18716,18717,18717,2,2,2.0
18716,18717,18716,1,-1,1.0
18716,18717,18716,1,-1,1.0
18716,18717,18716,1,-1,1.0
18716,18717,18716,2,-2,2.0
18716,18717,18716,1,-1,1.0
18716,18717,18716,1,-1,1.0
18715,18717,18717,1,1,1.0
18715,18716,18715,1,-1,1.0
18715,18716,18716,1,1,1.0
18715,18717,18715,1,-1,1.0
18715,18717,18715,1,-1,1.0
18715,18717,18715,1,-1,1.0
18715,18717,18716,1,-1,1.0
18715,18716,18716,1,1,1.0
18715,18716,18715,12,-12,12.0
18715,18716,18715,4,-4,4.0
18715,18716,18715,2,-2,2.0
18714,18716,18715,1,-1,1.0
18714,18716,18715,1,-1,1.0
18715,18716,18715,1,-1,1.0
18715,18716,18715,1,-1,1.0
18714,18716,18714,1,-1,1.0
18714,18716,18714,3,-3,3.0
18714,18716,18715,1,-1,1.0
18714,18716,18714,1,-1,1.0
18714,18716,18715,4,-4,4.0
18715,18716,18715,1,-1,1.0
18715,18716,18716,4,4,4.0
18715,18716,18716,2,2,2.0
18715,18716,18715,1,-1,1.0
18715,18716,18716,3,3,3.0
18715,18716,18715,5,-5,5.0
18715,18716,18715,1,-1,1.0
18715,18716,18716,1,1,1.0
18715,18716,18715,2,-2,2.0
18715,18716,18715,1,-1,1.0
18714,18715,18715,2,2,2.0
18714,18715,18714,2,-2,2.0
18714,18715,18714,11,-11,11.0
18714,18715,18714,2,-2,2.0
18714,18715,18714,8,-8,8.0
18714,18715,18714,2,-2,2.0
18714,18715,18714,1,-1,1.0
18713,18714,18714,1,1,1.0
18713,18714,18714,1,1,1.0
18713,18714,18715,3,3,-3.0
18713,18715,18715,1,1,1.0
18714,18715,18714,1,-1,1.0
18714,18715,18714,1,-1,1.0
18713,18714,18713,1,-1,1.0
18713,18714,18713,1,-1,1.0
18713,18714,18713,1,-1,1.0
18713,18714,18713,1,-1,1.0
18713,18714,18713,5,-5,5.0
18713,18714,18714,1,1,1.0
18713,18714,18714,1,1,1.0
18713,18714,18714,1,1,1.0
18713,18714,18713,1,-1,1.0
18713,18714,18713,5,-5,5.0
18713,18714,18713,1,-1,1.0
18713,18714,18713,1,-1,1.0
18713,18714,18713,3,-3,3.0
18713,18714,18714,10,10,10.0
18713,18714,18714,1,1,1.0
18713,18714,18713,1,-1,1.0
18713,18714,18713,2,-2,2.0
18713,18714,18714,1,1,1.0
18713,18714,18714,1,1,1.0
18713,18714,18713,7,-7,7.0
18712,18713,18713,3,3,3.0
18712,18713,18713,1,1,1.0
18712,18713,18713,1,1,1.0
18712,18713,18713,2,2,2.0
18712,18714,18713,1,1,-1.0
18712,18713,18713,1,1,1.0
18712,18713,18713,1,1,1.0
18712,18713,18713,1,1,1.0
18712,18713,18713,1,1,1.0
18712,18714,18712,2,-2,2.0
18712,18714,18712,1,-1,1.0
18712,18714,18712,1,-1,1.0
18712,18714,18714,1,1,1.0
18712,18713,18713,1,1,1.0
18712,18713,18712,1,-1,1.0
18712,18713,18712,1,-1,1.0
18712,18713,18713,1,1,1.0
18712,18713,18712,1,-1,1.0
18712,18713,18713,5,5,5.0
18712,18713,18712,1,-1,1.0
18712,18713,18713,2,2,2.0
18712,18713,18713,2,2,2.0
18712,18713,18713,2,2,2.0
18712,18713,18713,1,1,1.0
18712,18713,18713,1,1,1.0
18712,18713,18713,1,1,1.0
18712,18713,18713,1,1,1.0
18713,18714,18713,1,-1,1.0
18713,18714,18714,13,13,13.0
18714,18715,18714,1,-1,1.0
18714,18715,18714,2,-2,2.0
18714,18715,18715,3,3,3.0
18714,18715,18715,2,2,2.0
18714,18715,18715,1,1,1.0
18714,18715,18715,3,3,3.0
18715,18716,18715,3,-3,3.0
18714,18716,18714,1,-1,1.0
18714,18716,18715,2,-2,2.0
18714,18716,18714,8,-8,8.0
18714,18716,18714,1,-1,1.0
18714,18715,18714,1,-1,1.0
18713,18714,18713,1,-1,1.0
18713,18715,18713,1,-1,1.0
18713,18715,18713,1,-1,1.0
18713,18714,18714,1,1,1.0
18713,18714,18714,1,1,1.0
18713,18714,18714,1,1,1.0
18713,18714,18714,1,1,1.0
18713,18714,18714,1,1,1.0
18713,18714,18714,1,1,1.0
18713,18714,18714,1,1,1.0
18713,18714,18714,1,1,1.0
18714,18715,18715,1,1,1.0
18714,18715,18715,4,4,4.0
18714,18715,18716,1,1,-1.0
18715,18716,18715,1,-1,1.0
18715,18716,18715,1,-1,1.0
18715,18716,18716,4,4,4.0
18715,18716,18716,3,3,3.0
18716,18717,18717,1,1,1.0
18716,18717,18717,2,2,2.0
18716,18717,18717,1,1,1.0
18716,18717,18716,8,-8,8.0
18716,18717,18716,1,-1,1.0
18716,18717,18717,1,1,1.0
18716,18717,18717,3,3,3.0
18716,18717,18717,1,1,1.0
18716,18718,18718,1,1,1.0
18716,18717,18716,2,-2,2.0
18717,18718,18717,1,-1,1.0
18717,18718,18717,1,-1,1.0
18716,18717,18716,1,-1,1.0
18716,18718,18716,1,-1,1.0
18716,18718,18718,1,1,1.0
18716,18718,18717,1,1,-1.0
18716,18718,18716,1,-1,1.0
18716,18718,18716,1,-1,1.0
18716,18718,18716,1,-1,1.0
18716,18718,18716,1,-1,1.0
18716,18717,18716,1,-1,1.0
18716,18717,18717,1,1,1.0
18716,18717,18716,1,-1,1.0
18716,18717,18716,1,-1,1.0
18716,18717,18716,1,-1,1.0
18716,18717,18717,1,1,1.0
18716,18717,18716,1,-1,1.0
18716,18717,18717,1,1,1.0
18717,18718,18717,1,-1,1.0
18716,18717,18716,2,-2,2.0
18716,18717,18716,1,-1,1.0
18716,18718,18717,1,-1,1.0
18716,18718,18716,2,-2,2.0
18716,18717,18716,1,-1,1.0
18716,18717,18717,1,1,1.0
18716,18717,18717,1,1,1.0
18717,18718,18717,2,-2,2.0
18717,18718,18718,1,1,1.0
18717,18718,18718,6,6,6.0
18717,18719,18717,1,-1,1.0
18717,18719,18719,2,2,2.0
18718,18719,18718,1,-1,1.0
18718,18719,18718,1,-1,1.0
18718,18719,18718,1,-1,1.0
18717,18718,18718,1,1,1.0
18717,18718,18719,4,4,-4.0
18717,18719,18719,5,5,5.0
18718,18719,18718,1,-1,1.0
18717,18718,18718,1,1,1.0
18717,18718,18717,6,-6,6.0
18717,18718,18716,4,-4,4.0
18717,18718,18717,4,-4,4.0
18717,18718,18717,1,-1,1.0
18717,18718,18717,1,-1,1.0
18717,18718,18717,2,-2,2.0
18717,18718,18717,3,-3,3.0
18716,18717,18717,2,2,2.0
18716,18717,18716,1,-1,1.0
18716,18717,18716,1,-1,1.0
18716,18717,18716,2,-2,2.0
18715,18716,18715,1,-1,1.0
18715,18716,18715,3,-3,3.0
18715,18716,18715,4,-4,4.0
18715,18716,18715,1,-1,1.0
18715,18716,18714,1,-1,1.0
18715,18716,18714,1,-1,1.0
18714,18715,18714,1,-1,1.0
18714,18715,18714,1,-1,1.0
18714,18715,18715,1,1,1.0
18714,18715,18714,1,-1,1.0
18713,18714,18714,1,1,1.0
18713,18714,18714,1,1,1.0
18713,18714,18713,2,-2,2.0
18713,18714,18713,1,-1,1.0
18713,18714,18713,2,-2,2.0
18712,18713,18713,1,1,1.0
18712,18714,18713,1,1,-1.0
18713,18714,18714,1,1,1.0
18713,18714,18714,1,1,1.0
18713,18714,18714,1,1,1.0
18713,18714,18714,1,1,1.0
18713,18714,18713,1,-1,1.0
18713,18714,18714,2,2,2.0
18713,18714,18714,1,1,1.0
18713,18714,18713,1,-1,1.0
18713,18714,18713,1,-1,1.0
18713,18714,18713,1,-1,1.0
18713,18714,18713,1,-1,1.0
18712,18714,18713,1,-1,1.0
18713,18714,18713,1,-1,1.0
18713,18714,18713,1,-1,1.0
18713,18714,18713,1,-1,1.0
18713,18714,18713,1,-1,1.0
18713,18714,18713,1,-1,1.0
18713,18714,18713,1,-1,1.0
18713,18714,18713,1,-1,1.0
18713,18714,18713,1,-1,1.0
18713,18714,18713,1,-1,1.0
18713,18714,18713,1,-1,1.0
18713,18714,18713,5,-5,5.0
18713,18714,18713,2,-2,2.0
18713,18714,18714,5,5,5.0
18713,18714,18714,2,2,2.0
18713,18714,18714,3,3,3.0
18713,18714,18715,2,2,-2.0
18715,18716,18716,1,1,1.0
18715,18716,18716,3,3,3.0
18715,18716,18715,1,-1,1.0
18715,18716,18716,1,1,1.0
18715,18716,18716,1,1,1.0
18715,18716,18716,1,1,1.0
18716,18717,18716,1,-1,1.0
18716,18717,18716,1,-1,1.0
18716,18717,18716,2,-2,2.0
18716,18717,18716,1,-1,1.0
18716,18717,18716,1,-1,1.0
18716,18717,18716,1,-1,1.0
18716,18717,18717,1,1,1.0
18715,18717,18716,1,1,-1.0
18716,18717,18717,1,1,1.0
18715,18717,18715,1,-1,1.0
18715,18717,18716,1,-1,1.0
18715,18717,18717,1,1,1.0
18715,18716,18716,1,1,1.0
18715,18716,18716,1,1,1.0
18715,18716,18715,1,-1,1.0
18715,18716,18716,2,2,2.0
18715,18716,18716,2,2,2.0
18715,18716,18716,1,1,1.0
18715,18716,18716,1,1,1.0
18716,18717,18716,2,-2,2.0
18716,18717,18716,1,-1,1.0
18716,18717,18716,2,-2,2.0
18715,18717,18715,1,-1,1.0
18715,18716,18716,1,1,1.0
18715,18716,18716,1,1,1.0
18715,18716,18716,1,1,1.0
18715,18716,18716,2,2,2.0
18715,18716,18716,1,1,1.0
18715,18716,18716,1,1,1.0
18715,18716,18716,2,2,2.0
18715,18717,18716,1,1,-1.0
18715,18717,18717,3,3,3.0
18715,18717,18717,2,2,2.0
18715,18717,18717,2,2,2.0
18716,18718,18718,5,5,5.0
18716,18718,18718,1,1,1.0
18716,18718,18718,1,1,1.0
18716,18718,18716,1,-1,1.0
18716,18718,18716,3,-3,3.0
18716,18718,18716,1,-1,1.0
18716,18717,18717,1,1,1.0
18716,18717,18718,1,1,-1.0
18718,18719,18718,2,-2,2.0
18717,18719,18719,4,4,4.0
18717,18719,18718,1,1,-1.0
18717,18719,18719,4,4,4.0
18717,18718,18718,1,1,1.0
18717,18718,18718,1,1,1.0
18718,18719,18719,1,1,1.0
18718,18719,18719,1,1,1.0
18718,18719,18719,1,1,1.0
18718,18719,18719,1,1,1.0
18718,18719,18719,1,1,1.0
18718,18719,18719,1,1,1.0
18718,18719,18719,1,1,1.0
18718,18719,18718,2,-2,2.0
18717,18719,18719,1,1,1.0
18717,18718,18718,1,1,1.0
18718,18719,18718,1,-1,1.0
18718,18719,18718,1,-1,1.0
18718,18719,18718,1,-1,1.0
18718,18719,18718,1,-1,1.0
18718,18719,18719,1,1,1.0
18718,18719,18718,1,-1,1.0
18717,18718,18717,6,-6,6.0
18716,18717,18716,1,-1,1.0
18716,18717,18716,1,-1,1.0
18716,18717,18716,1,-1,1.0
18716,18717,18716,2,-2,2.0
18715,18716,18715,1,-1,1.0
18715,18716,18715,1,-1,1.0
18715,18716,18715,1,-1,1.0
18715,18716,18715,2,-2,2.0
18715,18716,18715,29,-29,29.0
18715,18716,18714,1,-1,1.0
18715,18716,18715,3,-3,3.0
18714,18715,18714,1,-1,1.0
18713,18714,18713,1,-1,1.0
18713,18714,18713,1,-1,1.0
18713,18714,18713,4,-4,4.0
18713,18714,18713,1,-1,1.0
18713,18714,18713,1,-1,1.0
18713,18714,18714,1,1,1.0
18713,18714,18714,5,5,5.0
18713,18714,18714,1,1,1.0
18713,18715,18715,1,1,1.0
18713,18715,18715,1,1,1.0
18713,18715,18715,1,1,1.0
18713,18715,18715,1,1,1.0
18713,18715,18716,1,1,-1.0
18713,18715,18716,1,1,-1.0
18713,18715,18716,1,1,-1.0
18713,18715,18716,4,4,-4.0
18715,18717,18716,2,2,-2.0
18714,18715,18715,1,1,1.0
18714,18715,18714,1,-1,1.0
18714,18715,18714,1,-1,1.0
18714,18715,18714,1,-1,1.0
18714,18715,18715,1,1,1.0
18714,18715,18715,1,1,1.0
18714,18715,18715,1,1,1.0
18714,18715,18715,1,1,1.0
18714,18715,18715,1,1,1.0
18714,18715,18716,1,1,-1.0
18714,18715,18716,1,1,-1.0
18714,18715,18716,1,1,-1.0
18714,18716,18714,1,-1,1.0
18715,18716,18716,2,2,2.0
18715,18716,18716,1,1,1.0
18715,18716,18715,1,-1,1.0
18714,18715,18715,1,1,1.0
18714,18715,18715,1,1,1.0
18714,18715,18715,1,1,1.0
18714,18715,18715,1,1,1.0
18714,18715,18715,1,1,1.0
18714,18715,18714,2,-2,2.0
18714,18715,18714,2,-2,2.0
18713,18714,18713,1,-1,1.0
18713,18714,18713,1,-1,1.0
18713,18714,18714,1,1,1.0
18713,18714,18714,1,1,1.0
18713,18714,18714,1,1,1.0
18713,18714,18713,1,-1,1.0
18713,18714,18713,1,-1,1.0
18713,18714,18714,3,3,3.0
18714,18715,18714,1,-1,1.0
18713,18715,18713,2,-2,2.0
18713,18714,18713,1,-1,1.0
18713,18714,18713,1,-1,1.0
18713,18714,18713,1,-1,1.0
18713,18714,18713,1,-1,1.0
18713,18714,18713,2,-2,2.0
18712,18714,18714,1,1,1.0
18712,18714,18712,1,-1,1.0
18712,18713,18712,38,-38,38.0
18712,18713,18712,2,-2,2.0
18712,18713,18712,4,-4,4.0
18712,18713,18712,1,-1,1.0
18712,18713,18712,1,-1,1.0
18711,18712,18711,10,-10,10.0
18711,18712,18711,1,-1,1.0
18711,18712,18711,4,-4,4.0
18710,18711,18710,1,-1,1.0
18710,18711,18710,10,-10,10.0
18710,18711,18710,1,-1,1.0
18710,18711,18710,10,-10,10.0
18710,18711,18711,1,1,1.0
18710,18711,18710,3,-3,3.0
18709,18710,18709,1,-1,1.0
18709,18710,18709,1,-1,1.0
18709,18710,18709,1,-1,1.0
18709,18710,18709,2,-2,2.0
18709,18710,18709,1,-1,1.0
18709,18710,18709,1,-1,1.0
18709,18710,18709,1,-1,1.0
18709,18710,18709,1,-1,1.0
18709,18710,18709,1,-1,1.0
18708,18709,18709,3,3,3.0
18708,18709,18709,1,1,1.0
18709,18710,18709,2,-2,2.0
18708,18709,18709,2,2,2.0
18708,18709,18709,2,2,2.0
18708,18709,18709,1,1,1.0
18708,18709,18709,4,4,4.0
18708,18709,18709,1,1,1.0
18709,18710,18709,1,-1,1.0
18709,18710,18709,5,-5,5.0
18709,18710,18708,5,-5,5.0
18709,18710,18708,1,-1,1.0
18708,18709,18708,2,-2,2.0
18708,18709,18708,4,-4,4.0
18708,18709,18707,1,-1,1.0
18708,18709,18707,1,-1,1.0
18707,18708,18707,1,-1,1.0
18707,18708,18707,3,-3,3.0
18707,18708,18708,1,1,1.0
18707,18708,18707,1,-1,1.0
18707,18708,18707,1,-1,1.0
18707,18708,18706,4,-4,4.0
18706,18708,18708,5,5,5.0
18706,18708,18708,1,1,1.0
18707,18708,18707,1,-1,1.0
18707,18709,18709,10,10,10.0
18708,18709,18708,1,-1,1.0
18708,18709,18708,1,-1,1.0
18708,18709,18707,4,-4,4.0
18707,18709,18707,1,-1,1.0
18707,18709,18709,1,1,1.0
18707,18709,18708,1,1,-1.0
18707,18709,18707,4,-4,4.0
18707,18709,18709,1,1,1.0
18707,18709,18707,1,-1,1.0
18707,18708,18708,1,1,1.0
18707,18709,18709,1,1,1.0
18707,18709,18708,1,1,-1.0
18707,18708,18707,6,-6,6.0
18707,18708,18707,1,-1,1.0
18707,18708,18708,1,1,1.0
18706,18708,18707,1,1,-1.0
18707,18708,18707,8,-8,8.0
18707,18708,18707,2,-2,2.0
18706,18708,18706,1,-1,1.0
18706,18708,18706,1,-1,1.0
18706,18708,18706,5,-5,5.0
18706,18708,18707,3,-3,3.0
18706,18707,18707,1,1,1.0
18707,18708,18707,1,-1,1.0
18707,18708,18707,1,-1,1.0
18707,18708,18708,1,1,1.0
18707,18708,18707,2,-2,2.0
18707,18708,18707,3,-3,3.0
18707,18708,18707,1,-1,1.0
18707,18708,18708,4,4,4.0
18707,18708,18708,14,14,14.0
18708,18709,18708,2,-2,2.0
18707,18708,18707,10,-10,10.0
18707,18708,18707,5,-5,5.0
18706,18707,18707,1,1,1.0
18706,18707,18707,1,1,1.0
18707,18708,18707,1,-1,1.0
18707,18708,18707,1,-1,1.0
18706,18707,18707,2,2,2.0
18706,18707,18706,3,-3,3.0
18706,18707,18706,1,-1,1.0
18706,18707,18706,3,-3,3.0
18706,18707,18706,1,-1,1.0
18706,18707,18706,9,-9,9.0
18706,18707,18706,1,-1,1.0
18705,18707,18707,3,3,3.0
18705,18707,18706,1,1,-1.0
18705,18706,18706,1,1,1.0
18705,18706,18705,1,-1,1.0
18705,18706,18705,1,-1,1.0
18705,18706,18705,1,-1,1.0
18705,18706,18706,2,2,2.0
18705,18706,18705,1,-1,1.0
18705,18706,18705,1,-1,1.0
18705,18706,18705,3,-3,3.0
18705,18706,18705,1,-1,1.0
18705,18706,18705,1,-1,1.0
18705,18706,18706,1,1,1.0
18705,18706,18706,1,1,1.0
18705,18706,18706,1,1,1.0
18705,18706,18705,1,-1,1.0
18705,18706,18705,6,-6,6.0
18705,18706,18706,7,7,7.0
18705,18706,18705,1,-1,1.0
18705,18706,18705,35,-35,35.0
18704,18705,18705,1,1,1.0
18704,18705,18705,4,4,4.0
18704,18705,18706,2,2,-2.0
18704,18706,18706,4,4,4.0
18705,18706,18705,1,-1,1.0
18705,18706,18706,1,1,1.0
18706,18707,18706,1,-1,1.0
18706,18707,18706,1,-1,1.0
18705,18706,18706,1,1,1.0
18705,18707,18707,1,1,1.0
18705,18707,18707,1,1,1.0
18705,18706,18705,2,-2,2.0
18705,18706,18706,5,5,5.0
18705,18706,18705,1,-1,1.0
18705,18706,18705,1,-1,1.0
18705,18706,18706,3,3,3.0
18705,18706,18706,2,2,2.0
18705,18706,18706,1,1,1.0
18705,18706,18706,2,2,2.0
18705,18706,18706,3,3,3.0
18705,18706,18706,1,1,1.0
18705,18706,18706,1,1,1.0
18705,18706,18705,1,-1,1.0
18705,18706,18705,2,-2,2.0
18705,18706,18705,7,-7,7.0
18705,18706,18705,4,-4,4.0
18705,18706,18705,1,-1,1.0
18705,18706,18705,2,-2,2.0
18704,18705,18704,3,-3,3.0
18704,18705,18704,1,-1,1.0
18704,18705,18704,4,-4,4.0
18704,18705,18704,7,-7,7.0
18704,18705,18704,2,-2,2.0
18704,18705,18704,1,-1,1.0
18704,18705,18704,2,-2,2.0
18704,18705,18703,1,-1,1.0
18704,18705,18703,1,-1,1.0
18703,18704,18703,1,-1,1.0
18703,18704,18703,1,-1,1.0
18703,18704,18703,1,-1,1.0
18703,18704,18703,1,-1,1.0
18703,18704,18704,3,3,3.0
18703,18704,18703,3,-3,3.0
18703,18704,18704,1,1,1.0
18704,18705,18705,4,4,4.0
18705,18706,18705,1,-1,1.0
18705,18706,18704,2,-2,2.0
18704,18706,18704,1,-1,1.0
18704,18706,18704,2,-2,2.0
18704,18705,18704,1,-1,1.0
18704,18706,18706,1,1,1.0
18705,18706,18705,1,-1,1.0
18705,18706,18706,1,1,1.0
18705,18706,18705,2,-2,2.0
18705,18706,18704,1,-1,1.0
18705,18706,18705,3,-3,3.0
18705,18706,18705,2,-2,2.0
18704,18705,18704,2,-2,2.0
18703,18704,18704,1,1,1.0
18703,18704,18704,1,1,1.0
18703,18704,18703,5,-5,5.0
18702,18703,18702,2,-2,2.0
18702,18703,18702,1,-1,1.0
18702,18703,18702,2,-2,2.0
18702,18703,18702,1,-1,1.0
18702,18703,18702,1,-1,1.0
18702,18703,18702,3,-3,3.0
18702,18703,18702,1,-1,1.0
18702,18703,18702,2,-2,2.0
18702,18703,18701,1,-1,1.0
18701,18703,18701,1,-1,1.0
18701,18703,18701,1,-1,1.0
18701,18703,18701,1,-1,1.0
18701,18702,18702,1,1,1.0
18701,18702,18702,1,1,1.0
18702,18703,18702,4,-4,4.0
18702,18703,18701,2,-2,2.0
18702,18703,18701,1,-1,1.0
18701,18703,18703,1,1,1.0
18702,18703,18703,1,1,1.0
18702,18703,18703,4,4,4.0
18702,18704,18702,1,-1,1.0
18702,18704,18702,1,-1,1.0
18702,18704,18704,1,1,1.0
18702,18703,18702,2,-2,2.0
18702,18703,18703,2,2,2.0
18702,18703,18703,1,1,1.0
18702,18703,18702,1,-1,1.0
18702,18703,18702,2,-2,2.0
18702,18703,18703,3,3,3.0
18702,18703,18704,8,8,-8.0
18703,18704,18703,1,-1,1.0
18703,18704,18703,1,-1,1.0
18703,18704,18703,1,-1,1.0
18702,18704,18704,2,2,2.0
18702,18703,18702,10,-10,10.0
18701,18703,18702,1,-1,1.0
18701,18703,18702,1,-1,1.0
18701,18702,18702,3,3,3.0
18702,18703,18702,5,-5,5.0
18702,18703,18703,2,2,2.0
18703,18704,18704,1,1,1.0
18703,18704,18704,1,1,1.0
18704,18705,18704,1,-1,1.0
18704,18705,18704,1,-1,1.0
18702,18704,18703,1,-1,1.0
18703,18704,18703,1,-1,1.0
18703,18704,18704,2,2,2.0
18703,18704,18704,1,1,1.0
18703,18704,18704,1,1,1.0
18703,18704,18704,2,2,2.0
18703,18704,18704,1,1,1.0
18703,18704,18704,1,1,1.0
18703,18704,18704,2,2,2.0
18704,18705,18705,1,1,1.0
18704,18705,18705,2,2,2.0
18705,18706,18705,1,-1,1.0
18705,18706,18706,5,5,5.0
18705,18706,18706,4,4,4.0
18705,18706,18707,1,1,-1.0
18705,18707,18705,1,-1,1.0
18705,18707,18706,1,-1,1.0
18706,18707,18707,5,5,5.0
18706,18707,18707,5,5,5.0
18706,18707,18707,1,1,1.0
18706,18707,18706,5,-5,5.0
18706,18707,18706,2,-2,2.0
18704,18706,18706,5,5,5.0
18704,18706,18706,6,6,6.0
18704,18706,18707,27,27,-27.0
18704,18706,18708,43,43,-43.0
18704,18706,18707,1,1,-1.0
18704,18706,18707,7,7,-7.0
18704,18706,18708,3,3,-3.0
18707,18708,18708,1,1,1.0
18707,18708,18707,6,-6,6.0
18707,18708,18707,1,-1,1.0
18707,18708,18706,2,-2,2.0
18706,18707,18707,12,12,12.0
18707,18708,18707,3,-3,3.0
18707,18708,18706,1,-1,1.0
18706,18708,18708,11,11,11.0
18706,18708,18709,29,29,-29.0
18706,18708,18710,36,36,-36.0
18706,18708,18709,1,1,-1.0
18709,18710,18709,1,-1,1.0
18708,18710,18710,1,1,1.0
18708,18710,18709,1,1,-1.0
18708,18710,18709,1,1,-1.0
18708,18710,18708,2,-2,2.0
18707,18708,18707,1,-1,1.0
18707,18708,18708,1,1,1.0
18707,18708,18708,1,1,1.0
18707,18708,18708,1,1,1.0
18708,18709,18708,1,-1,1.0
18708,18709,18709,4,4,4.0
18708,18709,18710,3,3,-3.0
18708,18709,18708,1,-1,1.0
18708,18709,18709,3,3,3.0
18709,18710,18709,1,-1,1.0
18709,18710,18710,1,1,1.0
18709,18710,18709,2,-2,2.0
18709,18710,18709,2,-2,2.0
18708,18710,18709,1,-1,1.0
18709,18710,18710,3,3,3.0
18709,18710,18710,3,3,3.0
18709,18710,18710,2,2,2.0
18709,18710,18710,1,1,1.0
18710,18711,18710,1,-1,1.0
18710,18711,18710,2,-2,2.0
18710,18711,18710,1,-1,1.0
18710,18711,18710,1,-1,1.0
18710,18711,18711,1,1,1.0
18710,18711,18710,1,-1,1.0
18710,18711,18710,3,-3,3.0
18710,18711,18709,2,-2,2.0
18710,18711,18711,8,8,8.0
18710,18711,18711,1,1,1.0
18711,18712,18712,3,3,3.0
18711,18712,18712,1,1,1.0
18711,18712,18711,1,-1,1.0
18711,18712,18711,1,-1,1.0
18711,18712,18712,1,1,1.0
18711,18712,18711,7,-7,7.0
18711,18712,18710,2,-2,2.0
18710,18711,18710,1,-1,1.0
18709,18710,18710,2,2,2.0
18709,18710,18709,2,-2,2.0
18709,18710,18709,2,-2,2.0
18709,18710,18708,7,-7,7.0
18708,18710,18708,1,-1,1.0
18708,18710,18708,1,-1,1.0
18708,18710,18708,1,-1,1.0
18708,18710,18708,1,-1,1.0
18708,18710,18708,1,-1,1.0
18707,18709,18707,1,-1,1.0
18707,18708,18707,9,-9,9.0
18707,18708,18707,9,-9,9.0
18706,18708,18706,9,-9,9.0
18706,18708,18707,1,-1,1.0
18707,18708,18707,1,-1,1.0
18707,18708,18707,2,-2,2.0
18707,18708,18707,1,-1,1.0
18707,18708,18707,1,-1,1.0
18707,18708,18708,10,10,10.0
18708,18710,18708,2,-2,2.0
18708,18709,18708,1,-1,1.0
18708,18709,18708,1,-1,1.0
18708,18709,18709,3,3,3.0
18709,18710,18710,2,2,2.0
18709,18710,18710,1,1,1.0
18709,18710,18710,4,4,4.0
18709,18710,18710,1,1,1.0
18709,18710,18710,1,1,1.0
18710,18711,18711,4,4,4.0
18711,18712,18711,1,-1,1.0
18711,18712,18711,1,-1,1.0
18711,18712,18711,1,-1,1.0
18710,18711,18711,1,1,1.0
18711,18712,18711,2,-2,2.0
18711,18712,18711,1,-1,1.0
18710,18712,18710,5,-5,5.0
18710,18712,18712,2,2,2.0
18710,18712,18712,4,4,4.0
18712,18713,18713,5,5,5.0
18712,18713,18713,1,1,1.0
18712,18713,18712,1,-1,1.0
18712,18713,18712,3,-3,3.0
18712,18713,18713,1,1,1.0
18712,18713,18712,2,-2,2.0
18712,18713,18712,2,-2,2.0
18711,18712,18712,1,1,1.0
18712,18713,18713,1,1,1.0
18712,18713,18712,1,-1,1.0
18712,18713,18713,3,3,3.0
18712,18713,18713,1,1,1.0
18712,18713,18713,3,3,3.0
18712,18713,18713,1,1,1.0
18712,18714,18713,3,3,-3.0
18712,18714,18713,15,15,-15.0
18712,18713,18712,1,-1,1.0
18711,18713,18713,4,4,4.0
18711,18712,18711,2,-2,2.0
18711,18712,18711,1,-1,1.0
18711,18712,18711,3,-3,3.0
18708,18710,18709,3,-3,3.0
18709,18710,18710,1,1,1.0
18709,18710,18711,2,2,-2.0
18710,18711,18710,1,-1,1.0
18709,18710,18710,1,1,1.0
18709,18710,18710,1,1,1.0
18709,18710,18710,1,1,1.0
18710,18711,18710,1,-1,1.0
18709,18710,18709,2,-2,2.0
18709,18710,18709,1,-1,1.0
18708,18709,18709,1,1,1.0
18708,18709,18708,1,-1,1.0
18708,18709,18708,2,-2,2.0
18708,18709,18708,1,-1,1.0
18708,18709,18708,1,-1,1.0
18707,18708,18708,2,2,2.0
18708,18709,18708,1,-1,1.0
18708,18709,18708,1,-1,1.0
18708,18709,18707,4,-4,4.0
18708,18709,18708,1,-1,1.0
18708,18709,18708,1,-1,1.0
18708,18709,18708,1,-1,1.0
18708,18709,18708,2,-2,2.0
18708,18709,18708,1,-1,1.0
18708,18709,18708,1,-1,1.0
18708,18709,18708,1,-1,1.0
18707,18708,18708,1,1,1.0
18707,18708,18708,1,1,1.0
18707,18708,18707,3,-3,3.0
18707,18708,18707,4,-4,4.0
18707,18708,18707,2,-2,2.0
18707,18708,18707,2,-2,2.0
18707,18708,18707,1,-1,1.0
18707,18708,18707,2,-2,2.0
18707,18708,18707,2,-2,2.0
18707,18708,18707,1,-1,1.0
18707,18708,18708,1,1,1.0
18707,18708,18708,3,3,3.0
18707,18708,18708,1,1,1.0
18708,18709,18708,1,-1,1.0
18708,18709,18708,1,-1,1.0
18708,18709,18709,1,1,1.0
18708,18709,18709,1,1,1.0
18708,18710,18708,1,-1,1.0
18708,18709,18708,1,-1,1.0
18708,18709,18708,1,-1,1.0
18708,18709,18708,2,-2,2.0
18708,18709,18709,1,1,1.0
18709,18710,18710,1,1,1.0
18709,18710,18710,2,2,2.0
18709,18710,18710,2,2,2.0
18710,18711,18710,2,-2,2.0
18710,18711,18710,3,-3,3.0
18710,18711,18710,3,-3,3.0
18710,18711,18710,1,-1,1.0
18709,18711,18709,1,-1,1.0
18710,18711,18710,1,-1,1.0
18710,18711,18710,1,-1,1.0
18709,18711,18709,3,-3,3.0
18709,18710,18709,1,-1,1.0
18709,18710,18710,1,1,1.0
18709,18710,18709,2,-2,2.0
18709,18710,18709,2,-2,2.0
18708,18709,18709,3,3,3.0
18708,18710,18708,1,-1,1.0
18709,18710,18709,5,-5,5.0
18709,18710,18709,1,-1,1.0
18709,18710,18709,5,-5,5.0
18708,18710,18710,1,1,1.0
18710,18711,18711,1,1,1.0
18710,18711,18711,1,1,1.0
18711,18712,18711,1,-1,1.0
18710,18712,18710,1,-1,1.0
18710,18711,18711,1,1,1.0
18710,18711,18710,1,-1,1.0
18709,18711,18710,1,-1,1.0
18709,18710,18710,2,2,2.0
18709,18710,18710,2,2,2.0
18710,18711,18711,1,1,1.0
18710,18711,18710,1,-1,1.0
18710,18711,18710,1,-1,1.0
18709,18710,18710,1,1,1.0
18709,18710,18709,1,-1,1.0
18709,18710,18709,1,-1,1.0
18709,18710,18710,1,1,1.0
18709,18710,18709,1,-1,1.0
18709,18710,18710,1,1,1.0
18710,18711,18710,1,-1,1.0
18710,18711,18710,1,-1,1.0
18709,18710,18710,1,1,1.0
18710,18711,18710,1,-1,1.0
18710,18711,18711,1,1,1.0
18710,18711,18711,3,3,3.0
18710,18712,18710,10,-10,10.0
18709,18710,18709,2,-2,2.0
18709,18710,18708,5,-5,5.0
18708,18710,18708,10,-10,10.0
18708,18709,18708,7,-7,7.0
18707,18708,18707,1,-1,1.0
18707,18708,18707,9,-9,9.0
18706,18708,18708,1,1,1.0
18706,18708,18706,9,-9,9.0
18706,18708,18706,1,-1,1.0
18706,18708,18706,10,-10,10.0
18705,18707,18707,1,1,1.0
18706,18707,18706,1,-1,1.0
18706,18707,18706,1,-1,1.0
18705,18707,18706,1,-1,1.0
18705,18706,18706,1,1,1.0
18705,18706,18705,1,-1,1.0
18705,18706,18705,1,-1,1.0
18705,18706,18705,1,-1,1.0
18705,18706,18705,1,-1,1.0
18705,18706,18705,1,-1,1.0
18705,18706,18706,1,1,1.0
18705,18706,18705,2,-2,2.0
18705,18706,18705,4,-4,4.0
18705,18706,18706,2,2,2.0
18705,18706,18706,13,13,13.0
18705,18706,18707,7,7,-7.0
18705,18707,18705,3,-3,3.0
18705,18707,18705,1,-1,1.0
18705,18707,18707,17,17,17.0
18705,18707,18708,3,3,-3.0
18705,18706,18705,1,-1,1.0
18704,18706,18706,10,10,10.0
18704,18706,18707,10,10,-10.0
18706,18708,18708,10,10,10.0
18706,18708,18708,3,3,3.0
18707,18708,18707,1,-1,1.0
18707,18708,18707,1,-1,1.0
18706,18708,18706,1,-1,1.0
18706,18708,18707,1,-1,1.0
18707,18708,18707,1,-1,1.0
18705,18706,18706,1,1,1.0
18706,18707,18706,1,-1,1.0
18705,18706,18706,2,2,2.0
18706,18707,18706,1,-1,1.0
18706,18707,18706,2,-2,2.0
18705,18706,18706,1,1,1.0
18705,18706,18706,1,1,1.0
18706,18707,18707,2,2,2.0
18706,18707,18707,1,1,1.0
18706,18707,18707,6,6,6.0
18707,18708,18707,1,-1,1.0
18707,18708,18707,1,-1,1.0
18707,18708,18708,1,1,1.0
18707,18708,18708,1,1,1.0
18708,18709,18708,1,-1,1.0
18708,18709,18708,1,-1,1.0
18708,18709,18708,1,-1,1.0
18707,18708,18708,1,1,1.0
18707,18708,18708,2,2,2.0
18708,18709,18708,1,-1,1.0
18708,18709,18707,1,-1,1.0
18707,18708,18707,1,-1,1.0
18707,18708,18707,1,-1,1.0
18707,18708,18707,1,-1,1.0
18707,18708,18707,1,-1,1.0
18707,18708,18707,1,-1,1.0
18707,18708,18708,1,1,1.0
18707,18708,18708,5,5,5.0
18708,18709,18708,1,-1,1.0
18708,18709,18709,2,2,2.0
18709,18710,18710,1,1,1.0
18709,18710,18710,1,1,1.0
18709,18710,18709,1,-1,1.0
18709,18710,18709,1,-1,1.0
18709,18710,18709,1,-1,1.0
18709,18710,18709,1,-1,1.0
18709,18710,18708,1,-1,1.0
18709,18710,18709,2,-2,2.0
18709,18710,18709,1,-1,1.0
18709,18710,18709,1,-1,1.0
18709,18710,18709,1,-1,1.0
18708,18709,18709,1,1,1.0
18708,18710,18708,3,-3,3.0
18708,18709,18708,1,-1,1.0
18708,18709,18708,1,-1,1.0
18708,18709,18708,1,-1,1.0
18707,18708,18707,3,-3,3.0
18707,18708,18708,4,4,4.0
18708,18710,18708,1,-1,1.0
18708,18710,18710,1,1,1.0
18708,18710,18710,1,1,1.0
18708,18710,18708,2,-2,2.0
18708,18709,18708,3,-3,3.0
18707,18708,18707,1,-1,1.0
18707,18708,18707,1,-1,1.0
18707,18708,18707,1,-1,1.0
18707,18708,18707,1,-1,1.0
18706,18708,18707,1,-1,1.0
18707,18708,18707,1,-1,1.0
18707,18708,18707,1,-1,1.0
18707,18708,18707,1,-1,1.0
18707,18708,18707,1,-1,1.0
18707,18708,18708,2,2,2.0
18707,18708,18708,1,1,1.0
18707,18708,18708,8,8,8.0
18708,18709,18709,3,3,3.0
18709,18710,18709,2,-2,2.0
18708,18710,18710,1,1,1.0
18709,18710,18710,6,6,6.0
18709,18710,18710,1,1,1.0
18709,18710,18710,5,5,5.0
18709,18710,18710,2,2,2.0
18709,18710,18710,2,2,2.0
18709,18710,18710,1,1,1.0
18709,18710,18710,1,1,1.0
18709,18711,18711,1,1,1.0
18710,18711,18711,4,4,4.0
18710,18711,18711,1,1,1.0
18710,18711,18710,1,-1,1.0
18710,18711,18710,1,-1,1.0
18710,18711,18710,1,-1,1.0
18710,18711,18710,1,-1,1.0
18710,18711,18710,1,-1,1.0
18709,18710,18710,1,1,1.0
18709,18710,18710,1,1,1.0
18710,18711,18710,1,-1,1.0
18710,18711,18711,1,1,1.0
18710,18711,18711,10,10,10.0
18711,18712,18711,12,-12,12.0
18711,18712,18710,1,-1,1.0
18711,18712,18711,1,-1,1.0
18710,18711,18711,1,1,1.0
18710,18711,18711,1,1,1.0
18710,18712,18712,1,1,1.0
18710,18711,18711,1,1,1.0
18710,18711,18710,1,-1,1.0
18710,18711,18710,1,-1,1.0
18710,18711,18710,1,-1,1.0
18709,18711,18711,3,3,3.0
18710,18711,18710,1,-1,1.0
18710,18711,18711,2,2,2.0
18710,18711,18711,1,1,1.0
18710,18711,18711,1,1,1.0
18710,18712,18710,3,-3,3.0
18711,18712,18712,1,1,1.0
18711,18712,18712,4,4,4.0
18711,18712,18712,1,1,1.0
18711,18712,18712,2,2,2.0
18711,18712,18712,1,1,1.0
18711,18713,18713,2,2,2.0
18711,18713,18713,1,1,1.0
18711,18713,18713,17,17,17.0
18711,18713,18714,1,1,-1.0
18712,18714,18714,1,1,1.0
18712,18714,18714,6,6,6.0
18712,18714,18713,1,1,-1.0
18713,18714,18714,1,1,1.0
18713,18714,18714,1,1,1.0
18713,18714,18714,1,1,1.0
18713,18714,18715,1,1,-1.0
18713,18715,18715,1,1,1.0
18713,18715,18715,1,1,1.0
18713,18715,18715,1,1,1.0
18713,18715,18715,1,1,1.0
18713,18715,18714,1,1,-1.0
18713,18715,18715,1,1,1.0
18713,18715,18715,3,3,3.0
18713,18715,18715,1,1,1.0
18713,18715,18715,1,1,1.0
18713,18714,18714,1,1,1.0
18713,18714,18714,1,1,1.0
18713,18714,18715,1,1,-1.0
18713,18715,18715,2,2,2.0
18714,18715,18715,1,1,1.0
18714,18715,18714,1,-1,1.0
18714,18715,18714,1,-1,1.0
18714,18715,18714,2,-2,2.0
18713,18714,18714,2,2,2.0
18713,18714,18713,2,-2,2.0
18713,18714,18713,2,-2,2.0
18713,18714,18713,2,-2,2.0
18713,18714,18713,1,-1,1.0
18712,18713,18713,3,3,3.0
18712,18713,18714,1,1,-1.0
18712,18714,18714,1,1,1.0
18712,18714,18714,1,1,1.0
18712,18714,18714,1,1,1.0
18712,18714,18714,3,3,3.0
18713,18714,18714,1,1,1.0
18713,18715,18715,1,1,1.0
18713,18715,18715,1,1,1.0
18713,18715,18715,1,1,1.0
18714,18715,18715,1,1,1.0
18714,18715,18715,1,1,1.0
18714,18715,18715,1,1,1.0
18714,18715,18714,1,-1,1.0
18714,18715,18715,1,1,1.0
18714,18715,18714,1,-1,1.0
18714,18715,18714,1,-1,1.0
18713,18715,18715,4,4,4.0
18714,18715,18715,1,1,1.0
18714,18715,18715,1,1,1.0
18714,18716,18715,1,1,-1.0
18715,18716,18715,1,-1,1.0
18715,18716,18715,5,-5,5.0
18715,18716,18714,5,-5,5.0
18714,18716,18714,1,-1,1.0
18714,18715,18715,4,4,4.0
18714,18715,18715,1,1,1.0
18714,18715,18715,1,1,1.0
18715,18716,18716,1,1,1.0
18715,18716,18715,1,-1,1.0
18715,18716,18716,4,4,4.0
18715,18716,18715,1,-1,1.0
18715,18716,18716,1,1,1.0
18715,18716,18716,2,2,2.0
18715,18716,18716,5,5,5.0
18715,18716,18716,1,1,1.0
18715,18716,18716,1,1,1.0
18715,18716,18716,2,2,2.0
18715,18716,18716,1,1,1.0
18715,18717,18717,1,1,1.0
18715,18717,18717,1,1,1.0
18715,18717,18717,1,1,1.0
18716,18717,18716,1,-1,1.0
18716,18717,18717,5,5,5.0
18716,18717,18716,1,-1,1.0
18716,18717,18716,1,-1,1.0
18716,18717,18716,1,-1,1.0
18716,18717,18716,1,-1,1.0
18716,18717,18716,1,-1,1.0
18716,18717,18717,4,4,4.0
18716,18717,18717,1,1,1.0
18716,18717,18717,3,3,3.0
18716,18717,18717,1,1,1.0
18716,18717,18717,5,5,5.0
18716,18717,18716,5,-5,5.0
18716,18717,18716,3,-3,3.0
18716,18717,18715,6,-6,6.0
18716,18717,18715,2,-2,2.0
18716,18717,18715,1,-1,1.0
18716,18717,18714,3,-3,3.0
18714,18715,18714,1,-1,1.0
18713,18715,18715,1,1,1.0
18714,18715,18715,1,1,1.0
18715,18717,18715,4,-4,4.0
18715,18716,18716,1,1,1.0
18716,18717,18717,5,5,5.0
18717,18718,18718,27,27,27.0
18718,18719,18719,2,2,2.0
18718,18719,18718,1,-1,1.0
18718,18719,18719,2,2,2.0
18718,18719,18719,1,1,1.0
18718,18720,18719,1,1,-1.0
18718,18720,18718,2,-2,2.0
18718,18720,18719,1,-1,1.0
18718,18719,18719,1,1,1.0
18718,18719,18719,1,1,1.0
18718,18719,18718,1,-1,1.0
18718,18719,18719,1,1,1.0
18718,18719,18719,2,2,2.0
18718,18720,18720,5,5,5.0
18718,18720,18718,1,-1,1.0
18718,18720,18720,1,1,1.0
18718,18720,18720,3,3,3.0
18718,18720,18719,1,1,-1.0
18719,18720,18719,1,-1,1.0
18719,18720,18719,1,-1,1.0
18718,18720,18720,1,1,1.0
18718,18719,18719,1,1,1.0
18719,18720,18720,1,1,1.0
18719,18720,18719,1,-1,1.0
18719,18720,18719,3,-3,3.0
18718,18720,18720,1,1,1.0
18718,18720,18720,1,1,1.0
18718,18720,18720,6,6,6.0
18718,18720,18720,1,1,1.0
18718,18720,18720,1,1,1.0
18718,18720,18720,1,1,1.0
18718,18720,18720,7,7,7.0
18718,18720,18720,1,1,1.0
18719,18720,18720,2,2,2.0
18719,18720,18720,1,1,1.0
18719,18720,18720,6,6,6.0
18720,18721,18721,1,1,1.0
18720,18721,18721,1,1,1.0
18720,18721,18720,2,-2,2.0
18720,18721,18719,4,-4,4.0
18719,18720,18719,1,-1,1.0
18719,18720,18719,1,-1,1.0
18719,18720,18719,2,-2,2.0
18718,18719,18719,1,1,1.0
18718,18719,18718,10,-10,10.0
18716,18718,18718,1,1,1.0
18716,18718,18718,1,1,1.0
18716,18717,18717,1,1,1.0
18716,18718,18716,3,-3,3.0
18717,18718,18717,2,-2,2.0
18717,18718,18718,1,1,1.0
18717,18718,18718,18,18,18.0
18717,18718,18717,1,-1,1.0
18717,18718,18717,4,-4,4.0
18716,18717,18716,4,-4,4.0
18714,18716,18716,1,1,1.0
18714,18715,18715,1,1,1.0
18714,18715,18715,1,1,1.0
18714,18715,18716,1,1,-1.0
18714,18716,18714,3,-3,3.0
18714,18715,18715,1,1,1.0
18714,18715,18714,1,-1,1.0
18714,18715,18714,1,-1,1.0
18714,18715,18714,3,-3,3.0
18714,18715,18714,1,-1,1.0
18713,18714,18713,2,-2,2.0
18714,18715,18714,1,-1,1.0
18714,18715,18713,1,-1,1.0
18714,18715,18713,1,-1,1.0
18712,18714,18712,2,-2,2.0
18712,18714,18714,1,1,1.0
18712,18714,18714,1,1,1.0
18712,18714,18714,1,1,1.0
18713,18714,18713,1,-1,1.0
18712,18713,18713,1,1,1.0
18713,18714,18714,1,1,1.0
18713,18714,18714,3,3,3.0
18713,18714,18715,2,2,-2.0
18713,18714,18714,1,1,1.0
18713,18714,18714,1,1,1.0
18714,18715,18714,1,-1,1.0
18714,18715,18714,1,-1,1.0
18713,18715,18714,1,-1,1.0
18713,18715,18715,1,1,1.0
18713,18714,18714,1,1,1.0
18713,18715,18713,1,-1,1.0
18713,18715,18713,1,-1,1.0
18713,18715,18713,1,-1,1.0
18713,18714,18713,2,-2,2.0
18713,18714,18713,1,-1,1.0
18714,18715,18715,1,1,1.0
18714,18715,18715,1,1,1.0
18714,18715,18715,6,6,6.0
18714,18715,18715,1,1,1.0
18715,18716,18715,1,-1,1.0
18715,18716,18715,1,-1,1.0
18714,18716,18715,1,-1,1.0
18714,18715,18715,1,1,1.0
18714,18715,18715,1,1,1.0
18714,18715,18715,3,3,3.0
18714,18715,18715,1,1,1.0
18714,18715,18715,1,1,1.0
18715,18716,18715,1,-1,1.0
18715,18716,18715,1,-1,1.0
18715,18716,18715,1,-1,1.0
18715,18716,18715,2,-2,2.0
18714,18716,18715,1,-1,1.0
18713,18715,18715,1,1,1.0
18713,18715,18715,1,1,1.0
18713,18715,18714,1,1,-1.0
18714,18715,18715,1,1,1.0
18714,18715,18715,1,1,1.0
18713,18715,18714,2,2,-2.0
18713,18714,18714,1,1,1.0
18713,18714,18714,1,1,1.0
18713,18714,18713,1,-1,1.0
18713,18714,18713,4,-4,4.0
18713,18714,18713,1,-1,1.0
18712,18713,18713,1,1,1.0
18712,18713,18712,8,-8,8.0
18711,18712,18711,2,-2,2.0
18711,18712,18711,1,-1,1.0
18711,18712,18711,1,-1,1.0
18711,18712,18711,2,-2,2.0
18711,18712,18711,1,-1,1.0
18711,18712,18710,7,-7,7.0
18709,18711,18711,2,2,2.0
18709,18711,18710,1,1,-1.0
18709,18711,18710,1,1,-1.0
18709,18710,18710,4,4,4.0
18709,18711,18710,1,1,-1.0
18710,18711,18710,2,-2,2.0
18709,18710,18710,1,1,1.0
18710,18711,18710,1,-1,1.0
18710,18711,18711,1,1,1.0
18710,18711,18711,1,1,1.0
18711,18712,18712,4,4,4.0
18712,18713,18712,1,-1,1.0
18712,18713,18713,1,1,1.0
18712,18713,18713,1,1,1.0
18712,18713,18712,1,-1,1.0
18712,18713,18712,1,-1,1.0
18711,18712,18712,1,1,1.0
18711,18712,18712,1,1,1.0
18711,18712,18712,2,2,2.0
18711,18712,18712,1,1,1.0
18712,18713,18712,1,-1,1.0
18712,18713,18712,6,-6,6.0
18712,18713,18712,9,-9,9.0
18712,18713,18714,7,7,-7.0
18714,18715,18714,1,-1,1.0
18714,18715,18714,1,-1,1.0
18714,18715,18714,1,-1,1.0
18714,18715,18714,1,-1,1.0
18714,18715,18714,1,-1,1.0
18714,18715,18714,2,-2,2.0
18714,18715,18715,5,5,5.0
18714,18716,18716,1,1,1.0
18714,18716,18716,1,1,1.0
18714,18716,18716,1,1,1.0
18714,18716,18716,1,1,1.0
18714,18716,18716,1,1,1.0
18714,18716,18716,1,1,1.0
18714,18716,18716,1,1,1.0
18714,18716,18716,1,1,1.0
18714,18716,18716,1,1,1.0
18714,18716,18716,1,1,1.0
18714,18715,18715,1,1,1.0
18714,18715,18714,1,-1,1.0
18714,18715,18714,2,-2,2.0
18713,18714,18714,1,1,1.0
18714,18715,18715,6,6,6.0
18714,18715,18714,1,-1,1.0
18714,18715,18714,1,-1,1.0
18713,18714,18714,1,1,1.0
18713,18714,18714,1,1,1.0
18713,18714,18713,1,-1,1.0
18713,18714,18713,1,-1,1.0
18712,18714,18714,1,1,1.0
18712,18714,18713,1,1,-1.0
18712,18713,18713,1,1,1.0
18712,18713,18713,2,2,2.0
18712,18713,18713,2,2,2.0
18712,18713,18713,1,1,1.0
18712,18714,18713,1,1,-1.0
18713,18714,18714,1,1,1.0
18713,18714,18714,1,1,1.0
18713,18714,18714,2,2,2.0
18713,18715,18714,1,1,-1.0
18714,18715,18714,1,-1,1.0
18713,18715,18714,1,-1,1.0
18713,18714,18714,2,2,2.0
18713,18714,18714,1,1,1.0
18714,18715,18714,1,-1,1.0
18713,18714,18714,2,2,2.0
18713,18714,18714,1,1,1.0
18713,18714,18714,3,3,3.0
18713,18714,18714,1,1,1.0
18714,18715,18714,1,-1,1.0
18714,18715,18715,8,8,8.0
18714,18715,18715,6,6,6.0
18715,18716,18715,1,-1,1.0
18715,18716,18715,2,-2,2.0
18715,18716,18715,1,-1,1.0
18714,18716,18715,2,-2,2.0
18715,18716,18716,1,1,1.0
18715,18716,18716,21,21,21.0
18716,18717,18716,1,-1,1.0
18716,18717,18717,1,1,1.0
18716,18717,18717,3,3,3.0
18716,18717,18717,1,1,1.0
18716,18717,18717,1,1,1.0
18716,18717,18717,1,1,1.0
18716,18717,18717,6,6,6.0
18716,18717,18717,2,2,2.0
18717,18718,18718,2,2,2.0
18717,18718,18718,4,4,4.0
18717,18718,18718,5,5,5.0
18717,18718,18718,1,1,1.0
18717,18718,18718,4,4,4.0
18717,18718,18718,6,6,6.0
18717,18718,18718,1,1,1.0
18717,18718,18718,1,1,1.0
18717,18718,18718,1,1,1.0
18717,18718,18718,1,1,1.0
18717,18718,18717,1,-1,1.0
18716,18717,18717,1,1,1.0
18716,18717,18717,1,1,1.0
18716,18717,18717,1,1,1.0
18716,18717,18717,1,1,1.0
18716,18717,18717,4,4,4.0
18716,18717,18717,1,1,1.0
18716,18717,18717,4,4,4.0
18716,18717,18717,1,1,1.0
18716,18717,18717,4,4,4.0
18716,18717,18717,6,6,6.0
18716,18717,18717,3,3,3.0
18716,18717,18717,1,1,1.0
18717,18718,18718,4,4,4.0
18717,18719,18717,1,-1,1.0
18717,18719,18718,1,-1,1.0
18717,18719,18718,1,-1,1.0
18717,18718,18718,3,3,3.0
18717,18718,18718,1,1,1.0
18717,18718,18717,1,-1,1.0
18716,18717,18716,1,-1,1.0
18716,18717,18716,2,-2,2.0
18716,18717,18716,1,-1,1.0
18716,18717,18716,2,-2,2.0
18716,18717,18717,1,1,1.0
18716,18717,18717,1,1,1.0
18716,18717,18717,1,1,1.0
18716,18717,18717,1,1,1.0
18716,18717,18717,1,1,1.0
18716,18717,18717,1,1,1.0
18717,18718,18717,1,-1,1.0
18716,18718,18718,1,1,1.0
18716,18718,18718,8,8,8.0
18716,18718,18718,2,2,2.0
18716,18718,18718,5,5,5.0
18716,18718,18718,1,1,1.0
18716,18718,18718,1,1,1.0
18716,18718,18718,3,3,3.0
18717,18719,18719,1,1,1.0
18718,18719,18718,1,-1,1.0
18718,18719,18718,1,-1,1.0
18718,18719,18719,5,5,5.0
18718,18719,18719,5,5,5.0
18719,18720,18720,3,3,3.0
18719,18720,18719,1,-1,1.0
18719,18720,18720,1,1,1.0
18719,18720,18719,1,-1,1.0
18719,18720,18720,10,10,10.0
18719,18720,18720,10,10,10.0
18719,18720,18720,10,10,10.0
18719,18720,18720,10,10,10.0
18719,18720,18719,1,-1,1.0
18719,18720,18719,3,-3,3.0
18719,18720,18720,1,1,1.0
18719,18720,18719,1,-1,1.0
18719,18720,18719,1,-1,1.0
18719,18720,18719,1,-1,1.0
18719,18720,18719,1,-1,1.0
18719,18720,18719,1,-1,1.0
18719,18720,18719,1,-1,1.0
18719,18720,18720,1,1,1.0
18719,18720,18719,1,-1,1.0
18719,18720,18720,1,1,1.0
18719,18720,18719,1,-1,1.0
18719,18720,18719,1,-1,1.0
18719,18720,18720,1,1,1.0
18719,18720,18719,1,-1,1.0
18719,18720,18719,1,-1,1.0
18719,18720,18719,1,-1,1.0
18719,18720,18720,17,17,17.0
18720,18721,18720,1,-1,1.0
18720,18721,18721,1,1,1.0
18720,18721,18721,1,1,1.0
18720,18721,18721,7,7,7.0
18720,18721,18721,4,4,4.0
18720,18721,18721,12,12,12.0
18720,18722,18721,1,1,-1.0
18720,18722,18722,2,2,2.0
18720,18722,18722,1,1,1.0
18721,18722,18721,1,-1,1.0
18720,18721,18721,1,1,1.0
18720,18721,18721,1,1,1.0
18720,18721,18720,1,-1,1.0
18720,18721,18720,1,-1,1.0
18720,18721,18720,1,-1,1.0
18719,18721,18721,1,1,1.0
18720,18721,18720,1,-1,1.0
18720,18721,18720,5,-5,5.0
18719,18720,18719,2,-2,2.0
18718,18719,18718,1,-1,1.0
18718,18719,18718,1,-1,1.0
18718,18719,18718,1,-1,1.0
18718,18719,18718,3,-3,3.0
18717,18718,18717,1,-1,1.0
18717,18718,18717,1,-1,1.0
18717,18718,18717,2,-2,2.0
18717,18718,18716,1,-1,1.0
18717,18718,18716,1,-1,1.0
18716,18718,18716,1,-1,1.0
18716,18718,18718,1,1,1.0
18716,18718,18718,1,1,1.0
18716,18718,18718,1,1,1.0
18716,18718,18718,1,1,1.0
18717,18718,18718,1,1,1.0
18716,18718,18718,3,3,3.0
18717,18718,18717,1,-1,1.0
18717,18719,18717,4,-4,4.0
18716,18718,18716,1,-1,1.0
18716,18718,18718,1,1,1.0
18718,18719,18718,1,-1,1.0
18718,18719,18719,1,1,1.0
18718,18719,18718,1,-1,1.0
18718,18720,18718,1,-1,1.0
18718,18720,18717,1,-1,1.0
18717,18719,18719,2,2,2.0
18717,18719,18719,1,1,1.0
18717,18719,18717,4,-4,4.0
18717,18719,18719,1,1,1.0
18717,18719,18716,1,-1,1.0
18716,18718,18718,1,1,1.0
18716,18718,18717,1,1,-1.0
18716,18718,18717,1,1,-1.0
18716,18718,18717,5,5,-5.0
18716,18717,18717,1,1,1.0
18716,18717,18717,1,1,1.0
18716,18717,18717,2,2,2.0
18716,18717,18718,1,1,-1.0
18716,18718,18718,1,1,1.0
18716,18718,18718,1,1,1.0
18716,18718,18718,1,1,1.0
18717,18718,18718,1,1,1.0
18718,18719,18718,1,-1,1.0
18718,18719,18718,1,-1,1.0
18718,18719,18718,3,-3,3.0
18718,18719,18718,5,-5,5.0
18717,18718,18717,5,-5,5.0
18717,18718,18717,6,-6,6.0
18716,18718,18718,1,1,1.0
18716,18718,18718,1,1,1.0
18716,18717,18717,1,1,1.0
18716,18718,18716,1,-1,1.0
18716,18718,18716,1,-1,1.0
18716,18717,18717,2,2,2.0
18716,18717,18717,2,2,2.0
18716,18717,18717,1,1,1.0
18716,18717,18717,1,1,1.0
18716,18717,18716,1,-1,1.0
18716,18717,18716,1,-1,1.0
18716,18717,18716,2,-2,2.0
18715,18716,18716,4,4,4.0
18716,18717,18716,1,-1,1.0
18716,18717,18717,1,1,1.0
18717,18718,18717,3,-3,3.0
18717,18718,18717,2,-2,2.0
18717,18718,18718,3,3,3.0
18718,18719,18718,1,-1,1.0
18717,18718,18718,2,2,2.0
18717,18718,18719,1,1,-1.0
18718,18719,18719,2,2,2.0
18718,18719,18719,3,3,3.0
18718,18720,18718,1,-1,1.0
18719,18720,18719,1,-1,1.0
18719,18720,18719,2,-2,2.0
18718,18720,18720,4,4,4.0
18718,18720,18720,4,4,4.0
18718,18720,18720,5,5,5.0
18718,18720,18720,2,2,2.0
18718,18720,18720,1,1,1.0
18718,18720,18720,1,1,1.0
18718,18720,18721,6,6,-6.0
18718,18720,18721,2,2,-2.0
18718,18720,18721,15,15,-15.0
18718,18720,18721,1,1,-1.0
18718,18720,18721,1,1,-1.0
18720,18721,18721,1,1,1.0
18720,18721,18721,3,3,3.0
18720,18721,18721,3,3,3.0
18721,18722,18721,2,-2,2.0
18720,18722,18720,1,-1,1.0
18720,18722,18721,1,-1,1.0
18720,18722,18720,8,-8,8.0
18720,18721,18720,2,-2,2.0
18719,18721,18719,2,-2,2.0
18720,18721,18720,2,-2,2.0
18720,18721,18720,1,-1,1.0
18720,18721,18721,1,1,1.0
18720,18721,18721,2,2,2.0
18720,18721,18721,1,1,1.0
18720,18721,18721,1,1,1.0
18720,18721,18722,1,1,-1.0
18720,18722,18722,2,2,2.0
18720,18722,18722,2,2,2.0
18720,18722,18722,6,6,6.0
18721,18722,18722,4,4,4.0
18721,18722,18722,1,1,1.0
18721,18722,18721,1,-1,1.0
18721,18722,18722,4,4,4.0
18721,18722,18722,1,1,1.0
18721,18722,18722,6,6,6.0
18721,18722,18721,1,-1,1.0
18721,18722,18722,1,1,1.0
18720,18722,18721,1,1,-1.0
18721,18722,18721,2,-2,2.0
18721,18722,18721,1,-1,1.0
18721,18722,18721,1,-1,1.0
18721,18722,18721,1,-1,1.0
18721,18722,18720,1,-1,1.0
18720,18722,18720,1,-1,1.0
18720,18722,18721,1,-1,1.0
18721,18722,18721,1,-1,1.0
18720,18721,18720,1,-1,1.0
18720,18721,18721,1,1,1.0
18720,18721,18720,1,-1,1.0
18720,18721,18721,3,3,3.0
18720,18721,18721,3,3,3.0
18720,18722,18721,1,1,-1.0
18721,18722,18721,3,-3,3.0
18721,18722,18721,1,-1,1.0
18721,18722,18722,1,1,1.0
18721,18722,18722,2,2,2.0
18721,18722,18722,1,1,1.0
18721,18722,18722,1,1,1.0
18721,18722,18722,1,1,1.0
18721,18722,18722,7,7,7.0
18721,18722,18722,2,2,2.0
18721,18722,18722,9,9,9.0
18722,18723,18722,4,-4,4.0
18721,18722,18722,1,1,1.0
18721,18722,18722,2,2,2.0
18721,18722,18722,1,1,1.0
18721,18722,18722,1,1,1.0
18722,18723,18722,2,-2,2.0
18721,18722,18722,1,1,1.0
18722,18723,18723,10,10,10.0
18722,18723,18723,1,1,1.0
18722,18723,18723,1,1,1.0
18722,18723,18723,1,1,1.0
18722,18723,18723,1,1,1.0
18722,18723,18723,1,1,1.0
18722,18723,18723,1,1,1.0
18722,18723,18723,1,1,1.0
18722,18723,18723,1,1,1.0
18722,18723,18723,1,1,1.0
18722,18723,18723,5,5,5.0
18722,18723,18723,1,1,1.0
18722,18723,18723,1,1,1.0
18722,18724,18724,1,1,1.0
18723,18724,18724,2,2,2.0
18723,18724,18723,1,-1,1.0
18723,18724,18724,5,5,5.0
18723,18724,18723,1,-1,1.0
18723,18724,18724,3,3,3.0
18723,18724,18724,5,5,5.0
18723,18724,18724,1,1,1.0
18723,18724,18724,5,5,5.0
18723,18724,18724,1,1,1.0
18723,18724,18724,3,3,3.0
18723,18724,18724,3,3,3.0
18723,18725,18725,3,3,3.0
18723,18724,18724,1,1,1.0
18723,18724,18724,1,1,1.0
18723,18724,18724,2,2,2.0
18723,18725,18724,1,1,-1.0
18723,18725,18724,1,1,-1.0
18723,18725,18724,1,1,-1.0
18724,18725,18724,1,-1,1.0
18723,18724,18724,1,1,1.0
18723,18724,18723,9,-9,9.0
18723,18724,18723,4,-4,4.0
18723,18724,18724,4,4,4.0
18723,18724,18723,1,-1,1.0
18722,18723,18723,3,3,3.0
18722,18723,18723,1,1,1.0
18722,18724,18724,1,1,1.0
18723,18724,18724,2,2,2.0
18723,18724,18723,2,-2,2.0
18723,18724,18723,1,-1,1.0
18723,18724,18723,6,-6,6.0
18722,18723,18723,2,2,2.0
18722,18723,18724,3,3,-3.0
18722,18724,18723,1,1,-1.0
18722,18724,18722,1,-1,1.0
18722,18723,18722,14,-14,14.0
18721,18723,18722,1,-1,1.0
18721,18722,18722,1,1,1.0
18721,18722,18722,1,1,1.0
18721,18723,18721,1,-1,1.0
18721,18723,18721,1,-1,1.0
18721,18723,18723,1,1,1.0
18722,18723,18723,4,4,4.0
18722,18724,18724,1,1,1.0
18722,18723,18722,2,-2,2.0
18721,18722,18722,1,1,1.0
18721,18722,18721,1,-1,1.0
18721,18722,18721,1,-1,1.0
18721,18722,18721,1,-1,1.0
18721,18722,18721,2,-2,2.0
18721,18722,18721,1,-1,1.0
18721,18722,18721,1,-1,1.0
18720,18722,18720,1,-1,1.0
18720,18722,18720,1,-1,1.0
18720,18722,18720,2,-2,2.0
18721,18722,18721,2,-2,2.0
18721,18722,18721,1,-1,1.0
18721,18722,18721,3,-3,3.0
18721,18722,18721,1,-1,1.0
18720,18722,18721,2,-2,2.0
18721,18722,18721,1,-1,1.0
18720,18722,18722,1,1,1.0
18720,18722,18722,1,1,1.0
18720,18722,18722,2,2,2.0
18720,18722,18722,7,7,7.0
18722,18723,18722,1,-1,1.0
18721,18723,18723,3,3,3.0
18721,18723,18721,1,-1,1.0
18721,18722,18721,1,-1,1.0
18721,18722,18721,2,-2,2.0
18721,18722,18721,1,-1,1.0
18720,18721,18721,1,1,1.0
18721,18722,18722,5,5,5.0
18721,18722,18722,1,1,1.0
18721,18723,18722,2,2,-2.0
18721,18723,18722,1,1,-1.0
18721,18723,18722,1,1,-1.0
18721,18723,18722,1,1,-1.0
18721,18723,18722,1,1,-1.0
18722,18723,18723,2,2,2.0
18722,18723,18723,1,1,1.0
18722,18723,18723,3,3,3.0
18722,18723,18723,9,9,9.0
18723,18724,18723,1,-1,1.0
18723,18724,18723,3,-3,3.0
18722,18724,18723,3,-3,3.0
18723,18724,18723,2,-2,2.0
18723,18724,18723,2,-2,2.0
18723,18724,18723,1,-1,1.0
18723,18724,18723,1,-1,1.0
18723,18724,18723,1,-1,1.0
18722,18724,18722,1,-1,1.0
18722,18723,18722,1,-1,1.0
18722,18723,18722,1,-1,1.0
18722,18723,18722,1,-1,1.0
18722,18723,18723,1,1,1.0
18722,18723,18723,1,1,1.0
18722,18723,18723,1,1,1.0
18722,18723,18723,6,6,6.0
18722,18723,18724,3,3,-3.0
18722,18723,18723,1,1,1.0
18722,18723,18724,8,8,-8.0
18722,18724,18724,9,9,9.0
18722,18724,18723,1,1,-1.0
18722,18724,18724,9,9,9.0
18722,18724,18724,9,9,9.0
18722,18724,18724,7,7,7.0
18723,18725,18723,1,-1,1.0
18723,18725,18725,9,9,9.0
18724,18725,18725,1,1,1.0
18724,18725,18724,1,-1,1.0
18724,18725,18725,9,9,9.0
18724,18725,18724,2,-2,2.0
18723,18725,18724,2,-2,2.0
18723,18725,18723,2,-2,2.0
18722,18724,18724,9,9,9.0
18722,18724,18723,3,3,-3.0
18723,18724,18724,5,5,5.0
18723,18724,18725,4,4,-4.0
18723,18725,18723,1,-1,1.0
18723,18725,18723,1,-1,1.0
18723,18725,18725,9,9,9.0
18723,18725,18725,3,3,3.0
18723,18725,18723,1,-1,1.0
18723,18725,18723,1,-1,1.0
18723,18725,18723,2,-2,2.0
18722,18724,18724,2,2,2.0
18722,18724,18722,1,-1,1.0
18722,18724,18722,5,-5,5.0
18722,18724,18723,1,-1,1.0
18722,18724,18722,3,-3,3.0
18722,18724,18723,2,-2,2.0
18722,18723,18723,1,1,1.0
18722,18723,18722,2,-2,2.0
18722,18723,18722,1,-1,1.0
18722,18724,18723,1,-1,1.0
18722,18724,18723,1,-1,1.0
18722,18723,18722,2,-2,2.0
18722,18723,18723,2,2,2.0
18722,18724,18722,1,-1,1.0
18722,18724,18723,2,-2,2.0
18722,18724,18722,1,-1,1.0
18723,18724,18724,2,2,2.0
18723,18724,18724,7,7,7.0
18723,18724,18723,1,-1,1.0
18723,18724,18723,1,-1,1.0
18723,18724,18723,1,-1,1.0
18723,18724,18724,1,1,1.0
18723,18724,18724,1,1,1.0
18723,18724,18724,1,1,1.0
18723,18724,18725,2,2,-2.0
18723,18724,18725,1,1,-1.0
18723,18725,18725,1,1,1.0
18723,18725,18725,2,2,2.0
18723,18725,18724,2,2,-2.0
18723,18725,18725,2,2,2.0
18723,18725,18724,1,1,-1.0
18723,18725,18724,1,1,-1.0
18723,18725,18724,1,1,-1.0
18723,18725,18724,1,1,-1.0
18723,18724,18724,1,1,1.0
18723,18724,18724,1,1,1.0
18723,18724,18725,1,1,-1.0
18723,18724,18725,1,1,-1.0
18723,18724,18725,1,1,-1.0
18723,18724,18725,1,1,-1.0
18723,18724,18724,1,1,1.0
18723,18724,18724,1,1,1.0
18723,18724,18723,1,-1,1.0
18723,18724,18723,1,-1,1.0
18723,18724,18723,1,-1,1.0
18722,18724,18722,1,-1,1.0
18722,18724,18722,1,-1,1.0
18722,18724,18722,1,-1,1.0
18722,18723,18723,1,1,1.0
18723,18724,18723,1,-1,1.0
18722,18724,18722,1,-1,1.0
18722,18724,18723,1,-1,1.0
18722,18723,18722,1,-1,1.0
18721,18723,18723,1,1,1.0
18721,18723,18722,1,1,-1.0
18721,18723,18723,1,1,1.0
18721,18723,18723,1,1,1.0
18721,18722,18722,1,1,1.0
18721,18722,18723,1,1,-1.0
18721,18723,18721,1,-1,1.0
18721,18723,18721,1,-1,1.0
18721,18723,18721,1,-1,1.0
18722,18723,18722,1,-1,1.0
18722,18723,18721,1,-1,1.0
18721,18722,18721,2,-2,2.0
18721,18723,18722,2,-2,2.0
18722,18723,18722,1,-1,1.0
18722,18723,18722,2,-2,2.0
18721,18723,18721,4,-4,4.0
18721,18723,18721,1,-1,1.0
18721,18722,18722,1,1,1.0
18721,18722,18722,2,2,2.0
18721,18722,18721,1,-1,1.0
18721,18722,18722,1,1,1.0
18721,18723,18722,1,1,-1.0
18721,18723,18722,1,1,-1.0
18722,18723,18722,1,-1,1.0
18722,18723,18722,1,-1,1.0
18722,18723,18722,1,-1,1.0
18722,18723,18722,2,-2,2.0
18721,18722,18721,2,-2,2.0
18721,18722,18721,6,-6,6.0
18720,18722,18722,1,1,1.0
18721,18722,18722,8,8,8.0
18721,18722,18722,3,3,3.0
18721,18723,18721,5,-5,5.0
18721,18722,18721,1,-1,1.0
18721,18722,18721,1,-1,1.0
18720,18722,18720,1,-1,1.0
18720,18722,18720,1,-1,1.0
18720,18722,18720,1,-1,1.0
18720,18722,18721,1,-1,1.0
18720,18722,18720,1,-1,1.0
18720,18722,18721,1,-1,1.0
18720,18722,18721,1,-1,1.0
18720,18722,18721,1,-1,1.0
18720,18721,18721,1,1,1.0
18720,18721,18721,2,2,2.0
18720,18721,18721,1,1,1.0
18720,18721,18720,9,-9,9.0
18720,18721,18720,3,-3,3.0
18720,18721,18720,1,-1,1.0
18720,18721,18720,2,-2,2.0
18719,18720,18720,1,1,1.0
18719,18720,18720,3,3,3.0
18719,18720,18720,1,1,1.0
18719,18720,18720,2,2,2.0
18719,18720,18720,1,1,1.0
18719,18720,18720,1,1,1.0
18719,18720,18720,1,1,1.0
18719,18720,18720,1,1,1.0
18719,18720,18720,1,1,1.0
18720,18721,18721,5,5,5.0
18721,18722,18722,1,1,1.0
18721,18722,18722,2,2,2.0
18722,18723,18723,2,2,2.0
18722,18723,18723,3,3,3.0
18722,18723,18723,2,2,2.0
18722,18723,18723,5,5,5.0
18722,18723,18723,1,1,1.0
18722,18723,18723,7,7,7.0
18722,18723,18723,1,1,1.0
18722,18723,18723,2,2,2.0
18722,18723,18723,1,1,1.0
18722,18723,18723,1,1,1.0
18723,18724,18724,1,1,1.0
18723,18724,18723,1,-1,1.0
18723,18724,18724,8,8,8.0
18723,18725,18723,1,-1,1.0
18723,18725,18723,1,-1,1.0
18722,18723,18723,1,1,1.0
18722,18723,18723,1,1,1.0
18723,18724,18723,1,-1,1.0
18723,18724,18724,1,1,1.0
18723,18724,18724,5,5,5.0
18723,18725,18725,1,1,1.0
18723,18725,18725,4,4,4.0
18724,18725,18725,1,1,1.0
18724,18725,18725,1,1,1.0
18724,18725,18725,11,11,11.0
18724,18725,18725,6,6,6.0
18725,18726,18726,1,1,1.0
18725,18726,18725,1,-1,1.0
18725,18726,18726,4,4,4.0
18725,18726,18726,2,2,2.0
18725,18726,18726,2,2,2.0
18725,18726,18726,6,6,6.0
18725,18726,18726,2,2,2.0
18725,18726,18726,2,2,2.0
18725,18726,18726,1,1,1.0
18725,18726,18726,1,1,1.0
18725,18726,18726,24,24,24.0
18725,18726,18727,1,1,-1.0
18725,18726,18727,12,12,-12.0
18725,18726,18727,4,4,-4.0
18725,18726,18727,1,1,-1.0
18726,18727,18727,2,2,2.0
18726,18727,18727,3,3,3.0
18726,18727,18727,1,1,1.0
18726,18727,18727,1,1,1.0
18726,18727,18727,3,3,3.0
18726,18727,18727,1,1,1.0
18726,18727,18727,1,1,1.0
18726,18727,18727,5,5,5.0
18726,18727,18727,4,4,4.0
18726,18727,18727,1,1,1.0
18726,18727,18726,5,-5,5.0
18725,18727,18727,1,1,1.0
18725,18727,18727,1,1,1.0
18725,18727,18727,1,1,1.0
18725,18727,18727,1,1,1.0
18725,18727,18727,1,1,1.0
18725,18727,18727,1,1,1.0
18725,18727,18727,1,1,1.0
18725,18727,18726,1,1,-1.0
18726,18727,18726,1,-1,1.0
18726,18727,18727,1,1,1.0
18726,18727,18727,2,2,2.0
18726,18727,18727,13,13,13.0
18726,18728,18727,1,1,-1.0
18726,18728,18726,1,-1,1.0
18726,18727,18727,1,1,1.0
18726,18727,18726,1,-1,1.0
18726,18727,18727,6,6,6.0
18726,18727,18727,1,1,1.0
18727,18728,18728,1,1,1.0
18727,18728,18728,3,3,3.0
18727,18728,18728,1,1,1.0
18727,18728,18728,1,1,1.0
18727,18728,18727,1,-1,1.0
18727,18728,18728,2,2,2.0
18727,18728,18727,1,-1,1.0
18727,18728,18728,1,1,1.0
18727,18728,18727,1,-1,1.0
18727,18728,18728,4,4,4.0
18727,18728,18728,2,2,2.0
18727,18728,18727,2,-2,2.0
18727,18728,18727,1,-1,1.0
18726,18728,18728,8,8,8.0
18727,18728,18728,2,2,2.0
18727,18728,18727,1,-1,1.0
18727,18728,18728,2,2,2.0
18727,18728,18727,1,-1,1.0
18727,18728,18728,2,2,2.0
18727,18728,18728,1,1,1.0
18727,18728,18728,31,31,31.0
18727,18728,18727,1,-1,1.0
18727,18728,18728,2,2,2.0
18727,18729,18729,1,1,1.0
18727,18729,18729,1,1,1.0
18727,18729,18729,1,1,1.0
18727,18729,18729,1,1,1.0
18728,18729,18728,2,-2,2.0
18728,18729,18728,1,-1,1.0
18728,18729,18729,1,1,1.0
18728,18729,18728,1,-1,1.0
18728,18729,18729,4,4,4.0
18728,18729,18728,2,-2,2.0
18728,18729,18728,1,-1,1.0
18728,18729,18729,3,3,3.0
18728,18729,18728,1,-1,1.0
18728,18729,18728,1,-1,1.0
18728,18729,18728,1,-1,1.0
18728,18729,18728,1,-1,1.0
18728,18729,18728,1,-1,1.0
18728,18729,18728,2,-2,2.0
18728,18729,18728,4,-4,4.0
18727,18728,18728,1,1,1.0
18728,18729,18729,2,2,2.0
18728,18729,18729,1,1,1.0
18728,18729,18729,2,2,2.0
18728,18729,18729,1,1,1.0
18728,18729,18729,1,1,1.0
18728,18729,18729,2,2,2.0
18728,18729,18729,1,1,1.0
18728,18729,18729,4,4,4.0
18728,18729,18729,1,1,1.0
18728,18729,18729,8,8,8.0
18728,18729,18729,2,2,2.0
18728,18729,18729,1,1,1.0
18728,18729,18729,1,1,1.0
18729,18730,18730,1,1,1.0
18729,18730,18730,6,6,6.0
18729,18730,18730,2,2,2.0
18729,18730,18730,3,3,3.0
18729,18730,18730,1,1,1.0
18729,18730,18730,1,1,1.0
18729,18730,18730,1,1,1.0
18729,18730,18730,1,1,1.0
18729,18730,18730,2,2,2.0
18729,18730,18730,1,1,1.0
18729,18730,18730,50,50,50.0
18729,18730,18731,1,1,-1.0
18730,18731,18730,1,-1,1.0
18730,18731,18731,1,1,1.0
18730,18731,18731,1,1,1.0
18730,18731,18731,2,2,2.0
18730,18731,18731,1,1,1.0
18730,18731,18731,1,1,1.0
18729,18731,18731,1,1,1.0
18730,18731,18730,1,-1,1.0
18730,18731,18730,1,-1,1.0
18730,18731,18731,3,3,3.0
18729,18731,18731,3,3,3.0
18730,18731,18730,1,-1,1.0
18730,18731,18731,25,25,25.0
18730,18732,18730,4,-4,4.0
18730,18731,18731,1,1,1.0
18730,18732,18730,3,-3,3.0
18730,18732,18730,1,-1,1.0
18730,18732,18732,1,1,1.0
18730,18732,18732,1,1,1.0
18730,18732,18732,1,1,1.0
18730,18732,18732,4,4,4.0
18730,18732,18732,1,1,1.0
18730,18731,18731,1,1,1.0
18730,18731,18731,1,1,1.0
18730,18731,18731,1,1,1.0
18730,18731,18731,1,1,1.0
18730,18731,18730,22,-22,22.0
18730,18731,18730,3,-3,3.0
18730,18731,18730,1,-1,1.0
18730,18731,18729,2,-2,2.0
18730,18731,18729,4,-4,4.0
18728,18729,18728,1,-1,1.0
18728,18729,18729,2,2,2.0
18728,18729,18728,2,-2,2.0
18728,18729,18728,2,-2,2.0
18727,18728,18728,1,1,1.0
18727,18728,18728,1,1,1.0
18727,18728,18727,1,-1,1.0
18727,18728,18728,1,1,1.0
18727,18728,18728,2,2,2.0
18727,18728,18728,1,1,1.0
18728,18729,18728,1,-1,1.0
18727,18729,18728,1,-1,1.0
18727,18729,18727,2,-2,2.0
18728,18729,18728,1,-1,1.0
18727,18729,18729,7,7,7.0
18727,18728,18728,2,2,2.0
18727,18729,18729,9,9,9.0
18729,18730,18729,1,-1,1.0
18729,18730,18729,2,-2,2.0
18729,18730,18729,2,-2,2.0
18728,18729,18728,1,-1,1.0
18728,18729,18729,2,2,2.0
18728,18729,18729,3,3,3.0
18728,18729,18729,3,3,3.0
18728,18730,18728,3,-3,3.0
18728,18729,18729,1,1,1.0
18728,18729,18728,1,-1,1.0
18728,18729,18728,1,-1,1.0
18728,18729,18729,1,1,1.0
18728,18729,18728,1,-1,1.0
18728,18729,18729,1,1,1.0
18728,18729,18729,1,1,1.0
18728,18729,18728,2,-2,2.0
18728,18729,18728,1,-1,1.0
18728,18729,18728,4,-4,4.0
18727,18728,18727,3,-3,3.0
18727,18728,18728,1,1,1.0
18727,18728,18727,2,-2,2.0
18727,18728,18727,8,-8,8.0
18726,18727,18727,1,1,1.0
18726,18727,18726,1,-1,1.0
18726,18727,18726,5,-5,5.0
18726,18727,18726,2,-2,2.0
18726,18727,18726,8,-8,8.0
18725,18726,18726,1,1,1.0
18725,18727,18725,1,-1,1.0
18725,18726,18725,2,-2,2.0
18725,18726,18725,1,-1,1.0
18725,18726,18725,1,-1,1.0
18725,18726,18725,2,-2,2.0
18725,18727,18727,2,2,2.0
18726,18727,18726,3,-3,3.0
18726,18727,18725,2,-2,2.0
18726,18727,18726,1,-1,1.0
18725,18727,18725,2,-2,2.0
18725,18727,18725,1,-1,1.0
18725,18727,18726,1,-1,1.0
18725,18727,18726,1,-1,1.0
18725,18726,18725,1,-1,1.0
18725,18726,18725,1,-1,1.0
18725,18726,18725,2,-2,2.0
18725,18726,18725,3,-3,3.0
18725,18726,18725,1,-1,1.0
18725,18726,18725,2,-2,2.0
18724,18725,18725,1,1,1.0
18724,18726,18724,4,-4,4.0
18724,18726,18724,1,-1,1.0
18724,18725,18725,1,1,1.0
18725,18726,18725,1,-1,1.0
18724,18725,18724,1,-1,1.0
18724,18725,18724,4,-4,4.0
18723,18724,18724,1,1,1.0
18723,18724,18724,1,1,1.0
18723,18724,18724,1,1,1.0
18723,18725,18723,1,-1,1.0
18724,18725,18724,1,-1,1.0
18724,18725,18725,1,1,1.0
18724,18725,18725,1,1,1.0
18724,18725,18725,4,4,4.0
18724,18726,18725,1,1,-1.0
18724,18726,18726,1,1,1.0
18724,18726,18726,1,1,1.0
18725,18726,18726,1,1,1.0
18725,18726,18726,1,1,1.0
18725,18726,18726,1,1,1.0
18725,18726,18726,1,1,1.0
18725,18726,18726,2,2,2.0
18725,18727,18727,1,1,1.0
18725,18726,18726,1,1,1.0
18724,18725,18725,1,1,1.0
18724,18726,18726,1,1,1.0
18724,18726,18725,1,1,-1.0
18724,18725,18724,1,-1,1.0
18724,18725,18725,1,1,1.0
18724,18725,18725,1,1,1.0
18724,18725,18725,1,1,1.0
18724,18725,18724,2,-2,2.0
18724,18725,18724,1,-1,1.0
18723,18725,18725,1,1,1.0
18723,18725,18725,1,1,1.0
18724,18725,18725,4,4,4.0
18725,18726,18725,2,-2,2.0
18725,18726,18726,1,1,1.0
18725,18726,18725,3,-3,3.0
18724,18725,18725,1,1,1.0
18724,18725,18725,3,3,3.0
18725,18726,18725,1,-1,1.0
18725,18726,18726,1,1,1.0
18725,18726,18726,2,2,2.0
18725,18726,18726,3,3,3.0
18725,18726,18726,1,1,1.0
18725,18726,18726,1,1,1.0
18725,18726,18726,1,1,1.0
18725,18726,18725,3,-3,3.0
18725,18726,18726,1,1,1.0
18725,18726,18725,2,-2,2.0
18725,18726,18725,1,-1,1.0
18725,18726,18725,1,-1,1.0
18725,18726,18726,5,5,5.0
18725,18727,18725,1,-1,1.0
18726,18727,18726,3,-3,3.0
18726,18727,18727,1,1,1.0
18726,18727,18727,3,3,3.0
18726,18727,18727,1,1,1.0
18726,18727,18727,3,3,3.0
18727,18728,18727,1,-1,1.0
18727,18728,18728,1,1,1.0
18727,18728,18728,1,1,1.0
18726,18727,18727,1,1,1.0
18727,18728,18727,1,-1,1.0
18726,18727,18727,1,1,1.0
18726,18727,18726,1,-1,1.0
18726,18727,18726,3,-3,3.0
18726,18727,18727,3,3,3.0
18726,18727,18727,1,1,1.0
18726,18727,18727,8,8,8.0
18726,18727,18726,5,-5,5.0
18726,18727,18726,5,-5,5.0
18725,18727,18726,1,-1,1.0
18725,18727,18725,1,-1,1.0
18726,18727,18726,1,-1,1.0
18726,18727,18726,1,-1,1.0
18726,18727,18727,10,10,10.0
18726,18727,18728,6,6,-6.0
18726,18727,18727,4,4,4.0
18727,18728,18727,2,-2,2.0
18726,18728,18728,1,1,1.0
18727,18728,18728,1,1,1.0
18727,18729,18728,1,1,-1.0
18727,18729,18728,1,1,-1.0
18727,18729,18729,1,1,1.0
18727,18729,18729,1,1,1.0
18728,18729,18728,1,-1,1.0
18727,18729,18729,1,1,1.0
18727,18729,18729,1,1,1.0
18727,18728,18727,3,-3,3.0
18726,18728,18728,1,1,1.0
18727,18728,18727,1,-1,1.0
18727,18728,18727,1,-1,1.0
18726,18727,18727,2,2,2.0
18727,18728,18728,1,1,1.0
18727,18728,18728,20,20,20.0
18727,18729,18729,1,1,1.0
18727,18729,18727,1,-1,1.0
18727,18729,18728,1,-1,1.0
18727,18729,18729,1,1,1.0
18728,18729,18729,1,1,1.0
18728,18729,18729,1,1,1.0
18728,18729,18729,1,1,1.0
18728,18729,18729,4,4,4.0
18728,18729,18729,2,2,2.0
18728,18729,18730,3,3,-3.0
18728,18730,18730,1,1,1.0
18728,18730,18728,14,-14,14.0
18728,18730,18730,1,1,1.0
18728,18730,18729,1,1,-1.0
18727,18728,18727,2,-2,2.0
18727,18728,18727,1,-1,1.0
18727,18728,18728,1,1,1.0
18728,18729,18728,1,-1,1.0
18728,18730,18730,1,1,1.0
18728,18730,18730,1,1,1.0
18728,18730,18729,1,1,-1.0
18728,18730,18730,1,1,1.0
18728,18730,18730,1,1,1.0
18729,18730,18729,1,-1,1.0
18728,18729,18729,1,1,1.0
18728,18729,18729,1,1,1.0
18728,18729,18729,1,1,1.0
18728,18729,18729,1,1,1.0
18728,18729,18729,1,1,1.0
18728,18729,18729,4,4,4.0
18728,18729,18729,1,1,1.0
18728,18729,18729,1,1,1.0
18728,18729,18729,1,1,1.0
18728,18729,18729,1,1,1.0
18728,18729,18729,2,2,2.0
18729,18730,18729,1,-1,1.0
18728,18729,18729,2,2,2.0
18728,18729,18728,1,-1,1.0
18727,18729,18728,1,-1,1.0
18727,18728,18728,1,1,1.0
18727,18729,18729,1,1,1.0
18727,18728,18728,1,1,1.0
18727,18728,18727,8,-8,8.0
18726,18728,18728,2,2,2.0
18726,18728,18727,1,1,-1.0
18727,18728,18727,1,-1,1.0
18727,18728,18728,2,2,2.0
18728,18729,18728,2,-2,2.0
18728,18729,18728,2,-2,2.0
18728,18729,18728,4,-4,4.0
18727,18728,18728,1,1,1.0
18727,18729,18729,1,1,1.0
18727,18729,18729,1,1,1.0
18727,18728,18728,1,1,1.0
18728,18729,18729,1,1,1.0
18728,18729,18729,7,7,7.0
18728,18730,18728,1,-1,1.0
18728,18730,18730,1,1,1.0
18728,18730,18730,1,1,1.0
18728,18730,18728,1,-1,1.0
18729,18730,18729,1,-1,1.0
18729,18730,18729,9,-9,9.0
18727,18729,18727,1,-1,1.0
18726,18728,18728,1,1,1.0
18727,18728,18728,1,1,1.0
18727,18729,18729,1,1,1.0
18727,18728,18728,1,1,1.0
18727,18728,18727,1,-1,1.0
18727,18728,18727,2,-2,2.0
18727,18728,18727,1,-1,1.0
18727,18728,18727,1,-1,1.0
18727,18728,18727,1,-1,1.0
18727,18728,18727,1,-1,1.0
18727,18728,18727,1,-1,1.0
18726,18728,18727,1,-1,1.0
18727,18728,18727,1,-1,1.0
18726,18727,18727,4,4,4.0
18726,18727,18726,1,-1,1.0
18726,18727,18726,1,-1,1.0
18726,18727,18726,1,-1,1.0
18726,18727,18726,1,-1,1.0
18726,18727,18727,14,14,14.0
18727,18728,18727,1,-1,1.0
18727,18728,18728,1,1,1.0
18727,18728,18728,2,2,2.0
18727,18728,18727,1,-1,1.0
18727,18728,18728,1,1,1.0
18727,18728,18728,1,1,1.0
18727,18728,18727,2,-2,2.0
18727,18728,18727,3,-3,3.0
18727,18728,18727,37,-37,37.0
18727,18728,18726,5,-5,5.0
18727,18728,18725,7,-7,7.0
18727,18728,18725,4,-4,4.0
18725,18727,18727,1,1,1.0
18725,18726,18725,1,-1,1.0
18725,18726,18725,1,-1,1.0
18725,18726,18725,1,-1,1.0
18725,18726,18725,4,-4,4.0
18724,18725,18725,1,1,1.0
18724,18725,18725,1,1,1.0
18725,18726,18726,1,1,1.0
18725,18726,18726,5,5,5.0
18726,18727,18726,1,-1,1.0
18726,18727,18726,4,-4,4.0
18726,18727,18726,2,-2,2.0
18726,18727,18726,1,-1,1.0
18725,18726,18725,1,-1,1.0
18725,18726,18726,1,1,1.0
18724,18726,18726,3,3,3.0
18724,18725,18725,1,1,1.0
18724,18726,18724,2,-2,2.0
18724,18726,18726,2,2,2.0
18724,18726,18725,1,1,-1.0
18724,18726,18725,2,2,-2.0
18724,18725,18724,1,-1,1.0
18724,18725,18724,1,-1,1.0
18724,18725,18724,1,-1,1.0
18724,18725,18725,1,1,1.0
18724,18725,18725,7,7,7.0
18724,18726,18725,1,1,-1.0
18725,18726,18725,1,-1,1.0
18725,18726,18725,1,-1,1.0
18725,18726,18726,1,1,1.0
18726,18727,18726,1,-1,1.0
18726,18727,18727,2,2,2.0
18726,18728,18726,2,-2,2.0
18726,18728,18726,1,-1,1.0
18726,18728,18728,1,1,1.0
18726,18728,18728,1,1,1.0
18727,18728,18727,1,-1,1.0
18727,18728,18727,1,-1,1.0
18727,18728,18727,1,-1,1.0
18726,18727,18726,1,-1,1.0
18726,18727,18726,2,-2,2.0
18726,18727,18726,1,-1,1.0
18725,18726,18726,2,2,2.0
18725,18726,18725,1,-1,1.0
18725,18726,18725,1,-1,1.0
18725,18726,18725,1,-1,1.0
18725,18726,18726,1,1,1.0
18725,18726,18725,1,-1,1.0
18725,18726,18725,1,-1,1.0
18724,18725,18725,1,1,1.0
18724,18725,18725,1,1,1.0
18725,18726,18726,1,1,1.0
18725,18727,18725,4,-4,4.0
18725,18726,18726,2,2,2.0
18726,18727,18727,2,2,2.0
18727,18728,18727,1,-1,1.0
18727,18728,18727,1,-1,1.0
18727,18728,18727,1,-1,1.0
18727,18728,18727,1,-1,1.0
18727,18728,18728,1,1,1.0
18727,18728,18728,1,1,1.0
18727,18728,18728,1,1,1.0
18727,18728,18728,1,1,1.0
18727,18728,18728,1,1,1.0
18727,18728,18728,1,1,1.0
18727,18728,18728,1,1,1.0
18727,18728,18728,1,1,1.0
18727,18728,18728,1,1,1.0
18727,18728,18728,6,6,6.0
18727,18728,18728,1,1,1.0
18727,18728,18728,6,6,6.0
18727,18729,18729,1,1,1.0
18727,18729,18728,1,1,-1.0
18728,18729,18728,1,-1,1.0
18727,18729,18729,1,1,1.0
18727,18728,18728,1,1,1.0
18727,18728,18728,1,1,1.0
18728,18729,18728,1,-1,1.0
18727,18728,18728,3,3,3.0
18727,18729,18728,1,1,-1.0
18728,18729,18729,1,1,1.0
18728,18729,18729,1,1,1.0
18728,18729,18729,15,15,15.0
18728,18730,18728,1,-1,1.0
18728,18730,18729,1,-1,1.0
18729,18730,18729,1,-1,1.0
18729,18730,18729,1,-1,1.0
18729,18730,18729,1,-1,1.0
18729,18730,18730,1,1,1.0
18729,18730,18730,3,3,3.0
18729,18730,18729,1,-1,1.0
18729,18730,18730,32,32,32.0
18730,18731,18730,1,-1,1.0
18730,18731,18730,1,-1,1.0
18730,18731,18730,1,-1,1.0
18730,18731,18731,16,16,16.0
18730,18731,18731,36,36,36.0
18730,18731,18731,4,4,4.0
18730,18731,18731,1,1,1.0
18730,18731,18731,1,1,1.0
18730,18731,18731,1,1,1.0
18730,18731,18731,1,1,1.0
18730,18731,18731,2,2,2.0
18730,18731,18731,1,1,1.0
18730,18731,18731,2,2,2.0
18730,18731,18731,2,2,2.0
18730,18732,18732,1,1,1.0
18730,18732,18732,1,1,1.0
18730,18732,18730,8,-8,8.0
18730,18731,18731,1,1,1.0
18730,18731,18730,1,-1,1.0
18730,18731,18731,1,1,1.0
18730,18731,18731,1,1,1.0
18731,18732,18732,2,2,2.0
18731,18732,18731,1,-1,1.0
18731,18732,18731,1,-1,1.0
18731,18732,18731,1,-1,1.0
18731,18732,18732,1,1,1.0
18731,18732,18731,1,-1,1.0
18731,18732,18732,1,1,1.0
18731,18732,18732,1,1,1.0
18731,18732,18731,1,-1,1.0
18731,18732,18731,1,-1,1.0
18731,18732,18732,1,1,1.0
18731,18732,18731,1,-1,1.0
18731,18732,18732,20,20,20.0
18731,18732,18731,9,-9,9.0
18730,18732,18731,1,-1,1.0
18731,18732,18731,1,-1,1.0
18731,18732,18731,1,-1,1.0
18731,18732,18732,1,1,1.0
18731,18732,18731,1,-1,1.0
18731,18732,18731,1,-1,1.0
18731,18732,18732,1,1,1.0
18731,18732,18732,1,1,1.0
18731,18732,18732,1,1,1.0
18731,18732,18731,3,-3,3.0
18731,18732,18732,1,1,1.0
18731,18732,18732,1,1,1.0
18731,18732,18732,1,1,1.0
18731,18732,18732,1,1,1.0
18731,18732,18732,1,1,1.0
18731,18732,18732,2,2,2.0
18731,18732,18732,2,2,2.0
18731,18732,18732,2,2,2.0
18731,18732,18732,1,1,1.0
18731,18732,18732,2,2,2.0
18731,18732,18732,2,2,2.0
18731,18732,18732,3,3,3.0
18731,18732,18732,4,4,4.0
18731,18733,18732,3,3,-3.0
18731,18733,18732,1,1,-1.0
18731,18733,18731,1,-1,1.0
18731,18733,18732,2,-2,2.0
18731,18732,18732,2,2,2.0
18731,18732,18732,1,1,1.0
18731,18733,18732,1,1,-1.0
18731,18733,18733,1,1,1.0
18731,18733,18732,1,1,-1.0
18731,18733,18731,1,-1,1.0
18731,18733,18733,1,1,1.0
18731,18733,18733,2,2,2.0
18731,18733,18731,2,-2,2.0
18731,18733,18731,1,-1,1.0
18731,18733,18731,1,-1,1.0
18731,18733,18731,1,-1,1.0
18730,18732,18730,3,-3,3.0
18730,18732,18731,1,-1,1.0
18730,18732,18731,3,-3,3.0
18730,18732,18730,1,-1,1.0
18730,18732,18730,2,-2,2.0
18730,18731,18731,1,1,1.0
18730,18731,18731,1,1,1.0
18730,18731,18731,1,1,1.0
18730,18731,18730,8,-8,8.0
18730,18731,18730,2,-2,2.0
18730,18731,18730,3,-3,3.0
18730,18731,18730,1,-1,1.0
18730,18731,18730,5,-5,5.0
18730,18731,18730,1,-1,1.0
18730,18731,18730,1,-1,1.0
18730,18731,18730,2,-2,2.0
18729,18730,18730,4,4,4.0
18729,18730,18730,1,1,1.0
18729,18730,18729,15,-15,15.0
18728,18729,18728,8,-8,8.0
18728,18729,18728,1,-1,1.0
18728,18729,18728,1,-1,1.0
18728,18729,18729,3,3,3.0
18729,18730,18730,1,1,1.0
18729,18730,18730,1,1,1.0
18729,18730,18730,1,1,1.0
18729,18730,18731,7,7,-7.0
18731,18732,18731,1,-1,1.0
18731,18732,18731,2,-2,2.0
18731,18732,18731,1,-1,1.0
18731,18732,18731,1,-1,1.0
18731,18732,18731,1,-1,1.0
18731,18732,18731,2,-2,2.0
18730,18731,18731,1,1,1.0
18730,18731,18731,5,5,5.0
18731,18732,18731,1,-1,1.0
18731,18732,18731,1,-1,1.0
18731,18732,18731,1,-1,1.0
18731,18732,18731,1,-1,1.0
18731,18732,18731,1,-1,1.0
18731,18732,18732,19,19,19.0
18732,18733,18732,16,-16,16.0
18732,18733,18732,1,-1,1.0
18732,18733,18733,1,1,1.0
18732,18733,18732,1,-1,1.0
18732,18733,18732,1,-1,1.0
18732,18733,18732,1,-1,1.0
18732,18733,18732,1,-1,1.0
18732,18733,18732,2,-2,2.0
18732,18733,18732,1,-1,1.0
18732,18733,18732,2,-2,2.0
18732,18733,18732,1,-1,1.0
18732,18733,18732,4,-4,4.0
18732,18733,18732,1,-1,1.0
18732,18733,18731,7,-7,7.0
18731,18732,18732,1,1,1.0
18731,18732,18732,13,13,13.0
18731,18732,18732,1,1,1.0
18731,18733,18733,1,1,1.0
18731,18733,18733,1,1,1.0
18731,18732,18732,1,1,1.0
18732,18733,18733,1,1,1.0
18732,18733,18732,1,-1,1.0
18732,18733,18732,1,-1,1.0
18732,18733,18732,9,-9,9.0
18732,18733,18733,1,1,1.0
18732,18733,18732,2,-2,2.0
18732,18733,18732,2,-2,2.0
18732,18733,18732,1,-1,1.0
18731,18732,18732,2,2,2.0
18731,18732,18732,1,1,1.0
18731,18732,18731,8,-8,8.0
18731,18732,18731,1,-1,1.0
18731,18732,18731,1,-1,1.0
18731,18732,18732,1,1,1.0
18731,18732,18731,1,-1,1.0
18731,18732,18731,1,-1,1.0
18731,18732,18731,1,-1,1.0
18731,18732,18732,8,8,8.0
18731,18732,18732,5,5,5.0
18731,18732,18731,1,-1,1.0
18731,18732,18732,4,4,4.0
18731,18732,18732,1,1,1.0
18731,18732,18732,5,5,5.0
18731,18732,18732,3,3,3.0
18732,18733,18732,1,-1,1.0
18732,18733,18732,1,-1,1.0
18731,18733,18732,2,-2,2.0
18731,18733,18732,1,-1,1.0
18732,18733,18732,1,-1,1.0
18732,18733,18732,1,-1,1.0
18732,18733,18733,1,1,1.0
18732,18733,18732,1,-1,1.0
18732,18733,18732,1,-1,1.0
18732,18733,18732,1,-1,1.0
18732,18733,18732,1,-1,1.0
18731,18732,18731,1,-1,1.0
18731,18732,18732,5,5,5.0
18731,18732,18732,1,1,1.0
18731,18732,18732,2,2,2.0
18731,18732,18732,1,1,1.0
18731,18732,18731,1,-1,1.0
18731,18732,18731,2,-2,2.0
18731,18732,18731,5,-5,5.0
18731,18732,18731,2,-2,2.0
18731,18732,18731,1,-1,1.0
18731,18732,18731,1,-1,1.0
18731,18732,18731,1,-1,1.0
18731,18732,18731,1,-1,1.0
18731,18732,18731,2,-2,2.0
18730,18731,18731,1,1,1.0
18730,18731,18731,2,2,2.0
18730,18731,18731,1,1,1.0
18731,18732,18732,1,1,1.0
18731,18732,18732,1,1,1.0
18732,18733,18732,1,-1,1.0
18732,18733,18732,1,-1,1.0
18730,18732,18732,1,1,1.0
18730,18732,18732,2,2,2.0
18730,18732,18732,1,1,1.0
18730,18732,18732,1,1,1.0
18730,18732,18732,2,2,2.0
18730,18732,18732,1,1,1.0
18730,18732,18732,1,1,1.0
18731,18732,18731,1,-1,1.0
18731,18732,18731,1,-1,1.0
18730,18731,18731,1,1,1.0
18730,18731,18730,1,-1,1.0
18730,18731,18730,1,-1,1.0
18730,18731,18730,1,-1,1.0
18730,18731,18730,1,-1,1.0
18730,18731,18730,9,-9,9.0
18730,18731,18730,1,-1,1.0
18729,18731,18731,1,1,1.0
18729,18731,18729,5,-5,5.0
18729,18730,18730,6,6,6.0
18729,18730,18730,1,1,1.0
18729,18730,18729,1,-1,1.0
18729,18730,18730,1,1,1.0
18729,18730,18729,5,-5,5.0
18729,18730,18729,1,-1,1.0
18729,18730,18730,2,2,2.0
18729,18730,18729,2,-2,2.0
18729,18730,18730,1,1,1.0
18729,18730,18730,1,1,1.0
18729,18730,18730,1,1,1.0
18729,18730,18729,1,-1,1.0
18729,18730,18729,1,-1,1.0
18729,18730,18729,2,-2,2.0
18729,18730,18729,1,-1,1.0
18729,18730,18729,1,-1,1.0
18729,18730,18729,2,-2,2.0
18728,18729,18729,1,1,1.0
18728,18729,18728,1,-1,1.0
18728,18729,18729,1,1,1.0
18728,18729,18728,1,-1,1.0
18728,18729,18728,1,-1,1.0
18728,18729,18729,3,3,3.0
18728,18730,18729,2,2,-2.0
18728,18730,18730,1,1,1.0
18728,18730,18729,1,1,-1.0
18728,18730,18729,2,2,-2.0
18728,18729,18729,3,3,3.0
18728,18729,18729,1,1,1.0
18728,18729,18730,1,1,-1.0
18729,18730,18730,1,1,1.0
18729,18730,18730,1,1,1.0
18729,18730,18730,2,2,2.0
18729,18730,18730,1,1,1.0
18729,18730,18730,1,1,1.0
18729,18730,18729,1,-1,1.0
18728,18730,18730,1,1,1.0
18729,18730,18730,1,1,1.0
18729,18730,18730,1,1,1.0
18729,18730,18730,1,1,1.0
18729,18730,18730,1,1,1.0
18729,18730,18730,1,1,1.0
18729,18730,18730,1,1,1.0
18729,18731,18731,1,1,1.0
18729,18731,18730,1,1,-1.0
18729,18731,18731,1,1,1.0
18730,18731,18731,2,2,2.0
18730,18731,18731,2,2,2.0
18730,18731,18731,1,1,1.0
18730,18731,18731,20,20,20.0
18731,18732,18732,2,2,2.0
18731,18732,18732,2,2,2.0
18731,18732,18732,1,1,1.0
18731,18732,18732,2,2,2.0
18731,18732,18732,13,13,13.0
18732,18733,18732,3,-3,3.0
18731,18732,18731,7,-7,7.0
18731,18732,18730,3,-3,3.0
18731,18732,18731,1,-1,1.0
18731,18732,18731,1,-1,1.0
18731,18732,18731,1,-1,1.0
18731,18732,18731,1,-1,1.0
18731,18732,18731,1,-1,1.0
18730,18732,18731,1,-1,1.0
18730,18732,18731,1,-1,1.0
18731,18732,18731,1,-1,1.0
18731,18732,18731,1,-1,1.0
18731,18732,18730,1,-1,1.0
18730,18731,18731,1,1,1.0
18730,18731,18730,1,-1,1.0
18730,18731,18731,1,1,1.0
18730,18731,18731,1,1,1.0
18730,18731,18730,2,-2,2.0
18730,18731,18731,1,1,1.0
18730,18731,18731,1,1,1.0
18730,18731,18731,1,1,1.0
18730,18732,18730,1,-1,1.0
18730,18732,18731,1,-1,1.0
18730,18731,18730,6,-6,6.0
18730,18731,18730,1,-1,1.0
18730,18731,18731,1,1,1.0
18730,18731,18731,1,1,1.0
18730,18731,18731,1,1,1.0
18730,18731,18731,1,1,1.0
18731,18732,18731,1,-1,1.0
18730,18732,18732,1,1,1.0
18730,18732,18732,1,1,1.0
18730,18732,18732,19,19,19.0
18730,18732,18733,12,12,-12.0
18731,18733,18733,1,1,1.0
18731,18733,18733,1,1,1.0
18730,18732,18732,1,1,1.0
18730,18732,18731,1,1,-1.0
18730,18732,18732,4,4,4.0
18730,18732,18730,1,-1,1.0
18730,18732,18730,1,-1,1.0
18730,18731,18730,1,-1,1.0
18729,18731,18730,3,-3,3.0
18729,18731,18730,2,-2,2.0
18729,18731,18730,1,-1,1.0
18730,18731,18730,1,-1,1.0
18730,18731,18730,1,-1,1.0
18730,18731,18729,16,-16,16.0
18729,18730,18730,1,1,1.0
18729,18730,18729,2,-2,2.0
18728,18729,18729,1,1,1.0
18728,18729,18728,9,-9,9.0
18727,18728,18727,9,-9,9.0
18727,18728,18727,1,-1,1.0
18727,18728,18727,1,-1,1.0
18727,18728,18727,1,-1,1.0
18727,18728,18727,1,-1,1.0
18727,18728,18727,1,-1,1.0
18727,18728,18727,1,-1,1.0
18727,18728,18727,1,-1,1.0
18727,18728,18727,7,-7,7.0
18727,18728,18727,1,-1,1.0
18727,18728,18727,4,-4,4.0
18726,18728,18726,1,-1,1.0
18726,18728,18727,1,-1,1.0
18726,18728,18726,9,-9,9.0
18726,18728,18726,1,-1,1.0
18726,18727,18726,1,-1,1.0
18726,18727,18726,9,-9,9.0
18726,18727,18727,1,1,1.0
18726,18727,18726,2,-2,2.0
18726,18727,18726,1,-1,1.0
18726,18727,18727,2,2,2.0
18726,18728,18727,1,1,-1.0
18726,18728,18727,1,1,-1.0
18726,18728,18728,1,1,1.0
18726,18728,18728,6,6,6.0
18726,18728,18728,1,1,1.0
18726,18728,18728,4,4,4.0
18726,18728,18727,11,11,-11.0
18726,18728,18726,6,-6,6.0
18726,18728,18728,2,2,2.0
18726,18728,18728,2,2,2.0
18726,18728,18728,1,1,1.0
18726,18728,18728,3,3,3.0
18727,18729,18727,1,-1,1.0
18727,18729,18727,1,-1,1.0
18727,18729,18728,1,-1,1.0
18727,18729,18728,1,-1,1.0
18727,18728,18727,9,-9,9.0
18727,18728,18728,2,2,2.0
18727,18728,18727,1,-1,1.0
18727,18728,18727,2,-2,2.0
18727,18728,18727,1,-1,1.0
18727,18728,18727,1,-1,1.0
18726,18727,18727,1,1,1.0
18726,18727,18727,1,1,1.0
18727,18728,18727,1,-1,1.0
18727,18728,18728,1,1,1.0
18727,18728,18727,1,-1,1.0
18727,18728,18727,1,-1,1.0
18726,18727,18727,1,1,1.0
18726,18727,18727,1,1,1.0
18726,18727,18727,1,1,1.0
18727,18728,18727,1,-1,1.0
18727,18728,18727,1,-1,1.0
18726,18727,18727,1,1,1.0
18727,18728,18727,1,-1,1.0
18726,18728,18728,2,2,2.0
18726,18728,18728,1,1,1.0
18726,18728,18728,1,1,1.0
18727,18728,18728,2,2,2.0
18727,18728,18728,1,1,1.0
18727,18728,18728,1,1,1.0
18727,18729,18729,1,1,1.0
18727,18728,18727,5,-5,5.0
18727,18728,18727,1,-1,1.0
18726,18728,18728,1,1,1.0
18727,18728,18727,1,-1,1.0
18726,18727,18726,1,-1,1.0
18726,18727,18726,1,-1,1.0
18726,18727,18727,1,1,1.0
18726,18727,18727,1,1,1.0
18726,18727,18727,1,1,1.0
18726,18727,18726,3,-3,3.0
18726,18727,18727,12,12,12.0
18727,18728,18728,1,1,1.0
18727,18728,18727,1,-1,1.0
18727,18728,18727,1,-1,1.0
18727,18728,18727,1,-1,1.0
18727,18728,18727,1,-1,1.0
18727,18728,18727,2,-2,2.0
18727,18728,18727,1,-1,1.0
18727,18728,18727,4,-4,4.0
18727,18728,18727,1,-1,1.0
18727,18728,18727,1,-1,1.0
18727,18728,18727,3,-3,3.0
18727,18728,18727,2,-2,2.0
18727,18728,18727,2,-2,2.0
18727,18728,18727,2,-2,2.0
18727,18728,18727,3,-3,3.0
18727,18728,18727,2,-2,2.0
18727,18728,18727,1,-1,1.0
18727,18728,18727,1,-1,1.0
18727,18728,18727,1,-1,1.0
18727,18728,18727,1,-1,1.0
18727,18728,18727,1,-1,1.0
18727,18728,18727,1,-1,1.0
18727,18728,18727,3,-3,3.0
18727,18728,18727,2,-2,2.0
18727,18728,18727,5,-5,5.0
18727,18728,18727,2,-2,2.0
18727,18728,18727,1,-1,1.0
18726,18727,18726,9,-9,9.0
18725,18726,18725,1,-1,1.0
18725,18726,18725,1,-1,1.0
18725,18726,18726,1,1,1.0
18725,18726,18725,1,-1,1.0
18725,18726,18725,1,-1,1.0
18725,18726,18725,2,-2,2.0
18725,18726,18725,5,-5,5.0
18725,18726,18725,2,-2,2.0
18725,18726,18725,8,-8,8.0
18724,18725,18725,1,1,1.0
18724,18725,18724,1,-1,1.0
18724,18725,18724,2,-2,2.0
18724,18725,18725,1,1,1.0
18724,18725,18724,1,-1,1.0
18724,18725,18724,1,-1,1.0
18724,18725,18724,1,-1,1.0
18724,18725,18725,1,1,1.0
18725,18726,18725,1,-1,1.0
18724,18725,18725,1,1,1.0
18724,18725,18724,1,-1,1.0
18724,18725,18724,1,-1,1.0
18724,18725,18724,5,-5,5.0
18724,18725,18725,6,6,6.0
18724,18725,18725,4,4,4.0
18724,18725,18725,1,1,1.0
18724,18725,18724,2,-2,2.0
18724,18725,18725,1,1,1.0
18724,18725,18725,7,7,7.0
18724,18725,18725,1,1,1.0
18724,18725,18726,5,5,-5.0
18724,18725,18726,1,1,-1.0
18724,18725,18726,11,11,-11.0
18724,18725,18727,2,2,-2.0
18724,18725,18727,7,7,-7.0
18724,18725,18727,2,2,-2.0
18724,18725,18727,4,4,-4.0
18724,18725,18727,1,1,-1.0
18727,18728,18728,2,2,2.0
18727,18728,18728,3,3,3.0
18727,18729,18728,1,1,-1.0
18727,18728,18727,1,-1,1.0
18727,18728,18728,1,1,1.0
18727,18729,18729,1,1,1.0
18728,18729,18729,4,4,4.0
18728,18729,18729,1,1,1.0
18728,18729,18729,1,1,1.0
18729,18730,18729,2,-2,2.0
18728,18730,18728,8,-8,8.0
18729,18730,18729,2,-2,2.0
18728,18729,18729,1,1,1.0
18727,18729,18728,1,1,-1.0
18727,18728,18728,1,1,1.0
18727,18728,18728,1,1,1.0
18727,18728,18727,1,-1,1.0
18727,18728,18727,4,-4,4.0
18726,18727,18726,1,-1,1.0
18726,18727,18726,2,-2,2.0
18726,18727,18727,1,1,1.0
18726,18727,18727,1,1,1.0
18726,18727,18727,1,1,1.0
18726,18727,18727,3,3,3.0
18726,18727,18727,1,1,1.0
18726,18727,18726,1,-1,1.0
18726,18727,18726,1,-1,1.0
18726,18727,18726,5,-5,5.0
18726,18727,18726,2,-2,2.0
18726,18727,18726,1,-1,1.0
18726,18727,18724,8,-8,8.0
18726,18727,18724,2,-2,2.0
18723,18725,18725,2,2,2.0
18723,18724,18724,1,1,1.0
18723,18725,18725,1,1,1.0
18723,18725,18725,1,1,1.0
18724,18725,18724,1,-1,1.0
18723,18725,18725,1,1,1.0
18723,18724,18724,1,1,1.0
18723,18725,18724,1,1,-1.0
18723,18725,18724,1,1,-1.0
18724,18725,18724,1,-1,1.0
18724,18725,18724,1,-1,1.0
18723,18725,18723,1,-1,1.0
18723,18725,18723,1,-1,1.0
18723,18725,18725,5,5,5.0
18723,18725,18723,1,-1,1.0
18723,18725,18723,4,-4,4.0
18723,18725,18725,1,1,1.0
18723,18724,18724,1,1,1.0
18723,18724,18724,1,1,1.0
18723,18724,18724,2,2,2.0
18723,18725,18724,2,2,-2.0
18723,18725,18724,1,1,-1.0
18723,18725,18724,1,1,-1.0
18724,18725,18725,1,1,1.0
18724,18725,18724,1,-1,1.0
18723,18725,18724,1,-1,1.0
18723,18724,18724,1,1,1.0
18723,18724,18723,1,-1,1.0
18723,18724,18723,5,-5,5.0
18723,18724,18724,1,1,1.0
18723,18724,18723,2,-2,2.0
18723,18724,18723,2,-2,2.0
18722,18724,18722,4,-4,4.0
18722,18724,18722,10,-10,10.0
18722,18724,18722,2,-2,2.0
18722,18724,18722,1,-1,1.0
18722,18723,18722,4,-4,4.0
18722,18723,18723,2,2,2.0
18722,18723,18724,3,3,-3.0
18722,18723,18723,1,1,1.0
18722,18723,18723,2,2,2.0
18722,18723,18723,2,2,2.0
18722,18723,18723,1,1,1.0
18722,18723,18724,3,3,-3.0
18723,18725,18725,1,1,1.0
18723,18725,18723,1,-1,1.0
18723,18725,18724,1,-1,1.0
18723,18725,18724,1,-1,1.0
18723,18725,18725,3,3,3.0
18723,18725,18725,1,1,1.0
18723,18725,18725,1,1,1.0
18723,18725,18725,1,1,1.0
18723,18725,18725,1,1,1.0
18723,18725,18725,4,4,4.0
18725,18726,18726,1,1,1.0
18725,18726,18726,2,2,2.0
18725,18726,18726,3,3,3.0
18725,18726,18726,3,3,3.0
18725,18726,18726,2,2,2.0
18725,18726,18726,2,2,2.0
18725,18726,18727,1,1,-1.0
18726,18727,18727,1,1,1.0
18726,18727,18727,1,1,1.0
18726,18727,18727,8,8,8.0
18727,18728,18727,5,-5,5.0
18726,18728,18726,1,-1,1.0
18726,18728,18726,6,-6,6.0
18726,18728,18726,1,-1,1.0
18726,18728,18726,3,-3,3.0
18726,18728,18726,1,-1,1.0
18726,18728,18725,4,-4,4.0
18726,18728,18725,1,-1,1.0
18726,18728,18724,6,-6,6.0
18726,18728,18724,1,-1,1.0
18724,18726,18724,1,-1,1.0
18725,18727,18725,5,-5,5.0
18725,18727,18725,1,-1,1.0
18725,18726,18725,1,-1,1.0
18725,18726,18725,1,-1,1.0
18725,18726,18725,2,-2,2.0
18725,18726,18724,3,-3,3.0
18725,18726,18725,1,-1,1.0
18724,18726,18724,1,-1,1.0
18724,18725,18724,2,-2,2.0
18724,18725,18723,3,-3,3.0
18724,18725,18725,1,1,1.0
18724,18725,18724,5,-5,5.0
18724,18725,18725,2,2,2.0
18725,18726,18725,1,-1,1.0
18725,18726,18724,3,-3,3.0
18724,18725,18725,1,1,1.0
18724,18726,18726,1,1,1.0
18725,18726,18725,1,-1,1.0
18725,18726,18726,1,1,1.0
18724,18726,18726,1,1,1.0
18725,18726,18725,1,-1,1.0
18724,18726,18726,1,1,1.0
18724,18726,18726,1,1,1.0
18724,18725,18725,1,1,1.0
18725,18726,18725,1,-1,1.0
18725,18726,18724,1,-1,1.0
18724,18726,18724,1,-1,1.0
18724,18726,18726,1,1,1.0
18724,18725,18725,1,1,1.0
18724,18725,18725,1,1,1.0
18724,18726,18725,1,1,-1.0
18724,18726,18724,1,-1,1.0
18724,18726,18724,2,-2,2.0
18724,18726,18724,1,-1,1.0
18724,18725,18725,1,1,1.0
18724,18726,18725,4,4,-4.0
18724,18726,18726,1,1,1.0
18724,18726,18724,1,-1,1.0
18724,18726,18726,3,3,3.0
18724,18726,18724,1,-1,1.0
18724,18726,18726,1,1,1.0
18724,18726,18726,1,1,1.0
18724,18725,18725,1,1,1.0
18724,18725,18725,1,1,1.0
18724,18726,18726,1,1,1.0
18724,18726,18726,5,5,5.0
18724,18726,18726,1,1,1.0
18724,18726,18726,14,14,14.0
18724,18726,18726,1,1,1.0
18724,18726,18726,1,1,1.0
18725,18727,18725,1,-1,1.0
18726,18727,18727,5,5,5.0
18727,18728,18728,1,1,1.0
18727,18728,18728,1,1,1.0
18727,18728,18727,1,-1,1.0
18727,18728,18727,1,-1,1.0
18727,18728,18727,1,-1,1.0
18727,18728,18727,16,-16,16.0
18727,18728,18727,1,-1,1.0
18726,18727,18727,2,2,2.0
18726,18727,18727,1,1,1.0
18726,18727,18727,1,1,1.0
18726,18727,18727,1,1,1.0
18726,18727,18727,1,1,1.0
18726,18727,18727,2,2,2.0
18726,18727,18727,2,2,2.0
18726,18728,18726,1,-1,1.0
18726,18727,18727,1,1,1.0
18727,18728,18727,1,-1,1.0
18728,18729,18728,1,-1,1.0
18727,18728,18727,1,-1,1.0
18727,18728,18728,1,1,1.0
18727,18728,18727,1,-1,1.0
18727,18728,18728,1,1,1.0
18727,18728,18728,1,1,1.0
18727,18728,18728,1,1,1.0
18727,18729,18727,2,-2,2.0
18727,18729,18727,1,-1,1.0
18727,18728,18727,3,-3,3.0
18727,18728,18727,2,-2,2.0
18727,18728,18727,1,-1,1.0
18727,18728,18726,2,-2,2.0
18727,18728,18726,1,-1,1.0
18727,18728,18726,1,-1,1.0
18725,18726,18726,1,1,1.0
18725,18726,18726,1,1,1.0
18725,18726,18726,2,2,2.0
18725,18726,18726,1,1,1.0
18725,18726,18726,1,1,1.0
18726,18727,18727,1,1,1.0
18726,18727,18727,1,1,1.0
18725,18727,18726,1,1,-1.0
18725,18726,18726,1,1,1.0
18725,18726,18725,2,-2,2.0
18725,18726,18725,1,-1,1.0
18724,18725,18725,1,1,1.0
18724,18725,18725,1,1,1.0
18725,18726,18725,1,-1,1.0
18725,18726,18725,3,-3,3.0
18724,18725,18724,2,-2,2.0
18724,18725,18725,1,1,1.0
18724,18725,18725,1,1,1.0
18724,18725,18725,6,6,6.0
18724,18726,18724,3,-3,3.0
18724,18726,18724,1,-1,1.0
18724,18726,18724,1,-1,1.0
18724,18726,18724,8,-8,8.0
18724,18726,18724,5,-5,5.0
18724,18726,18724,1,-1,1.0
18724,18726,18723,6,-6,6.0
18724,18726,18723,6,-6,6.0
18724,18726,18723,2,-2,2.0
18724,18726,18723,1,-1,1.0
18724,18726,18723,3,-3,3.0
18724,18726,18723,3,-3,3.0
18724,18726,18723,5,-5,5.0
18724,18726,18723,1,-1,1.0
18724,18726,18723,1,-1,1.0
18724,18726,18722,14,-14,14.0
18721,18722,18721,9,-9,9.0
18721,18722,18721,1,-1,1.0
18721,18722,18722,2,2,2.0
18721,18722,18722,1,1,1.0
18721,18722,18721,1,-1,1.0
18721,18722,18722,1,1,1.0
18721,18722,18721,3,-3,3.0
18721,18723,18721,3,-3,3.0
18721,18722,18721,1,-1,1.0
18721,18722,18721,2,-2,2.0
18721,18722,18721,3,-3,3.0
18721,18722,18720,7,-7,7.0
18720,18722,18720,8,-8,8.0
18720,18722,18720,1,-1,1.0
18720,18721,18720,1,-1,1.0
18720,18721,18720,1,-1,1.0
18720,18721,18720,2,-2,2.0
18720,18721,18720,1,-1,1.0
18720,18721,18720,2,-2,2.0
18720,18721,18721,4,4,4.0
18720,18721,18721,2,2,2.0
18721,18722,18721,4,-4,4.0
18720,18722,18720,2,-2,2.0
18720,18722,18720,1,-1,1.0
18720,18722,18722,1,1,1.0
18720,18722,18722,1,1,1.0
18720,18722,18721,1,1,-1.0
18720,18722,18722,1,1,1.0
18720,18722,18720,1,-1,1.0
18720,18722,18720,3,-3,3.0
18720,18722,18722,1,1,1.0
18720,18722,18721,1,1,-1.0
18720,18721,18721,1,1,1.0
18720,18721,18721,1,1,1.0
18720,18721,18722,2,2,-2.0
18721,18722,18722,1,1,1.0
18721,18722,18721,1,-1,1.0
18720,18722,18722,1,1,1.0
18720,18722,18722,4,4,4.0
18720,18722,18722,1,1,1.0
18721,18722,18722,1,1,1.0
18721,18722,18722,1,1,1.0
18721,18722,18722,1,1,1.0
18721,18722,18721,1,-1,1.0
18721,18722,18721,1,-1,1.0
18720,18722,18722,1,1,1.0
18721,18722,18722,5,5,5.0
18721,18722,18721,1,-1,1.0
18721,18722,18720,4,-4,4.0
18720,18722,18720,1,-1,1.0
18721,18722,18721,2,-2,2.0
18720,18721,18720,1,-1,1.0
18720,18721,18721,1,1,1.0
18720,18722,18721,1,1,-1.0
18720,18722,18721,1,1,-1.0
18720,18721,18721,1,1,1.0
18720,18721,18721,1,1,1.0
18720,18721,18721,1,1,1.0
18720,18721,18721,1,1,1.0
18720,18721,18721,1,1,1.0
18720,18722,18721,3,3,-3.0
18721,18722,18721,1,-1,1.0
18721,18722,18722,1,1,1.0
18721,18722,18721,3,-3,3.0
18721,18722,18720,2,-2,2.0
18720,18722,18721,2,-2,2.0
18720,18722,18720,1,-1,1.0
18720,18721,18721,1,1,1.0
18720,18722,18720,5,-5,5.0
18721,18722,18721,1,-1,1.0
18721,18722,18721,1,-1,1.0
18721,18722,18721,1,-1,1.0
18720,18721,18721,1,1,1.0
18721,18722,18721,1,-1,1.0
18721,18722,18722,1,1,1.0
18721,18722,18722,7,7,7.0
18721,18722,18722,6,6,6.0
18721,18722,18722,2,2,2.0
18721,18722,18722,2,2,2.0
18721,18722,18722,1,1,1.0
18722,18723,18723,1,1,1.0
18722,18723,18722,1,-1,1.0
18721,18723,18721,1,-1,1.0
18721,18723,18723,1,1,1.0
18721,18722,18722,1,1,1.0
18721,18723,18722,1,1,-1.0
18722,18723,18722,1,-1,1.0
18721,18723,18723,1,1,1.0
18722,18723,18722,10,-10,10.0
18722,18723,18722,5,-5,5.0
18721,18722,18722,5,5,5.0
18721,18723,18723,1,1,1.0
18721,18723,18722,1,1,-1.0
18722,18723,18723,1,1,1.0
18722,18723,18723,6,6,6.0
18722,18723,18723,1,1,1.0
18722,18724,18724,1,1,1.0
18722,18723,18723,1,1,1.0
18722,18723,18722,1,-1,1.0
18722,18723,18723,2,2,2.0
18722,18723,18723,1,1,1.0
18722,18723,18723,1,1,1.0
18722,18723,18722,4,-4,4.0
18722,18723,18722,1,-1,1.0
18722,18723,18723,1,1,1.0
18722,18723,18723,7,7,7.0
18723,18724,18724,2,2,2.0
18723,18724,18723,1,-1,1.0
18723,18724,18724,1,1,1.0
18723,18724,18724,2,2,2.0
18723,18724,18724,1,1,1.0
18724,18725,18724,2,-2,2.0
18724,18725,18724,1,-1,1.0
18723,18724,18724,1,1,1.0
18723,18724,18724,1,1,1.0
18723,18724,18724,2,2,2.0
18723,18724,18724,1,1,1.0
18724,18725,18724,1,-1,1.0
18724,18725,18725,2,2,2.0
18724,18725,18725,1,1,1.0
18724,18725,18725,2,2,2.0
18724,18726,18725,2,2,-2.0
18725,18726,18726,1,1,1.0
18725,18726,18726,1,1,1.0
18725,18726,18726,1,1,1.0
18725,18726,18726,1,1,1.0
18725,18726,18726,1,1,1.0
18725,18726,18726,1,1,1.0
18726,18727,18727,5,5,5.0
18726,18727,18727,6,6,6.0
18726,18727,18727,1,1,1.0
18726,18727,18727,1,1,1.0
18726,18727,18727,1,1,1.0
18726,18727,18727,21,21,21.0
18726,18727,18727,1,1,1.0
18726,18727,18727,1,1,1.0
18726,18727,18727,1,1,1.0
18727,18728,18727,3,-3,3.0
18726,18727,18726,4,-4,4.0
18726,18727,18726,1,-1,1.0
18726,18727,18726,2,-2,2.0
18726,18727,18726,1,-1,1.0
18726,18727,18726,2,-2,2.0
18726,18727,18726,1,-1,1.0
18725,18727,18725,10,-10,10.0
18725,18727,18724,40,-40,40.0
18724,18725,18724,1,-1,1.0
18724,18725,18724,1,-1,1.0
18724,18725,18724,8,-8,8.0
18723,18725,18723,1,-1,1.0
18724,18725,18724,1,-1,1.0
18723,18725,18723,2,-2,2.0
18723,18725,18723,2,-2,2.0
18724,18725,18725,1,1,1.0
18724,18725,18725,6,6,6.0
18724,18725,18725,1,1,1.0
18724,18725,18725,1,1,1.0
18724,18725,18725,1,1,1.0
18724,18725,18725,1,1,1.0
18724,18725,18725,1,1,1.0
18724,18725,18725,1,1,1.0
18724,18725,18725,1,1,1.0
18724,18725,18724,1,-1,1.0
18724,18725,18724,4,-4,4.0
18724,18725,18724,1,-1,1.0
18724,18725,18724,1,-1,1.0
18724,18725,18723,3,-3,3.0
18722,18724,18722,1,-1,1.0
18724,18725,18725,1,1,1.0
18724,18725,18725,1,1,1.0
18724,18725,18725,1,1,1.0
18724,18726,18726,1,1,1.0
18723,18725,18725,1,1,1.0
18724,18726,18724,1,-1,1.0
18724,18726,18724,1,-1,1.0
18724,18726,18726,3,3,3.0
18724,18725,18725,2,2,2.0
18724,18725,18725,1,1,1.0
18724,18725,18725,1,1,1.0
18724,18726,18725,1,1,-1.0
18724,18725,18724,5,-5,5.0
18724,18725,18724,5,-5,5.0
18724,18725,18723,1,-1,1.0
18723,18725,18723,1,-1,1.0
18723,18725,18725,1,1,1.0
18723,18725,18724,1,1,-1.0
18723,18725,18724,1,1,-1.0
18724,18725,18725,1,1,1.0
18724,18725,18724,1,-1,1.0
18724,18725,18725,1,1,1.0
18724,18725,18725,1,1,1.0
18724,18725,18725,3,3,3.0
18724,18726,18725,1,1,-1.0
18724,18725,18725,1,1,1.0
18724,18725,18724,3,-3,3.0
18724,18726,18725,2,-2,2.0
18724,18726,18724,1,-1,1.0
18724,18726,18725,2,-2,2.0
18723,18725,18725,2,2,2.0
18724,18725,18724,2,-2,2.0
18724,18725,18724,1,-1,1.0
18723,18725,18724,5,-5,5.0
18723,18725,18723,25,-25,25.0
18723,18725,18723,1,-1,1.0
18723,18724,18723,1,-1,1.0
18722,18723,18722,12,-12,12.0
18722,18723,18722,1,-1,1.0
18721,18722,18722,1,1,1.0
18721,18722,18721,1,-1,1.0
18721,18722,18721,1,-1,1.0
18721,18722,18721,1,-1,1.0
18721,18722,18722,1,1,1.0
18721,18722,18722,1,1,1.0
18721,18722,18722,1,1,1.0
18721,18722,18722,2,2,2.0
18721,18722,18722,6,6,6.0
18721,18722,18722,1,1,1.0
18721,18723,18722,1,1,-1.0
18722,18723,18723,1,1,1.0
18722,18723,18723,1,1,1.0
18723,18724,18723,1,-1,1.0
18723,18724,18724,1,1,1.0
18723,18724,18724,1,1,1.0
18723,18724,18724,1,1,1.0
18723,18724,18723,1,-1,1.0
18723,18724,18723,1,-1,1.0
18722,18724,18723,2,-2,2.0
18723,18724,18724,1,1,1.0
18723,18724,18724,1,1,1.0
18723,18724,18724,1,1,1.0
18723,18724,18724,1,1,1.0
18723,18724,18724,1,1,1.0
18723,18724,18723,1,-1,1.0
18723,18724,18723,2,-2,2.0
18723,18724,18724,1,1,1.0
18723,18724,18724,1,1,1.0
18723,18724,18724,1,1,1.0
18723,18724,18723,1,-1,1.0
18723,18724,18724,1,1,1.0
18723,18724,18723,1,-1,1.0
18723,18724,18723,1,-1,1.0
18722,18724,18724,1,1,1.0
18722,18723,18723,1,1,1.0
18722,18723,18722,1,-1,1.0
18722,18723,18723,1,1,1.0
18722,18723,18723,1,1,1.0
18722,18723,18723,1,1,1.0
18722,18723,18723,1,1,1.0
18722,18723,18723,1,1,1.0
18722,18723,18723,1,1,1.0
18722,18724,18724,1,1,1.0
18722,18723,18723,1,1,1.0
18722,18723,18723,5,5,5.0
18722,18723,18722,4,-4,4.0
18722,18723,18722,4,-4,4.0
18721,18722,18721,8,-8,8.0
18721,18722,18721,2,-2,2.0
18721,18722,18721,1,-1,1.0
18721,18722,18722,1,1,1.0
18721,18723,18722,1,1,-1.0
18721,18723,18721,1,-1,1.0
18722,18723,18722,1,-1,1.0
18721,18723,18723,1,1,1.0
18721,18723,18723,1,1,1.0
18722,18723,18722,2,-2,2.0
18721,18722,18722,3,3,3.0
18721,18722,18722,1,1,1.0
18721,18722,18723,1,1,-1.0
18721,18722,18722,1,1,1.0
18722,18723,18722,1,-1,1.0
18721,18722,18722,1,1,1.0
18721,18722,18722,1,1,1.0
18722,18723,18722,1,-1,1.0
18722,18723,18723,1,1,1.0
18723,18724,18724,1,1,1.0
18723,18724,18723,1,-1,1.0
18722,18724,18724,1,1,1.0
18723,18724,18723,1,-1,1.0
18723,18724,18723,2,-2,2.0
18722,18723,18723,1,1,1.0
18722,18723,18723,2,2,2.0
18722,18723,18723,2,2,2.0
18723,18724,18724,3,3,3.0
18724,18725,18724,1,-1,1.0
18723,18724,18724,1,1,1.0
18723,18724,18724,1,1,1.0
18724,18725,18724,1,-1,1.0
18724,18725,18724,1,-1,1.0
18724,18725,18724,1,-1,1.0
18724,18725,18724,1,-1,1.0
18723,18724,18723,1,-1,1.0
18722,18723,18722,1,-1,1.0
18722,18723,18722,1,-1,1.0
18722,18723,18722,1,-1,1.0
18722,18723,18722,1,-1,1.0
18721,18722,18721,1,-1,1.0
18721,18722,18722,4,4,4.0
18722,18724,18722,1,-1,1.0
18723,18724,18723,1,-1,1.0
18723,18724,18723,1,-1,1.0
18722,18723,18722,1,-1,1.0
18722,18723,18722,2,-2,2.0
18722,18723,18722,1,-1,1.0
18722,18723,18722,1,-1,1.0
18722,18723,18722,9,-9,9.0
18722,18723,18721,11,-11,11.0
18722,18723,18722,1,-1,1.0
18722,18723,18722,1,-1,1.0
18722,18723,18722,1,-1,1.0
18722,18723,18721,15,-15,15.0
18721,18723,18722,1,-1,1.0
18722,18723,18723,1,1,1.0
18722,18723,18722,4,-4,4.0
18722,18723,18722,1,-1,1.0
18722,18723,18722,2,-2,2.0
18722,18723,18722,1,-1,1.0
18722,18723,18723,1,1,1.0
18721,18723,18721,1,-1,1.0
18721,18723,18722,1,-1,1.0
18721,18723,18723,1,1,1.0
18721,18723,18722,1,1,-1.0
18721,18723,18723,1,1,1.0
18722,18723,18722,1,-1,1.0
18723,18724,18723,1,-1,1.0
18723,18724,18723,1,-1,1.0
18723,18724,18723,1,-1,1.0
18722,18723,18723,1,1,1.0
18722,18723,18723,1,1,1.0
18722,18723,18722,1,-1,1.0
18722,18723,18722,1,-1,1.0
18722,18723,18722,1,-1,1.0
18722,18723,18723,1,1,1.0
18722,18723,18723,1,1,1.0
18722,18723,18723,2,2,2.0
18722,18723,18723,1,1,1.0
18722,18723,18723,1,1,1.0
18722,18723,18722,14,-14,14.0
18722,18723,18722,1,-1,1.0
18721,18722,18721,10,-10,10.0
18720,18721,18720,2,-2,2.0
18720,18721,18720,1,-1,1.0
18720,18721,18720,1,-1,1.0
18720,18721,18720,1,-1,1.0
18720,18721,18720,10,-10,10.0
18720,18721,18720,1,-1,1.0
18720,18721,18720,2,-2,2.0
18720,18721,18720,1,-1,1.0
18720,18721,18720,1,-1,1.0
18720,18721,18720,5,-5,5.0
18720,18721,18720,1,-1,1.0
18720,18721,18720,3,-3,3.0
18720,18721,18720,1,-1,1.0
18720,18721,18719,19,-19,19.0
18719,18720,18719,2,-2,2.0
18719,18720,18719,1,-1,1.0
18719,18720,18719,1,-1,1.0
18719,18720,18720,1,1,1.0
18719,18720,18720,1,1,1.0
18719,18720,18719,1,-1,1.0
18719,18720,18719,4,-4,4.0
18719,18720,18719,2,-2,2.0
18719,18720,18719,6,-6,6.0
18719,18720,18719,1,-1,1.0
18719,18720,18719,3,-3,3.0
18719,18720,18719,2,-2,2.0
18719,18720,18719,1,-1,1.0
18719,18720,18719,1,-1,1.0
18719,18720,18719,1,-1,1.0
18719,18720,18719,1,-1,1.0
18719,18720,18719,2,-2,2.0
18719,18720,18719,1,-1,1.0
18719,18720,18719,11,-11,11.0
18719,18720,18719,3,-3,3.0
18718,18719,18719,1,1,1.0
18718,18720,18719,1,1,-1.0
18718,18720,18718,1,-1,1.0
18718,18720,18719,1,-1,1.0
18718,18720,18718,1,-1,1.0
18718,18719,18719,1,1,1.0
18718,18719,18719,2,2,2.0
18718,18719,18719,1,1,1.0
18718,18719,18718,1,-1,1.0
18718,18719,18719,1,1,1.0
18718,18719,18718,2,-2,2.0
18718,18719,18719,1,1,1.0
18718,18719,18719,1,1,1.0
18718,18719,18719,1,1,1.0
18718,18719,18719,1,1,1.0
18718,18719,18718,1,-1,1.0
18718,18719,18718,1,-1,1.0
18718,18719,18719,1,1,1.0
18718,18719,18719,1,1,1.0
18718,18719,18718,1,-1,1.0
18718,18719,18719,1,1,1.0
18719,18720,18719,1,-1,1.0
18719,18720,18720,1,1,1.0
18719,18720,18720,1,1,1.0
18719,18720,18720,1,1,1.0
18719,18720,18720,5,5,5.0
18720,18721,18721,1,1,1.0
18720,18721,18720,1,-1,1.0
18720,18721,18720,1,-1,1.0
18720,18721,18720,1,-1,1.0
18720,18721,18719,3,-3,3.0
18718,18720,18720,4,4,4.0
18718,18720,18720,1,1,1.0
18719,18720,18719,1,-1,1.0
18719,18720,18719,1,-1,1.0
18718,18719,18719,1,1,1.0
18718,18719,18719,1,1,1.0
18718,18719,18718,1,-1,1.0
18718,18719,18719,1,1,1.0
18718,18720,18718,1,-1,1.0
18718,18720,18718,1,-1,1.0
18718,18720,18718,2,-2,2.0
18718,18720,18718,1,-1,1.0
18718,18720,18718,1,-1,1.0
18718,18719,18719,1,1,1.0
18718,18719,18718,1,-1,1.0
18718,18719,18718,1,-1,1.0
18718,18719,18718,1,-1,1.0
18718,18719,18718,14,-14,14.0
18717,18719,18718,1,-1,1.0
18717,18718,18718,1,1,1.0
18717,18718,18718,2,2,2.0
18717,18718,18717,1,-1,1.0
18717,18718,18717,5,-5,5.0
18717,18718,18718,7,7,7.0
18717,18718,18718,1,1,1.0
18717,18718,18718,1,1,1.0
18717,18718,18718,1,1,1.0
18717,18719,18719,1,1,1.0
18718,18720,18718,4,-4,4.0
18718,18719,18719,1,1,1.0
18719,18720,18720,2,2,2.0
18719,18720,18719,1,-1,1.0
18719,18720,18720,1,1,1.0
18718,18720,18720,1,1,1.0
18719,18720,18719,1,-1,1.0
18718,18720,18720,1,1,1.0
18718,18719,18719,1,1,1.0
18718,18719,18719,1,1,1.0
18718,18719,18718,1,-1,1.0
18718,18719,18719,1,1,1.0
18718,18719,18718,1,-1,1.0
18718,18719,18719,1,1,1.0
18718,18719,18718,1,-1,1.0
18717,18718,18718,1,1,1.0
18717,18718,18718,1,1,1.0
18718,18720,18718,2,-2,2.0
18717,18719,18719,4,4,4.0
18717,18718,18718,1,1,1.0
18717,18718,18718,2,2,2.0
18718,18719,18718,1,-1,1.0
18718,18719,18718,1,-1,1.0
18717,18718,18718,14,14,14.0
18718,18719,18718,1,-1,1.0
18718,18719,18718,1,-1,1.0
18718,18719,18718,15,-15,15.0
18717,18718,18717,5,-5,5.0
18717,18718,18718,1,1,1.0
18717,18718,18717,1,-1,1.0
18717,18718,18717,1,-1,1.0
18717,18718,18717,1,-1,1.0
18717,18718,18717,4,-4,4.0
18717,18718,18717,2,-2,2.0
18716,18717,18717,3,3,3.0
18716,18717,18716,1,-1,1.0
18716,18717,18716,1,-1,1.0
18716,18717,18716,2,-2,2.0
18716,18717,18716,1,-1,1.0
18716,18717,18716,1,-1,1.0
18716,18717,18716,17,-17,17.0
18716,18717,18715,1,-1,1.0
18716,18717,18715,1,-1,1.0
18716,18717,18715,5,-5,5.0
18716,18717,18715,5,-5,5.0
18716,18717,18715,1,-1,1.0
18716,18717,18715,4,-4,4.0
18716,18717,18715,2,-2,2.0
18716,18717,18715,1,-1,1.0
18716,18717,18715,2,-2,2.0
18716,18717,18715,5,-5,5.0
18716,18717,18715,1,-1,1.0
18716,18717,18715,1,-1,1.0
18716,18717,18715,4,-4,4.0
18716,18717,18715,3,-3,3.0
18716,18717,18715,1,-1,1.0
18716,18717,18715,1,-1,1.0
18716,18717,18715,1,-1,1.0
18716,18717,18715,1,-1,1.0
18714,18715,18714,1,-1,1.0
18714,18715,18714,7,-7,7.0
18714,18715,18714,4,-4,4.0
18714,18715,18714,1,-1,1.0
18714,18715,18714,5,-5,5.0
18714,18715,18714,1,-1,1.0
18714,18715,18714,1,-1,1.0
18714,18715,18714,1,-1,1.0
18714,18715,18714,2,-2,2.0
18714,18715,18714,1,-1,1.0
18714,18715,18714,4,-4,4.0
18714,18715,18714,1,-1,1.0
18714,18715,18714,1,-1,1.0
18714,18715,18714,1,-1,1.0
18714,18715,18714,4,-4,4.0
18714,18715,18714,1,-1,1.0
18714,18715,18714,1,-1,1.0
18714,18715,18714,7,-7,7.0
18714,18715,18713,6,-6,6.0
18714,18715,18713,2,-2,2.0
18713,18714,18714,1,1,1.0
18713,18714,18714,3,3,3.0
18713,18714,18713,1,-1,1.0
18713,18714,18715,1,1,-1.0
18713,18714,18713,1,-1,1.0
18713,18714,18715,1,1,-1.0
18713,18714,18713,2,-2,2.0
18713,18714,18713,2,-2,2.0
18713,18714,18714,1,1,1.0
18713,18714,18713,19,-19,19.0
18713,18715,18715,1,1,1.0
18713,18715,18715,1,1,1.0
18713,18715,18713,1,-1,1.0
18713,18715,18713,1,-1,1.0
18713,18715,18714,1,-1,1.0
18713,18715,18713,1,-1,1.0
18713,18714,18714,1,1,1.0
18713,18714,18713,3,-3,3.0
18712,18714,18713,2,-2,2.0
18712,18713,18713,1,1,1.0
18712,18713,18712,3,-3,3.0
18712,18713,18713,1,1,1.0
18712,18713,18713,2,2,2.0
18712,18713,18712,2,-2,2.0
18712,18713,18712,2,-2,2.0
18712,18713,18712,1,-1,1.0
18712,18713,18712,1,-1,1.0
18712,18713,18712,2,-2,2.0
18712,18713,18712,2,-2,2.0
18712,18713,18713,1,1,1.0
18712,18713,18712,1,-1,1.0
18712,18713,18712,1,-1,1.0
18712,18713,18712,1,-1,1.0
18712,18713,18712,4,-4,4.0
18712,18713,18712,1,-1,1.0
18712,18713,18713,1,1,1.0
18712,18713,18712,5,-5,5.0
18712,18713,18712,1,-1,1.0
18712,18713,18712,1,-1,1.0
18712,18713,18712,1,-1,1.0
18712,18713,18713,1,1,1.0
18712,18713,18713,1,1,1.0
18712,18713,18713,3,3,3.0
18713,18714,18713,1,-1,1.0
18712,18714,18712,1,-1,1.0
18712,18714,18712,4,-4,4.0
18712,18714,18714,5,5,5.0
18712,18714,18712,1,-1,1.0
18712,18714,18712,1,-1,1.0
18712,18714,18714,1,1,1.0
18712,18714,18713,2,2,-2.0
18712,18714,18713,1,1,-1.0
18713,18714,18713,1,-1,1.0
18712,18714,18714,1,1,1.0
18712,18713,18713,1,1,1.0
18712,18713,18712,1,-1,1.0
18712,18713,18712,6,-6,6.0
18712,18713,18713,3,3,3.0
18712,18713,18712,4,-4,4.0
18712,18713,18712,1,-1,1.0
18712,18713,18712,1,-1,1.0
18712,18713,18712,1,-1,1.0
18712,18713,18713,2,2,2.0
18712,18713,18712,2,-2,2.0
18712,18713,18712,3,-3,3.0
18712,18713,18712,2,-2,2.0
18712,18713,18712,1,-1,1.0
18712,18713,18712,1,-1,1.0
18712,18713,18712,5,-5,5.0
18712,18713,18712,1,-1,1.0
18712,18713,18712,1,-1,1.0
18712,18713,18712,1,-1,1.0
18712,18713,18712,1,-1,1.0
18711,18712,18712,1,1,1.0
18711,18712,18711,1,-1,1.0
18711,18712,18711,1,-1,1.0
18711,18712,18711,2,-2,2.0
18711,18712,18711,2,-2,2.0
18711,18712,18711,2,-2,2.0
18711,18712,18711,2,-2,2.0
18711,18712,18712,2,2,2.0
18711,18712,18712,3,3,3.0
18711,18712,18711,2,-2,2.0
18711,18712,18711,3,-3,3.0
18711,18712,18711,1,-1,1.0
18711,18712,18712,7,7,7.0
18711,18712,18712,4,4,4.0
18711,18713,18711,2,-2,2.0
18712,18713,18712,1,-1,1.0
18712,18713,18712,2,-2,2.0
18712,18713,18713,1,1,1.0
18712,18713,18713,1,1,1.0
18712,18713,18713,1,1,1.0
18712,18713,18713,1,1,1.0
18712,18713,18712,1,-1,1.0
18712,18713,18713,2,2,2.0
18712,18713,18713,1,1,1.0
18713,18714,18714,1,1,1.0
18713,18714,18714,2,2,2.0
18713,18714,18713,1,-1,1.0
18713,18714,18713,1,-1,1.0
18712,18714,18714,1,1,1.0
18712,18713,18713,1,1,1.0
18712,18713,18713,2,2,2.0
18712,18713,18713,1,1,1.0
18712,18713,18713,4,4,4.0
18712,18713,18713,3,3,3.0
18712,18713,18713,1,1,1.0
18712,18713,18713,1,1,1.0
18713,18714,18714,1,1,1.0
18713,18714,18714,2,2,2.0
18713,18714,18714,1,1,1.0
18713,18714,18714,1,1,1.0
18713,18714,18714,1,1,1.0
18713,18714,18714,1,1,1.0
18714,18715,18714,1,-1,1.0
18713,18715,18715,5,5,5.0
18714,18716,18716,1,1,1.0
18715,18716,18716,1,1,1.0
18715,18716,18716,1,1,1.0
18715,18716,18716,1,1,1.0
18715,18716,18715,1,-1,1.0
18714,18715,18715,1,1,1.0
18714,18715,18715,1,1,1.0
18714,18715,18715,1,1,1.0
18714,18715,18715,1,1,1.0
18714,18715,18714,1,-1,1.0
18714,18715,18714,6,-6,6.0
18714,18715,18714,1,-1,1.0
18713,18714,18714,4,4,4.0
18713,18714,18714,2,2,2.0
18714,18715,18714,1,-1,1.0
18714,18715,18714,1,-1,1.0
18714,18715,18714,2,-2,2.0
18714,18715,18714,2,-2,2.0
18714,18715,18714,1,-1,1.0
18714,18715,18714,1,-1,1.0
18714,18715,18714,3,-3,3.0
18714,18715,18714,3,-3,3.0
18714,18715,18713,15,-15,15.0
18714,18715,18713,1,-1,1.0
18714,18715,18713,1,-1,1.0
18714,18715,18713,1,-1,1.0
18714,18715,18713,3,-3,3.0
18714,18715,18712,6,-6,6.0
18714,18715,18713,1,-1,1.0
18714,18715,18713,1,-1,1.0
18712,18713,18712,2,-2,2.0
18712,18713,18712,2,-2,2.0
18712,18713,18712,4,-4,4.0
18712,18713,18712,5,-5,5.0
18712,18713,18712,1,-1,1.0
18712,18713,18713,1,1,1.0
18712,18713,18712,5,-5,5.0
18711,18713,18713,1,1,1.0
18712,18713,18712,2,-2,2.0
18712,18713,18711,1,-1,1.0
18711,18712,18712,4,4,4.0
18711,18712,18712,1,1,1.0
18711,18713,18713,1,1,1.0
18711,18712,18712,1,1,1.0
18711,18713,18713,1,1,1.0
18711,18713,18711,1,-1,1.0
18711,18713,18713,1,1,1.0
18712,18713,18713,1,1,1.0
18712,18713,18713,2,2,2.0
18712,18713,18713,2,2,2.0
18712,18713,18713,1,1,1.0
18712,18713,18712,6,-6,6.0
18711,18713,18711,6,-6,6.0
18711,18713,18712,1,-1,1.0
18711,18713,18711,1,-1,1.0
18711,18712,18712,1,1,1.0
18711,18712,18712,1,1,1.0
18711,18713,18711,3,-3,3.0
18711,18712,18712,1,1,1.0
18712,18713,18712,1,-1,1.0
18712,18713,18712,4,-4,4.0
18711,18712,18712,1,1,1.0
18711,18712,18712,14,14,14.0
18711,18712,18712,1,1,1.0
18711,18712,18712,1,1,1.0
18711,18712,18712,1,1,1.0
18711,18713,18712,1,1,-1.0
18712,18713,18713,2,2,2.0
18712,18713,18712,20,-20,20.0
18712,18713,18713,1,1,1.0
18711,18713,18711,1,-1,1.0
18711,18712,18712,1,1,1.0
18711,18712,18712,1,1,1.0
18711,18712,18712,1,1,1.0
18711,18712,18711,2,-2,2.0
18711,18712,18711,1,-1,1.0
18711,18712,18711,1,-1,1.0
18711,18712,18711,1,-1,1.0
18711,18712,18711,1,-1,1.0
18711,18712,18711,20,-20,20.0
18711,18712,18711,1,-1,1.0
18711,18712,18711,1,-1,1.0
18711,18712,18711,1,-1,1.0
18710,18712,18711,1,-1,1.0
18710,18711,18711,2,2,2.0
18710,18711,18711,1,1,1.0
18711,18712,18711,8,-8,8.0
18711,18712,18711,1,-1,1.0
18710,18712,18711,1,-1,1.0
18711,18712,18711,1,-1,1.0
18711,18712,18711,1,-1,1.0
18711,18712,18711,1,-1,1.0
18710,18712,18710,1,-1,1.0
18711,18712,18711,1,-1,1.0
18710,18711,18711,1,1,1.0
18710,18711,18711,2,2,2.0
18710,18712,18710,1,-1,1.0
18710,18712,18712,1,1,1.0
18711,18712,18711,2,-2,2.0
18711,18712,18711,1,-1,1.0
18711,18712,18711,2,-2,2.0
18711,18712,18711,1,-1,1.0
18711,18712,18711,1,-1,1.0
18710,18712,18710,16,-16,16.0
18711,18712,18711,1,-1,1.0
18711,18712,18711,3,-3,3.0
18710,18712,18711,1,-1,1.0
18710,18711,18711,1,1,1.0
18710,18711,18710,2,-2,2.0
18710,18711,18711,1,1,1.0
18710,18711,18712,12,12,-12.0
18710,18712,18711,6,6,-6.0
18710,18712,18712,1,1,1.0
18710,18712,18711,1,1,-1.0
18710,18711,18711,1,1,1.0
18710,18711,18710,1,-1,1.0
18710,18711,18711,1,1,1.0
18710,18711,18711,1,1,1.0
18710,18711,18711,2,2,2.0
18710,18712,18711,2,2,-2.0
18710,18712,18711,1,1,-1.0
18711,18712,18712,1,1,1.0
18711,18712,18711,2,-2,2.0
18711,18712,18712,1,1,1.0
18711,18712,18711,3,-3,3.0
18711,18712,18711,1,-1,1.0
18711,18712,18712,1,1,1.0
18711,18712,18711,4,-4,4.0
18711,18712,18711,4,-4,4.0
18711,18712,18711,1,-1,1.0
18711,18712,18711,1,-1,1.0
18711,18712,18711,1,-1,1.0
18710,18711,18711,1,1,1.0
18710,18711,18711,1,1,1.0
18710,18711,18711,1,1,1.0
18710,18711,18711,2,2,2.0
18710,18711,18711,1,1,1.0
18710,18711,18710,2,-2,2.0
18710,18711,18710,1,-1,1.0
18710,18711,18710,9,-9,9.0
18710,18711,18710,1,-1,1.0
18710,18711,18711,2,2,2.0
18710,18711,18711,1,1,1.0
18710,18711,18710,5,-5,5.0
18710,18711,18710,68,-68,68.0
18709,18710,18710,1,1,1.0
18709,18710,18710,1,1,1.0
18709,18710,18710,1,1,1.0
18709,18710,18710,1,1,1.0
18709,18710,18710,2,2,2.0
18710,18711,18710,1,-1,1.0
18710,18711,18710,1,-1,1.0
18710,18711,18710,1,-1,1.0
18710,18711,18710,2,-2,2.0
18710,18711,18710,1,-1,1.0
18709,18710,18710,1,1,1.0
18709,18710,18710,1,1,1.0
18709,18711,18710,1,1,-1.0
18709,18711,18710,2,2,-2.0
18710,18711,18710,1,-1,1.0
18710,18711,18710,1,-1,1.0
18710,18711,18710,1,-1,1.0
18710,18711,18709,1,-1,1.0
18709,18711,18709,1,-1,1.0
18709,18711,18709,13,-13,13.0
18709,18710,18710,3,3,3.0
18709,18710,18709,8,-8,8.0
18709,18710,18709,1,-1,1.0
18709,18710,18710,1,1,1.0
18709,18710,18709,1,-1,1.0
18709,18710,18709,2,-2,2.0
18709,18710,18710,2,2,2.0
18709,18710,18710,5,5,5.0
18709,18710,18710,1,1,1.0
18709,18710,18710,1,1,1.0
18709,18710,18709,1,-1,1.0
18709,18710,18709,1,-1,1.0
18709,18710,18709,2,-2,2.0
18709,18710,18709,32,-32,32.0
18709,18710,18709,1,-1,1.0
18709,18710,18709,21,-21,21.0
18708,18709,18708,50,-50,50.0
18708,18709,18708,1,-1,1.0
18708,18709,18708,1,-1,1.0
18708,18709,18707,1,-1,1.0
18707,18708,18707,5,-5,5.0
18707,18708,18707,1,-1,1.0
18707,18708,18707,1,-1,1.0
18707,18708,18707,2,-2,2.0
18707,18708,18707,1,-1,1.0
18707,18708,18707,4,-4,4.0
18707,18708,18708,1,1,1.0
18707,18708,18708,1,1,1.0
18707,18708,18708,1,1,1.0
18707,18708,18708,5,5,5.0
18707,18708,18707,2,-2,2.0
18707,18708,18707,1,-1,1.0
18707,18708,18707,1,-1,1.0
18707,18708,18708,4,4,4.0
18707,18708,18708,4,4,4.0
18707,18709,18708,1,1,-1.0
18707,18708,18708,1,1,1.0
18708,18709,18709,2,2,2.0
18708,18709,18709,2,2,2.0
18708,18709,18709,3,3,3.0
18708,18709,18709,1,1,1.0
18708,18709,18709,2,2,2.0
18708,18710,18708,35,-35,35.0
18708,18710,18708,5,-5,5.0
18707,18708,18708,4,4,4.0
18707,18708,18709,6,6,-6.0
18707,18709,18709,1,1,1.0
18708,18709,18709,1,1,1.0
18708,18709,18709,1,1,1.0
18708,18709,18709,2,2,2.0
18708,18709,18709,1,1,1.0
18708,18709,18709,3,3,3.0
18708,18709,18708,2,-2,2.0
18708,18709,18708,4,-4,4.0
18708,18709,18708,11,-11,11.0
18708,18709,18708,6,-6,6.0
18708,18709,18708,3,-3,3.0
18708,18709,18708,2,-2,2.0
18708,18709,18708,5,-5,5.0
18708,18709,18707,1,-1,1.0
18708,18709,18707,1,-1,1.0
18708,18709,18707,5,-5,5.0
18708,18709,18707,25,-25,25.0
18708,18709,18707,1,-1,1.0
18708,18709,18707,10,-10,10.0
18708,18709,18707,2,-2,2.0
18708,18709,18707,1,-1,1.0
18706,18707,18707,3,3,3.0
18706,18707,18707,1,1,1.0
18706,18707,18708,2,2,-2.0
18706,18707,18707,2,2,2.0
18706,18707,18707,1,1,1.0
18706,18707,18707,1,1,1.0
18707,18709,18707,1,-1,1.0
18707,18709,18707,1,-1,1.0
18707,18708,18707,2,-2,2.0
18707,18708,18707,1,-1,1.0
18707,18708,18707,1,-1,1.0
18707,18708,18707,3,-3,3.0
18707,18708,18707,1,-1,1.0
18707,18708,18707,1,-1,1.0
18707,18708,18707,2,-2,2.0
18707,18708,18707,3,-3,3.0
18707,18708,18707,1,-1,1.0
18707,18708,18707,1,-1,1.0
18706,18708,18706,1,-1,1.0
18706,18708,18706,1,-1,1.0
18706,18708,18706,1,-1,1.0
18706,18708,18706,1,-1,1.0
18706,18708,18706,1,-1,1.0
18706,18708,18706,1,-1,1.0
18706,18708,18706,1,-1,1.0
18706,18708,18706,1,-1,1.0
18706,18708,18706,1,-1,1.0
18706,18708,18706,1,-1,1.0
18706,18708,18706,1,-1,1.0
18706,18708,18706,1,-1,1.0
18706,18708,18706,1,-1,1.0
18706,18708,18706,1,-1,1.0
18706,18707,18707,1,1,1.0
18706,18707,18707,3,3,3.0
18706,18707,18706,1,-1,1.0
18706,18707,18706,5,-5,5.0
18706,18707,18706,1,-1,1.0
18706,18707,18706,3,-3,3.0
18706,18707,18706,1,-1,1.0
18706,18707,18707,1,1,1.0
18706,18707,18707,1,1,1.0
18706,18707,18706,1,-1,1.0
18706,18707,18707,1,1,1.0
18706,18707,18707,2,2,2.0
18706,18707,18707,2,2,2.0
18706,18707,18707,6,6,6.0
18707,18708,18708,1,1,1.0
18707,18708,18708,2,2,2.0
18707,18708,18708,1,1,1.0
18707,18708,18708,2,2,2.0
18707,18708,18708,2,2,2.0
18707,18708,18708,2,2,2.0
18708,18709,18709,1,1,1.0
18708,18709,18709,3,3,3.0
18708,18709,18708,13,-13,13.0
18708,18709,18707,23,-23,23.0
18707,18708,18707,5,-5,5.0
18707,18708,18707,2,-2,2.0
18707,18708,18707,1,-1,1.0
18707,18708,18707,1,-1,1.0
18707,18708,18707,1,-1,1.0
18707,18708,18707,1,-1,1.0
18707,18708,18707,1,-1,1.0
18707,18708,18707,7,-7,7.0
18706,18707,18706,5,-5,5.0
18706,18707,18707,1,1,1.0
18706,18707,18707,1,1,1.0
18706,18707,18707,1,1,1.0
18706,18707,18707,2,2,2.0
18706,18707,18707,1,1,1.0
18706,18707,18707,1,1,1.0
18706,18707,18707,1,1,1.0
18707,18708,18708,1,1,1.0
18707,18708,18708,1,1,1.0
18707,18708,18708,1,1,1.0
18707,18708,18707,1,-1,1.0
18707,18708,18707,3,-3,3.0
18707,18708,18707,2,-2,2.0
18707,18708,18707,4,-4,4.0
18707,18708,18707,5,-5,5.0
18707,18708,18707,2,-2,2.0
18707,18708,18707,4,-4,4.0
18707,18708,18707,2,-2,2.0
18707,18708,18707,2,-2,2.0
18707,18708,18706,3,-3,3.0
18707,18708,18706,4,-4,4.0
18707,18708,18706,5,-5,5.0
18707,18708,18706,1,-1,1.0
18707,18708,18706,1,-1,1.0
18707,18708,18706,1,-1,1.0
18707,18708,18706,1,-1,1.0
18707,18708,18706,1,-1,1.0
18707,18708,18706,1,-1,1.0
18707,18708,18706,1,-1,1.0
18707,18708,18706,2,-2,2.0
18707,18708,18706,2,-2,2.0
18707,18708,18706,5,-5,5.0
18707,18708,18706,2,-2,2.0
18707,18708,18706,2,-2,2.0
18707,18708,18706,1,-1,1.0
18707,18708,18706,3,-3,3.0
18707,18708,18706,3,-3,3.0
18707,18708,18706,1,-1,1.0
18707,18708,18706,2,-2,2.0
18707,18708,18706,3,-3,3.0
18707,18708,18706,2,-2,2.0
18707,18708,18705,1,-1,1.0
18707,18708,18705,1,-1,1.0
18707,18708,18705,2,-2,2.0
18707,18708,18705,27,-27,27.0
18707,18708,18704,2,-2,2.0
18707,18708,18704,6,-6,6.0
18707,18708,18704,18,-18,18.0
18707,18708,18703,3,-3,3.0
18707,18708,18703,3,-3,3.0
18707,18708,18703,1,-1,1.0
18707,18708,18703,10,-10,10.0
18702,18703,18702,2,-2,2.0
18702,18703,18702,6,-6,6.0
18702,18703,18702,2,-2,2.0
18702,18703,18702,1,-1,1.0
18702,18703,18702,1,-1,1.0
18702,18703,18702,1,-1,1.0
18702,18703,18702,1,-1,1.0
18702,18703,18702,2,-2,2.0
18702,18703,18702,2,-2,2.0
18702,18703,18702,1,-1,1.0
18702,18703,18702,2,-2,2.0
18702,18703,18702,1,-1,1.0
18702,18703,18702,1,-1,1.0
18702,18703,18702,1,-1,1.0
18702,18703,18703,1,1,1.0
18702,18703,18703,1,1,1.0
18702,18703,18703,1,1,1.0
18702,18703,18702,3,-3,3.0
18702,18703,18703,1,1,1.0
18702,18703,18703,1,1,1.0
18702,18703,18702,1,-1,1.0
18702,18703,18703,4,4,4.0
18702,18703,18702,2,-2,2.0
18702,18703,18703,3,3,3.0
18702,18703,18703,1,1,1.0
18702,18704,18704,1,1,1.0
18702,18703,18703,1,1,1.0
18702,18703,18702,10,-10,10.0
18702,18703,18703,1,1,1.0
18702,18703,18703,1,1,1.0
18702,18704,18703,1,1,-1.0
18702,18704,18702,1,-1,1.0
18703,18704,18703,1,-1,1.0
18703,18704,18703,1,-1,1.0
18703,18704,18703,1,-1,1.0
18702,18703,18702,20,-20,20.0
18702,18703,18702,11,-11,11.0
18702,18703,18702,1,-1,1.0
18701,18702,18702,3,3,3.0
18701,18702,18701,1,-1,1.0
18701,18702,18702,5,5,5.0
18702,18703,18702,2,-2,2.0
18701,18703,18701,1,-1,1.0
18701,18703,18701,1,-1,1.0
18701,18703,18701,1,-1,1.0
18701,18703,18701,12,-12,12.0
18701,18702,18701,7,-7,7.0
18701,18702,18702,1,1,1.0
18700,18702,18701,4,4,-4.0
18700,18702,18701,3,3,-3.0
18700,18701,18701,3,3,3.0
18700,18701,18702,2,2,-2.0
18701,18703,18701,1,-1,1.0
18701,18703,18700,6,-6,6.0
18701,18703,18700,6,-6,6.0
18701,18703,18700,3,-3,3.0
18701,18703,18700,3,-3,3.0
18700,18701,18700,5,-5,5.0
18700,18701,18700,1,-1,1.0
18700,18701,18700,1,-1,1.0
18700,18701,18700,1,-1,1.0
18700,18701,18700,2,-2,2.0
18699,18701,18699,2,-2,2.0
18699,18700,18700,1,1,1.0
18699,18700,18699,1,-1,1.0
18699,18700,18700,1,1,1.0
18699,18700,18701,4,4,-4.0
18700,18701,18700,1,-1,1.0
18700,18701,18700,1,-1,1.0
18700,18701,18700,1,-1,1.0
18699,18700,18700,5,5,5.0
18699,18700,18700,2,2,2.0
18699,18700,18700,2,2,2.0
18700,18701,18700,11,-11,11.0
18700,18701,18699,1,-1,1.0
18699,18701,18701,2,2,2.0
18699,18701,18699,1,-1,1.0
18699,18701,18700,1,-1,1.0
18700,18701,18700,1,-1,1.0
18699,18700,18700,1,1,1.0
18699,18700,18701,1,1,-1.0
18699,18700,18701,6,6,-6.0
18700,18701,18700,3,-3,3.0
18700,18701,18700,1,-1,1.0
18700,18701,18701,1,1,1.0
18701,18703,18703,1,1,1.0
18701,18703,18701,2,-2,2.0
18701,18703,18701,2,-2,2.0
18701,18703,18701,1,-1,1.0
18701,18703,18701,1,-1,1.0
18702,18703,18702,1,-1,1.0
18702,18703,18702,1,-1,1.0
18702,18703,18703,3,3,3.0
18702,18704,18703,1,1,-1.0
18702,18703,18703,1,1,1.0
18702,18703,18702,5,-5,5.0
18702,18703,18702,1,-1,1.0
18702,18703,18703,1,1,1.0
18702,18704,18702,1,-1,1.0
18702,18704,18702,3,-3,3.0
18702,18704,18703,1,-1,1.0
18702,18704,18703,1,-1,1.0
18703,18705,18703,5,-5,5.0
18703,18705,18703,1,-1,1.0
18703,18705,18705,1,1,1.0
18703,18705,18704,1,1,-1.0
18703,18704,18704,1,1,1.0
18703,18704,18704,1,1,1.0
18704,18705,18704,1,-1,1.0
18704,18705,18705,1,1,1.0
18704,18705,18705,3,3,3.0
18704,18705,18704,1,-1,1.0
18704,18705,18704,1,-1,1.0
18704,18705,18704,1,-1,1.0
18704,18705,18704,1,-1,1.0
18703,18704,18704,1,1,1.0
18703,18704,18703,1,-1,1.0
18703,18704,18704,2,2,2.0
18703,18704,18704,1,1,1.0
18703,18705,18705,5,5,5.0
18703,18705,18705,6,6,6.0
18703,18705,18706,1,1,-1.0
18705,18706,18706,1,1,1.0
18705,18706,18705,3,-3,3.0
18705,18706,18705,1,-1,1.0
18704,18706,18704,1,-1,1.0
18705,18706,18706,1,1,1.0
18705,18706,18706,2,2,2.0
18706,18707,18706,1,-1,1.0
18706,18707,18706,2,-2,2.0
18705,18707,18705,2,-2,2.0
18705,18707,18705,3,-3,3.0
18705,18706,18705,1,-1,1.0
18705,18706,18705,1,-1,1.0
18705,18706,18705,1,-1,1.0
18705,18706,18706,2,2,2.0
18705,18706,18705,1,-1,1.0
18705,18706,18705,1,-1,1.0
18705,18706,18705,2,-2,2.0
18705,18706,18706,1,1,1.0
18705,18706,18705,1,-1,1.0
18705,18706,18706,1,1,1.0
18705,18706,18705,1,-1,1.0
18705,18706,18705,1,-1,1.0
18705,18706,18705,1,-1,1.0
18705,18706,18705,1,-1,1.0
18705,18706,18706,1,1,1.0
18704,18706,18704,1,-1,1.0
18704,18706,18704,1,-1,1.0
18704,18706,18705,1,-1,1.0
18705,18706,18705,1,-1,1.0
18705,18706,18705,2,-2,2.0
18705,18706,18705,1,-1,1.0
18704,18705,18705,1,1,1.0
18705,18706,18705,1,-1,1.0
18705,18706,18705,1,-1,1.0
18705,18706,18706,15,15,15.0
18706,18707,18707,1,1,1.0
18706,18707,18707,2,2,2.0
18706,18707,18707,2,2,2.0
18706,18707,18708,2,2,-2.0
18706,18708,18708,5,5,5.0
18707,18708,18707,1,-1,1.0
18706,18707,18707,6,6,6.0
18706,18707,18707,1,1,1.0
18706,18707,18707,12,12,12.0
18706,18707,18707,3,3,3.0
18706,18707,18707,1,1,1.0
18706,18707,18706,1,-1,1.0
18705,18707,18706,3,-3,3.0
18705,18707,18706,1,-1,1.0
18705,18707,18707,1,1,1.0
18705,18707,18705,1,-1,1.0
18705,18707,18706,2,-2,2.0
18705,18707,18706,1,-1,1.0
18706,18707,18706,1,-1,1.0
18705,18707,18706,1,-1,1.0
18706,18707,18707,4,4,4.0
18707,18708,18708,2,2,2.0
18707,18708,18708,9,9,9.0
18707,18708,18708,1,1,1.0
18707,18708,18708,2,2,2.0
18707,18708,18708,1,1,1.0
18707,18709,18708,1,1,-1.0
18708,18709,18709,1,1,1.0
18708,18709,18709,3,3,3.0
18708,18709,18709,2,2,2.0
18709,18710,18710,1,1,1.0
18709,18710,18710,1,1,1.0
18709,18710,18710,1,1,1.0
18709,18710,18710,2,2,2.0
18709,18710,18710,1,1,1.0
18709,18710,18709,1,-1,1.0
18709,18710,18709,1,-1,1.0
18709,18710,18709,2,-2,2.0
18709,18710,18710,1,1,1.0
18709,18710,18709,1,-1,1.0
18709,18710,18710,14,14,14.0
18709,18710,18710,1,1,1.0
18709,18710,18709,2,-2,2.0
18709,18710,18709,1,-1,1.0
18709,18710,18709,1,-1,1.0
18708,18709,18708,1,-1,1.0
18707,18708,18708,1,1,1.0
18707,18709,18709,1,1,1.0
18707,18708,18708,2,2,2.0
18707,18709,18709,1,1,1.0
18707,18709,18709,1,1,1.0
18708,18709,18709,1,1,1.0
18708,18709,18709,1,1,1.0
18708,18709,18708,1,-1,1.0
18708,18709,18708,1,-1,1.0
18708,18709,18708,3,-3,3.0
18708,18709,18708,1,-1,1.0
18708,18709,18709,1,1,1.0
18708,18710,18710,2,2,2.0
18708,18710,18708,1,-1,1.0
18708,18710,18708,1,-1,1.0
18708,18709,18709,1,1,1.0
18708,18709,18709,1,1,1.0
18708,18709,18709,1,1,1.0
18708,18709,18708,12,-12,12.0
18707,18708,18707,4,-4,4.0
18707,18708,18707,1,-1,1.0
18707,18708,18707,1,-1,1.0
18706,18707,18707,1,1,1.0
18706,18707,18706,1,-1,1.0
18706,18707,18706,1,-1,1.0
18706,18707,18707,1,1,1.0
18706,18707,18706,3,-3,3.0
18705,18706,18706,1,1,1.0
18705,18706,18706,2,2,2.0
18706,18707,18707,2,2,2.0
18706,18707,18707,2,2,2.0
18706,18707,18707,5,5,5.0
18707,18708,18707,2,-2,2.0
18707,18708,18707,1,-1,1.0
18707,18708,18708,1,1,1.0
18707,18708,18708,2,2,2.0
18707,18708,18707,1,-1,1.0
18707,18708,18708,1,1,1.0
18707,18708,18708,1,1,1.0
18707,18708,18707,1,-1,1.0
18707,18708,18707,1,-1,1.0
18707,18708,18707,4,-4,4.0
18707,18708,18707,1,-1,1.0
18706,18707,18707,1,1,1.0
18706,18707,18707,1,1,1.0
18707,18708,18708,2,2,2.0
18708,18709,18709,4,4,4.0
18708,18709,18709,2,2,2.0
18708,18709,18709,2,2,2.0
18708,18709,18709,2,2,2.0
18708,18710,18709,2,2,-2.0
18709,18710,18709,3,-3,3.0
18708,18709,18709,1,1,1.0
18709,18710,18710,2,2,2.0
18709,18710,18710,1,1,1.0
18709,18710,18709,2,-2,2.0
18708,18709,18709,1,1,1.0
18708,18709,18708,2,-2,2.0
18708,18709,18708,1,-1,1.0
18708,18709,18708,1,-1,1.0
18708,18709,18709,1,1,1.0
18708,18709,18709,2,2,2.0
18709,18710,18710,1,1,1.0
18709,18710,18710,2,2,2.0
18709,18710,18710,1,1,1.0
18709,18710,18710,4,4,4.0
18709,18710,18710,1,1,1.0
18709,18710,18710,3,3,3.0
18709,18710,18710,1,1,1.0
18709,18710,18710,2,2,2.0
18710,18711,18711,1,1,1.0
18710,18711,18710,2,-2,2.0
18710,18711,18711,1,1,1.0
18710,18711,18711,1,1,1.0
18710,18711,18711,5,5,5.0
18710,18711,18711,1,1,1.0
18711,18712,18711,2,-2,2.0
18711,18712,18711,2,-2,2.0
18711,18712,18711,1,-1,1.0
18711,18712,18711,1,-1,1.0
18711,18712,18712,1,1,1.0
18711,18712,18711,1,-1,1.0
18711,18712,18712,3,3,3.0
18711,18712,18711,1,-1,1.0
18711,18712,18712,1,1,1.0
18711,18712,18712,1,1,1.0
18711,18712,18712,2,2,2.0
18711,18712,18712,1,1,1.0
18711,18712,18712,1,1,1.0
18711,18712,18712,2,2,2.0
18711,18712,18712,2,2,2.0
18711,18712,18712,1,1,1.0
18711,18712,18711,1,-1,1.0
18711,18712,18712,38,38,38.0
18711,18712,18712,1,1,1.0
18712,18713,18712,1,-1,1.0
18712,18713,18712,1,-1,1.0
18712,18713,18712,1,-1,1.0
18712,18713,18712,1,-1,1.0
18711,18713,18711,1,-1,1.0
18711,18712,18711,1,-1,1.0
18711,18712,18711,1,-1,1.0
18711,18712,18712,1,1,1.0
18711,18712,18711,6,-6,6.0
18711,18712,18710,4,-4,4.0
18711,18712,18712,1,1,1.0
18711,18712,18712,4,4,4.0
18711,18712,18711,2,-2,2.0
18711,18712,18712,7,7,7.0
18712,18713,18712,1,-1,1.0
18712,18713,18712,1,-1,1.0
18712,18713,18712,1,-1,1.0
18712,18713,18712,1,-1,1.0
18712,18713,18712,1,-1,1.0
18711,18712,18712,1,1,1.0
18712,18713,18712,1,-1,1.0
18712,18713,18712,5,-5,5.0
18712,18713,18712,2,-2,2.0
18712,18713,18712,1,-1,1.0
18712,18713,18712,1,-1,1.0
18712,18713,18713,1,1,1.0
18712,18713,18713,9,9,9.0
18712,18713,18713,4,4,4.0
18712,18714,18714,2,2,2.0
18712,18714,18714,1,1,1.0
18712,18714,18714,1,1,1.0
18712,18714,18712,5,-5,5.0
18712,18713,18712,6,-6,6.0
18712,18713,18711,2,-2,2.0
18711,18713,18713,9,9,9.0
18712,18714,18712,1,-1,1.0
18712,18714,18714,1,1,1.0
18712,18713,18713,1,1,1.0
18712,18714,18714,9,9,9.0
18713,18714,18714,1,1,1.0
18713,18714,18714,2,2,2.0
18713,18714,18715,7,7,-7.0
18714,18715,18715,1,1,1.0
18714,18715,18715,1,1,1.0
18714,18715,18715,1,1,1.0
18714,18715,18714,1,-1,1.0
18714,18715,18715,1,1,1.0
18714,18715,18715,1,1,1.0
18714,18715,18714,1,-1,1.0
18714,18715,18715,1,1,1.0
18714,18715,18715,4,4,4.0
18714,18715,18714,1,-1,1.0
18714,18715,18714,4,-4,4.0
18714,18715,18714,2,-2,2.0
18714,18715,18715,1,1,1.0
18714,18715,18715,1,1,1.0
18714,18715,18714,1,-1,1.0
18714,18715,18714,1,-1,1.0
18714,18715,18714,1,-1,1.0
18714,18715,18714,1,-1,1.0
18714,18715,18715,1,1,1.0
18714,18715,18714,1,-1,1.0
18713,18715,18713,2,-2,2.0
18713,18715,18714,1,-1,1.0
18713,18715,18714,1,-1,1.0
18714,18715,18715,1,1,1.0
18714,18715,18714,1,-1,1.0
18714,18715,18715,1,1,1.0
18714,18715,18715,1,1,1.0
18714,18715,18715,1,1,1.0
18714,18715,18715,17,17,17.0
18715,18716,18715,2,-2,2.0
18714,18715,18715,1,1,1.0
18714,18715,18715,1,1,1.0
18714,18715,18714,1,-1,1.0
18714,18715,18714,1,-1,1.0
18714,18715,18714,2,-2,2.0
18714,18715,18714,3,-3,3.0
18714,18715,18714,2,-2,2.0
18714,18715,18714,3,-3,3.0
18713,18714,18714,1,1,1.0
18713,18714,18714,1,1,1.0
18713,18714,18713,1,-1,1.0
18713,18714,18713,1,-1,1.0
18713,18714,18713,3,-3,3.0
18713,18714,18714,1,1,1.0
18713,18714,18714,1,1,1.0
18713,18714,18714,2,2,2.0
18713,18714,18714,1,1,1.0
18713,18715,18714,1,1,-1.0
18713,18714,18714,1,1,1.0
18713,18714,18714,1,1,1.0
18713,18714,18714,1,1,1.0
18713,18714,18714,1,1,1.0
18714,18715,18715,1,1,1.0
18714,18715,18715,1,1,1.0
18714,18715,18715,1,1,1.0
18714,18715,18715,2,2,2.0
18714,18715,18715,4,4,4.0
18714,18715,18715,6,6,6.0
18715,18716,18715,1,-1,1.0
18715,18716,18715,1,-1,1.0
18715,18716,18715,1,-1,1.0
18714,18716,18714,1,-1,1.0
18714,18716,18714,3,-3,3.0
18714,18715,18714,1,-1,1.0
18714,18715,18715,2,2,2.0
18714,18715,18714,2,-2,2.0
18714,18715,18714,1,-1,1.0
18714,18715,18714,1,-1,1.0
18714,18715,18714,1,-1,1.0
18714,18715,18714,1,-1,1.0
18714,18715,18714,2,-2,2.0
18713,18715,18714,1,-1,1.0
18713,18715,18715,1,1,1.0
18713,18715,18713,3,-3,3.0
18713,18714,18713,1,-1,1.0
18713,18714,18713,1,-1,1.0
18713,18714,18713,1,-1,1.0
18713,18714,18713,5,-5,5.0
18713,18714,18713,6,-6,6.0
18712,18713,18712,1,-1,1.0
18711,18712,18711,2,-2,2.0
18711,18712,18711,1,-1,1.0
18711,18712,18711,1,-1,1.0
18711,18712,18711,1,-1,1.0
18711,18712,18711,1,-1,1.0
18711,18712,18711,2,-2,2.0
18711,18712,18711,1,-1,1.0
18711,18712,18712,1,1,1.0
18711,18712,18712,1,1,1.0
18711,18712,18712,2,2,2.0
18711,18712,18712,8,8,8.0
18712,18713,18713,1,1,1.0
18712,18713,18713,1,1,1.0
18712,18714,18713,1,1,-1.0
18712,18714,18713,1,1,-1.0
18712,18714,18713,2,2,-2.0
18712,18714,18713,1,1,-1.0
18713,18714,18713,1,-1,1.0
18712,18714,18713,1,-1,1.0
18712,18714,18712,3,-3,3.0
18712,18714,18712,2,-2,2.0
18712,18714,18712,2,-2,2.0
18712,18714,18711,1,-1,1.0
18712,18714,18711,1,-1,1.0
18711,18712,18711,2,-2,2.0
18711,18712,18711,2,-2,2.0
18711,18712,18712,2,2,2.0
18711,18712,18711,1,-1,1.0
18711,18712,18711,1,-1,1.0
18711,18712,18711,1,-1,1.0
18711,18712,18711,1,-1,1.0
18711,18712,18712,1,1,1.0
18711,18712,18712,1,1,1.0
18712,18713,18713,4,4,4.0
18713,18714,18714,1,1,1.0
18713,18714,18714,4,4,4.0
18713,18714,18713,1,-1,1.0
18712,18714,18714,1,1,1.0
18712,18714,18714,2,2,2.0
18713,18714,18714,1,1,1.0
18713,18714,18713,1,-1,1.0
18712,18713,18712,4,-4,4.0
18711,18713,18711,1,-1,1.0
18711,18712,18712,2,2,2.0
18712,18713,18713,3,3,3.0
18713,18714,18713,1,-1,1.0
18713,18714,18713,1,-1,1.0
18713,18714,18713,3,-3,3.0
18712,18713,18713,1,1,1.0
18712,18713,18712,1,-1,1.0
18712,18713,18713,5,5,5.0
18713,18714,18714,1,1,1.0
18713,18714,18714,1,1,1.0
18713,18714,18714,4,4,4.0
18713,18714,18714,2,2,2.0
18713,18714,18714,1,1,1.0
18714,18715,18714,1,-1,1.0
18714,18715,18715,3,3,3.0
18715,18716,18715,1,-1,1.0
18715,18716,18716,5,5,5.0
18715,18716,18716,1,1,1.0
18715,18716,18716,1,1,1.0
18715,18716,18716,6,6,6.0
18715,18716,18716,13,13,13.0
18715,18716,18716,1,1,1.0
18715,18716,18716,1,1,1.0
18716,18717,18717,1,1,1.0
18716,18717,18717,2,2,2.0
18716,18717,18717,1,1,1.0
18716,18717,18716,1,-1,1.0
18716,18717,18716,1,-1,1.0
18716,18717,18717,1,1,1.0
18716,18717,18717,4,4,4.0
18716,18717,18717,1,1,1.0
18716,18717,18717,2,2,2.0
18717,18718,18718,1,1,1.0
18717,18718,18717,2,-2,2.0
18717,18718,18718,4,4,4.0
18717,18718,18718,1,1,1.0
18717,18718,18718,1,1,1.0
18717,18718,18718,1,1,1.0
18717,18718,18718,1,1,1.0
18717,18718,18718,1,1,1.0
18717,18718,18718,3,3,3.0
18717,18718,18718,3,3,3.0
18717,18718,18718,2,2,2.0
18717,18718,18718,2,2,2.0
18717,18718,18718,2,2,2.0
18717,18718,18718,2,2,2.0
18717,18718,18718,1,1,1.0
18717,18718,18718,1,1,1.0
18717,18718,18718,4,4,4.0
18717,18718,18718,1,1,1.0
18717,18718,18718,10,10,10.0
18717,18718,18718,1,1,1.0
18717,18718,18718,1,1,1.0
18717,18718,18718,1,1,1.0
18717,18718,18718,1,1,1.0
18717,18718,18718,2,2,2.0
18717,18718,18718,1,1,1.0
18718,18719,18718,1,-1,1.0
18718,18719,18719,2,2,2.0
18718,18719,18719,1,1,1.0
18718,18719,18719,1,1,1.0
18718,18719,18719,2,2,2.0
18718,18719,18719,2,2,2.0
18718,18719,18719,2,2,2.0
18718,18719,18719,1,1,1.0
18718,18719,18719,8,8,8.0
18718,18719,18719,1,1,1.0
18718,18720,18720,1,1,1.0
18718,18720,18718,3,-3,3.0
18718,18720,18719,1,-1,1.0
18718,18720,18718,2,-2,2.0
18718,18720,18718,2,-2,2.0
18718,18720,18718,13,-13,13.0
18717,18719,18718,1,-1,1.0
18717,18719,18718,1,-1,1.0
18717,18719,18718,1,-1,1.0
18718,18719,18719,1,1,1.0
18718,18719,18719,1,1,1.0
18718,18719,18719,1,1,1.0
18718,18719,18718,1,-1,1.0
18718,18719,18718,1,-1,1.0
18717,18718,18718,2,2,2.0
18717,18718,18718,1,1,1.0
18717,18718,18718,1,1,1.0
18717,18718,18718,1,1,1.0
18717,18718,18717,1,-1,1.0
18717,18718,18717,1,-1,1.0
18717,18718,18717,12,-12,12.0
18716,18718,18717,1,-1,1.0
18716,18717,18716,1,-1,1.0
18716,18717,18716,4,-4,4.0
18716,18717,18716,2,-2,2.0
18716,18717,18716,3,-3,3.0
18715,18716,18716,2,2,2.0
18715,18717,18715,1,-1,1.0
18715,18717,18717,2,2,2.0
18716,18717,18716,1,-1,1.0
18716,18717,18716,2,-2,2.0
18716,18717,18716,1,-1,1.0
18715,18717,18716,1,-1,1.0
18715,18717,18715,1,-1,1.0
18715,18716,18715,5,-5,5.0
18715,18716,18716,1,1,1.0
18715,18716,18716,2,2,2.0
18715,18716,18717,5,5,-5.0
18717,18718,18717,4,-4,4.0
18717,18718,18718,1,1,1.0
18717,18718,18718,2,2,2.0
18717,18718,18718,5,5,5.0
18717,18718,18718,1,1,1.0
18717,18718,18718,1,1,1.0
18717,18718,18718,2,2,2.0
18717,18718,18718,1,1,1.0
18717,18718,18718,2,2,2.0
18718,18719,18719,21,21,21.0
18719,18720,18719,2,-2,2.0
18719,18720,18720,8,8,8.0
18719,18720,18720,4,4,4.0
18719,18720,18720,1,1,1.0
18719,18720,18720,3,3,3.0
18719,18720,18719,3,-3,3.0
18719,18720,18720,15,15,15.0
18719,18721,18721,1,1,1.0
18719,18721,18719,1,-1,1.0
18719,18721,18721,1,1,1.0
18719,18721,18720,1,1,-1.0
18719,18720,18720,1,1,1.0
18719,18720,18720,3,3,3.0
18719,18721,18720,1,1,-1.0
18719,18721,18720,1,1,-1.0
18720,18721,18721,1,1,1.0
18720,18721,18720,2,-2,2.0
18720,18721,18720,2,-2,2.0
18720,18721,18721,1,1,1.0
18720,18721,18721,6,6,6.0
18720,18721,18721,1,1,1.0
18720,18721,18721,2,2,2.0
18720,18721,18721,2,2,2.0
18720,18721,18721,3,3,3.0
18720,18721,18721,1,1,1.0
18720,18721,18721,1,1,1.0
18720,18721,18720,1,-1,1.0
18720,18721,18721,1,1,1.0
18720,18721,18721,1,1,1.0
18720,18722,18720,2,-2,2.0
18721,18722,18721,1,-1,1.0
18720,18722,18720,1,-1,1.0
18720,18722,18722,1,1,1.0
18720,18722,18722,3,3,3.0
18720,18722,18720,1,-1,1.0
18720,18722,18721,2,-2,2.0
18721,18722,18722,1,1,1.0
18721,18722,18721,1,-1,1.0
18720,18721,18721,1,1,1.0
18720,18721,18720,2,-2,2.0
18720,18721,18720,1,-1,1.0
18720,18721,18720,7,-7,7.0
18720,18721,18719,1,-1,1.0
18720,18721,18720,1,-1,1.0
18720,18721,18720,4,-4,4.0
18719,18721,18721,1,1,1.0
18720,18721,18721,3,3,3.0
18720,18721,18721,3,3,3.0
18720,18721,18721,1,1,1.0
18720,18721,18720,1,-1,1.0
18720,18721,18719,2,-2,2.0
18719,18721,18719,3,-3,3.0
18719,18721,18721,1,1,1.0
18719,18720,18720,2,2,2.0
18720,18721,18721,1,1,1.0
18720,18721,18721,5,5,5.0
18720,18721,18721,1,1,1.0
18720,18721,18721,17,17,17.0
18721,18722,18721,1,-1,1.0
18721,18722,18721,10,-10,10.0
18721,18722,18721,6,-6,6.0
18721,18722,18721,1,-1,1.0
18721,18722,18721,1,-1,1.0
18721,18722,18721,2,-2,2.0
18721,18722,18722,1,1,1.0
18721,18722,18721,7,-7,7.0
18720,18721,18720,1,-1,1.0
18720,18721,18721,1,1,1.0
18720,18721,18721,1,1,1.0
18720,18721,18721,1,1,1.0
18720,18721,18721,1,1,1.0
18720,18721,18720,2,-2,2.0
18720,18721,18720,1,-1,1.0
18719,18721,18721,5,5,5.0
18719,18720,18720,1,1,1.0
18719,18720,18721,1,1,-1.0
18719,18721,18721,1,1,1.0
18719,18721,18721,1,1,1.0
18720,18721,18720,2,-2,2.0
18720,18721,18720,6,-6,6.0
18720,18721,18720,1,-1,1.0
18719,18720,18720,5,5,5.0
18719,18721,18721,2,2,2.0
18720,18721,18721,2,2,2.0
18720,18721,18721,3,3,3.0
18720,18721,18722,3,3,-3.0
18720,18721,18722,4,4,-4.0
18720,18721,18722,20,20,-20.0
18720,18721,18722,1,1,-1.0
18720,18721,18723,1,1,-1.0
18720,18721,18723,1,1,-1.0
18720,18721,18723,3,3,-3.0
18720,18721,18723,16,16,-16.0
18720,18721,18724,1,1,-1.0
18720,18721,18724,5,5,-5.0
18720,18721,18724,1,1,-1.0
18720,18721,18724,2,2,-2.0
18723,18725,18725,2,2,2.0
18723,18725,18724,1,1,-1.0
18723,18725,18725,2,2,2.0
18723,18725,18725,1,1,1.0
18723,18725,18725,1,1,1.0
18723,18725,18725,1,1,1.0
18723,18725,18724,2,2,-2.0
18723,18725,18725,1,1,1.0
18723,18724,18723,2,-2,2.0
18723,18724,18724,3,3,3.0
18724,18725,18724,3,-3,3.0
18724,18725,18724,3,-3,3.0
18724,18725,18724,1,-1,1.0
18724,18725,18724,1,-1,1.0
18723,18724,18724,3,3,3.0
18724,18725,18724,1,-1,1.0
18723,18725,18725,1,1,1.0
18723,18725,18725,1,1,1.0
18724,18725,18725,3,3,3.0
18724,18725,18725,3,3,3.0
18724,18725,18725,2,2,2.0
18724,18725,18725,1,1,1.0
18724,18725,18725,1,1,1.0
18724,18725,18725,1,1,1.0
18724,18725,18724,1,-1,1.0
18724,18725,18724,14,-14,14.0
18724,18725,18724,1,-1,1.0
18724,18725,18724,1,-1,1.0
18724,18725,18724,1,-1,1.0
18724,18725,18724,1,-1,1.0
18724,18725,18724,1,-1,1.0
18723,18724,18724,2,2,2.0
18723,18724,18724,1,1,1.0
18723,18724,18724,1,1,1.0
18723,18724,18723,2,-2,2.0
18723,18724,18723,1,-1,1.0
18723,18724,18723,1,-1,1.0
18723,18724,18723,1,-1,1.0
18723,18724,18723,1,-1,1.0
18723,18724,18723,1,-1,1.0
18723,18724,18723,1,-1,1.0
18722,18723,18723,1,1,1.0
18723,18724,18724,2,2,2.0
18723,18724,18724,1,1,1.0
18723,18724,18724,1,1,1.0
18723,18724,18723,1,-1,1.0
18723,18724,18723,5,-5,5.0
18723,18724,18723,1,-1,1.0
18723,18724,18723,1,-1,1.0
18723,18724,18723,4,-4,4.0
18723,18724,18723,1,-1,1.0
18722,18723,18722,3,-3,3.0
18722,18723,18722,1,-1,1.0
18720,18722,18721,3,-3,3.0
18721,18722,18722,1,1,1.0
18721,18722,18722,1,1,1.0
18721,18722,18722,1,1,1.0
18721,18722,18722,1,1,1.0
18721,18722,18721,5,-5,5.0
18721,18722,18722,2,2,2.0
18721,18722,18722,1,1,1.0
18721,18722,18721,1,-1,1.0
18721,18722,18722,1,1,1.0
18721,18722,18722,1,1,1.0
18721,18722,18722,1,1,1.0
18721,18722,18722,1,1,1.0
18721,18722,18722,1,1,1.0
18721,18722,18721,2,-2,2.0
18721,18722,18721,1,-1,1.0
18721,18722,18721,1,-1,1.0
18721,18722,18721,2,-2,2.0
18721,18722,18721,4,-4,4.0
18721,18722,18721,3,-3,3.0
18720,18721,18720,1,-1,1.0
18720,18721,18720,2,-2,2.0
18719,18720,18719,2,-2,2.0
18718,18719,18719,1,1,1.0
18718,18719,18719,1,1,1.0
18718,18719,18718,2,-2,2.0
18718,18719,18719,1,1,1.0
18718,18719,18718,1,-1,1.0
18718,18719,18718,5,-5,5.0
18717,18718,18718,1,1,1.0
18717,18718,18718,1,1,1.0
18718,18719,18718,1,-1,1.0
18718,18719,18718,1,-1,1.0
18718,18719,18718,3,-3,3.0
18718,18719,18718,1,-1,1.0
18718,18719,18718,2,-2,2.0
18717,18718,18718,1,1,1.0
18718,18719,18718,2,-2,2.0
18718,18719,18718,1,-1,1.0
18718,18719,18718,1,-1,1.0
18718,18719,18718,1,-1,1.0
18717,18718,18718,2,2,2.0
18717,18719,18718,1,1,-1.0
18717,18719,18718,1,1,-1.0
18717,18719,18718,1,1,-1.0
18718,18719,18718,4,-4,4.0
18717,18718,18718,2,2,2.0
18717,18718,18717,1,-1,1.0
18717,18718,18718,2,2,2.0
18718,18719,18719,8,8,8.0
18718,18719,18719,1,1,1.0
18718,18719,18719,1,1,1.0
18718,18719,18719,1,1,1.0
18718,18719,18719,1,1,1.0
18719,18720,18720,1,1,1.0
18719,18720,18720,1,1,1.0
18719,18720,18720,1,1,1.0
18719,18720,18720,2,2,2.0
18719,18720,18720,1,1,1.0
18719,18720,18720,1,1,1.0
18719,18720,18720,1,1,1.0
18719,18720,18720,1,1,1.0
18719,18720,18720,1,1,1.0
18719,18720,18720,1,1,1.0
18719,18720,18720,1,1,1.0
18719,18720,18720,1,1,1.0
18719,18720,18720,2,2,2.0
18719,18720,18720,2,2,2.0
18719,18720,18720,1,1,1.0
18719,18720,18720,1,1,1.0
18719,18720,18720,1,1,1.0
18719,18720,18720,1,1,1.0
18719,18720,18721,4,4,-4.0
18720,18721,18720,1,-1,1.0
18720,18721,18720,1,-1,1.0
18719,18720,18720,1,1,1.0
18719,18720,18720,1,1,1.0
18719,18720,18719,1,-1,1.0
18719,18720,18719,4,-4,4.0
18718,18720,18718,1,-1,1.0
18718,18719,18718,1,-1,1.0
18718,18719,18718,2,-2,2.0
18718,18719,18718,1,-1,1.0
18718,18719,18718,1,-1,1.0
18718,18719,18718,1,-1,1.0
18718,18719,18718,1,-1,1.0
18718,18719,18719,1,1,1.0
18718,18719,18719,4,4,4.0
18718,18719,18719,1,1,1.0
18718,18719,18719,1,1,1.0
18719,18720,18719,1,-1,1.0
18719,18720,18719,1,-1,1.0
18719,18720,18719,3,-3,3.0
18719,18720,18720,1,1,1.0
18719,18720,18720,1,1,1.0
18719,18720,18720,1,1,1.0
18719,18720,18720,1,1,1.0
18719,18720,18719,2,-2,2.0
18719,18720,18719,1,-1,1.0
18719,18720,18719,1,-1,1.0
18719,18720,18720,2,2,2.0
18719,18720,18720,2,2,2.0
18720,18721,18720,1,-1,1.0
18720,18721,18721,4,4,4.0
18720,18721,18720,1,-1,1.0
18720,18721,18720,1,-1,1.0
18720,18721,18720,3,-3,3.0
18720,18721,18720,4,-4,4.0
18720,18721,18720,2,-2,2.0
18720,18721,18720,1,-1,1.0
18719,18720,18719,1,-1,1.0
18719,18720,18719,2,-2,2.0
18719,18720,18719,1,-1,1.0
18719,18720,18719,1,-1,1.0
18719,18720,18719,2,-2,2.0
18719,18720,18719,4,-4,4.0
18719,18720,18719,3,-3,3.0
18719,18720,18718,1,-1,1.0
18718,18719,18719,1,1,1.0
18718,18719,18719,1,1,1.0
18718,18719,18718,7,-7,7.0
18717,18718,18718,2,2,2.0
18717,18718,18718,1,1,1.0
18717,18718,18718,4,4,4.0
18717,18718,18718,2,2,2.0
18717,18718,18718,1,1,1.0
18717,18718,18719,6,6,-6.0
18717,18718,18720,7,7,-7.0
18719,18720,18719,2,-2,2.0
18719,18720,18719,2,-2,2.0
18719,18720,18719,2,-2,2.0
18718,18719,18719,1,1,1.0
18718,18719,18719,1,1,1.0
18718,18719,18719,1,1,1.0
18719,18720,18719,1,-1,1.0
18719,18720,18719,1,-1,1.0
18719,18720,18720,2,2,2.0
18719,18720,18720,5,5,5.0
18719,18720,18720,8,8,8.0
18719,18720,18721,3,3,-3.0
18719,18720,18721,1,1,-1.0
18720,18722,18720,1,-1,1.0
18720,18721,18720,1,-1,1.0
18720,18721,18720,1,-1,1.0
18720,18721,18720,1,-1,1.0
18720,18721,18720,1,-1,1.0
18720,18721,18720,1,-1,1.0
18719,18720,18719,1,-1,1.0
18719,18720,18719,1,-1,1.0
18719,18720,18719,4,-4,4.0
18719,18720,18719,2,-2,2.0
18719,18720,18719,1,-1,1.0
18719,18720,18719,4,-4,4.0
18719,18720,18719,3,-3,3.0
18719,18720,18718,3,-3,3.0
18719,18720,18719,2,-2,2.0
18719,18720,18719,1,-1,1.0
18718,18719,18718,1,-1,1.0
18717,18718,18717,7,-7,7.0
18717,18718,18717,1,-1,1.0
18716,18717,18717,1,1,1.0
18716,18717,18716,1,-1,1.0
18716,18717,18717,1,1,1.0
18716,18717,18716,1,-1,1.0
18716,18717,18716,1,-1,1.0
18716,18717,18716,1,-1,1.0
18716,18717,18716,1,-1,1.0
18716,18717,18716,1,-1,1.0
18716,18717,18717,1,1,1.0
18716,18717,18717,5,5,5.0
18717,18718,18718,1,1,1.0
18717,18718,18718,1,1,1.0
18717,18719,18718,1,1,-1.0
18717,18718,18718,1,1,1.0
18718,18719,18718,1,-1,1.0
18718,18719,18718,1,-1,1.0
18717,18718,18718,1,1,1.0
18717,18718,18718,1,1,1.0
18717,18718,18718,1,1,1.0
18717,18718,18718,4,4,4.0
18717,18718,18718,3,3,3.0
18717,18718,18717,11,-11,11.0
18716,18717,18717,1,1,1.0
18716,18717,18717,1,1,1.0
18716,18717,18717,1,1,1.0
18716,18717,18717,3,3,3.0
18716,18717,18717,10,10,10.0
18716,18717,18717,4,4,4.0
18716,18717,18717,2,2,2.0
18716,18717,18718,3,3,-3.0
18717,18719,18719,8,8,8.0
18718,18719,18719,4,4,4.0
18719,18720,18719,4,-4,4.0
18719,18720,18719,1,-1,1.0
18719,18720,18719,1,-1,1.0
18719,18720,18719,3,-3,3.0
18719,18720,18719,1,-1,1.0
18718,18719,18719,1,1,1.0
18718,18719,18718,1,-1,1.0
18717,18718,18718,1,1,1.0
18717,18718,18718,4,4,4.0
18717,18718,18717,1,-1,1.0
18717,18718,18717,1,-1,1.0
18716,18718,18716,1,-1,1.0
18717,18718,18717,1,-1,1.0
18716,18717,18717,1,1,1.0
18717,18718,18717,3,-3,3.0
18717,18718,18717,5,-5,5.0
18717,18718,18718,1,1,1.0
18717,18718,18718,1,1,1.0
18718,18720,18718,2,-2,2.0
18718,18719,18719,6,6,6.0
18718,18720,18718,1,-1,1.0
18718,18720,18718,3,-3,3.0
18718,18720,18717,2,-2,2.0
18718,18719,18718,1,-1,1.0
18717,18718,18718,1,1,1.0
18718,18719,18719,1,1,1.0
18718,18719,18718,2,-2,2.0
18718,18719,18719,1,1,1.0
18718,18719,18719,2,2,2.0
18719,18720,18719,1,-1,1.0
18718,18719,18718,1,-1,1.0
18718,18719,18718,1,-1,1.0
18718,18719,18718,1,-1,1.0
18717,18718,18717,1,-1,1.0
18717,18718,18718,1,1,1.0
18717,18718,18717,1,-1,1.0
18717,18718,18717,1,-1,1.0
18717,18718,18717,3,-3,3.0
18717,18718,18717,1,-1,1.0
18717,18718,18718,1,1,1.0
18717,18718,18717,2,-2,2.0
18717,18718,18717,1,-1,1.0
18716,18717,18717,1,1,1.0
18716,18717,18717,2,2,2.0
18716,18717,18718,3,3,-3.0
18717,18718,18717,2,-2,2.0
18716,18717,18717,1,1,1.0
18716,18718,18717,1,1,-1.0
18716,18717,18716,7,-7,7.0
18716,18717,18716,2,-2,2.0
18716,18717,18716,4,-4,4.0
18716,18717,18716,1,-1,1.0
18716,18717,18716,2,-2,2.0
18716,18717,18716,7,-7,7.0
18716,18717,18716,1,-1,1.0
18716,18717,18716,1,-1,1.0
18716,18717,18716,1,-1,1.0
18716,18717,18716,3,-3,3.0
18715,18716,18716,1,1,1.0
18715,18716,18715,1,-1,1.0
18715,18716,18715,1,-1,1.0
18715,18716,18715,1,-1,1.0
18715,18716,18715,1,-1,1.0
18715,18716,18715,11,-11,11.0
18714,18716,18714,1,-1,1.0
18714,18715,18714,2,-2,2.0
18714,18715,18714,2,-2,2.0
18714,18715,18714,1,-1,1.0
18713,18715,18713,1,-1,1.0
18713,18715,18715,2,2,2.0
18713,18715,18714,4,4,-4.0
18714,18716,18714,1,-1,1.0
18714,18715,18715,1,1,1.0
18715,18716,18715,1,-1,1.0
18715,18716,18715,2,-2,2.0
18714,18716,18715,1,-1,1.0
18715,18716,18715,4,-4,4.0
18714,18716,18714,1,-1,1.0
18714,18715,18714,1,-1,1.0
18714,18716,18714,1,-1,1.0
18714,18715,18714,1,-1,1.0
18714,18715,18714,1,-1,1.0
18714,18715,18714,2,-2,2.0
18714,18715,18714,1,-1,1.0
18714,18715,18714,1,-1,1.0
18714,18715,18714,1,-1,1.0
18713,18714,18714,1,1,1.0
18713,18714,18713,2,-2,2.0
18713,18714,18713,1,-1,1.0
18713,18714,18713,1,-1,1.0
18713,18714,18713,2,-2,2.0
18713,18714,18714,2,2,2.0
18713,18714,18713,2,-2,2.0
18713,18714,18713,1,-1,1.0
18713,18714,18713,2,-2,2.0
18713,18714,18713,7,-7,7.0
18712,18713,18712,2,-2,2.0
18712,18713,18712,1,-1,1.0
18712,18713,18713,1,1,1.0
18712,18713,18713,1,1,1.0
18712,18713,18712,1,-1,1.0
18712,18713,18713,2,2,2.0
18712,18713,18713,1,1,1.0
18713,18714,18713,6,-6,6.0
18713,18714,18714,1,1,1.0
18713,18714,18713,1,-1,1.0
18713,18714,18714,1,1,1.0
18713,18714,18713,1,-1,1.0
18713,18714,18714,1,1,1.0
18713,18714,18713,1,-1,1.0
18713,18714,18713,1,-1,1.0
18713,18714,18714,1,1,1.0
18713,18714,18714,1,1,1.0
18713,18714,18714,1,1,1.0
18713,18714,18714,1,1,1.0
18713,18714,18714,1,1,1.0
18714,18715,18714,1,-1,1.0
18714,18715,18714,3,-3,3.0
18714,18715,18715,3,3,3.0
18715,18716,18716,1,1,1.0
18715,18716,18716,4,4,4.0
18716,18717,18717,1,1,1.0
18716,18717,18717,1,1,1.0
18716,18717,18717,1,1,1.0
18716,18717,18717,1,1,1.0
18716,18717,18717,1,1,1.0
18716,18717,18716,1,-1,1.0
18716,18717,18716,3,-3,3.0
18716,18717,18716,1,-1,1.0
18716,18717,18716,1,-1,1.0
18715,18716,18716,2,2,2.0
18715,18716,18715,3,-3,3.0
18714,18715,18715,2,2,2.0
18715,18716,18716,1,1,1.0
18716,18717,18716,1,-1,1.0
18715,18717,18717,1,1,1.0
18716,18717,18717,1,1,1.0
18716,18717,18717,1,1,1.0
18716,18717,18717,1,1,1.0
18716,18717,18717,1,1,1.0
18717,18718,18718,1,1,1.0
18717,18718,18718,1,1,1.0
18717,18718,18718,1,1,1.0
18718,18719,18718,1,-1,1.0
18718,18719,18718,1,-1,1.0
18718,18719,18718,1,-1,1.0
18717,18719,18717,1,-1,1.0
18717,18719,18719,1,1,1.0
18717,18718,18717,3,-3,3.0
18717,18718,18718,1,1,1.0
18717,18718,18719,1,1,-1.0
18717,18718,18719,1,1,-1.0
18717,18719,18719,1,1,1.0
18717,18719,18719,1,1,1.0
18717,18719,18717,1,-1,1.0
18717,18719,18718,2,-2,2.0
18718,18719,18719,3,3,3.0
18718,18719,18719,1,1,1.0
18718,18719,18719,2,2,2.0
18719,18720,18720,1,1,1.0
18719,18720,18720,4,4,4.0
18719,18720,18720,2,2,2.0
18719,18720,18720,2,2,2.0
18719,18720,18719,1,-1,1.0
18719,18720,18719,1,-1,1.0
18719,18720,18719,6,-6,6.0
18719,18720,18719,2,-2,2.0
18719,18720,18719,2,-2,2.0
18719,18720,18719,1,-1,1.0
18719,18720,18720,1,1,1.0
18719,18720,18719,4,-4,4.0
18718,18719,18719,1,1,1.0
18718,18719,18719,1,1,1.0
18718,18719,18718,2,-2,2.0
18717,18718,18718,1,1,1.0
18718,18719,18719,3,3,3.0
18719,18720,18719,5,-5,5.0
18719,18720,18720,2,2,2.0
18719,18720,18720,1,1,1.0
18719,18720,18720,1,1,1.0
18719,18720,18719,2,-2,2.0
18719,18720,18720,3,3,3.0
18719,18720,18721,2,2,-2.0
18719,18720,18720,2,2,2.0
18719,18721,18721,1,1,1.0
18720,18721,18720,1,-1,1.0
18720,18721,18720,1,-1,1.0
18720,18721,18720,1,-1,1.0
18720,18721,18720,1,-1,1.0
18720,18721,18720,3,-3,3.0
18720,18721,18720,1,-1,1.0
18720,18721,18721,5,5,5.0
18720,18721,18720,1,-1,1.0
18720,18721,18721,2,2,2.0
18720,18721,18721,3,3,3.0
18720,18721,18721,1,1,1.0
18720,18721,18721,4,4,4.0
18720,18721,18721,4,4,4.0
18720,18722,18721,1,1,-1.0
18721,18722,18721,1,-1,1.0
18721,18722,18722,1,1,1.0
18721,18722,18722,1,1,1.0
18721,18722,18722,1,1,1.0
18721,18722,18722,1,1,1.0
18721,18722,18721,3,-3,3.0
18721,18722,18722,1,1,1.0
18721,18722,18722,1,1,1.0
18721,18722,18721,3,-3,3.0
18721,18722,18720,2,-2,2.0
18720,18722,18722,1,1,1.0
18720,18721,18721,1,1,1.0
18721,18722,18721,1,-1,1.0
18721,18722,18722,1,1,1.0
18721,18722,18722,7,7,7.0
18722,18723,18722,2,-2,2.0
18722,18723,18722,1,-1,1.0
18722,18723,18722,1,-1,1.0
18722,18723,18722,1,-1,1.0
18721,18723,18723,1,1,1.0
18721,18723,18723,1,1,1.0
18721,18723,18723,1,1,1.0
18721,18723,18723,1,1,1.0
18722,18723,18722,1,-1,1.0
18722,18723,18723,2,2,2.0
18722,18723,18723,1,1,1.0
18722,18724,18724,2,2,2.0
18723,18724,18724,1,1,1.0
18723,18724,18723,1,-1,1.0
18723,18724,18724,1,1,1.0
18723,18724,18723,1,-1,1.0
18723,18724,18723,1,-1,1.0
18723,18724,18723,1,-1,1.0
18723,18724,18723,1,-1,1.0
18722,18723,18723,1,1,1.0
18722,18724,18724,1,1,1.0
18722,18724,18723,1,1,-1.0
18722,18723,18723,1,1,1.0
18722,18723,18723,2,2,2.0
18723,18724,18723,1,-1,1.0
18723,18724,18723,1,-1,1.0
18723,18724,18724,1,1,1.0
18723,18724,18723,1,-1,1.0
18723,18724,18723,1,-1,1.0
18722,18723,18723,2,2,2.0
18722,18723,18722,1,-1,1.0
18722,18723,18721,4,-4,4.0
18721,18722,18721,1,-1,1.0
18720,18722,18720,1,-1,1.0
18721,18722,18721,2,-2,2.0
18721,18722,18721,1,-1,1.0
18721,18722,18721,1,-1,1.0
18720,18721,18721,1,1,1.0
18720,18721,18720,1,-1,1.0
18720,18721,18720,1,-1,1.0
18720,18721,18720,1,-1,1.0
18720,18721,18720,2,-2,2.0
18720,18721,18720,2,-2,2.0
18720,18721,18720,1,-1,1.0
18720,18721,18720,1,-1,1.0
18720,18721,18720,1,-1,1.0
18720,18721,18720,1,-1,1.0
18720,18721,18720,1,-1,1.0
18720,18721,18720,2,-2,2.0
18720,18721,18720,1,-1,1.0
18720,18721,18720,1,-1,1.0
18720,18721,18720,1,-1,1.0
18719,18721,18721,1,1,1.0
18720,18721,18720,1,-1,1.0
18719,18721,18721,1,1,1.0
18719,18721,18721,1,1,1.0
18718,18720,18719,3,3,-3.0
18718,18720,18718,5,-5,5.0
18718,18719,18719,1,1,1.0
18718,18720,18718,3,-3,3.0
18717,18718,18718,2,2,2.0
18718,18719,18718,2,-2,2.0
18717,18719,18718,2,-2,2.0
18718,18719,18718,1,-1,1.0
18718,18719,18719,1,1,1.0
18718,18719,18719,1,1,1.0
18718,18719,18719,1,1,1.0
18718,18719,18719,1,1,1.0
18718,18719,18719,1,1,1.0
18718,18719,18719,1,1,1.0
18718,18719,18719,1,1,1.0
18718,18719,18719,2,2,2.0
18718,18719,18719,1,1,1.0
18719,18720,18720,1,1,1.0
18719,18720,18720,4,4,4.0
18719,18720,18719,3,-3,3.0
18719,18720,18719,3,-3,3.0
18719,18720,18719,1,-1,1.0
18719,18720,18719,5,-5,5.0
18718,18720,18720,1,1,1.0
18718,18720,18718,3,-3,3.0
18718,18720,18720,1,1,1.0
18718,18720,18718,3,-3,3.0
18718,18720,18720,1,1,1.0
18718,18720,18719,4,4,-4.0
18719,18720,18719,3,-3,3.0
18719,18720,18719,1,-1,1.0
18719,18720,18720,2,2,2.0
18719,18720,18720,2,2,2.0
18720,18721,18720,3,-3,3.0
18719,18720,18719,1,-1,1.0
18719,18721,18721,1,1,1.0
18719,18720,18719,5,-5,5.0
18719,18720,18719,1,-1,1.0
18719,18721,18719,1,-1,1.0
18719,18721,18719,1,-1,1.0
18719,18720,18719,1,-1,1.0
18719,18720,18719,6,-6,6.0
18719,18720,18719,1,-1,1.0
18719,18720,18719,1,-1,1.0
18718,18719,18719,1,1,1.0
18718,18719,18719,2,2,2.0
18718,18719,18719,4,4,4.0
18718,18719,18719,1,1,1.0
18718,18720,18720,5,5,5.0
18718,18719,18719,1,1,1.0
18719,18720,18720,1,1,1.0
18718,18720,18718,5,-5,5.0
18718,18720,18720,1,1,1.0
18718,18720,18720,8,8,8.0
18719,18721,18719,1,-1,1.0
18719,18721,18719,3,-3,3.0
18719,18720,18719,3,-3,3.0
18718,18719,18719,1,1,1.0
18718,18720,18719,2,2,-2.0
18719,18720,18720,1,1,1.0
18719,18720,18720,1,1,1.0
18719,18720,18720,1,1,1.0
18719,18720,18719,5,-5,5.0
18719,18720,18720,3,3,3.0
18719,18721,18721,1,1,1.0
18720,18721,18720,1,-1,1.0
18719,18720,18720,1,1,1.0
18719,18720,18720,1,1,1.0
18719,18721,18720,1,1,-1.0
18720,18721,18720,1,-1,1.0
18720,18721,18720,3,-3,3.0
18720,18721,18720,1,-1,1.0
18719,18721,18719,1,-1,1.0
18719,18721,18720,3,-3,3.0
18719,18721,18720,3,-3,3.0
18720,18721,18720,2,-2,2.0
18720,18721,18719,1,-1,1.0
18719,18721,18720,1,-1,1.0
18719,18720,18719,1,-1,1.0
18718,18720,18719,1,-1,1.0
18718,18720,18719,1,-1,1.0
18719,18720,18719,4,-4,4.0
18719,18720,18718,1,-1,1.0
18719,18720,18720,4,4,4.0
18719,18720,18719,1,-1,1.0
18719,18720,18720,2,2,2.0
18719,18721,18719,1,-1,1.0
18719,18721,18720,1,-1,1.0
18719,18721,18719,1,-1,1.0
18719,18720,18719,1,-1,1.0
18719,18720,18719,1,-1,1.0
18719,18720,18719,1,-1,1.0
18719,18720,18719,1,-1,1.0
18719,18720,18719,1,-1,1.0
18719,18720,18719,1,-1,1.0
18719,18720,18719,5,-5,5.0
18719,18720,18720,1,1,1.0
18719,18721,18720,2,2,-2.0
18720,18721,18721,1,1,1.0
18720,18721,18721,1,1,1.0
18720,18721,18721,1,1,1.0
18720,18721,18721,3,3,3.0
18720,18721,18721,1,1,1.0
18720,18722,18721,1,1,-1.0
18720,18722,18720,3,-3,3.0
18720,18722,18720,3,-3,3.0
18719,18721,18720,1,-1,1.0
18719,18720,18720,1,1,1.0
18719,18721,18719,3,-3,3.0
18718,18720,18718,3,-3,3.0
18718,18720,18718,2,-2,2.0
18718,18720,18719,3,-3,3.0
18718,18720,18719,1,-1,1.0
18718,18720,18718,3,-3,3.0
18718,18720,18720,1,1,1.0
18719,18720,18719,5,-5,5.0
18718,18720,18718,5,-5,5.0
18718,18720,18720,1,1,1.0
18718,18719,18718,5,-5,5.0
18718,18719,18719,3,3,3.0
18717,18719,18717,3,-3,3.0
18717,18719,18718,1,-1,1.0
18717,18719,18718,1,-1,1.0
18717,18718,18717,3,-3,3.0
18717,18718,18718,5,5,5.0
18717,18719,18718,2,2,-2.0
18718,18719,18719,1,1,1.0
18718,18719,18718,1,-1,1.0
18718,18719,18719,1,1,1.0
18718,18719,18719,2,2,2.0
18718,18719,18720,4,4,-4.0
18718,18720,18719,1,1,-1.0
18718,18720,18718,3,-3,3.0
18718,18720,18718,5,-5,5.0
18718,18719,18719,1,1,1.0
18718,18720,18719,1,1,-1.0
18718,18720,18718,3,-3,3.0
18718,18719,18719,1,1,1.0
18718,18720,18719,1,1,-1.0
18718,18720,18720,1,1,1.0
18718,18719,18718,10,-10,10.0
18718,18719,18718,2,-2,2.0
18717,18719,18718,2,-2,2.0
18717,18718,18718,1,1,1.0
18717,18719,18718,1,1,-1.0
18718,18719,18718,1,-1,1.0
18718,18719,18718,5,-5,5.0
18718,18719,18718,1,-1,1.0
18718,18719,18718,10,-10,10.0
18718,18719,18718,1,-1,1.0
18718,18719,18719,1,1,1.0
18718,18719,18718,1,-1,1.0
18718,18719,18718,1,-1,1.0
18718,18719,18718,7,-7,7.0
18717,18718,18718,1,1,1.0
18717,18718,18718,1,1,1.0
18717,18718,18718,5,5,5.0
18717,18718,18718,1,1,1.0
18717,18718,18717,3,-3,3.0
18717,18718,18717,5,-5,5.0
18717,18718,18718,5,5,5.0
18717,18718,18717,3,-3,3.0
18717,18718,18717,4,-4,4.0
18717,18718,18718,1,1,1.0
18717,18718,18717,1,-1,1.0
18717,18718,18717,1,-1,1.0
18717,18718,18717,10,-10,10.0
18717,18718,18718,2,2,2.0
18717,18718,18718,1,1,1.0
18717,18718,18718,1,1,1.0
18717,18718,18718,1,1,1.0
18718,18719,18719,1,1,1.0
18718,18719,18719,3,3,3.0
18719,18720,18719,5,-5,5.0
18719,18720,18719,1,-1,1.0
18719,18720,18720,1,1,1.0
18719,18720,18720,11,11,11.0
18719,18720,18720,1,1,1.0
18719,18721,18721,1,1,1.0
18719,18721,18719,1,-1,1.0
18719,18721,18719,1,-1,1.0
18719,18721,18720,1,-1,1.0
18719,18721,18720,4,-4,4.0
18720,18721,18721,1,1,1.0
18720,18721,18720,5,-5,5.0
18720,18721,18721,2,2,2.0
18720,18721,18720,1,-1,1.0
18720,18721,18721,2,2,2.0
18720,18721,18721,1,1,1.0
18720,18721,18721,1,1,1.0
18720,18721,18721,2,2,2.0
18720,18721,18721,3,3,3.0
18720,18722,18721,1,1,-1.0
18720,18722,18722,2,2,2.0
18720,18722,18721,1,1,-1.0
18721,18722,18721,6,-6,6.0
18721,18722,18721,1,-1,1.0
18721,18722,18721,2,-2,2.0
18721,18722,18721,4,-4,4.0
18720,18721,18721,2,2,2.0
18720,18722,18721,1,1,-1.0
18721,18722,18722,13,13,13.0
18721,18722,18721,1,-1,1.0
18722,18723,18722,5,-5,5.0
18722,18723,18722,1,-1,1.0
18722,18723,18723,1,1,1.0
18722,18723,18722,2,-2,2.0
18722,18723,18722,1,-1,1.0
18722,18723,18722,1,-1,1.0
18722,18723,18723,2,2,2.0
18722,18723,18722,1,-1,1.0
18722,18723,18722,1,-1,1.0
18722,18723,18722,1,-1,1.0
18722,18723,18722,2,-2,2.0
18721,18723,18722,1,-1,1.0
18721,18722,18722,1,1,1.0
18721,18723,18722,1,1,-1.0
18722,18723,18723,1,1,1.0
18722,18723,18723,1,1,1.0
18722,18723,18723,1,1,1.0
18722,18723,18723,1,1,1.0
18722,18723,18723,1,1,1.0
18722,18723,18723,1,1,1.0
18722,18723,18723,1,1,1.0
18722,18723,18723,1,1,1.0
18722,18723,18723,1,1,1.0
18722,18723,18723,9,9,9.0
18722,18723,18723,7,7,7.0
18722,18723,18723,1,1,1.0
18722,18723,18723,4,4,4.0
18722,18723,18723,1,1,1.0
18723,18724,18724,1,1,1.0
18723,18724,18723,5,-5,5.0
18723,18724,18724,3,3,3.0
18723,18724,18724,5,5,5.0
18723,18724,18724,2,2,2.0
18723,18724,18724,1,1,1.0
18723,18724,18724,5,5,5.0
18723,18724,18724,4,4,4.0
18723,18724,18724,1,1,1.0
18723,18724,18724,1,1,1.0
18723,18724,18724,3,3,3.0
18723,18724,18723,2,-2,2.0
18723,18724,18724,1,1,1.0
18723,18725,18723,3,-3,3.0
18723,18724,18724,1,1,1.0
18723,18725,18723,3,-3,3.0
18723,18725,18723,1,-1,1.0
18723,18725,18724,1,-1,1.0
18723,18725,18724,1,-1,1.0
18723,18725,18724,1,-1,1.0
18723,18724,18724,2,2,2.0
18723,18724,18723,3,-3,3.0
18723,18724,18724,6,6,6.0
18723,18725,18724,1,1,-1.0
18723,18724,18724,1,1,1.0
18723,18725,18723,5,-5,5.0
18723,18724,18724,1,1,1.0
18723,18724,18724,5,5,5.0
18723,18724,18724,1,1,1.0
18723,18724,18724,1,1,1.0
18723,18724,18723,4,-4,4.0
18723,18724,18723,2,-2,2.0
18722,18723,18723,2,2,2.0
18722,18723,18723,3,3,3.0
18722,18723,18722,1,-1,1.0
18722,18723,18723,1,1,1.0
18722,18723,18723,1,1,1.0
18722,18724,18722,1,-1,1.0
18722,18724,18723,1,-1,1.0
18722,18724,18722,1,-1,1.0
18723,18724,18723,1,-1,1.0
18722,18723,18722,1,-1,1.0
18722,18723,18723,1,1,1.0
18722,18724,18724,1,1,1.0
18722,18724,18724,1,1,1.0
18722,18724,18723,1,1,-1.0
18722,18724,18724,1,1,1.0
18722,18724,18724,1,1,1.0
18722,18724,18724,1,1,1.0
18722,18723,18723,1,1,1.0
18722,18723,18723,1,1,1.0
18722,18723,18722,5,-5,5.0
18721,18723,18722,1,-1,1.0
18720,18722,18722,6,6,6.0
18721,18723,18721,2,-2,2.0
18721,18722,18722,1,1,1.0
18722,18723,18722,2,-2,2.0
18722,18723,18721,1,-1,1.0
18721,18723,18721,10,-10,10.0
18721,18722,18721,1,-1,1.0
18721,18722,18721,1,-1,1.0
18721,18722,18721,1,-1,1.0
18721,18722,18722,1,1,1.0
18721,18722,18721,1,-1,1.0
18721,18722,18722,1,1,1.0
18722,18723,18722,2,-2,2.0
18722,18723,18722,5,-5,5.0
18722,18723,18723,1,1,1.0
18722,18723,18723,1,1,1.0
18722,18724,18724,1,1,1.0
18723,18724,18723,1,-1,1.0
18722,18724,18724,1,1,1.0
18723,18724,18723,1,-1,1.0
18722,18724,18722,1,-1,1.0
18723,18724,18723,1,-1,1.0
18723,18724,18723,1,-1,1.0
18723,18724,18723,2,-2,2.0
18723,18724,18723,4,-4,4.0
18723,18724,18723,1,-1,1.0
18722,18724,18722,1,-1,1.0
18722,18724,18723,2,-2,2.0
18722,18724,18724,1,1,1.0
18723,18724,18723,2,-2,2.0
18723,18724,18722,3,-3,3.0
18723,18724,18723,1,-1,1.0
18723,18724,18723,2,-2,2.0
18723,18724,18723,1,-1,1.0
18722,18723,18722,1,-1,1.0
18721,18723,18723,1,1,1.0
18721,18723,18721,1,-1,1.0
18721,18722,18722,1,1,1.0
18721,18723,18722,1,1,-1.0
18721,18722,18722,1,1,1.0
18721,18722,18721,3,-3,3.0
18720,18722,18721,2,-2,2.0
18721,18722,18721,2,-2,2.0
18720,18721,18721,1,1,1.0
18720,18722,18720,1,-1,1.0
18720,18722,18720,5,-5,5.0
18720,18722,18720,1,-1,1.0
18720,18722,18722,1,1,1.0
18720,18721,18721,1,1,1.0
18720,18722,18722,1,1,1.0
18721,18722,18722,1,1,1.0
18721,18722,18722,4,4,4.0
18721,18722,18722,1,1,1.0
18721,18722,18722,1,1,1.0
18721,18722,18722,11,11,11.0
18722,18723,18722,4,-4,4.0
18722,18723,18723,1,1,1.0
18722,18723,18723,15,15,15.0
18722,18723,18723,1,1,1.0
18723,18724,18723,11,-11,11.0
18723,18724,18722,5,-5,5.0
18723,18724,18724,2,2,2.0
18723,18724,18724,1,1,1.0
18723,18724,18724,1,1,1.0
18723,18724,18724,2,2,2.0
18724,18725,18725,1,1,1.0
18724,18725,18725,1,1,1.0
18724,18725,18725,1,1,1.0
18724,18725,18725,1,1,1.0
18724,18725,18725,2,2,2.0
18724,18725,18725,3,3,3.0
18724,18725,18725,2,2,2.0
18724,18725,18725,1,1,1.0
18724,18725,18724,7,-7,7.0
18724,18725,18724,9,-9,9.0
18723,18724,18724,1,1,1.0
18723,18724,18725,1,1,-1.0
18724,18725,18725,1,1,1.0
18724,18725,18724,5,-5,5.0
18724,18725,18725,1,1,1.0
18724,18725,18724,1,-1,1.0
18723,18724,18724,1,1,1.0
18723,18724,18724,3,3,3.0
18723,18724,18724,3,3,3.0
18723,18724,18724,2,2,2.0
18723,18724,18724,4,4,4.0
18723,18724,18724,2,2,2.0
18724,18725,18725,18,18,18.0
18724,18725,18725,2,2,2.0
18724,18725,18725,2,2,2.0
18724,18725,18725,8,8,8.0
18725,18726,18725,4,-4,4.0
18725,18726,18725,1,-1,1.0
18725,18726,18725,1,-1,1.0
18725,18726,18725,1,-1,1.0
18724,18726,18724,1,-1,1.0
18725,18726,18725,1,-1,1.0
18724,18725,18725,4,4,4.0
18724,18725,18725,4,4,4.0
18724,18725,18725,1,1,1.0
18724,18725,18725,1,1,1.0
18724,18725,18725,8,8,8.0
18725,18726,18725,5,-5,5.0
18725,18726,18724,4,-4,4.0
18724,18725,18724,1,-1,1.0
18724,18725,18725,1,1,1.0
18724,18725,18725,2,2,2.0
18724,18725,18725,2,2,2.0
18724,18725,18725,1,1,1.0
18724,18725,18725,1,1,1.0
18724,18725,18725,1,1,1.0
18724,18725,18725,1,1,1.0
18724,18725,18724,1,-1,1.0
18724,18725,18725,3,3,3.0
18724,18725,18725,3,3,3.0
18724,18725,18725,1,1,1.0
18725,18726,18725,5,-5,5.0
18725,18726,18725,4,-4,4.0
18724,18725,18725,1,1,1.0
18724,18725,18724,2,-2,2.0
18724,18725,18725,1,1,1.0
18724,18725,18724,1,-1,1.0
18724,18725,18724,1,-1,1.0
18724,18725,18724,5,-5,5.0
18724,18725,18724,2,-2,2.0
18724,18725,18724,1,-1,1.0
18724,18725,18725,1,1,1.0
18724,18725,18724,1,-1,1.0
18724,18725,18725,3,3,3.0
18723,18725,18725,1,1,1.0
18723,18725,18725,6,6,6.0
18723,18725,18725,2,2,2.0
18723,18725,18726,1,1,-1.0
18723,18725,18726,6,6,-6.0
18723,18725,18726,5,5,-5.0
18723,18725,18726,1,1,-1.0
18723,18725,18726,4,4,-4.0
18723,18725,18726,1,1,-1.0
18724,18726,18726,7,7,7.0
18724,18726,18726,1,1,1.0
18724,18726,18726,4,4,4.0
18724,18726,18727,1,1,-1.0
18724,18726,18727,1,1,-1.0
18724,18726,18727,1,1,-1.0
18724,18726,18727,1,1,-1.0
18724,18726,18727,1,1,-1.0
18725,18727,18727,1,1,1.0
18725,18727,18727,1,1,1.0
18725,18727,18727,5,5,5.0
18725,18727,18727,3,3,3.0
18725,18727,18727,1,1,1.0
18725,18727,18727,1,1,1.0
18725,18727,18727,1,1,1.0
18725,18727,18727,1,1,1.0
18725,18726,18726,1,1,1.0
18725,18727,18727,1,1,1.0
18725,18726,18726,1,1,1.0
18725,18726,18726,1,1,1.0
18725,18726,18726,1,1,1.0
18725,18727,18727,2,2,2.0
18725,18727,18726,1,1,-1.0
18726,18727,18727,1,1,1.0
18726,18727,18727,1,1,1.0
18726,18727,18727,1,1,1.0
18726,18727,18727,1,1,1.0
18726,18727,18727,2,2,2.0
18726,18727,18727,1,1,1.0
18726,18728,18727,1,1,-1.0
18726,18728,18726,1,-1,1.0
18726,18728,18726,16,-16,16.0
18727,18728,18728,1,1,1.0
18727,18728,18728,1,1,1.0
18727,18728,18728,1,1,1.0
18727,18728,18728,2,2,2.0
18727,18728,18728,1,1,1.0
18727,18728,18727,1,-1,1.0
18726,18728,18726,1,-1,1.0
18726,18728,18728,1,1,1.0
18726,18728,18728,1,1,1.0
18726,18728,18726,5,-5,5.0
18726,18728,18727,2,-2,2.0
18726,18728,18728,1,1,1.0
18726,18727,18727,1,1,1.0
18726,18727,18727,1,1,1.0
18726,18727,18727,1,1,1.0
18726,18727,18727,9,9,9.0
18726,18727,18727,1,1,1.0
18726,18727,18727,1,1,1.0
18726,18727,18727,2,2,2.0
18726,18728,18726,12,-12,12.0
18725,18727,18727,1,1,1.0
18726,18727,18726,1,-1,1.0
18726,18727,18725,2,-2,2.0
18725,18727,18727,1,1,1.0
18726,18727,18727,1,1,1.0
18726,18727,18727,1,1,1.0
18726,18727,18726,2,-2,2.0
18726,18727,18726,2,-2,2.0
18725,18726,18725,1,-1,1.0
18725,18726,18725,1,-1,1.0
18725,18726,18725,1,-1,1.0
18725,18726,18725,1,-1,1.0
18724,18725,18725,3,3,3.0
18723,18725,18725,1,1,1.0
18724,18726,18726,8,8,8.0
18725,18727,18725,1,-1,1.0
18726,18727,18726,1,-1,1.0
18725,18727,18725,1,-1,1.0
18725,18726,18725,1,-1,1.0
18725,18726,18725,5,-5,5.0
18724,18726,18726,1,1,1.0
18724,18726,18725,2,2,-2.0
18724,18725,18725,1,1,1.0
18724,18725,18725,1,1,1.0
18724,18725,18726,1,1,-1.0
18724,18726,18725,1,1,-1.0
18724,18725,18724,1,-1,1.0
18723,18724,18724,1,1,1.0
18723,18724,18723,1,-1,1.0
18723,18724,18724,1,1,1.0
18723,18724,18723,1,-1,1.0
18723,18724,18724,1,1,1.0
18723,18724,18724,1,1,1.0
18723,18724,18724,1,1,1.0
18724,18726,18725,2,2,-2.0
18724,18726,18725,1,1,-1.0
18725,18726,18725,1,-1,1.0
18724,18726,18725,1,-1,1.0
18724,18725,18725,1,1,1.0
18724,18726,18724,5,-5,5.0
18724,18725,18725,1,1,1.0
18725,18726,18725,1,-1,1.0
18724,18726,18725,1,-1,1.0
18725,18726,18725,3,-3,3.0
18725,18726,18725,3,-3,3.0
18725,18726,18726,1,1,1.0
18725,18726,18726,1,1,1.0
18725,18726,18726,1,1,1.0
18726,18727,18726,1,-1,1.0
18726,18727,18727,1,1,1.0
18726,18728,18726,1,-1,1.0
18726,18727,18726,1,-1,1.0
18726,18727,18726,1,-1,1.0
18726,18727,18727,1,1,1.0
18726,18727,18727,5,5,5.0
18726,18728,18727,1,1,-1.0
18726,18728,18726,3,-3,3.0
18726,18728,18727,1,-1,1.0
18727,18728,18727,1,-1,1.0
18727,18728,18728,1,1,1.0
18727,18728,18727,1,-1,1.0
18726,18727,18726,3,-3,3.0
18726,18727,18727,1,1,1.0
18726,18727,18727,1,1,1.0
18726,18727,18727,1,1,1.0
18726,18728,18726,4,-4,4.0
18726,18728,18727,1,-1,1.0
18726,18728,18727,2,-2,2.0
18727,18728,18727,5,-5,5.0
18727,18728,18728,2,2,2.0
18727,18728,18728,1,1,1.0
18727,18728,18728,5,5,5.0
18727,18728,18728,1,1,1.0
18727,18728,18728,2,2,2.0
18727,18728,18728,2,2,2.0
18727,18728,18728,4,4,4.0
18727,18728,18728,1,1,1.0
18727,18728,18728,1,1,1.0
18727,18728,18728,4,4,4.0
18727,18728,18728,1,1,1.0
18727,18728,18728,1,1,1.0
18727,18728,18728,1,1,1.0
18727,18728,18728,5,5,5.0
18727,18728,18728,2,2,2.0
18727,18728,18728,1,1,1.0
18727,18728,18728,2,2,2.0
18727,18728,18728,1,1,1.0
18727,18728,18728,1,1,1.0
18727,18728,18728,1,1,1.0
18727,18728,18728,2,2,2.0
18727,18728,18728,3,3,3.0
18728,18729,18728,1,-1,1.0
18728,18729,18728,1,-1,1.0
18727,18728,18728,4,4,4.0
18727,18728,18728,1,1,1.0
18727,18728,18727,1,-1,1.0
18727,18728,18728,1,1,1.0
18727,18728,18728,1,1,1.0
18727,18728,18727,7,-7,7.0
18726,18727,18727,1,1,1.0
18726,18727,18726,1,-1,1.0
18725,18727,18727,3,3,3.0
18726,18727,18726,1,-1,1.0
18725,18727,18727,15,15,15.0
18727,18728,18727,1,-1,1.0
18727,18728,18727,2,-2,2.0
18727,18728,18728,4,4,4.0
18727,18728,18727,3,-3,3.0
18727,18728,18727,3,-3,3.0
18727,18728,18727,2,-2,2.0
18727,18728,18727,2,-2,2.0
18727,18728,18727,2,-2,2.0
18727,18728,18727,1,-1,1.0
18727,18728,18727,4,-4,4.0
18726,18727,18726,5,-5,5.0
18726,18727,18726,4,-4,4.0
18726,18727,18725,3,-3,3.0
18725,18727,18727,1,1,1.0
18726,18727,18726,1,-1,1.0
18726,18727,18726,1,-1,1.0
18726,18727,18725,2,-2,2.0
18725,18726,18726,1,1,1.0
18725,18727,18725,3,-3,3.0
18725,18727,18725,1,-1,1.0
18725,18726,18726,1,1,1.0
18726,18727,18726,1,-1,1.0
18725,18726,18726,1,1,1.0
18726,18727,18727,9,9,9.0
18727,18728,18727,3,-3,3.0
18727,18728,18727,1,-1,1.0
18726,18727,18727,1,1,1.0
18727,18728,18728,3,3,3.0
18727,18728,18727,1,-1,1.0
18727,18728,18727,1,-1,1.0
18726,18728,18726,3,-3,3.0
18726,18728,18726,4,-4,4.0
18726,18727,18726,5,-5,5.0
18725,18727,18727,1,1,1.0
18725,18727,18725,3,-3,3.0
18726,18727,18727,1,1,1.0
18726,18727,18728,2,2,-2.0
18727,18728,18727,1,-1,1.0
18727,18728,18727,1,-1,1.0
18727,18728,18727,1,-1,1.0
18727,18728,18727,1,-1,1.0
18726,18727,18726,1,-1,1.0
18726,18727,18726,1,-1,1.0
18725,18727,18726,1,-1,1.0
18725,18727,18726,1,-1,1.0
18725,18727,18726,1,-1,1.0
18726,18727,18727,1,1,1.0
18726,18727,18726,1,-1,1.0
18726,18727,18727,1,1,1.0
18726,18727,18726,5,-5,5.0
18726,18727,18726,7,-7,7.0
18725,18726,18725,1,-1,1.0
18725,18726,18726,2,2,2.0
18725,18726,18726,1,1,1.0
18725,18726,18725,1,-1,1.0
18725,18726,18725,4,-4,4.0
18725,18726,18726,1,1,1.0
18725,18727,18726,2,2,-2.0
18725,18726,18726,2,2,2.0
18725,18726,18725,3,-3,3.0
18725,18726,18726,1,1,1.0
18725,18726,18725,2,-2,2.0
18724,18725,18725,1,1,1.0
18724,18726,18724,3,-3,3.0
18724,18725,18725,1,1,1.0
18724,18725,18724,2,-2,2.0
18724,18725,18723,3,-3,3.0
18724,18725,18725,1,1,1.0
18724,18725,18725,1,1,1.0
18724,18725,18725,1,1,1.0
18725,18726,18726,1,1,1.0
18725,18726,18725,5,-5,5.0
18725,18726,18726,1,1,1.0
18725,18727,18726,1,1,-1.0
18725,18726,18726,1,1,1.0
18725,18726,18726,1,1,1.0
18725,18726,18726,1,1,1.0
18725,18726,18726,1,1,1.0
18725,18726,18726,1,1,1.0
18725,18726,18726,1,1,1.0
18725,18726,18726,1,1,1.0
18725,18726,18726,1,1,1.0
18725,18726,18725,4,-4,4.0
18725,18726,18725,1,-1,1.0
18725,18726,18724,1,-1,1.0
18725,18726,18724,2,-2,2.0
18725,18726,18724,6,-6,6.0
18724,18725,18724,1,-1,1.0
18724,18725,18723,3,-3,3.0
18724,18725,18725,3,3,3.0
18724,18725,18725,1,1,1.0
18724,18725,18725,1,1,1.0
18724,18725,18725,1,1,1.0
18724,18725,18725,1,1,1.0
18724,18725,18725,1,1,1.0
18724,18725,18725,1,1,1.0
18724,18725,18725,1,1,1.0
18724,18725,18725,1,1,1.0
18724,18726,18724,5,-5,5.0
18724,18726,18725,1,-1,1.0
18724,18726,18726,1,1,1.0
18724,18725,18725,1,1,1.0
18724,18725,18724,3,-3,3.0
18724,18725,18725,1,1,1.0
18724,18726,18726,1,1,1.0
18724,18726,18726,1,1,1.0
18724,18725,18724,3,-3,3.0
18724,18725,18724,10,-10,10.0
18724,18725,18724,1,-1,1.0
18724,18725,18725,1,1,1.0
18724,18725,18725,1,1,1.0
18724,18725,18725,1,1,1.0
18724,18725,18725,4,4,4.0
18724,18725,18725,1,1,1.0
18724,18725,18725,1,1,1.0
18724,18725,18725,1,1,1.0
18724,18725,18725,1,1,1.0
18724,18725,18724,5,-5,5.0
18724,18725,18725,1,1,1.0
18725,18726,18725,2,-2,2.0
18725,18726,18726,13,13,13.0
18725,18727,18726,1,1,-1.0
18726,18727,18727,1,1,1.0
18726,18727,18727,1,1,1.0
18726,18727,18727,1,1,1.0
18726,18727,18726,1,-1,1.0
18726,18727,18726,3,-3,3.0
18725,18726,18726,1,1,1.0
18725,18726,18725,1,-1,1.0
18725,18726,18725,3,-3,3.0
18724,18726,18724,5,-5,5.0
18725,18726,18726,1,1,1.0
18725,18726,18726,2,2,2.0
18725,18726,18726,3,3,3.0
18726,18727,18727,1,1,1.0
18726,18727,18727,1,1,1.0
18726,18727,18727,1,1,1.0
18726,18727,18727,1,1,1.0
18726,18727,18727,1,1,1.0
18726,18727,18726,1,-1,1.0
18726,18727,18727,1,1,1.0
18726,18727,18727,1,1,1.0
18726,18728,18727,1,1,-1.0
18727,18728,18727,1,-1,1.0
18727,18728,18727,3,-3,3.0
18726,18727,18727,1,1,1.0
18726,18727,18727,1,1,1.0
18726,18727,18726,4,-4,4.0
18725,18726,18726,1,1,1.0
18725,18727,18727,2,2,2.0
18725,18726,18725,5,-5,5.0
18725,18726,18726,1,1,1.0
18725,18726,18725,2,-2,2.0
18725,18726,18726,1,1,1.0
18725,18726,18726,1,1,1.0
18725,18727,18726,1,1,-1.0
18726,18727,18726,1,-1,1.0
18725,18727,18725,3,-3,3.0
18726,18727,18726,3,-3,3.0
18726,18727,18726,2,-2,2.0
18726,18727,18726,2,-2,2.0
18726,18727,18726,1,-1,1.0
18726,18727,18726,1,-1,1.0
18725,18726,18726,2,2,2.0
18725,18727,18725,1,-1,1.0
18724,18726,18725,1,-1,1.0
18724,18726,18726,1,1,1.0
18724,18726,18726,1,1,1.0
18724,18726,18726,1,1,1.0
18724,18726,18724,3,-3,3.0
18724,18726,18725,1,-1,1.0
18724,18726,18726,1,1,1.0
18725,18726,18725,1,-1,1.0
18724,18726,18724,5,-5,5.0
18724,18726,18724,3,-3,3.0
18724,18725,18725,1,1,1.0
18724,18725,18725,1,1,1.0
18724,18725,18724,3,-3,3.0
18724,18725,18724,1,-1,1.0
18724,18725,18724,1,-1,1.0
18724,18725,18725,1,1,1.0
18724,18725,18725,1,1,1.0
18724,18726,18724,3,-3,3.0
18724,18726,18724,1,-1,1.0
18724,18726,18726,6,6,6.0
18724,18726,18726,6,6,6.0
18725,18726,18725,1,-1,1.0
18724,18726,18726,9,9,9.0
18725,18726,18725,1,-1,1.0
18724,18726,18726,1,1,1.0
18725,18726,18726,2,2,2.0
18725,18726,18726,1,1,1.0
18725,18726,18725,1,-1,1.0
18725,18726,18725,1,-1,1.0
18725,18726,18724,2,-2,2.0
18725,18726,18725,3,-3,3.0
18724,18726,18726,1,1,1.0
18724,18726,18726,1,1,1.0
18724,18726,18726,7,7,7.0
18724,18726,18725,1,1,-1.0
18726,18727,18727,1,1,1.0
18726,18727,18727,1,1,1.0
18726,18727,18726,2,-2,2.0
18726,18727,18725,1,-1,1.0
18725,18727,18725,5,-5,5.0
18725,18727,18726,1,-1,1.0
18725,18727,18725,1,-1,1.0
18725,18726,18726,2,2,2.0
18725,18726,18727,1,1,-1.0
18725,18726,18727,1,1,-1.0
18725,18726,18727,1,1,-1.0
18725,18726,18727,2,2,-2.0
18727,18728,18727,1,-1,1.0
18727,18728,18727,2,-2,2.0
18727,18728,18728,8,8,8.0
18727,18728,18728,1,1,1.0
18727,18728,18728,1,1,1.0
18727,18728,18728,1,1,1.0
18727,18728,18728,8,8,8.0
18727,18728,18728,1,1,1.0
18727,18729,18728,4,4,-4.0
18728,18729,18729,1,1,1.0
18728,18729,18729,2,2,2.0
18728,18729,18729,1,1,1.0
18728,18729,18729,1,1,1.0
18728,18729,18729,1,1,1.0
18728,18729,18728,1,-1,1.0
18728,18729,18729,1,1,1.0
18728,18729,18729,1,1,1.0
18728,18729,18728,1,-1,1.0
18728,18729,18729,1,1,1.0
18728,18729,18728,1,-1,1.0
18728,18729,18728,3,-3,3.0
18728,18729,18729,1,1,1.0
18728,18729,18729,1,1,1.0
18728,18729,18729,1,1,1.0
18728,18729,18729,7,7,7.0
18728,18729,18729,3,3,3.0
18728,18729,18729,1,1,1.0
18728,18729,18729,2,2,2.0
18728,18729,18729,1,1,1.0
18728,18729,18729,1,1,1.0
18728,18729,18729,2,2,2.0
18728,18729,18729,7,7,7.0
18728,18729,18729,1,1,1.0
18728,18729,18729,1,1,1.0
18728,18729,18729,1,1,1.0
18728,18729,18729,1,1,1.0
18729,18730,18729,1,-1,1.0
18729,18730,18729,5,-5,5.0
18729,18730,18729,2,-2,2.0
18729,18730,18728,1,-1,1.0
18728,18730,18730,1,1,1.0
18729,18730,18730,1,1,1.0
18729,18730,18730,1,1,1.0
18729,18730,18730,10,10,10.0
18729,18730,18730,1,1,1.0
18729,18730,18730,1,1,1.0
18729,18730,18729,1,-1,1.0
18729,18730,18730,1,1,1.0
18729,18730,18730,2,2,2.0
18729,18730,18730,1,1,1.0
18729,18730,18730,1,1,1.0
18729,18730,18730,17,17,17.0
18729,18730,18731,1,1,-1.0
18729,18730,18730,1,1,1.0
18729,18731,18731,1,1,1.0
18729,18731,18731,1,1,1.0
18729,18731,18731,2,2,2.0
18730,18731,18730,1,-1,1.0
18730,18731,18731,1,1,1.0
18730,18731,18730,1,-1,1.0
18730,18731,18730,1,-1,1.0
18730,18731,18730,1,-1,1.0
18730,18731,18730,1,-1,1.0
18730,18731,18730,4,-4,4.0
18730,18731,18730,1,-1,1.0
18729,18731,18729,3,-3,3.0
18730,18731,18730,1,-1,1.0
18730,18731,18730,1,-1,1.0
18730,18731,18731,1,1,1.0
18730,18731,18731,3,3,3.0
18730,18731,18731,1,1,1.0
18730,18731,18731,1,1,1.0
18730,18731,18730,1,-1,1.0
18730,18731,18730,1,-1,1.0
18730,18731,18730,1,-1,1.0
18730,18731,18730,1,-1,1.0
18730,18731,18730,1,-1,1.0
18730,18731,18730,1,-1,1.0
18730,18731,18730,1,-1,1.0
18730,18731,18730,6,-6,6.0
18730,18731,18730,2,-2,2.0
18730,18731,18730,1,-1,1.0
18730,18731,18730,1,-1,1.0
18730,18731,18730,1,-1,1.0
18730,18731,18730,2,-2,2.0
18730,18731,18730,1,-1,1.0
18729,18731,18731,8,8,8.0
18730,18731,18730,2,-2,2.0
18730,18731,18730,1,-1,1.0
18730,18731,18730,3,-3,3.0
18730,18731,18729,2,-2,2.0
18730,18731,18730,1,-1,1.0
18729,18730,18730,2,2,2.0
18729,18730,18730,1,1,1.0
18729,18730,18730,2,2,2.0
18730,18731,18730,1,-1,1.0
18729,18731,18731,5,5,5.0
18729,18731,18729,1,-1,1.0
18729,18730,18730,1,1,1.0
18730,18731,18730,2,-2,2.0
18730,18731,18731,1,1,1.0
18730,18731,18731,1,1,1.0
18730,18731,18731,1,1,1.0
18730,18731,18730,1,-1,1.0
18730,18731,18730,14,-14,14.0
18729,18730,18729,2,-2,2.0
18729,18730,18729,2,-2,2.0
18729,18730,18729,7,-7,7.0
18729,18730,18729,2,-2,2.0
18728,18730,18730,1,1,1.0
18728,18730,18728,1,-1,1.0
18728,18730,18730,1,1,1.0
18728,18730,18728,1,-1,1.0
18729,18730,18729,1,-1,1.0
18729,18730,18729,1,-1,1.0
18728,18729,18729,1,1,1.0
18728,18730,18729,1,1,-1.0
18728,18730,18728,5,-5,5.0
18728,18730,18730,1,1,1.0
18728,18730,18729,2,2,-2.0
18729,18730,18729,1,-1,1.0
18728,18730,18728,1,-1,1.0
18729,18730,18729,1,-1,1.0
18729,18730,18729,1,-1,1.0
18729,18730,18729,1,-1,1.0
18729,18730,18729,1,-1,1.0
18729,18730,18729,1,-1,1.0
18728,18730,18730,1,1,1.0
18728,18730,18728,3,-3,3.0
18728,18730,18730,1,1,1.0
18728,18730,18730,1,1,1.0
18729,18730,18730,1,1,1.0
18729,18730,18729,1,-1,1.0
18729,18730,18729,1,-1,1.0
18728,18729,18729,1,1,1.0
18728,18730,18729,1,1,-1.0
18728,18729,18728,3,-3,3.0
18727,18729,18729,1,1,1.0
18727,18729,18729,1,1,1.0
18728,18729,18729,1,1,1.0
18728,18730,18729,1,1,-1.0
18728,18729,18728,5,-5,5.0
18727,18729,18727,3,-3,3.0
18727,18728,18728,1,1,1.0
18727,18729,18728,1,1,-1.0
18727,18729,18728,1,1,-1.0
18727,18729,18728,2,2,-2.0
18727,18728,18728,1,1,1.0
18727,18728,18728,1,1,1.0
18727,18728,18728,1,1,1.0
18727,18728,18728,1,1,1.0
18727,18729,18727,1,-1,1.0
18727,18728,18728,1,1,1.0
18727,18728,18728,1,1,1.0
18728,18729,18729,3,3,3.0
18729,18730,18729,10,-10,10.0
18729,18730,18729,5,-5,5.0
18729,18730,18729,1,-1,1.0
18729,18730,18729,4,-4,4.0
18727,18729,18727,3,-3,3.0
18728,18729,18728,1,-1,1.0
18728,18729,18727,1,-1,1.0
18728,18729,18727,2,-2,2.0
18728,18729,18727,2,-2,2.0
18728,18729,18727,2,-2,2.0
18728,18729,18727,4,-4,4.0
18726,18727,18726,7,-7,7.0
18725,18726,18725,3,-3,3.0
18725,18726,18726,1,1,1.0
18725,18727,18726,3,3,-3.0
18725,18727,18726,1,1,-1.0
18725,18726,18726,1,1,1.0
18725,18726,18725,1,-1,1.0
18725,18726,18725,5,-5,5.0
18725,18726,18725,9,-9,9.0
18725,18726,18724,4,-4,4.0
18725,18726,18724,13,-13,13.0
18725,18726,18724,1,-1,1.0
18725,18726,18724,1,-1,1.0
18725,18726,18724,1,-1,1.0
18725,18726,18724,1,-1,1.0
18725,18726,18724,1,-1,1.0
18725,18726,18724,1,-1,1.0
18725,18726,18724,6,-6,6.0
18725,18726,18725,1,-1,1.0
18725,18726,18723,1,-1,1.0
18725,18726,18723,1,-1,1.0
18725,18726,18723,1,-1,1.0
18725,18726,18723,1,-1,1.0
18725,18726,18724,1,-1,1.0
18725,18726,18723,1,-1,1.0
18725,18726,18724,1,-1,1.0
18725,18726,18723,1,-1,1.0
18725,18726,18723,4,-4,4.0
18725,18726,18723,1,-1,1.0
18725,18726,18723,4,-4,4.0
18725,18726,18723,5,-5,5.0
18725,18726,18723,6,-6,6.0
18725,18726,18723,1,-1,1.0
18725,18726,18723,1,-1,1.0
18725,18726,18723,1,-1,1.0
18725,18726,18723,1,-1,1.0
18725,18726,18723,7,-7,7.0
18725,18726,18723,2,-2,2.0
18725,18726,18723,1,-1,1.0
18722,18723,18723,1,1,1.0
18722,18723,18723,1,1,1.0
18722,18723,18722,2,-2,2.0
18722,18723,18722,2,-2,2.0
18722,18723,18722,1,-1,1.0
18722,18723,18723,1,1,1.0
18722,18723,18722,1,-1,1.0
18722,18723,18723,1,1,1.0
18722,18723,18723,1,1,1.0
18722,18723,18724,1,1,-1.0
18722,18723,18723,1,1,1.0
18722,18724,18723,1,1,-1.0
18722,18723,18723,1,1,1.0
18722,18723,18722,1,-1,1.0
18722,18723,18723,1,1,1.0
18722,18723,18722,3,-3,3.0
18722,18723,18722,1,-1,1.0
18722,18723,18722,3,-3,3.0
18722,18723,18722,3,-3,3.0
18722,18723,18722,3,-3,3.0
18722,18723,18722,1,-1,1.0
18722,18723,18722,1,-1,1.0
18721,18723,18722,1,-1,1.0
18722,18723,18722,1,-1,1.0
18722,18723,18722,3,-3,3.0
18722,18723,18722,5,-5,5.0
18722,18723,18722,1,-1,1.0
18722,18723,18722,2,-2,2.0
18722,18723,18722,2,-2,2.0
18722,18723,18723,1,1,1.0
18722,18723,18722,5,-5,5.0
18722,18723,18722,1,-1,1.0
18722,18723,18722,1,-1,1.0
18722,18723,18722,4,-4,4.0
18722,18723,18722,1,-1,1.0
18722,18723,18722,1,-1,1.0
18721,18722,18721,1,-1,1.0
18721,18722,18721,3,-3,3.0
18721,18722,18721,1,-1,1.0
18721,18722,18721,1,-1,1.0
18721,18722,18722,1,1,1.0
18721,18722,18722,1,1,1.0
18721,18722,18722,3,3,3.0
18721,18722,18722,1,1,1.0
18721,18723,18721,3,-3,3.0
18721,18723,18721,1,-1,1.0
18721,18722,18722,1,1,1.0
18721,18722,18721,3,-3,3.0
18721,18722,18721,1,-1,1.0
18721,18722,18722,1,1,1.0
18721,18722,18722,1,1,1.0
18721,18722,18721,3,-3,3.0
18721,18722,18721,1,-1,1.0
18721,18722,18722,1,1,1.0
18721,18722,18721,1,-1,1.0
18721,18722,18721,1,-1,1.0
18721,18722,18721,1,-1,1.0
18721,18722,18721,2,-2,2.0
18721,18722,18721,1,-1,1.0
18721,18722,18721,1,-1,1.0
18720,18722,18720,3,-3,3.0
18720,18722,18721,1,-1,1.0
18721,18722,18722,3,3,3.0
18721,18722,18722,1,1,1.0
18721,18722,18722,1,1,1.0
18721,18722,18722,7,7,7.0
18721,18722,18723,3,3,-3.0
18722,18723,18722,2,-2,2.0
18722,18723,18723,2,2,2.0
18722,18723,18722,1,-1,1.0
18722,18723,18722,4,-4,4.0
18722,18723,18722,2,-2,2.0
18722,18723,18722,4,-4,4.0
18722,18723,18722,3,-3,3.0
18722,18723,18721,7,-7,7.0
18722,18723,18721,2,-2,2.0
18722,18723,18721,1,-1,1.0
18722,18723,18721,4,-4,4.0
18722,18723,18721,2,-2,2.0
18722,18723,18721,1,-1,1.0
18720,18721,18721,1,1,1.0
18720,18721,18721,1,1,1.0
18721,18722,18722,1,1,1.0
18721,18723,18721,5,-5,5.0
18721,18722,18721,1,-1,1.0
18721,18722,18721,1,-1,1.0
18721,18722,18722,1,1,1.0
18721,18722,18722,1,1,1.0
18721,18722,18722,1,1,1.0
18721,18723,18721,1,-1,1.0
18721,18723,18721,1,-1,1.0
18721,18723,18721,1,-1,1.0
18721,18723,18721,1,-1,1.0
18721,18723,18721,1,-1,1.0
18721,18723,18721,1,-1,1.0
18721,18723,18721,4,-4,4.0
18721,18723,18721,1,-1,1.0
18721,18723,18721,2,-2,2.0
18721,18723,18721,3,-3,3.0
18721,18723,18721,2,-2,2.0
18721,18723,18721,5,-5,5.0
18720,18721,18722,1,1,-1.0
18720,18721,18721,1,1,1.0
18720,18721,18720,12,-12,12.0
18720,18721,18720,2,-2,2.0
18720,18721,18720,1,-1,1.0
18720,18721,18720,1,-1,1.0
18720,18721,18720,1,-1,1.0
18720,18721,18720,5,-5,5.0
18719,18720,18719,1,-1,1.0
18719,18720,18719,1,-1,1.0
18719,18720,18720,1,1,1.0
18719,18720,18719,3,-3,3.0
18719,18720,18720,1,1,1.0
18719,18720,18720,9,9,9.0
18719,18720,18720,1,1,1.0
18719,18721,18719,3,-3,3.0
18720,18721,18720,1,-1,1.0
18719,18721,18720,1,-1,1.0
18719,18721,18721,3,3,3.0
18720,18721,18720,1,-1,1.0
18720,18721,18720,1,-1,1.0
18720,18721,18721,1,1,1.0
18720,18721,18721,1,1,1.0
18720,18722,18720,1,-1,1.0
18721,18722,18721,1,-1,1.0
18721,18722,18721,1,-1,1.0
18720,18722,18720,1,-1,1.0
18720,18721,18721,1,1,1.0
18720,18722,18720,1,-1,1.0
18720,18722,18721,1,-1,1.0
18720,18722,18722,1,1,1.0
18720,18722,18721,1,1,-1.0
18720,18721,18720,1,-1,1.0
18720,18721,18720,5,-5,5.0
18720,18721,18721,3,3,3.0
18720,18721,18722,2,2,-2.0
18720,18721,18720,1,-1,1.0
18721,18722,18721,1,-1,1.0
18721,18722,18721,2,-2,2.0
18720,18721,18721,1,1,1.0
18720,18721,18720,1,-1,1.0
18720,18721,18721,1,1,1.0
18720,18721,18721,1,1,1.0
18720,18721,18721,1,1,1.0
18720,18721,18721,1,1,1.0
18721,18722,18721,1,-1,1.0
18721,18722,18720,4,-4,4.0
18721,18722,18721,1,-1,1.0
18721,18722,18721,4,-4,4.0
18720,18722,18720,5,-5,5.0
18720,18721,18720,1,-1,1.0
18720,18721,18721,2,2,2.0
18721,18722,18721,1,-1,1.0
18721,18722,18721,2,-2,2.0
18720,18722,18720,1,-1,1.0
18721,18722,18722,2,2,2.0
18721,18722,18721,5,-5,5.0
18720,18722,18721,1,-1,1.0
18721,18722,18721,1,-1,1.0
18721,18722,18722,10,10,10.0
18722,18723,18723,3,3,3.0
18722,18723,18723,1,1,1.0
18722,18723,18723,2,2,2.0
18722,18724,18724,1,1,1.0
18722,18724,18723,1,1,-1.0
18722,18723,18723,1,1,1.0
18722,18723,18723,1,1,1.0
18722,18723,18723,1,1,1.0
18722,18723,18723,3,3,3.0
18722,18724,18722,1,-1,1.0
18722,18724,18723,1,-1,1.0
18723,18724,18723,1,-1,1.0
18723,18724,18723,1,-1,1.0
18723,18724,18723,1,-1,1.0
18723,18724,18724,6,6,6.0
18723,18724,18724,3,3,3.0
18723,18725,18724,1,1,-1.0
18723,18725,18725,1,1,1.0
18723,18725,18724,1,1,-1.0
18723,18725,18725,3,3,3.0
18723,18725,18725,1,1,1.0
18723,18725,18725,1,1,1.0
18723,18725,18725,4,4,4.0
18723,18725,18725,5,5,5.0
18723,18725,18725,1,1,1.0
18723,18725,18725,1,1,1.0
18723,18725,18725,2,2,2.0
18723,18725,18725,1,1,1.0
18724,18726,18726,1,1,1.0
18724,18726,18725,3,3,-3.0
18724,18726,18726,1,1,1.0
18724,18726,18726,1,1,1.0
18724,18726,18726,1,1,1.0
18724,18726,18725,1,1,-1.0
18725,18726,18725,1,-1,1.0
18725,18726,18725,1,-1,1.0
18725,18726,18725,1,-1,1.0
18725,18726,18725,1,-1,1.0
18724,18725,18724,6,-6,6.0
18724,18725,18724,1,-1,1.0
18724,18725,18724,5,-5,5.0
18724,18725,18725,3,3,3.0
18724,18725,18724,1,-1,1.0
18723,18724,18724,1,1,1.0
18723,18724,18724,9,9,9.0
18723,18724,18724,2,2,2.0
18723,18724,18725,1,1,-1.0
18723,18724,18724,1,1,1.0
18723,18724,18724,3,3,3.0
18723,18724,18724,2,2,2.0
18724,18725,18725,9,9,9.0
18724,18725,18725,1,1,1.0
18724,18725,18725,3,3,3.0
18723,18725,18725,4,4,4.0
18723,18725,18725,4,4,4.0
18723,18725,18725,1,1,1.0
18723,18725,18723,1,-1,1.0
18723,18725,18723,2,-2,2.0
18723,18725,18725,1,1,1.0
18723,18725,18724,4,4,-4.0
18724,18725,18724,1,-1,1.0
18723,18725,18723,1,-1,1.0
18723,18725,18723,3,-3,3.0
18723,18724,18723,1,-1,1.0
18723,18725,18725,1,1,1.0
18723,18725,18725,1,1,1.0
18723,18725,18725,1,1,1.0
18723,18725,18723,3,-3,3.0
18723,18725,18725,1,1,1.0
18723,18725,18723,3,-3,3.0
18723,18725,18723,1,-1,1.0
18723,18725,18725,2,2,2.0
18724,18725,18724,1,-1,1.0
18724,18725,18724,2,-2,2.0
18724,18725,18725,1,1,1.0
18724,18725,18725,2,2,2.0
18724,18726,18726,1,1,1.0
18724,18725,18725,1,1,1.0
18724,18726,18724,9,-9,9.0
18725,18726,18725,3,-3,3.0
18725,18726,18724,2,-2,2.0
18725,18726,18726,2,2,2.0
18725,18726,18725,2,-2,2.0
18725,18726,18724,7,-7,7.0
18724,18725,18724,1,-1,1.0
18723,18724,18723,1,-1,1.0
18723,18724,18724,1,1,1.0
18723,18724,18724,1,1,1.0
18723,18724,18724,1,1,1.0
18724,18725,18724,2,-2,2.0
18724,18725,18723,7,-7,7.0
18724,18725,18724,1,-1,1.0
18724,18725,18725,1,1,1.0
18724,18725,18724,9,-9,9.0
18724,18725,18724,3,-3,3.0
18724,18725,18724,2,-2,2.0
18723,18725,18725,1,1,1.0
18723,18725,18723,2,-2,2.0
18723,18725,18723,2,-2,2.0
18723,18725,18723,1,-1,1.0
18723,18725,18723,1,-1,1.0
18723,18725,18723,1,-1,1.0
18723,18725,18723,1,-1,1.0
18723,18725,18725,2,2,2.0
18723,18725,18725,1,1,1.0
18723,18725,18725,1,1,1.0
18723,18725,18725,1,1,1.0
18724,18725,18724,2,-2,2.0
18724,18725,18723,7,-7,7.0
18723,18725,18723,8,-8,8.0
18723,18725,18725,1,1,1.0
18725,18726,18725,2,-2,2.0
18725,18726,18726,3,3,3.0
18725,18726,18726,1,1,1.0
18725,18726,18726,1,1,1.0
18725,18726,18726,6,6,6.0
18725,18726,18726,2,2,2.0
18725,18726,18726,1,1,1.0
18725,18726,18725,10,-10,10.0
18726,18727,18726,1,-1,1.0
18726,18727,18727,1,1,1.0
18726,18727,18727,1,1,1.0
18726,18727,18726,1,-1,1.0
18726,18727,18726,2,-2,2.0
18726,18727,18725,3,-3,3.0
18726,18727,18727,2,2,2.0
18726,18727,18726,1,-1,1.0
18726,18727,18727,3,3,3.0
18726,18727,18726,1,-1,1.0
18725,18727,18727,3,3,3.0
18726,18727,18726,5,-5,5.0
18726,18727,18725,7,-7,7.0
18725,18726,18725,1,-1,1.0
18725,18726,18724,2,-2,2.0
18724,18725,18725,1,1,1.0
18724,18726,18725,1,1,-1.0
18724,18726,18724,3,-3,3.0
18724,18726,18725,3,-3,3.0
18724,18726,18725,1,-1,1.0
18725,18726,18725,1,-1,1.0
18724,18726,18724,3,-3,3.0
18724,18726,18724,3,-3,3.0
18724,18726,18724,1,-1,1.0
18724,18726,18725,1,-1,1.0
18724,18725,18724,1,-1,1.0
18724,18725,18724,3,-3,3.0
18724,18725,18724,2,-2,2.0
18724,18725,18724,1,-1,1.0
18725,18726,18725,1,-1,1.0
18724,18726,18726,2,2,2.0
18724,18726,18724,1,-1,1.0
18724,18726,18724,5,-5,5.0
18724,18725,18725,1,1,1.0
18724,18725,18725,1,1,1.0
18724,18725,18725,1,1,1.0
18724,18725,18725,1,1,1.0
18724,18725,18725,1,1,1.0
18724,18725,18725,3,3,3.0
18724,18726,18724,1,-1,1.0
18724,18726,18726,1,1,1.0
18725,18726,18725,1,-1,1.0
18724,18726,18725,2,-2,2.0
18724,18725,18725,1,1,1.0
18724,18726,18725,1,1,-1.0
18725,18726,18725,1,-1,1.0
18725,18726,18726,3,3,3.0
18725,18726,18725,6,-6,6.0
18725,18726,18725,1,-1,1.0
18725,18726,18725,2,-2,2.0
18725,18726,18725,2,-2,2.0
18724,18726,18725,1,-1,1.0
18724,18726,18725,1,-1,1.0
18724,18726,18726,2,2,2.0
18724,18726,18724,3,-3,3.0
18724,18726,18725,1,-1,1.0
18724,18725,18724,5,-5,5.0
18723,18725,18723,3,-3,3.0
18723,18724,18724,1,1,1.0
18723,18724,18724,1,1,1.0
18723,18724,18723,1,-1,1.0
18723,18724,18724,1,1,1.0
18723,18724,18724,2,2,2.0
18723,18724,18724,1,1,1.0
18723,18725,18723,1,-1,1.0
18724,18725,18724,1,-1,1.0
18723,18725,18723,3,-3,3.0
18723,18725,18723,1,-1,1.0
18723,18725,18725,6,6,6.0
18723,18725,18724,1,1,-1.0
18724,18725,18725,5,5,5.0
18724,18726,18725,1,1,-1.0
18725,18726,18725,1,-1,1.0
18725,18726,18725,5,-5,5.0
18725,18726,18726,2,2,2.0
18725,18726,18726,1,1,1.0
18725,18726,18726,1,1,1.0
18725,18726,18726,1,1,1.0
18725,18726,18725,5,-5,5.0
18725,18726,18724,4,-4,4.0
18724,18726,18725,1,-1,1.0
18724,18725,18724,9,-9,9.0
18724,18725,18724,1,-1,1.0
18723,18725,18725,1,1,1.0
18723,18725,18723,7,-7,7.0
18723,18725,18722,2,-2,2.0
18722,18724,18722,1,-1,1.0
18723,18725,18723,1,-1,1.0
18722,18724,18722,9,-9,9.0
18723,18725,18725,1,1,1.0
18723,18725,18723,9,-9,9.0
18724,18725,18724,2,-2,2.0
18723,18724,18724,1,1,1.0
18723,18724,18723,2,-2,2.0
18723,18724,18724,1,1,1.0
18723,18724,18724,1,1,1.0
18723,18724,18724,1,1,1.0
18723,18724,18724,2,2,2.0
18723,18725,18723,5,-5,5.0
18723,18725,18725,3,3,3.0
18724,18725,18724,2,-2,2.0
18723,18724,18723,4,-4,4.0
18723,18724,18723,1,-1,1.0
18722,18724,18722,4,-4,4.0
18722,18723,18723,1,1,1.0
18722,18724,18722,3,-3,3.0
18722,18724,18722,4,-4,4.0
18722,18724,18724,1,1,1.0
18722,18724,18722,3,-3,3.0
18723,18724,18723,2,-2,2.0
18723,18724,18724,1,1,1.0
18723,18724,18724,1,1,1.0
18723,18724,18724,1,1,1.0
18723,18724,18723,5,-5,5.0
18723,18724,18723,3,-3,3.0
18722,18724,18722,1,-1,1.0
18723,18724,18723,3,-3,3.0
18723,18724,18723,3,-3,3.0
18723,18724,18724,2,2,2.0
18723,18725,18723,1,-1,1.0
18723,18725,18724,1,-1,1.0
18723,18725,18724,1,-1,1.0
18723,18724,18724,1,1,1.0
18723,18724,18724,1,1,1.0
18723,18724,18723,2,-2,2.0
18723,18724,18723,1,-1,1.0
18723,18724,18722,1,-1,1.0
18723,18725,18723,1,-1,1.0
18723,18725,18723,2,-2,2.0
18723,18725,18723,2,-2,2.0
18723,18724,18723,1,-1,1.0
18723,18724,18723,1,-1,1.0
18722,18724,18722,1,-1,1.0
18722,18724,18722,3,-3,3.0
18723,18724,18723,1,-1,1.0
18723,18724,18723,1,-1,1.0
18723,18724,18723,1,-1,1.0
18723,18724,18723,1,-1,1.0
18722,18724,18722,3,-3,3.0
18722,18724,18724,2,2,2.0
18722,18724,18724,4,4,4.0
18723,18725,18723,5,-5,5.0
18724,18725,18724,2,-2,2.0
18723,18725,18724,1,-1,1.0
18723,18725,18724,1,-1,1.0
18723,18725,18724,1,-1,1.0
18724,18725,18724,1,-1,1.0
18723,18724,18724,1,1,1.0
18723,18724,18723,3,-3,3.0
18723,18724,18723,4,-4,4.0
18723,18724,18723,1,-1,1.0
18722,18723,18723,2,2,2.0
18722,18723,18722,1,-1,1.0
18722,18723,18722,1,-1,1.0
18722,18723,18722,4,-4,4.0
18722,18723,18722,1,-1,1.0
18722,18723,18722,1,-1,1.0
18722,18723,18722,2,-2,2.0
18721,18722,18722,1,1,1.0
18721,18722,18722,1,1,1.0
18721,18722,18722,2,2,2.0
18722,18723,18723,1,1,1.0
18722,18723,18722,1,-1,1.0
18722,18723,18722,1,-1,1.0
18721,18723,18722,1,-1,1.0
18721,18723,18723,1,1,1.0
18721,18723,18723,1,1,1.0
18721,18723,18721,5,-5,5.0
18721,18723,18723,1,1,1.0
18723,18724,18724,1,1,1.0
18723,18724,18723,1,-1,1.0
18723,18724,18723,4,-4,4.0
18723,18724,18724,1,1,1.0
18723,18725,18725,1,1,1.0
18723,18724,18724,1,1,1.0
18723,18724,18723,3,-3,3.0
18723,18724,18724,2,2,2.0
18723,18724,18724,1,1,1.0
18723,18725,18723,3,-3,3.0
18723,18725,18725,3,3,3.0
18723,18725,18724,1,1,-1.0
18724,18725,18725,5,5,5.0
18724,18725,18725,1,1,1.0
18724,18725,18725,1,1,1.0
18724,18725,18725,1,1,1.0
18724,18725,18725,1,1,1.0
18724,18725,18725,1,1,1.0
18724,18725,18725,1,1,1.0
18724,18725,18724,5,-5,5.0
18724,18725,18725,5,5,5.0
18724,18725,18725,1,1,1.0
18724,18725,18725,1,1,1.0
18724,18725,18725,4,4,4.0
18724,18725,18725,1,1,1.0
18724,18725,18725,1,1,1.0
18724,18725,18725,1,1,1.0
18724,18725,18724,6,-6,6.0
18723,18724,18724,1,1,1.0
18723,18724,18724,1,1,1.0
18723,18724,18723,3,-3,3.0
18722,18724,18723,1,-1,1.0
18723,18724,18723,1,-1,1.0
18722,18724,18724,2,2,2.0
18723,18724,18723,3,-3,3.0
18723,18724,18724,3,3,3.0
18723,18724,18724,2,2,2.0
18723,18724,18724,1,1,1.0
18723,18724,18723,3,-3,3.0
18723,18724,18723,1,-1,1.0
18723,18724,18723,1,-1,1.0
18723,18724,18723,2,-2,2.0
18722,18724,18723,2,-2,2.0
18722,18724,18722,3,-3,3.0
18722,18724,18723,1,-1,1.0
18722,18724,18724,1,1,1.0
18722,18724,18724,1,1,1.0
18723,18724,18724,1,1,1.0
18723,18724,18724,1,1,1.0
18723,18725,18724,1,1,-1.0
18722,18724,18723,3,3,-3.0
18722,18723,18723,1,1,1.0
18723,18724,18723,1,-1,1.0
18722,18724,18724,2,2,2.0
18722,18724,18723,1,1,-1.0
18722,18724,18723,1,1,-1.0
18722,18724,18722,2,-2,2.0
18722,18724,18722,1,-1,1.0
18722,18724,18723,1,-1,1.0
18722,18724,18722,3,-3,3.0
18722,18724,18723,1,-1,1.0
18722,18724,18724,1,1,1.0
18722,18724,18724,5,5,5.0
18722,18724,18722,5,-5,5.0
18722,18724,18724,3,3,3.0
18722,18724,18723,1,1,-1.0
18723,18724,18723,1,-1,1.0
18722,18723,18723,1,1,1.0
18722,18723,18723,1,1,1.0
18722,18723,18723,1,1,1.0
18722,18724,18724,1,1,1.0
18722,18723,18723,1,1,1.0
18722,18724,18723,2,2,-2.0
18722,18723,18723,1,1,1.0
18722,18724,18722,3,-3,3.0
18722,18723,18723,1,1,1.0
18722,18724,18723,1,1,-1.0
18722,18724,18723,1,1,-1.0
18722,18724,18723,1,1,-1.0
18723,18724,18724,2,2,2.0
18723,18725,18723,3,-3,3.0
18723,18725,18724,2,-2,2.0
18724,18725,18725,3,3,3.0
18724,18725,18725,2,2,2.0
18724,18725,18725,9,9,9.0
18725,18726,18725,2,-2,2.0
18725,18726,18724,1,-1,1.0
18725,18726,18725,2,-2,2.0
18725,18726,18725,1,-1,1.0
18724,18725,18725,1,1,1.0
18724,18725,18725,1,1,1.0
18725,18726,18725,5,-5,5.0
18725,18726,18726,1,1,1.0
18725,18726,18726,1,1,1.0
18725,18726,18726,3,3,3.0
18725,18726,18725,1,-1,1.0
18725,18726,18725,1,-1,1.0
18725,18726,18725,1,-1,1.0
18725,18726,18725,3,-3,3.0
18725,18726,18725,1,-1,1.0
18724,18726,18726,2,2,2.0
18724,18726,18724,1,-1,1.0
18724,18726,18724,5,-5,5.0
18723,18725,18725,2,2,2.0
18723,18725,18724,3,3,-3.0
18723,18725,18725,1,1,1.0
18724,18725,18725,1,1,1.0
18724,18725,18724,3,-3,3.0
18723,18725,18723,5,-5,5.0
18723,18725,18724,3,-3,3.0
18724,18725,18724,3,-3,3.0
18724,18725,18724,3,-3,3.0
18724,18725,18724,3,-3,3.0
18724,18725,18725,1,1,1.0
18723,18725,18723,3,-3,3.0
18723,18724,18724,2,2,2.0
18723,18724,18724,1,1,1.0
18723,18724,18724,1,1,1.0
18723,18725,18725,1,1,1.0
18723,18725,18724,1,1,-1.0
18723,18725,18723,1,-1,1.0
18723,18725,18724,1,-1,1.0
18723,18725,18724,2,-2,2.0
18723,18724,18724,1,1,1.0
18723,18724,18723,5,-5,5.0
18723,18724,18724,3,3,3.0
18723,18724,18724,1,1,1.0
18723,18725,18724,2,2,-2.0
18724,18725,18725,1,1,1.0
18724,18725,18725,1,1,1.0
18724,18725,18725,4,4,4.0
18724,18726,18725,1,1,-1.0
18724,18725,18725,1,1,1.0
18724,18725,18725,1,1,1.0
18724,18725,18725,4,4,4.0
18724,18725,18726,21,21,-21.0
18724,18725,18727,23,23,-23.0
18724,18725,18726,2,2,-2.0
18724,18725,18727,28,28,-28.0
18724,18725,18728,18,18,-18.0
18724,18725,18726,1,1,-1.0
18726,18727,18727,1,1,1.0
18726,18727,18727,1,1,1.0
18726,18727,18727,2,2,2.0
18726,18727,18727,1,1,1.0
18726,18727,18727,6,6,6.0
18726,18727,18726,3,-3,3.0
18725,18727,18727,1,1,1.0
18726,18727,18726,1,-1,1.0
18725,18727,18727,4,4,4.0
18726,18727,18726,2,-2,2.0
18726,18727,18726,1,-1,1.0
18725,18726,18726,1,1,1.0
18725,18726,18726,1,1,1.0
18725,18726,18726,1,1,1.0
18726,18727,18726,3,-3,3.0
18725,18727,18726,1,-1,1.0
18726,18727,18726,1,-1,1.0
18726,18727,18726,1,-1,1.0
18726,18727,18726,5,-5,5.0
18726,18727,18725,15,-15,15.0
18725,18727,18725,5,-5,5.0
18725,18726,18726,1,1,1.0
18726,18727,18726,1,-1,1.0
18725,18727,18726,1,-1,1.0
18724,18726,18726,1,1,1.0
18724,18726,18726,3,3,3.0
18725,18727,18726,1,1,-1.0
18726,18727,18727,1,1,1.0
18726,18727,18726,1,-1,1.0
18726,18727,18726,1,-1,1.0
18726,18727,18726,1,-1,1.0
18726,18727,18725,2,-2,2.0
18726,18727,18726,1,-1,1.0
18726,18727,18725,2,-2,2.0
18726,18727,18724,1,-1,1.0
18724,18725,18725,1,1,1.0
18724,18726,18725,1,1,-1.0
18725,18726,18725,1,-1,1.0
18725,18726,18726,1,1,1.0
18725,18726,18725,1,-1,1.0
18725,18726,18726,1,1,1.0
18725,18726,18726,1,1,1.0
18725,18726,18726,2,2,2.0
18726,18727,18727,1,1,1.0
18726,18727,18726,1,-1,1.0
18726,18727,18727,1,1,1.0
18726,18727,18727,1,1,1.0
18726,18727,18727,1,1,1.0
18726,18727,18727,1,1,1.0
18726,18727,18726,5,-5,5.0
18726,18727,18726,1,-1,1.0
18726,18727,18727,1,1,1.0
18726,18727,18727,1,1,1.0
18726,18727,18727,2,2,2.0
18726,18727,18727,7,7,7.0
18726,18727,18728,41,41,-41.0
18726,18727,18727,2,2,2.0
18726,18727,18728,4,4,-4.0
18726,18727,18729,38,38,-38.0
18726,18727,18730,6,6,-6.0
18727,18729,18729,2,2,2.0
18727,18729,18729,2,2,2.0
18728,18729,18728,2,-2,2.0
18728,18729,18727,4,-4,4.0
18727,18729,18729,2,2,2.0
18728,18730,18730,9,9,9.0
18728,18730,18730,31,31,31.0
18728,18730,18731,29,29,-29.0
18728,18730,18730,1,1,1.0
18729,18731,18730,1,1,-1.0
18729,18731,18729,1,-1,1.0
18729,18730,18730,1,1,1.0
18729,18731,18731,3,3,3.0
18729,18730,18729,2,-2,2.0
18729,18730,18729,1,-1,1.0
18729,18730,18729,1,-1,1.0
18728,18730,18730,1,1,1.0
18729,18730,18730,1,1,1.0
18729,18730,18729,1,-1,1.0
18729,18730,18729,1,-1,1.0
18729,18730,18728,1,-1,1.0
18728,18729,18729,2,2,2.0
18728,18729,18729,1,1,1.0
18728,18729,18729,1,1,1.0
18728,18729,18729,1,1,1.0
18728,18729,18729,1,1,1.0
18728,18730,18728,1,-1,1.0
18728,18730,18728,1,-1,1.0
18728,18729,18729,2,2,2.0
18729,18730,18729,6,-6,6.0
18729,18730,18729,1,-1,1.0
18729,18730,18729,1,-1,1.0
18728,18730,18729,1,-1,1.0
18728,18729,18728,1,-1,1.0
18728,18729,18729,2,2,2.0
18729,18730,18729,1,-1,1.0
18729,18730,18729,1,-1,1.0
18729,18730,18729,1,-1,1.0
18729,18730,18728,5,-5,5.0
18729,18730,18729,1,-1,1.0
18729,18730,18729,1,-1,1.0
18729,18730,18729,1,-1,1.0
18729,18730,18729,1,-1,1.0
18728,18729,18729,2,2,2.0
18728,18729,18729,1,1,1.0
18728,18729,18728,1,-1,1.0
18728,18729,18728,11,-11,11.0
18727,18728,18727,1,-1,1.0
18727,18728,18728,1,1,1.0
18727,18728,18727,1,-1,1.0
18727,18728,18727,4,-4,4.0
18726,18728,18727,1,-1,1.0
18726,18728,18726,4,-4,4.0
18726,18728,18728,1,1,1.0
18726,18728,18727,1,1,-1.0
18726,18728,18726,1,-1,1.0
18726,18728,18726,3,-3,3.0
18726,18728,18726,4,-4,4.0
18726,18727,18726,1,-1,1.0
18725,18726,18725,4,-4,4.0
18725,18726,18726,1,1,1.0
18725,18726,18725,5,-5,5.0
18725,18726,18725,4,-4,4.0
18725,18726,18725,1,-1,1.0
18725,18726,18725,1,-1,1.0
18725,18726,18726,1,1,1.0
18725,18726,18725,2,-2,2.0
18725,18726,18725,1,-1,1.0
18725,18726,18725,1,-1,1.0
18725,18726,18726,1,1,1.0
18725,18726,18726,1,1,1.0
18725,18726,18726,1,1,1.0
18725,18726,18726,1,1,1.0
18725,18726,18726,1,1,1.0
18725,18726,18726,1,1,1.0
18725,18727,18727,1,1,1.0
18725,18727,18725,9,-9,9.0
18724,18726,18726,1,1,1.0
18724,18725,18724,1,-1,1.0
18724,18725,18724,6,-6,6.0
18724,18725,18724,1,-1,1.0
18723,18725,18723,5,-5,5.0
18723,18725,18723,1,-1,1.0
18723,18725,18725,1,1,1.0
18723,18725,18723,1,-1,1.0
18723,18725,18725,1,1,1.0
18724,18725,18724,1,-1,1.0
18724,18725,18724,2,-2,2.0
18723,18725,18723,1,-1,1.0
18723,18724,18724,1,1,1.0
18724,18725,18725,1,1,1.0
18724,18725,18724,2,-2,2.0
18724,18725,18724,3,-3,3.0
18724,18725,18724,2,-2,2.0
18723,18724,18724,1,1,1.0
18724,18725,18725,1,1,1.0
18724,18726,18726,1,1,1.0
18725,18726,18725,1,-1,1.0
18724,18726,18724,5,-5,5.0
18724,18726,18726,1,1,1.0
18724,18726,18726,5,5,5.0
18725,18726,18725,2,-2,2.0
18724,18726,18726,3,3,3.0
18725,18726,18726,1,1,1.0
18725,18727,18726,1,1,-1.0
18725,18727,18727,4,4,4.0
18725,18727,18726,3,3,-3.0
18725,18727,18727,1,1,1.0
18725,18727,18727,1,1,1.0
18725,18728,18725,5,-5,5.0
18725,18727,18727,2,2,2.0
18725,18727,18725,1,-1,1.0
18725,18727,18726,2,-2,2.0
18725,18727,18726,3,-3,3.0
18726,18727,18726,1,-1,1.0
18726,18727,18726,1,-1,1.0
18725,18726,18726,4,4,4.0
18725,18726,18725,10,-10,10.0
18725,18726,18725,1,-1,1.0
18725,18726,18725,2,-2,2.0
18725,18726,18725,1,-1,1.0
18724,18725,18724,1,-1,1.0
18724,18725,18724,9,-9,9.0
18724,18725,18724,5,-5,5.0
18724,18725,18725,11,11,11.0
18725,18726,18725,1,-1,1.0
18725,18726,18725,1,-1,1.0
18725,18726,18725,1,-1,1.0
18725,18726,18725,3,-3,3.0
18725,18726,18726,1,1,1.0
18725,18726,18725,1,-1,1.0
18725,18726,18725,1,-1,1.0
18725,18726,18725,1,-1,1.0
18725,18726,18725,3,-3,3.0
18725,18726,18724,1,-1,1.0
18724,18726,18725,1,-1,1.0
18725,18726,18725,1,-1,1.0
18725,18726,18725,3,-3,3.0
18724,18726,18724,5,-5,5.0
18724,18725,18725,1,1,1.0
18724,18725,18724,1,-1,1.0
18724,18725,18725,1,1,1.0
18724,18725,18725,1,1,1.0
18724,18726,18724,2,-2,2.0
18724,18726,18725,3,-3,3.0
18724,18725,18725,1,1,1.0
18725,18726,18725,2,-2,2.0
18725,18726,18725,1,-1,1.0
18725,18726,18724,1,-1,1.0
18725,18726,18725,1,-1,1.0
18725,18726,18725,1,-1,1.0
18724,18726,18724,1,-1,1.0
18724,18726,18724,5,-5,5.0
18724,18726,18724,4,-4,4.0
18724,18726,18724,3,-3,3.0
18724,18726,18724,1,-1,1.0
18724,18726,18724,2,-2,2.0
18724,18726,18723,1,-1,1.0
18724,18726,18723,3,-3,3.0
18724,18726,18723,2,-2,2.0
18724,18726,18723,1,-1,1.0
18724,18726,18723,1,-1,1.0
18724,18726,18723,1,-1,1.0
18724,18726,18723,1,-1,1.0
18724,18726,18723,5,-5,5.0
18724,18726,18723,1,-1,1.0
18724,18726,18723,6,-6,6.0
18724,18726,18723,4,-4,4.0
18724,18726,18722,1,-1,1.0
18724,18726,18722,1,-1,1.0
18724,18726,18722,1,-1,1.0
18722,18723,18722,2,-2,2.0
18722,18723,18722,1,-1,1.0
18722,18724,18723,1,-1,1.0
18723,18724,18723,2,-2,2.0
18723,18724,18723,1,-1,1.0
18723,18724,18723,1,-1,1.0
18723,18724,18723,2,-2,2.0
18722,18723,18723,1,1,1.0
18722,18723,18723,2,2,2.0
18722,18723,18723,3,3,3.0
18722,18723,18723,2,2,2.0
18722,18723,18723,2,2,2.0
18722,18723,18724,3,3,-3.0
18722,18724,18723,1,1,-1.0
18722,18724,18722,5,-5,5.0
18722,18724,18722,1,-1,1.0
18722,18723,18723,3,3,3.0
18722,18723,18722,2,-2,2.0
18722,18723,18722,1,-1,1.0
18722,18723,18723,2,2,2.0
18722,18723,18723,1,1,1.0
18722,18723,18723,2,2,2.0
18722,18723,18723,1,1,1.0
18722,18723,18723,4,4,4.0
18723,18724,18723,1,-1,1.0
18723,18724,18723,1,-1,1.0
18722,18724,18724,1,1,1.0
18722,18724,18724,1,1,1.0
18722,18724,18722,4,-4,4.0
18722,18724,18724,2,2,2.0
18722,18724,18724,1,1,1.0
18722,18724,18724,16,16,16.0
18722,18724,18725,35,35,-35.0
18722,18724,18726,9,9,-9.0
18722,18724,18726,20,20,-20.0
18722,18724,18727,39,39,-39.0
18722,18724,18728,1,1,-1.0
18722,18724,18726,1,1,-1.0
18722,18724,18726,1,1,-1.0
18722,18724,18727,6,6,-6.0
18725,18726,18725,1,-1,1.0
18725,18726,18725,2,-2,2.0
18725,18726,18724,3,-3,3.0
18725,18726,18724,1,-1,1.0
18724,18725,18725,1,1,1.0
18724,18725,18726,1,1,-1.0
18724,18726,18724,1,-1,1.0
18724,18726,18726,2,2,2.0
18724,18726,18726,1,1,1.0
18724,18726,18726,2,2,2.0
18724,18726,18725,1,1,-1.0
18725,18726,18726,1,1,1.0
18725,18726,18726,1,1,1.0
18725,18726,18726,1,1,1.0
18726,18727,18726,1,-1,1.0
18725,18726,18725,1,-1,1.0
18724,18725,18725,1,1,1.0
18724,18726,18725,1,1,-1.0
18724,18726,18725,1,1,-1.0
18724,18725,18724,1,-1,1.0
18724,18725,18724,3,-3,3.0
18723,18725,18723,3,-3,3.0
18723,18724,18723,5,-5,5.0
18723,18724,18724,3,3,3.0
18723,18725,18725,5,5,5.0
18723,18725,18723,1,-1,1.0
18723,18725,18725,1,1,1.0
18723,18724,18723,6,-6,6.0
18722,18724,18722,2,-2,2.0
18722,18724,18722,2,-2,2.0
18722,18724,18722,2,-2,2.0
18722,18724,18722,1,-1,1.0
18722,18724,18722,1,-1,1.0
18722,18724,18722,4,-4,4.0
18722,18724,18723,1,-1,1.0
18722,18724,18722,1,-1,1.0
18722,18724,18724,1,1,1.0
18722,18724,18723,2,2,-2.0
18723,18725,18723,2,-2,2.0
18723,18725,18723,1,-1,1.0
18723,18725,18725,1,1,1.0
18723,18724,18723,1,-1,1.0
18723,18725,18723,1,-1,1.0
18723,18724,18724,1,1,1.0
18724,18725,18725,2,2,2.0
18724,18726,18724,1,-1,1.0
18725,18726,18725,3,-3,3.0
18725,18726,18724,2,-2,2.0
18724,18726,18724,1,-1,1.0
18724,18725,18724,1,-1,1.0
18724,18725,18725,6,6,6.0
18724,18725,18726,9,9,-9.0
18724,18726,18725,1,1,-1.0
18725,18726,18725,1,-1,1.0
18725,18726,18725,2,-2,2.0
18724,18725,18724,2,-2,2.0
18724,18725,18724,1,-1,1.0
18723,18725,18724,1,-1,1.0
18724,18725,18725,3,3,3.0
18725,18726,18725,1,-1,1.0
18725,18726,18725,2,-2,2.0
18725,18726,18725,4,-4,4.0
18725,18726,18725,1,-1,1.0
18725,18726,18725,1,-1,1.0
18725,18726,18725,1,-1,1.0
18724,18725,18725,2,2,2.0
18724,18725,18725,1,1,1.0
18724,18726,18724,5,-5,5.0
18724,18725,18724,3,-3,3.0
18724,18725,18725,2,2,2.0
18724,18725,18725,2,2,2.0
18724,18726,18724,1,-1,1.0
18724,18725,18725,1,1,1.0
18724,18725,18725,1,1,1.0
18724,18725,18724,1,-1,1.0
18724,18725,18724,7,-7,7.0
18723,18724,18723,1,-1,1.0
18723,18724,18723,7,-7,7.0
18723,18724,18723,2,-2,2.0
18723,18724,18723,2,-2,2.0
18723,18724,18723,2,-2,2.0
18723,18724,18723,4,-4,4.0
18723,18724,18723,2,-2,2.0
18722,18724,18722,2,-2,2.0
18722,18723,18722,1,-1,1.0
18722,18723,18722,1,-1,1.0
18722,18723,18722,1,-1,1.0
18722,18723,18722,2,-2,2.0
18722,18723,18722,15,-15,15.0
18722,18723,18722,2,-2,2.0
18721,18723,18721,1,-1,1.0
18721,18723,18721,2,-2,2.0
18721,18723,18721,2,-2,2.0
18721,18723,18722,1,-1,1.0
18721,18723,18723,2,2,2.0
18721,18723,18721,1,-1,1.0
18721,18723,18723,1,1,1.0
18722,18723,18722,1,-1,1.0
18722,18723,18722,1,-1,1.0
18722,18723,18722,1,-1,1.0
18722,18723,18722,1,-1,1.0
18722,18723,18722,6,-6,6.0
18722,18723,18722,1,-1,1.0
18721,18723,18722,1,-1,1.0
18721,18722,18722,1,1,1.0
18721,18722,18722,1,1,1.0
18722,18723,18722,1,-1,1.0
18722,18723,18721,1,-1,1.0
18721,18722,18722,2,2,2.0
18721,18723,18721,5,-5,5.0
18721,18722,18722,1,1,1.0
18721,18723,18722,1,1,-1.0
18721,18722,18721,2,-2,2.0
18721,18722,18721,2,-2,2.0
18721,18722,18721,1,-1,1.0
18721,18722,18721,2,-2,2.0
18721,18722,18721,3,-3,3.0
18720,18721,18721,1,1,1.0
18720,18721,18721,4,4,4.0
18721,18722,18722,3,3,3.0
18721,18722,18721,6,-6,6.0
18720,18721,18721,2,2,2.0
18720,18721,18721,1,1,1.0
18720,18721,18721,1,1,1.0
18721,18722,18722,2,2,2.0
18721,18722,18721,1,-1,1.0
18721,18722,18722,2,2,2.0
18721,18722,18721,1,-1,1.0
18721,18722,18721,1,-1,1.0
18720,18722,18721,1,-1,1.0
18721,18722,18721,1,-1,1.0
18721,18722,18720,4,-4,4.0
18721,18722,18720,1,-1,1.0
18720,18722,18720,2,-2,2.0
18720,18722,18720,2,-2,2.0
18720,18722,18720,2,-2,2.0
18720,18722,18722,1,1,1.0
18720,18722,18720,2,-2,2.0
18720,18722,18721,1,-1,1.0
18720,18722,18721,1,-1,1.0
18720,18722,18722,1,1,1.0
18721,18722,18721,1,-1,1.0
18721,18722,18721,1,-1,1.0
18721,18722,18721,1,-1,1.0
18721,18722,18721,1,-1,1.0
18721,18722,18721,1,-1,1.0
18720,18722,18721,1,-1,1.0
18720,18722,18720,1,-1,1.0
18720,18722,18720,1,-1,1.0
18720,18722,18720,1,-1,1.0
18720,18722,18720,3,-3,3.0
18720,18722,18720,2,-2,2.0
18720,18722,18720,2,-2,2.0
18720,18722,18720,2,-2,2.0
18720,18721,18721,1,1,1.0
18720,18722,18721,1,1,-1.0
18720,18722,18722,1,1,1.0
18720,18722,18720,3,-3,3.0
18720,18722,18721,1,-1,1.0
18721,18722,18721,1,-1,1.0
18721,18722,18721,2,-2,2.0
18721,18722,18722,1,1,1.0
18721,18722,18721,4,-4,4.0
18721,18722,18721,2,-2,2.0
18721,18722,18720,1,-1,1.0
18720,18722,18721,1,-1,1.0
18721,18722,18721,1,-1,1.0
18721,18722,18721,1,-1,1.0
18720,18721,18721,1,1,1.0
18720,18722,18720,5,-5,5.0
18720,18721,18721,1,1,1.0
18720,18721,18722,2,2,-2.0
18721,18722,18721,1,-1,1.0
18720,18722,18721,1,-1,1.0
18720,18721,18721,1,1,1.0
18720,18721,18720,2,-2,2.0
18720,18721,18721,1,1,1.0
18720,18721,18720,4,-4,4.0
18719,18721,18721,2,2,2.0
18719,18721,18720,1,1,-1.0
18719,18720,18720,1,1,1.0
18719,18721,18720,1,1,-1.0
18719,18721,18719,1,-1,1.0
18719,18721,18719,1,-1,1.0
18719,18721,18720,1,-1,1.0
18719,18720,18720,2,2,2.0
18719,18720,18720,1,1,1.0
18719,18720,18720,2,2,2.0
18719,18720,18720,1,1,1.0
18719,18721,18719,5,-5,5.0
18719,18721,18721,1,1,1.0
18720,18721,18720,1,-1,1.0
18719,18721,18720,3,-3,3.0
18720,18721,18721,1,1,1.0
18720,18721,18720,1,-1,1.0
18720,18721,18721,1,1,1.0
18721,18722,18721,1,-1,1.0
18721,18722,18722,1,1,1.0
18721,18722,18722,1,1,1.0
18721,18722,18722,5,5,5.0
18721,18722,18722,1,1,1.0
18721,18723,18722,1,1,-1.0
18721,18723,18722,2,2,-2.0
18722,18723,18723,2,2,2.0
18722,18723,18723,1,1,1.0
18722,18723,18723,1,1,1.0
18722,18723,18723,1,1,1.0
18722,18723,18723,6,6,6.0
18722,18723,18722,5,-5,5.0
18722,18723,18722,2,-2,2.0
18721,18722,18722,2,2,2.0
18721,18722,18722,4,4,4.0
18721,18722,18721,1,-1,1.0
18721,18722,18722,1,1,1.0
18721,18722,18722,2,2,2.0
18721,18722,18721,2,-2,2.0
18721,18722,18721,2,-2,2.0
18721,18722,18721,2,-2,2.0
18721,18722,18721,1,-1,1.0
18721,18722,18722,1,1,1.0
18721,18723,18721,1,-1,1.0
18721,18723,18721,1,-1,1.0
18721,18723,18721,1,-1,1.0
18721,18722,18722,1,1,1.0
18721,18722,18721,1,-1,1.0
18721,18722,18721,4,-4,4.0
18721,18722,18721,1,-1,1.0
18721,18722,18722,1,1,1.0
18721,18722,18722,1,1,1.0
18721,18722,18722,7,7,7.0
18721,18722,18722,1,1,1.0
18722,18723,18722,2,-2,2.0
18722,18723,18722,2,-2,2.0
18722,18723,18723,1,1,1.0
18722,18723,18723,7,7,7.0
18723,18724,18723,2,-2,2.0
18723,18724,18723,5,-5,5.0
18723,18724,18723,1,-1,1.0
18723,18724,18723,1,-1,1.0
18723,18724,18724,1,1,1.0
18723,18724,18723,1,-1,1.0
18723,18724,18723,1,-1,1.0
18723,18724,18723,2,-2,2.0
18723,18724,18723,2,-2,2.0
18722,18724,18723,1,-1,1.0
18722,18724,18722,3,-3,3.0
18721,18722,18722,1,1,1.0
18721,18722,18721,1,-1,1.0
18721,18722,18721,1,-1,1.0
18721,18722,18721,1,-1,1.0
18721,18722,18721,1,-1,1.0
18720,18722,18721,1,-1,1.0
18721,18722,18722,1,1,1.0
18721,18722,18721,1,-1,1.0
18720,18721,18721,1,1,1.0
18721,18722,18721,5,-5,5.0
18721,18722,18721,1,-1,1.0
18720,18721,18721,2,2,2.0
18720,18721,18720,1,-1,1.0
18720,18721,18720,4,-4,4.0
18720,18721,18720,1,-1,1.0
18720,18721,18720,2,-2,2.0
18720,18721,18720,3,-3,3.0
18720,18721,18720,2,-2,2.0
18720,18721,18720,1,-1,1.0
18720,18721,18720,1,-1,1.0
18720,18721,18720,12,-12,12.0
18720,18721,18719,1,-1,1.0
18719,18720,18720,2,2,2.0
18719,18720,18720,1,1,1.0
18719,18721,18721,1,1,1.0
18719,18721,18719,2,-2,2.0
18719,18721,18719,17,-17,17.0
18719,18720,18720,1,1,1.0
18719,18720,18720,1,1,1.0
18719,18720,18719,5,-5,5.0
18719,18720,18720,1,1,1.0
18720,18722,18720,2,-2,2.0
18719,18721,18719,1,-1,1.0
18719,18721,18720,1,-1,1.0
18720,18721,18720,1,-1,1.0
18719,18721,18719,1,-1,1.0
18719,18721,18720,1,-1,1.0
18719,18720,18720,2,2,2.0
18719,18720,18721,1,1,-1.0
18720,18721,18720,2,-2,2.0
18720,18721,18721,1,1,1.0
18720,18721,18720,5,-5,5.0
18720,18721,18721,2,2,2.0
18720,18721,18720,5,-5,5.0
18720,18721,18721,1,1,1.0
18720,18721,18721,1,1,1.0
18720,18721,18720,1,-1,1.0
18720,18721,18721,2,2,2.0
18720,18721,18720,2,-2,2.0
18720,18721,18720,1,-1,1.0
18720,18721,18720,1,-1,1.0
18720,18721,18720,1,-1,1.0
18720,18721,18721,10,10,10.0
18721,18722,18722,2,2,2.0
18721,18723,18721,1,-1,1.0
18721,18723,18721,2,-2,2.0
18720,18722,18721,1,-1,1.0
18720,18721,18721,1,1,1.0
18720,18721,18721,1,1,1.0
18720,18722,18721,1,1,-1.0
18721,18722,18721,1,-1,1.0
18721,18722,18721,4,-4,4.0
18720,18722,18721,1,-1,1.0
18720,18722,18721,1,-1,1.0
18720,18721,18721,1,1,1.0
18720,18721,18720,1,-1,1.0
18720,18721,18720,23,-23,23.0
18720,18721,18720,1,-1,1.0
18719,18720,18719,1,-1,1.0
18719,18720,18719,5,-5,5.0
18719,18720,18719,1,-1,1.0
18719,18720,18719,1,-1,1.0
18719,18720,18719,5,-5,5.0
18719,18720,18719,1,-1,1.0
18719,18720,18720,5,5,5.0
18719,18720,18720,1,1,1.0
18719,18720,18719,1,-1,1.0
18719,18720,18720,1,1,1.0
18719,18721,18719,3,-3,3.0
18719,18721,18720,1,-1,1.0
18719,18720,18719,3,-3,3.0
18719,18720,18719,1,-1,1.0
18719,18720,18719,19,-19,19.0
18719,18720,18719,4,-4,4.0
18718,18720,18719,2,-2,2.0
18718,18719,18719,1,1,1.0
18719,18720,18719,2,-2,2.0
18719,18720,18719,3,-3,3.0
18718,18720,18718,2,-2,2.0
18718,18720,18718,5,-5,5.0
18718,18720,18718,2,-2,2.0
18718,18720,18718,2,-2,2.0
18718,18719,18718,5,-5,5.0
18718,18719,18718,1,-1,1.0
18718,18719,18718,1,-1,1.0
18718,18719,18718,1,-1,1.0
18718,18719,18718,2,-2,2.0
18718,18719,18718,1,-1,1.0
18718,18719,18718,3,-3,3.0
18718,18719,18718,2,-2,2.0
18718,18719,18718,1,-1,1.0
18718,18719,18718,1,-1,1.0
18718,18719,18718,3,-3,3.0
18717,18718,18717,2,-2,2.0
18717,18718,18717,1,-1,1.0
18717,18718,18717,1,-1,1.0
18717,18718,18717,7,-7,7.0
18717,18718,18718,3,3,3.0
18717,18718,18718,10,10,10.0
18717,18718,18718,2,2,2.0
18718,18719,18718,1,-1,1.0
18718,18719,18718,1,-1,1.0
18718,18719,18718,2,-2,2.0
18718,18719,18718,1,-1,1.0
18717,18719,18717,1,-1,1.0
18717,18718,18717,1,-1,1.0
18717,18718,18717,1,-1,1.0
18717,18718,18717,1,-1,1.0
18717,18718,18717,1,-1,1.0
18717,18718,18717,1,-1,1.0
18717,18718,18717,1,-1,1.0
18717,18718,18718,1,1,1.0
18717,18718,18717,1,-1,1.0
18717,18718,18717,1,-1,1.0
18717,18718,18718,6,6,6.0
18717,18718,18718,1,1,1.0
18717,18718,18717,1,-1,1.0
18717,18718,18718,4,4,4.0
18718,18719,18718,1,-1,1.0
18718,18719,18719,1,1,1.0
18718,18719,18718,16,-16,16.0
18718,18719,18718,1,-1,1.0
18718,18719,18718,9,-9,9.0
18718,18719,18717,2,-2,2.0
18717,18719,18717,1,-1,1.0
18718,18719,18718,1,-1,1.0
18717,18718,18718,1,1,1.0
18718,18719,18718,1,-1,1.0
18717,18718,18718,1,1,1.0
18717,18718,18717,1,-1,1.0
18717,18718,18717,1,-1,1.0
18717,18718,18718,1,1,1.0
18717,18718,18718,1,1,1.0
18717,18718,18718,3,3,3.0
18717,18718,18717,2,-2,2.0
18717,18718,18717,2,-2,2.0
18717,18718,18718,3,3,3.0
18717,18718,18718,2,2,2.0
18717,18718,18717,13,-13,13.0
18717,18718,18717,9,-9,9.0
18716,18717,18717,1,1,1.0
18716,18717,18716,1,-1,1.0
18716,18717,18716,1,-1,1.0
18716,18717,18716,5,-5,5.0
18716,18717,18716,10,-10,10.0
18716,18717,18716,1,-1,1.0
18716,18717,18717,2,2,2.0
18716,18718,18716,10,-10,10.0
18717,18718,18717,2,-2,2.0
18717,18718,18717,2,-2,2.0
18717,18718,18717,2,-2,2.0
18717,18718,18717,1,-1,1.0
18716,18717,18716,2,-2,2.0
18716,18717,18716,1,-1,1.0
18716,18717,18717,1,1,1.0
18716,18717,18716,1,-1,1.0
18716,18717,18716,1,-1,1.0
18716,18717,18716,2,-2,2.0
18716,18717,18716,4,-4,4.0
18716,18717,18716,1,-1,1.0
18716,18717,18716,2,-2,2.0
18716,18717,18716,4,-4,4.0
18716,18717,18716,1,-1,1.0
18716,18717,18716,1,-1,1.0
18716,18717,18716,1,-1,1.0
18716,18717,18716,5,-5,5.0
18716,18717,18716,1,-1,1.0
18716,18717,18716,1,-1,1.0
18716,18717,18716,6,-6,6.0
18716,18717,18716,1,-1,1.0
18716,18717,18716,2,-2,2.0
18716,18717,18716,5,-5,5.0
18715,18716,18716,2,2,2.0
18715,18716,18716,1,1,1.0
18715,18716,18716,1,1,1.0
18715,18716,18716,1,1,1.0
18715,18716,18716,3,3,3.0
18715,18716,18715,1,-1,1.0
18715,18716,18715,3,-3,3.0
18715,18716,18715,3,-3,3.0
18715,18716,18715,1,-1,1.0
18715,18716,18715,4,-4,4.0
18715,18716,18715,2,-2,2.0
18715,18716,18715,3,-3,3.0
18715,18716,18715,1,-1,1.0
18715,18716,18715,2,-2,2.0
18715,18716,18715,2,-2,2.0
18715,18716,18715,1,-1,1.0
18715,18716,18715,1,-1,1.0
18715,18716,18715,7,-7,7.0
18715,18716,18715,3,-3,3.0
18715,18716,18715,2,-2,2.0
18715,18716,18715,1,-1,1.0
18715,18716,18715,1,-1,1.0
18715,18716,18715,2,-2,2.0
18715,18716,18715,1,-1,1.0
18715,18716,18715,6,-6,6.0
18714,18716,18715,1,-1,1.0
18715,18716,18715,1,-1,1.0
18715,18716,18715,5,-5,5.0
18715,18716,18715,1,-1,1.0
18715,18716,18715,2,-2,2.0
18715,18716,18715,1,-1,1.0
18715,18716,18715,1,-1,1.0
18715,18716,18715,3,-3,3.0
18715,18716,18716,1,1,1.0
18715,18716,18716,1,1,1.0
18715,18716,18715,1,-1,1.0
18715,18716,18715,1,-1,1.0
18715,18716,18715,5,-5,5.0
18714,18715,18715,1,1,1.0
18714,18715,18715,1,1,1.0
18715,18716,18715,1,-1,1.0
18715,18716,18715,2,-2,2.0
18715,18716,18714,2,-2,2.0
18715,18716,18715,4,-4,4.0
18715,18716,18715,2,-2,2.0
18715,18716,18714,3,-3,3.0
18714,18715,18714,1,-1,1.0
18714,18715,18715,1,1,1.0
18714,18715,18714,3,-3,3.0
18714,18715,18714,1,-1,1.0
18714,18715,18715,1,1,1.0
18714,18715,18715,1,1,1.0
18714,18715,18715,1,1,1.0
18714,18715,18714,10,-10,10.0
18714,18715,18714,3,-3,3.0
18714,18715,18715,7,7,7.0
18715,18716,18715,1,-1,1.0
18715,18716,18715,1,-1,1.0
18715,18716,18715,1,-1,1.0
18715,18716,18715,3,-3,3.0
18714,18715,18715,1,1,1.0
18714,18715,18714,5,-5,5.0
18714,18715,18715,1,1,1.0
18714,18715,18715,4,4,4.0
18715,18716,18715,2,-2,2.0
18714,18716,18716,1,1,1.0
18715,18716,18715,1,-1,1.0
18714,18716,18714,3,-3,3.0
18714,18716,18716,2,2,2.0
18715,18716,18716,2,2,2.0
18715,18716,18716,2,2,2.0
18715,18716,18716,5,5,5.0
18715,18716,18716,1,1,1.0
18716,18717,18716,1,-1,1.0
18716,18717,18716,3,-3,3.0
18715,18717,18717,5,5,5.0
18715,18717,18717,3,3,3.0
18715,18717,18717,7,7,7.0
18717,18718,18717,1,-1,1.0
18717,18718,18717,1,-1,1.0
18717,18718,18717,6,-6,6.0
18717,18718,18717,2,-2,2.0
18717,18718,18717,1,-1,1.0
18716,18717,18717,1,1,1.0
18716,18717,18716,6,-6,6.0
18715,18717,18715,3,-3,3.0
18715,18717,18715,2,-2,2.0
18715,18716,18716,1,1,1.0
18715,18716,18715,4,-4,4.0
18715,18716,18715,3,-3,3.0
18715,18716,18716,1,1,1.0
18715,18717,18715,1,-1,1.0
18715,18717,18715,1,-1,1.0
18715,18717,18715,3,-3,3.0
18716,18717,18716,1,-1,1.0
18715,18717,18717,1,1,1.0
18715,18717,18715,1,-1,1.0
18715,18717,18716,1,-1,1.0
18714,18716,18715,1,-1,1.0
18715,18716,18716,4,4,4.0
18715,18716,18716,6,6,6.0
18715,18716,18716,1,1,1.0
18715,18717,18717,4,4,4.0
18715,18717,18716,1,1,-1.0
18715,18717,18715,6,-6,6.0
18715,18717,18716,1,-1,1.0
18715,18716,18715,4,-4,4.0
18715,18716,18714,5,-5,5.0
18715,18716,18715,1,-1,1.0
18714,18715,18714,1,-1,1.0
18714,18715,18714,1,-1,1.0
18714,18715,18714,2,-2,2.0
18714,18715,18714,2,-2,2.0
18714,18715,18714,2,-2,2.0
18714,18715,18714,2,-2,2.0
18714,18715,18714,2,-2,2.0
18714,18715,18714,2,-2,2.0
18714,18715,18714,2,-2,2.0
18714,18715,18714,2,-2,2.0
18714,18715,18714,1,-1,1.0
18714,18715,18714,2,-2,2.0
18714,18715,18714,2,-2,2.0
18714,18715,18713,1,-1,1.0
18713,18715,18715,1,1,1.0
18713,18715,18713,4,-4,4.0
18713,18715,18713,1,-1,1.0
18713,18715,18713,1,-1,1.0
18713,18715,18713,4,-4,4.0
18713,18715,18713,5,-5,5.0
18713,18715,18713,1,-1,1.0
18713,18715,18713,1,-1,1.0
18713,18715,18713,1,-1,1.0
18713,18715,18713,1,-1,1.0
18713,18715,18713,1,-1,1.0
18713,18715,18713,1,-1,1.0
18713,18715,18713,2,-2,2.0
18713,18714,18713,1,-1,1.0
18713,18714,18713,1,-1,1.0
18712,18713,18712,1,-1,1.0
18712,18713,18712,1,-1,1.0
18712,18713,18713,2,2,2.0
18712,18713,18712,1,-1,1.0
18712,18713,18712,1,-1,1.0
18712,18713,18712,1,-1,1.0
18712,18713,18712,12,-12,12.0
18712,18713,18712,1,-1,1.0
18712,18713,18712,1,-1,1.0
18712,18713,18712,1,-1,1.0
18712,18713,18713,1,1,1.0
18712,18713,18712,1,-1,1.0
18712,18713,18712,2,-2,2.0
18712,18713,18713,2,2,2.0
18712,18713,18712,1,-1,1.0
18712,18713,18713,1,1,1.0
18712,18713,18713,1,1,1.0
18712,18713,18713,1,1,1.0
18712,18713,18713,2,2,2.0
18712,18714,18714,1,1,1.0
18713,18714,18713,1,-1,1.0
18713,18714,18713,2,-2,2.0
18713,18714,18714,1,1,1.0
18713,18714,18714,1,1,1.0
18713,18714,18714,1,1,1.0
18713,18714,18714,1,1,1.0
18713,18714,18714,1,1,1.0
18713,18714,18714,1,1,1.0
18713,18714,18714,1,1,1.0
18713,18714,18714,13,13,13.0
18713,18714,18715,12,12,-12.0
18713,18714,18716,10,10,-10.0
18713,18714,18717,3,3,-3.0
18713,18714,18717,8,8,-8.0
18716,18718,18717,4,4,-4.0
18716,18718,18717,1,1,-1.0
18716,18718,18717,1,1,-1.0
18716,18718,18718,6,6,6.0
18716,18718,18718,2,2,2.0
18716,18718,18718,1,1,1.0
18716,18718,18718,2,2,2.0
18716,18718,18718,1,1,1.0
18716,18718,18719,9,9,-9.0
18716,18718,18719,1,1,-1.0
18718,18720,18720,1,1,1.0
18718,18720,18720,3,3,3.0
18718,18720,18718,1,-1,1.0
18718,18720,18719,2,-2,2.0
18718,18720,18720,1,1,1.0
18718,18720,18719,1,1,-1.0
18718,18720,18720,1,1,1.0
18718,18720,18720,1,1,1.0
18718,18720,18720,1,1,1.0
18719,18720,18720,1,1,1.0
18719,18720,18720,1,1,1.0
18719,18720,18720,9,9,9.0
18719,18720,18721,1,1,-1.0
18719,18720,18719,1,-1,1.0
18720,18721,18720,2,-2,2.0
18720,18721,18721,1,1,1.0
18720,18721,18720,1,-1,1.0
18720,18721,18720,1,-1,1.0
18720,18721,18719,7,-7,7.0
18720,18721,18719,5,-5,5.0
18719,18721,18721,1,1,1.0
18719,18721,18721,1,1,1.0
18719,18721,18720,1,1,-1.0
18719,18721,18721,1,1,1.0
18719,18721,18721,1,1,1.0
18720,18721,18721,1,1,1.0
18720,18721,18720,1,-1,1.0
18720,18721,18721,1,1,1.0
18720,18721,18721,1,1,1.0
18720,18721,18721,10,10,10.0
18720,18721,18721,6,6,6.0
18720,18721,18722,4,4,-4.0
18721,18722,18722,12,12,12.0
18721,18723,18721,1,-1,1.0
18721,18723,18723,1,1,1.0
18721,18723,18723,2,2,2.0
18722,18723,18723,2,2,2.0
18722,18723,18723,2,2,2.0
18722,18723,18723,2,2,2.0
18723,18724,18723,3,-3,3.0
18723,18724,18724,2,2,2.0
18723,18724,18724,1,1,1.0
18723,18724,18723,2,-2,2.0
18723,18724,18723,1,-1,1.0
18723,18724,18724,1,1,1.0
18723,18724,18724,1,1,1.0
18723,18724,18724,1,1,1.0
18723,18724,18724,1,1,1.0
18723,18724,18723,1,-1,1.0
18723,18724,18724,1,1,1.0
18723,18724,18723,3,-3,3.0
18723,18724,18723,5,-5,5.0
18722,18724,18724,1,1,1.0
18722,18723,18722,2,-2,2.0
18722,18723,18722,2,-2,2.0
18721,18723,18721,1,-1,1.0
18721,18722,18722,1,1,1.0
18721,18722,18723,4,4,-4.0
18721,18723,18723,5,5,5.0
18721,18723,18721,1,-1,1.0
18721,18723,18722,1,-1,1.0
18721,18723,18723,4,4,4.0
18721,18723,18723,1,1,1.0
18721,18722,18722,1,1,1.0
18722,18723,18723,5,5,5.0
18722,18723,18722,1,-1,1.0
18722,18723,18722,1,-1,1.0
18722,18723,18722,6,-6,6.0
18722,18723,18721,2,-2,2.0
18720,18721,18720,2,-2,2.0
18720,18721,18720,2,-2,2.0
18720,18721,18720,1,-1,1.0
18720,18721,18720,1,-1,1.0
18720,18721,18720,1,-1,1.0
18720,18721,18720,2,-2,2.0
18720,18721,18720,1,-1,1.0
18720,18721,18720,1,-1,1.0
18719,18721,18719,2,-2,2.0
18719,18721,18719,19,-19,19.0
18719,18721,18718,10,-10,10.0
18718,18720,18718,5,-5,5.0
18718,18719,18718,5,-5,5.0
18718,18719,18718,2,-2,2.0
18717,18719,18719,2,2,2.0
18717,18718,18718,1,1,1.0
18717,18718,18718,1,1,1.0
18718,18719,18719,1,1,1.0
18718,18719,18720,11,11,-11.0
18719,18720,18720,1,1,1.0
18719,18720,18721,1,1,-1.0
18719,18720,18720,1,1,1.0
18720,18721,18720,1,-1,1.0
18720,18721,18720,1,-1,1.0
18720,18721,18721,2,2,2.0
18720,18721,18721,9,9,9.0
18720,18721,18721,2,2,2.0
18721,18722,18721,1,-1,1.0
18721,18722,18722,1,1,1.0
18721,18722,18722,1,1,1.0
18721,18722,18723,1,1,-1.0
18721,18723,18721,5,-5,5.0
18721,18723,18723,1,1,1.0
18721,18723,18721,1,-1,1.0
18721,18722,18721,1,-1,1.0
18721,18722,18721,1,-1,1.0
18721,18722,18721,1,-1,1.0
18721,18722,18721,1,-1,1.0
18721,18722,18721,1,-1,1.0
18721,18722,18721,1,-1,1.0
18720,18721,18721,3,3,3.0
18720,18721,18721,1,1,1.0
18721,18722,18721,7,-7,7.0
18721,18722,18720,15,-15,15.0
18720,18722,18720,2,-2,2.0
18721,18722,18722,1,1,1.0
18721,18722,18722,1,1,1.0
18721,18722,18722,2,2,2.0
18721,18722,18722,5,5,5.0
18722,18723,18722,1,-1,1.0
18722,18723,18723,2,2,2.0
18722,18723,18722,5,-5,5.0
18722,18723,18722,1,-1,1.0
18721,18723,18723,1,1,1.0
18722,18723,18722,1,-1,1.0
18722,18723,18722,3,-3,3.0
18721,18722,18722,1,1,1.0
18721,18722,18722,1,1,1.0
18721,18722,18722,1,1,1.0
18721,18722,18722,1,1,1.0
18721,18722,18723,1,1,-1.0
18721,18723,18722,1,1,-1.0
18722,18723,18722,1,-1,1.0
18721,18723,18723,1,1,1.0
18721,18723,18723,1,1,1.0
18721,18723,18721,2,-2,2.0
18721,18722,18721,6,-6,6.0
18721,18722,18722,1,1,1.0
18721,18722,18722,1,1,1.0
18721,18722,18721,1,-1,1.0
18721,18722,18722,1,1,1.0
18721,18722,18721,1,-1,1.0
18721,18722,18722,5,5,5.0
18721,18723,18723,5,5,5.0
18721,18722,18722,7,7,7.0
18722,18723,18723,2,2,2.0
18722,18723,18723,1,1,1.0
18722,18724,18722,1,-1,1.0
18722,18723,18723,1,1,1.0
18722,18723,18723,1,1,1.0
18722,18723,18723,5,5,5.0
18722,18723,18724,7,7,-7.0
18722,18724,18724,5,5,5.0
18722,18724,18724,1,1,1.0
18722,18724,18724,1,1,1.0
18722,18724,18724,1,1,1.0
18722,18724,18724,2,2,2.0
18724,18725,18724,3,-3,3.0
18724,18725,18723,2,-2,2.0
18724,18725,18725,2,2,2.0
18724,18725,18725,4,4,4.0
18724,18725,18725,21,21,21.0
18725,18726,18725,14,-14,14.0
18725,18726,18724,17,-17,17.0
18725,18726,18724,4,-4,4.0
18724,18726,18726,2,2,2.0
18725,18726,18725,1,-1,1.0
18725,18726,18725,1,-1,1.0
18725,18726,18725,1,-1,1.0
18725,18726,18724,4,-4,4.0
18725,18726,18724,2,-2,2.0
18724,18725,18725,1,1,1.0
18724,18726,18726,12,12,12.0
18724,18725,18725,2,2,2.0
18725,18726,18726,4,4,4.0
18726,18727,18726,1,-1,1.0
18726,18727,18726,1,-1,1.0
18726,18727,18727,5,5,5.0
18726,18727,18726,2,-2,2.0
18726,18727,18727,1,1,1.0
18726,18727,18727,5,5,5.0
18726,18727,18727,1,1,1.0
18726,18727,18727,5,5,5.0
18726,18727,18727,6,6,6.0
18727,18728,18728,3,3,3.0
18727,18728,18727,1,-1,1.0
18727,18728,18728,1,1,1.0
18727,18728,18728,4,4,4.0
18727,18728,18728,15,15,15.0
18728,18729,18728,8,-8,8.0
18728,18729,18729,5,5,5.0
18728,18729,18729,3,3,3.0
18728,18729,18729,2,2,2.0
18728,18729,18729,1,1,1.0
18728,18729,18729,1,1,1.0
18728,18729,18729,1,1,1.0
18728,18729,18728,1,-1,1.0
18728,18729,18729,2,2,2.0
18728,18729,18729,2,2,2.0
18728,18729,18729,3,3,3.0
18728,18729,18728,1,-1,1.0
18728,18730,18729,2,-2,2.0
18728,18729,18729,1,1,1.0
18728,18730,18730,3,3,3.0
18728,18730,18730,1,1,1.0
18728,18730,18730,1,1,1.0
18729,18730,18730,1,1,1.0
18729,18730,18730,1,1,1.0
18729,18730,18730,1,1,1.0
18729,18730,18729,1,-1,1.0
18729,18730,18729,1,-1,1.0
18729,18730,18729,8,-8,8.0
18729,18730,18728,4,-4,4.0
18728,18729,18729,3,3,3.0
18728,18729,18729,2,2,2.0
18728,18729,18729,1,1,1.0
18728,18729,18729,4,4,4.0
18728,18729,18729,1,1,1.0
18728,18729,18728,3,-3,3.0
18728,18729,18728,1,-1,1.0
18728,18729,18729,1,1,1.0
18728,18729,18729,1,1,1.0
18728,18729,18729,5,5,5.0
18728,18729,18728,2,-2,2.0
18728,18729,18728,1,-1,1.0
18727,18728,18727,1,-1,1.0
18727,18728,18728,1,1,1.0
18727,18729,18728,1,1,-1.0
18728,18729,18729,5,5,5.0
18728,18729,18728,1,-1,1.0
18728,18729,18728,1,-1,1.0
18728,18729,18729,2,2,2.0
18728,18730,18729,2,2,-2.0
18728,18730,18730,10,10,10.0
18729,18730,18730,13,13,13.0
18730,18731,18730,5,-5,5.0
18730,18731,18730,2,-2,2.0
18730,18731,18730,1,-1,1.0
18730,18731,18730,2,-2,2.0
18730,18731,18730,1,-1,1.0
18730,18731,18730,1,-1,1.0
18730,18731,18730,1,-1,1.0
18730,18731,18730,5,-5,5.0
18730,18731,18730,1,-1,1.0
18730,18731,18730,1,-1,1.0
18730,18731,18730,3,-3,3.0
18730,18731,18729,1,-1,1.0
18730,18731,18729,8,-8,8.0
18730,18731,18729,4,-4,4.0
18730,18731,18729,2,-2,2.0
18730,18731,18729,1,-1,1.0
18730,18731,18729,1,-1,1.0
18730,18731,18729,2,-2,2.0
18728,18729,18729,1,1,1.0
18728,18729,18728,1,-1,1.0
18728,18729,18728,1,-1,1.0
18728,18729,18728,1,-1,1.0
18728,18729,18728,1,-1,1.0
18728,18729,18728,1,-1,1.0
18727,18728,18728,2,2,2.0
18728,18729,18729,2,2,2.0
18728,18729,18728,1,-1,1.0
18728,18729,18728,1,-1,1.0
18728,18729,18729,1,1,1.0
18728,18729,18730,7,7,-7.0
18728,18730,18730,3,3,3.0
18729,18730,18730,1,1,1.0
18729,18730,18729,1,-1,1.0
18729,18730,18730,2,2,2.0
18729,18730,18729,5,-5,5.0
18729,18730,18730,9,9,9.0
18729,18730,18730,4,4,4.0
18729,18730,18730,1,1,1.0
18729,18731,18731,1,1,1.0
18730,18731,18731,1,1,1.0
18730,18731,18731,1,1,1.0
18730,18731,18731,1,1,1.0
18730,18731,18730,6,-6,6.0
18729,18730,18730,1,1,1.0
18729,18730,18730,1,1,1.0
18729,18730,18730,5,5,5.0
18730,18731,18730,3,-3,3.0
18730,18731,18730,1,-1,1.0
18730,18731,18731,1,1,1.0
18730,18731,18731,2,2,2.0
18730,18731,18730,5,-5,5.0
18730,18731,18730,2,-2,2.0
18730,18731,18731,1,1,1.0
18730,18731,18731,2,2,2.0
18730,18731,18730,1,-1,1.0
18730,18731,18730,5,-5,5.0
18730,18731,18730,1,-1,1.0
18729,18730,18730,2,2,2.0
18729,18730,18729,2,-2,2.0
18729,18730,18730,2,2,2.0
18729,18730,18730,2,2,2.0
18729,18730,18730,1,1,1.0
18729,18731,18729,3,-3,3.0
18729,18730,18729,3,-3,3.0
18729,18730,18730,2,2,2.0
18729,18730,18729,1,-1,1.0
18729,18730,18730,3,3,3.0
18729,18730,18730,1,1,1.0
18729,18730,18730,1,1,1.0
18729,18730,18730,6,6,6.0
18730,18731,18730,1,-1,1.0
18729,18731,18731,1,1,1.0
18729,18730,18730,1,1,1.0
18729,18730,18730,6,6,6.0
18729,18730,18730,1,1,1.0
18729,18730,18729,3,-3,3.0
18729,18730,18729,1,-1,1.0
18729,18730,18729,1,-1,1.0
18728,18730,18729,1,-1,1.0
18728,18730,18730,1,1,1.0
18728,18730,18730,2,2,2.0
18728,18730,18728,1,-1,1.0
18728,18730,18730,8,8,8.0
18728,18730,18730,1,1,1.0
18729,18730,18730,1,1,1.0
18729,18730,18729,3,-3,3.0
18728,18730,18728,1,-1,1.0
18729,18730,18729,1,-1,1.0
18729,18730,18729,2,-2,2.0
18728,18729,18729,1,1,1.0
18728,18730,18728,1,-1,1.0
18729,18730,18729,1,-1,1.0
18729,18730,18730,1,1,1.0
18729,18730,18729,1,-1,1.0
18729,18730,18729,3,-3,3.0
18729,18730,18729,3,-3,3.0
18729,18730,18729,1,-1,1.0
18729,18730,18729,2,-2,2.0
18729,18730,18729,1,-1,1.0
18729,18730,18728,3,-3,3.0
18728,18730,18728,5,-5,5.0
18728,18730,18728,5,-5,5.0
18728,18729,18728,3,-3,3.0
18728,18729,18728,1,-1,1.0
18728,18729,18729,1,1,1.0
18728,18729,18729,5,5,5.0
18728,18730,18729,1,1,-1.0
18729,18730,18729,5,-5,5.0
18729,18730,18728,1,-1,1.0
18729,18730,18729,4,-4,4.0
18728,18729,18729,3,3,3.0
18728,18729,18729,6,6,6.0
18728,18729,18729,1,1,1.0
18728,18729,18729,1,1,1.0
18728,18729,18728,1,-1,1.0
18728,18729,18728,2,-2,2.0
18727,18728,18728,2,2,2.0
18728,18729,18728,1,-1,1.0
18727,18729,18728,1,-1,1.0
18728,18729,18729,1,1,1.0
18728,18729,18728,1,-1,1.0
18728,18729,18729,1,1,1.0
18728,18729,18729,1,1,1.0
18728,18729,18729,1,1,1.0
18728,18729,18729,10,10,10.0
18728,18729,18729,1,1,1.0
18728,18729,18729,1,1,1.0
18728,18729,18728,1,-1,1.0
18727,18729,18729,1,1,1.0
18728,18729,18729,1,1,1.0
18728,18729,18729,1,1,1.0
18728,18729,18728,1,-1,1.0
18728,18729,18729,1,1,1.0
18728,18729,18728,1,-1,1.0
18727,18729,18729,3,3,3.0
18728,18729,18729,1,1,1.0
18728,18730,18728,1,-1,1.0
18729,18730,18729,1,-1,1.0
18728,18730,18729,2,-2,2.0
18729,18730,18730,3,3,3.0
18729,18730,18730,10,10,10.0
18729,18730,18729,2,-2,2.0
18729,18730,18729,1,-1,1.0
18728,18729,18729,1,1,1.0
18728,18729,18728,1,-1,1.0
18728,18729,18729,1,1,1.0
18728,18730,18729,1,1,-1.0
18728,18730,18728,1,-1,1.0
18728,18730,18729,1,-1,1.0
18728,18729,18729,7,7,7.0
18728,18729,18729,1,1,1.0
18728,18730,18729,1,1,-1.0
18728,18730,18729,1,1,-1.0
18728,18730,18730,3,3,3.0
18729,18730,18729,1,-1,1.0
18729,18730,18730,1,1,1.0
18729,18730,18730,2,2,2.0
18729,18730,18729,1,-1,1.0
18729,18730,18730,4,4,4.0
18729,18731,18729,5,-5,5.0
18729,18731,18730,1,-1,1.0
18729,18731,18729,1,-1,1.0
18729,18731,18729,1,-1,1.0
18729,18731,18729,4,-4,4.0
18729,18731,18730,4,-4,4.0
18730,18731,18731,1,1,1.0
18730,18731,18731,10,10,10.0
18730,18731,18731,19,19,19.0
18731,18732,18731,1,-1,1.0
18731,18732,18731,1,-1,1.0
18731,18732,18731,1,-1,1.0
18731,18732,18731,1,-1,1.0
18731,18732,18731,2,-2,2.0
18731,18732,18730,1,-1,1.0
18730,18731,18730,3,-3,3.0
18730,18731,18730,4,-4,4.0
18730,18731,18730,1,-1,1.0
18729,18730,18730,2,2,2.0
18729,18730,18729,1,-1,1.0
18729,18730,18730,10,10,10.0
18729,18730,18729,1,-1,1.0
18729,18730,18730,1,1,1.0
18729,18730,18729,6,-6,6.0
18729,18730,18729,1,-1,1.0
18729,18730,18729,2,-2,2.0
18729,18730,18729,2,-2,2.0
18729,18730,18729,1,-1,1.0
18729,18730,18730,2,2,2.0
18729,18730,18730,6,6,6.0
18729,18730,18731,4,4,-4.0
18729,18731,18729,1,-1,1.0
18729,18731,18731,10,10,10.0
18729,18731,18729,1,-1,1.0
18729,18731,18729,5,-5,5.0
18729,18731,18729,4,-4,4.0
18729,18731,18729,1,-1,1.0
18729,18730,18730,1,1,1.0
18730,18731,18730,1,-1,1.0
18730,18731,18730,1,-1,1.0
18730,18731,18731,4,4,4.0
18730,18732,18730,1,-1,1.0
18730,18731,18731,2,2,2.0
18729,18731,18731,1,1,1.0
18729,18731,18731,10,10,10.0
18730,18731,18730,2,-2,2.0
18730,18731,18730,1,-1,1.0
18730,18731,18731,10,10,10.0
18730,18731,18731,1,1,1.0
18730,18732,18730,1,-1,1.0
18731,18732,18731,1,-1,1.0
18731,18732,18732,2,2,2.0
18731,18732,18732,36,36,36.0
18731,18732,18732,1,1,1.0
18732,18733,18733,1,1,1.0
18732,18733,18733,1,1,1.0
18732,18733,18733,1,1,1.0
18732,18733,18733,1,1,1.0
18732,18733,18733,2,2,2.0
18732,18733,18733,1,1,1.0
18732,18733,18733,1,1,1.0
18732,18733,18733,1,1,1.0
18732,18733,18733,2,2,2.0
18732,18733,18733,1,1,1.0
18732,18733,18733,3,3,3.0
18732,18733,18733,1,1,1.0
18732,18733,18733,1,1,1.0
18732,18733,18733,1,1,1.0
18732,18733,18733,1,1,1.0
18732,18733,18733,10,10,10.0
18732,18733,18733,3,3,3.0
18732,18733,18734,1,1,-1.0
18732,18733,18734,1,1,-1.0
18732,18733,18734,1,1,-1.0
18732,18733,18734,1,1,-1.0
18732,18733,18734,1,1,-1.0
18732,18733,18734,1,1,-1.0
18732,18733,18734,1,1,-1.0
18732,18733,18734,1,1,-1.0
18733,18734,18734,1,1,1.0
18733,18734,18734,1,1,1.0
18733,18734,18734,3,3,3.0
18733,18734,18734,2,2,2.0
18733,18734,18734,2,2,2.0
18733,18734,18734,7,7,7.0
18733,18734,18733,1,-1,1.0
18733,18734,18734,8,8,8.0
18733,18734,18734,2,2,2.0
18733,18734,18735,8,8,-8.0
18733,18734,18735,2,2,-2.0
18733,18734,18735,6,6,-6.0
18733,18734,18735,3,3,-3.0
18734,18735,18735,1,1,1.0
18734,18735,18735,1,1,1.0
18734,18735,18735,7,7,7.0
18734,18735,18735,1,1,1.0
18734,18735,18735,1,1,1.0
18734,18735,18735,1,1,1.0
18734,18735,18735,1,1,1.0
18734,18735,18735,1,1,1.0
18734,18735,18735,1,1,1.0
18734,18735,18735,1,1,1.0
18734,18735,18734,1,-1,1.0
18734,18735,18735,2,2,2.0
18734,18735,18735,1,1,1.0
18734,18735,18735,2,2,2.0
18734,18735,18734,1,-1,1.0
18734,18735,18735,3,3,3.0
18734,18735,18735,3,3,3.0
18734,18735,18735,2,2,2.0
18734,18735,18734,2,-2,2.0
18734,18735,18734,1,-1,1.0
18734,18735,18735,2,2,2.0
18734,18735,18735,1,1,1.0
18734,18735,18734,1,-1,1.0
18734,18735,18734,1,-1,1.0
18734,18735,18734,3,-3,3.0
18734,18735,18734,1,-1,1.0
18734,18735,18734,3,-3,3.0
18734,18735,18735,1,1,1.0
18734,18735,18735,1,1,1.0
18734,18735,18735,1,1,1.0
18734,18735,18735,3,3,3.0
18734,18735,18736,7,7,-7.0
18734,18736,18736,31,31,31.0
18734,18736,18737,29,29,-29.0
18734,18736,18737,1,1,-1.0
18734,18736,18737,1,1,-1.0
18734,18736,18737,1,1,-1.0
18735,18737,18737,2,2,2.0
18735,18737,18737,2,2,2.0
18735,18737,18737,1,1,1.0
18735,18737,18737,2,2,2.0
18735,18737,18737,2,2,2.0
18735,18737,18737,3,3,3.0
18735,18737,18737,3,3,3.0
18735,18737,18737,1,1,1.0
18735,18737,18737,1,1,1.0
18735,18737,18737,1,1,1.0
18735,18737,18737,2,2,2.0
18735,18737,18737,3,3,3.0
18735,18737,18738,2,2,-2.0
18735,18737,18738,3,3,-3.0
18735,18737,18738,1,1,-1.0
18735,18737,18736,1,1,-1.0
18735,18737,18737,3,3,3.0
18735,18737,18737,1,1,1.0
18735,18737,18738,1,1,-1.0
18735,18737,18738,1,1,-1.0
18735,18737,18738,1,1,-1.0
18735,18737,18738,1,1,-1.0
18735,18737,18738,3,3,-3.0
18735,18737,18738,6,6,-6.0
18735,18737,18738,1,1,-1.0
18735,18737,18738,1,1,-1.0
18735,18737,18738,1,1,-1.0
18737,18738,18738,1,1,1.0
18737,18738,18738,1,1,1.0
18737,18738,18738,1,1,1.0
18737,18738,18738,1,1,1.0
18737,18738,18738,1,1,1.0
18737,18738,18738,1,1,1.0
18737,18738,18738,1,1,1.0
18737,18738,18738,1,1,1.0
18737,18738,18738,1,1,1.0
18737,18738,18738,1,1,1.0
18737,18738,18738,3,3,3.0
18737,18738,18738,1,1,1.0
18737,18738,18738,13,13,13.0
18737,18738,18738,1,1,1.0
18737,18738,18738,3,3,3.0
18737,18738,18738,1,1,1.0
18737,18738,18738,1,1,1.0
18737,18738,18738,1,1,1.0
18737,18738,18738,1,1,1.0
18737,18738,18739,5,5,-5.0
18737,18738,18738,1,1,1.0
18737,18738,18739,1,1,-1.0
18737,18738,18739,1,1,-1.0
18737,18738,18739,1,1,-1.0
18737,18738,18739,1,1,-1.0
18737,18738,18739,1,1,-1.0
18737,18738,18739,1,1,-1.0
18737,18738,18739,3,3,-3.0
18737,18738,18739,2,2,-2.0
18737,18738,18739,1,1,-1.0
18737,18738,18739,1,1,-1.0
18737,18738,18739,3,3,-3.0
18737,18738,18739,1,1,-1.0
18737,18738,18739,1,1,-1.0
18737,18738,18739,1,1,-1.0
18737,18738,18739,1,1,-1.0
18737,18738,18740,3,3,-3.0
18737,18738,18738,1,1,1.0
18737,18738,18740,2,2,-2.0
18737,18738,18740,1,1,-1.0
18737,18738,18740,1,1,-1.0
18737,18738,18740,5,5,-5.0
18737,18738,18739,1,1,-1.0
18737,18738,18739,1,1,-1.0
18737,18738,18739,1,1,-1.0
18737,18738,18739,2,2,-2.0
18737,18738,18739,1,1,-1.0
18737,18738,18739,1,1,-1.0
18737,18738,18739,2,2,-2.0
18738,18739,18739,1,1,1.0
18738,18739,18740,4,4,-4.0
18738,18739,18740,1,1,-1.0
18738,18739,18740,1,1,-1.0
18738,18739,18740,1,1,-1.0
18738,18739,18740,4,4,-4.0
18738,18739,18740,1,1,-1.0
18738,18739,18738,3,-3,3.0
18738,18739,18738,3,-3,3.0
18738,18739,18740,1,1,-1.0
18738,18739,18740,1,1,-1.0
18738,18739,18740,4,4,-4.0
18738,18739,18740,1,1,-1.0
18738,18739,18740,1,1,-1.0
18738,18739,18740,4,4,-4.0
18738,18739,18740,2,2,-2.0
18738,18739,18740,1,1,-1.0
18738,18739,18740,15,15,-15.0
18738,18739,18740,1,1,-1.0
18738,18739,18740,1,1,-1.0
18738,18739,18740,1,1,-1.0
18738,18739,18740,1,1,-1.0
18738,18739,18740,1,1,-1.0
18738,18739,18740,10,10,-10.0
18738,18739,18741,30,30,-30.0
18738,18739,18741,5,5,-5.0
18738,18739,18741,1,1,-1.0
18738,18739,18741,4,4,-4.0
18738,18739,18741,7,7,-7.0
18738,18739,18740,1,1,-1.0
18738,18739,18741,1,1,-1.0
18738,18739,18741,1,1,-1.0
18738,18739,18740,2,2,-2.0
18738,18739,18741,1,1,-1.0
18738,18739,18740,1,1,-1.0
18738,18739,18741,1,1,-1.0
18738,18739,18741,1,1,-1.0
18739,18741,18741,1,1,1.0
18739,18741,18741,1,1,1.0
18739,18741,18741,1,1,1.0
18739,18741,18741,1,1,1.0
18739,18741,18741,1,1,1.0
18739,18741,18741,1,1,1.0
18739,18741,18741,1,1,1.0
18739,18741,18741,1,1,1.0
18739,18741,18740,2,2,-2.0
18739,18741,18741,1,1,1.0
18739,18741,18741,2,2,2.0
18739,18741,18741,1,1,1.0
18739,18741,18741,1,1,1.0
18739,18741,18741,1,1,1.0
18739,18741,18741,2,2,2.0
18739,18741,18741,1,1,1.0
18739,18741,18741,1,1,1.0
18739,18741,18741,1,1,1.0
18739,18741,18741,1,1,1.0
18739,18741,18740,1,1,-1.0
18739,18741,18741,2,2,2.0
18739,18741,18741,1,1,1.0
18739,18741,18741,1,1,1.0
18739,18741,18741,1,1,1.0
18739,18741,18741,2,2,2.0
18739,18741,18741,1,1,1.0
18739,18741,18741,1,1,1.0
18739,18741,18742,1,1,-1.0
18739,18741,18742,1,1,-1.0
18739,18741,18742,1,1,-1.0
18739,18741,18742,1,1,-1.0
18739,18741,18740,4,4,-4.0
18739,18741,18741,1,1,1.0
18739,18741,18741,1,1,1.0
18739,18741,18741,1,1,1.0
18739,18741,18741,1,1,1.0
18739,18741,18741,1,1,1.0
18739,18741,18741,1,1,1.0
18739,18741,18741,1,1,1.0
18739,18741,18741,1,1,1.0
18739,18741,18741,1,1,1.0
18739,18741,18740,1,1,-1.0
18739,18741,18741,1,1,1.0
18739,18741,18741,1,1,1.0
18739,18741,18741,1,1,1.0
18740,18741,18741,2,2,2.0
18740,18741,18741,1,1,1.0
18740,18741,18742,1,1,-1.0
18740,18741,18741,1,1,1.0
18740,18741,18740,2,-2,2.0
18740,18741,18740,1,-1,1.0
18740,18741,18739,1,-1,1.0
18740,18741,18740,1,-1,1.0
18740,18741,18740,1,-1,1.0
18740,18741,18740,1,-1,1.0
18740,18741,18741,1,1,1.0
18740,18741,18740,1,-1,1.0
18739,18740,18739,3,-3,3.0
18739,18740,18740,1,1,1.0
18739,18740,18740,1,1,1.0
18739,18740,18740,1,1,1.0
18739,18740,18740,2,2,2.0
18739,18740,18740,2,2,2.0
18739,18740,18740,1,1,1.0
18739,18740,18740,1,1,1.0
18739,18740,18740,2,2,2.0
18739,18740,18740,4,4,4.0
18739,18740,18741,9,9,-9.0
18739,18740,18740,1,1,1.0
18739,18740,18740,1,1,1.0
18739,18740,18739,3,-3,3.0
18739,18740,18740,1,1,1.0
18739,18740,18739,1,-1,1.0
18739,18740,18740,1,1,1.0
18739,18740,18739,1,-1,1.0
18739,18740,18740,10,10,10.0
18739,18740,18741,1,1,-1.0
18739,18741,18741,1,1,1.0
18739,18741,18741,1,1,1.0
18739,18741,18741,1,1,1.0
18739,18741,18741,3,3,3.0
18739,18741,18741,1,1,1.0
18739,18741,18741,1,1,1.0
18739,18741,18741,1,1,1.0
18739,18741,18741,1,1,1.0
18739,18741,18741,2,2,2.0
18739,18741,18741,1,1,1.0
18739,18741,18741,1,1,1.0
18739,18741,18741,10,10,10.0
18739,18741,18742,1,1,-1.0
18739,18741,18742,1,1,-1.0
18739,18741,18742,1,1,-1.0
18740,18742,18741,1,1,-1.0
18740,18742,18741,1,1,-1.0
18740,18742,18741,2,2,-2.0
18740,18742,18741,1,1,-1.0
18740,18742,18742,5,5,5.0
18740,18742,18742,1,1,1.0
18740,18742,18741,1,1,-1.0
18740,18742,18741,1,1,-1.0
18740,18742,18741,1,1,-1.0
18740,18742,18742,1,1,1.0
18740,18742,18742,1,1,1.0
18740,18742,18742,1,1,1.0
18740,18742,18742,3,3,3.0
18740,18742,18740,3,-3,3.0
18740,18742,18740,3,-3,3.0
18740,18742,18741,1,-1,1.0
18740,18742,18741,1,-1,1.0
18740,18742,18741,1,-1,1.0
18740,18742,18741,5,-5,5.0
18740,18742,18741,1,-1,1.0
18739,18741,18741,1,1,1.0
18739,18740,18740,1,1,1.0
18739,18740,18739,1,-1,1.0
18739,18740,18740,1,1,1.0
18739,18740,18739,1,-1,1.0
18738,18740,18740,1,1,1.0
18738,18740,18740,2,2,2.0
18738,18740,18740,1,1,1.0
18738,18740,18740,2,2,2.0
18738,18740,18740,1,1,1.0
18738,18740,18740,1,1,1.0
18738,18740,18740,2,2,2.0
18738,18740,18740,1,1,1.0
18738,18740,18741,2,2,-2.0
18739,18741,18741,6,6,6.0
18739,18741,18741,2,2,2.0
18739,18741,18742,2,2,-2.0
18739,18741,18742,8,8,-8.0
18739,18741,18742,4,4,-4.0
18739,18741,18742,6,6,-6.0
18740,18742,18742,3,3,3.0
18740,18742,18740,1,-1,1.0
18740,18742,18742,1,1,1.0
18740,18742,18742,1,1,1.0
18740,18742,18742,1,1,1.0
18740,18742,18742,1,1,1.0
18740,18742,18742,1,1,1.0
18741,18742,18741,1,-1,1.0
18741,18742,18742,1,1,1.0
18741,18742,18742,1,1,1.0
18741,18742,18742,1,1,1.0
18741,18742,18742,1,1,1.0
18741,18742,18741,1,-1,1.0
18741,18742,18742,3,3,3.0
18741,18742,18742,1,1,1.0
18741,18742,18742,1,1,1.0
18741,18742,18741,1,-1,1.0
18741,18742,18741,1,-1,1.0
18741,18742,18742,1,1,1.0
18742,18743,18742,1,-1,1.0
18741,18742,18742,1,1,1.0
18741,18742,18742,1,1,1.0
18741,18742,18742,1,1,1.0
18741,18742,18741,1,-1,1.0
18741,18742,18742,1,1,1.0
18742,18743,18743,2,2,2.0
18742,18743,18742,1,-1,1.0
18741,18742,18741,1,-1,1.0
18741,18742,18742,1,1,1.0
18741,18742,18742,1,1,1.0
18741,18742,18742,1,1,1.0
18741,18742,18742,1,1,1.0
18741,18742,18742,1,1,1.0
18741,18742,18742,3,3,3.0
18741,18742,18742,1,1,1.0
18741,18742,18742,1,1,1.0
18741,18742,18742,1,1,1.0
18742,18743,18742,1,-1,1.0
18742,18743,18742,6,-6,6.0
18740,18742,18740,1,-1,1.0
18740,18742,18742,1,1,1.0
18740,18742,18740,2,-2,2.0
18740,18742,18742,7,7,7.0
18740,18742,18741,4,4,-4.0
18741,18742,18741,1,-1,1.0
18740,18742,18742,2,2,2.0
18740,18742,18740,2,-2,2.0
18740,18742,18740,4,-4,4.0
18740,18742,18740,2,-2,2.0
18740,18742,18742,1,1,1.0
18741,18742,18741,1,-1,1.0
18741,18742,18741,2,-2,2.0
18740,18741,18740,1,-1,1.0
18740,18741,18740,3,-3,3.0
18739,18741,18739,1,-1,1.0
18739,18741,18741,3,3,3.0
18739,18741,18741,1,1,1.0
18739,18741,18739,1,-1,1.0
18739,18741,18739,1,-1,1.0
18739,18740,18739,1,-1,1.0
18739,18740,18739,1,-1,1.0
18739,18740,18739,2,-2,2.0
18739,18740,18739,1,-1,1.0
18738,18740,18740,1,1,1.0
18739,18740,18739,2,-2,2.0
18739,18740,18740,1,1,1.0
18739,18740,18740,2,2,2.0
18739,18740,18740,1,1,1.0
18739,18740,18739,1,-1,1.0
18739,18740,18739,1,-1,1.0
18739,18740,18739,3,-3,3.0
18738,18740,18740,2,2,2.0
18738,18739,18739,2,2,2.0
18738,18739,18738,5,-5,5.0
18738,18739,18738,3,-3,3.0
18738,18739,18737,2,-2,2.0
18737,18739,18739,1,1,1.0
18737,18738,18737,1,-1,1.0
18737,18738,18738,1,1,1.0
18737,18739,18739,1,1,1.0
18737,18739,18739,1,1,1.0
18737,18739,18737,1,-1,1.0
18737,18739,18739,1,1,1.0
18737,18738,18738,1,1,1.0
18737,18738,18737,2,-2,2.0
18736,18737,18736,1,-1,1.0
18736,18737,18737,1,1,1.0
18736,18737,18737,1,1,1.0
18736,18737,18737,1,1,1.0
18736,18737,18736,4,-4,4.0
18736,18737,18736,2,-2,2.0
18735,18736,18736,1,1,1.0
18735,18736,18735,4,-4,4.0
18735,18736,18736,1,1,1.0
18735,18736,18736,2,2,2.0
18735,18736,18736,2,2,2.0
18735,18736,18736,2,2,2.0
18735,18736,18736,1,1,1.0
18735,18736,18736,1,1,1.0
18736,18737,18737,1,1,1.0
18736,18737,18737,1,1,1.0
18736,18737,18736,7,-7,7.0
18736,18737,18735,3,-3,3.0
18735,18737,18737,2,2,2.0
18735,18737,18737,1,1,1.0
18735,18737,18737,4,4,4.0
18735,18737,18737,3,3,3.0
18735,18737,18738,9,9,-9.0
18735,18737,18738,6,6,-6.0
18735,18737,18738,1,1,-1.0
18738,18739,18739,1,1,1.0
18738,18739,18739,2,2,2.0
18738,18739,18738,1,-1,1.0
18738,18739,18738,1,-1,1.0
18738,18739,18738,1,-1,1.0
18738,18739,18738,6,-6,6.0
18738,18739,18737,2,-2,2.0
18737,18738,18738,1,1,1.0
18737,18738,18738,1,1,1.0
18737,18738,18737,2,-2,2.0
18737,18738,18738,1,1,1.0
18737,18738,18738,1,1,1.0
18737,18738,18738,1,1,1.0
18737,18738,18739,7,7,-7.0
18737,18739,18739,1,1,1.0
18737,18739,18739,1,1,1.0
18737,18739,18737,1,-1,1.0
18737,18739,18738,1,-1,1.0
18737,18739,18737,10,-10,10.0
18737,18739,18738,8,-8,8.0
18738,18739,18739,8,8,8.0
18738,18739,18738,1,-1,1.0
18738,18739,18739,8,8,8.0
18738,18739,18739,3,3,3.0
18739,18740,18740,8,8,8.0
18739,18740,18740,3,3,3.0
18739,18740,18741,5,5,-5.0
18740,18741,18740,1,-1,1.0
18739,18741,18739,4,-4,4.0
18739,18740,18740,5,5,5.0
18739,18740,18741,5,5,-5.0
18740,18741,18741,10,10,10.0
18740,18741,18741,1,1,1.0
18740,18741,18741,1,1,1.0
18740,18741,18741,1,1,1.0
18740,18741,18741,5,5,5.0
18740,18741,18740,5,-5,5.0
18739,18741,18741,1,1,1.0
18739,18741,18741,5,5,5.0
18739,18741,18739,1,-1,1.0
18739,18741,18741,1,1,1.0
18738,18740,18738,1,-1,1.0
18738,18740,18740,1,1,1.0
18738,18740,18740,1,1,1.0
18738,18740,18738,1,-1,1.0
18738,18739,18738,2,-2,2.0
18738,18739,18738,1,-1,1.0
18738,18739,18738,1,-1,1.0
18738,18739,18738,1,-1,1.0
18738,18739,18738,1,-1,1.0
18738,18739,18738,1,-1,1.0
18738,18739,18739,1,1,1.0
18738,18739,18738,1,-1,1.0
18737,18739,18738,1,-1,1.0
18737,18738,18737,1,-1,1.0
18737,18738,18738,4,4,4.0
18737,18738,18738,1,1,1.0
18738,18739,18739,1,1,1.0
18738,18739,18738,1,-1,1.0
18738,18739,18738,1,-1,1.0
18738,18739,18739,1,1,1.0
18738,18739,18739,3,3,3.0
18738,18739,18739,7,7,7.0
18738,18739,18740,1,1,-1.0
18739,18740,18739,1,-1,1.0
18738,18740,18739,2,-2,2.0
18739,18740,18739,3,-3,3.0
18739,18740,18738,6,-6,6.0
18738,18740,18740,2,2,2.0
18738,18740,18740,5,5,5.0
18739,18740,18739,1,-1,1.0
18739,18740,18739,2,-2,2.0
18739,18740,18740,2,2,2.0
18739,18740,18740,1,1,1.0
18739,18740,18740,1,1,1.0
18739,18740,18740,1,1,1.0
18739,18740,18740,3,3,3.0
18739,18740,18740,1,1,1.0
18739,18740,18740,4,4,4.0
18739,18740,18740,1,1,1.0
18740,18741,18740,1,-1,1.0
18740,18741,18741,1,1,1.0
18740,18741,18740,2,-2,2.0
18740,18741,18740,1,-1,1.0
18740,18741,18740,2,-2,2.0
18740,18741,18740,1,-1,1.0
18740,18741,18740,2,-2,2.0
18740,18741,18740,1,-1,1.0
18740,18741,18741,2,2,2.0
18740,18741,18741,1,1,1.0
18740,18741,18741,1,1,1.0
18740,18741,18741,1,1,1.0
18740,18741,18741,1,1,1.0
18740,18741,18741,1,1,1.0
18740,18741,18741,1,1,1.0
18740,18741,18741,2,2,2.0
18740,18741,18741,1,1,1.0
18740,18741,18741,3,3,3.0
18740,18741,18741,3,3,3.0
18740,18741,18741,1,1,1.0
18740,18741,18741,1,1,1.0
18741,18742,18742,1,1,1.0
18741,18742,18741,1,-1,1.0
18741,18742,18741,1,-1,1.0
18741,18742,18742,1,1,1.0
18741,18742,18741,5,-5,5.0
18741,18742,18742,5,5,5.0
18741,18742,18742,1,1,1.0
18741,18742,18742,1,1,1.0
18741,18742,18741,1,-1,1.0
18741,18742,18742,2,2,2.0
18741,18742,18742,1,1,1.0
18741,18742,18742,3,3,3.0
18742,18743,18742,1,-1,1.0
18741,18743,18742,1,-1,1.0
18741,18743,18741,1,-1,1.0
18741,18743,18742,1,-1,1.0
18741,18743,18743,1,1,1.0
18741,18743,18743,2,2,2.0
18741,18743,18741,1,-1,1.0
18742,18743,18742,1,-1,1.0
18742,18743,18742,3,-3,3.0
18742,18743,18742,3,-3,3.0
18742,18743,18742,1,-1,1.0
18742,18743,18742,3,-3,3.0
18742,18743,18742,1,-1,1.0
18742,18743,18742,2,-2,2.0
18742,18743,18742,2,-2,2.0
18742,18743,18742,1,-1,1.0
18742,18743,18742,1,-1,1.0
18741,18743,18743,1,1,1.0
18741,18743,18743,1,1,1.0
18741,18743,18742,1,1,-1.0
18741,18742,18741,4,-4,4.0
18741,18742,18742,1,1,1.0
18741,18742,18742,1,1,1.0
18741,18742,18742,1,1,1.0
18741,18742,18742,1,1,1.0
18741,18742,18743,1,1,-1.0
18741,18742,18741,3,-3,3.0
18740,18742,18742,1,1,1.0
18741,18742,18741,1,-1,1.0
18741,18742,18742,2,2,2.0
18741,18742,18741,3,-3,3.0
18741,18742,18741,2,-2,2.0
18741,18742,18742,4,4,4.0
18741,18742,18741,1,-1,1.0
18741,18742,18740,4,-4,4.0
18740,18742,18740,1,-1,1.0
18740,18741,18740,2,-2,2.0
18740,18741,18740,1,-1,1.0
18740,18741,18740,1,-1,1.0
18740,18741,18740,1,-1,1.0
18740,18741,18740,1,-1,1.0
18740,18741,18741,1,1,1.0
18740,18741,18740,1,-1,1.0
18740,18741,18741,1,1,1.0
18740,18741,18740,3,-3,3.0
18740,18741,18739,7,-7,7.0
18740,18741,18740,1,-1,1.0
18739,18740,18739,4,-4,4.0
18739,18740,18739,2,-2,2.0
18739,18740,18740,1,1,1.0
18739,18740,18739,2,-2,2.0
18739,18740,18739,2,-2,2.0
18739,18740,18739,2,-2,2.0
18738,18739,18738,1,-1,1.0
18738,18739,18739,7,7,7.0
18738,18739,18740,9,9,-9.0
18738,18740,18739,2,2,-2.0
18738,18740,18740,1,1,1.0
18738,18740,18740,15,15,15.0
18739,18740,18740,4,4,4.0
18739,18740,18740,1,1,1.0
18738,18740,18740,3,3,3.0
18738,18740,18738,10,-10,10.0
18739,18740,18739,1,-1,1.0
18738,18739,18739,1,1,1.0
18738,18739,18740,3,3,-3.0
18738,18739,18740,3,3,-3.0
18739,18741,18740,2,2,-2.0
18739,18741,18739,3,-3,3.0
18739,18740,18740,2,2,2.0
18739,18741,18739,1,-1,1.0
18739,18741,18739,2,-2,2.0
18739,18741,18739,4,-4,4.0
18740,18741,18740,1,-1,1.0
18738,18740,18740,1,1,1.0
18739,18740,18740,1,1,1.0
18739,18740,18740,2,2,2.0
18739,18740,18741,2,2,-2.0
18739,18740,18739,1,-1,1.0
18739,18740,18740,6,6,6.0
18739,18740,18739,1,-1,1.0
18739,18741,18739,15,-15,15.0
18739,18741,18739,3,-3,3.0
18738,18740,18738,24,-24,24.0
18739,18740,18739,1,-1,1.0
18738,18740,18738,12,-12,12.0
18738,18740,18737,41,-41,41.0
18738,18740,18736,7,-7,7.0
18737,18739,18737,1,-1,1.0
18737,18738,18737,4,-4,4.0
18737,18738,18738,1,1,1.0
18737,18738,18739,4,4,-4.0
18738,18739,18738,1,-1,1.0
18738,18739,18739,1,1,1.0
18738,18739,18738,4,-4,4.0
18738,18739,18739,1,1,1.0
18738,18739,18739,1,1,1.0
18738,18740,18738,1,-1,1.0
18738,18740,18738,1,-1,1.0
18738,18740,18740,27,27,27.0
18738,18740,18741,33,33,-33.0
18738,18740,18741,4,4,-4.0
18738,18740,18742,49,49,-49.0
18738,18740,18743,7,7,-7.0
18738,18740,18741,1,1,-1.0
18738,18740,18742,1,1,-1.0
18742,18743,18742,16,-16,16.0
18742,18743,18742,2,-2,2.0
18742,18743,18741,1,-1,1.0
18742,18743,18741,16,-16,16.0
18742,18743,18742,3,-3,3.0
18742,18743,18743,5,5,5.0
18742,18743,18743,1,1,1.0
18742,18743,18741,2,-2,2.0
18741,18742,18742,1,1,1.0
18741,18742,18742,1,1,1.0
18741,18742,18741,3,-3,3.0
18741,18742,18741,1,-1,1.0
18740,18741,18740,3,-3,3.0
18740,18741,18741,1,1,1.0
18740,18742,18742,1,1,1.0
18740,18742,18742,1,1,1.0
18740,18741,18741,2,2,2.0
18740,18741,18741,2,2,2.0
18740,18741,18741,1,1,1.0
18740,18742,18740,1,-1,1.0
18740,18741,18740,1,-1,1.0
18740,18741,18740,1,-1,1.0
18740,18741,18741,1,1,1.0
18741,18742,18741,1,-1,1.0
18741,18742,18741,1,-1,1.0
18741,18742,18742,1,1,1.0
18741,18742,18741,1,-1,1.0
18741,18742,18742,3,3,3.0
18741,18742,18742,5,5,5.0
18741,18742,18741,2,-2,2.0
18741,18742,18742,1,1,1.0
18741,18742,18742,1,1,1.0
18741,18742,18741,1,-1,1.0
18741,18742,18742,2,2,2.0
18741,18742,18742,2,2,2.0
18741,18742,18742,1,1,1.0
18741,18742,18741,2,-2,2.0
18741,18742,18742,4,4,4.0
18741,18742,18742,1,1,1.0
18741,18742,18742,1,1,1.0
18741,18742,18742,1,1,1.0
18741,18742,18742,1,1,1.0
18741,18742,18743,1,1,-1.0
18741,18742,18743,1,1,-1.0
18742,18743,18742,11,-11,11.0
18742,18743,18741,2,-2,2.0
18742,18743,18742,1,-1,1.0
18742,18743,18742,1,-1,1.0
18742,18743,18742,1,-1,1.0
18742,18743,18742,2,-2,2.0
18742,18743,18742,4,-4,4.0
18741,18743,18743,1,1,1.0
18742,18743,18743,3,3,3.0
18742,18743,18743,1,1,1.0
18742,18743,18743,3,3,3.0
18742,18743,18743,1,1,1.0
18742,18743,18743,1,1,1.0
18742,18743,18743,2,2,2.0
18742,18743,18742,1,-1,1.0
18742,18743,18742,1,-1,1.0
18742,18743,18742,1,-1,1.0
18742,18743,18743,1,1,1.0
18742,18743,18742,1,-1,1.0
18742,18743,18742,3,-3,3.0
18742,18743,18742,2,-2,2.0
18742,18743,18742,1,-1,1.0
18741,18742,18742,1,1,1.0
18741,18742,18743,17,17,-17.0
18741,18742,18742,1,1,1.0
18742,18743,18743,1,1,1.0
18742,18743,18742,2,-2,2.0
18742,18743,18743,1,1,1.0
18741,18743,18742,5,5,-5.0
18742,18743,18743,1,1,1.0
18742,18743,18742,4,-4,4.0
18742,18743,18741,19,-19,19.0
18742,18743,18740,32,-32,32.0
18742,18743,18739,5,-5,5.0
18740,18741,18741,1,1,1.0
18740,18741,18740,1,-1,1.0
18740,18741,18741,2,2,2.0
18740,18741,18740,1,-1,1.0
18740,18741,18741,1,1,1.0
18739,18741,18741,3,3,3.0
18739,18741,18741,1,1,1.0
18740,18741,18741,4,4,4.0
18740,18741,18742,1,1,-1.0
18739,18740,18739,3,-3,3.0
18739,18740,18740,5,5,5.0
18739,18740,18741,3,3,-3.0
18739,18741,18740,1,1,-1.0
18739,18741,18741,1,1,1.0
18740,18741,18740,1,-1,1.0
18740,18741,18741,3,3,3.0
18740,18741,18741,2,2,2.0
18740,18742,18740,2,-2,2.0
18741,18742,18742,1,1,1.0
18741,18742,18742,1,1,1.0
18742,18743,18742,1,-1,1.0
18742,18743,18742,1,-1,1.0
18742,18743,18742,1,-1,1.0
18742,18743,18743,1,1,1.0
18742,18743,18743,3,3,3.0
18742,18743,18743,1,1,1.0
18742,18743,18743,3,3,3.0
18742,18743,18743,2,2,2.0
18743,18744,18743,1,-1,1.0
18743,18744,18743,5,-5,5.0
18743,18744,18743,5,-5,5.0
18743,18744,18743,1,-1,1.0
18743,18744,18744,3,3,3.0
18743,18744,18744,1,1,1.0
18743,18744,18744,1,1,1.0
18743,18744,18744,1,1,1.0
18743,18744,18744,1,1,1.0
18743,18744,18744,10,10,10.0
18743,18744,18744,2,2,2.0
18744,18745,18745,1,1,1.0
18744,18745,18745,3,3,3.0
18744,18745,18745,6,6,6.0
18744,18745,18745,9,9,9.0
18744,18745,18745,2,2,2.0
18744,18746,18746,6,6,6.0
18744,18746,18747,1,1,-1.0
18744,18746,18747,3,3,-3.0
18744,18746,18747,2,2,-2.0
18745,18747,18747,3,3,3.0
18745,18747,18747,3,3,3.0
18745,18747,18747,1,1,1.0
18745,18747,18747,1,1,1.0
18745,18747,18747,1,1,1.0
18745,18747,18747,1,1,1.0
18745,18747,18745,1,-1,1.0
18745,18747,18747,1,1,1.0
18745,18747,18745,1,-1,1.0
18745,18747,18745,1,-1,1.0
18744,18746,18744,4,-4,4.0
18744,18746,18744,1,-1,1.0
18743,18745,18745,2,2,2.0
18743,18745,18745,1,1,1.0
18743,18745,18745,1,1,1.0
18744,18746,18745,2,2,-2.0
18744,18746,18746,3,3,3.0
18744,18746,18746,7,7,7.0
18744,18745,18744,2,-2,2.0
18744,18745,18745,1,1,1.0
18744,18745,18744,1,-1,1.0
18744,18745,18745,1,1,1.0
18744,18745,18744,1,-1,1.0
18744,18745,18745,1,1,1.0
18744,18745,18745,3,3,3.0
18744,18745,18744,2,-2,2.0
18744,18745,18743,1,-1,1.0
18744,18745,18743,1,-1,1.0
18744,18745,18743,1,-1,1.0
18744,18745,18743,1,-1,1.0
18743,18744,18744,5,5,5.0
18743,18744,18744,13,13,13.0
18743,18744,18744,2,2,2.0
18743,18744,18743,1,-1,1.0
18743,18744,18744,1,1,1.0
18743,18744,18744,12,12,12.0
18743,18744,18744,1,1,1.0
18743,18744,18744,3,3,3.0
18743,18744,18744,1,1,1.0
18743,18744,18744,1,1,1.0
18743,18744,18744,1,1,1.0
18743,18744,18744,15,15,15.0
18743,18744,18744,3,3,3.0
18743,18744,18743,1,-1,1.0
18743,18744,18744,1,1,1.0
18743,18744,18743,1,-1,1.0
18743,18744,18743,1,-1,1.0
18743,18744,18744,1,1,1.0
18743,18744,18745,8,8,-8.0
18743,18744,18744,4,4,4.0
18743,18744,18744,9,9,9.0
18743,18744,18745,1,1,-1.0
18745,18746,18745,1,-1,1.0
18745,18746,18745,4,-4,4.0
18745,18746,18744,3,-3,3.0
18744,18746,18744,2,-2,2.0
18745,18746,18746,4,4,4.0
18745,18746,18745,1,-1,1.0
18745,18746,18745,1,-1,1.0
18745,18746,18745,1,-1,1.0
18745,18746,18746,1,1,1.0
18745,18746,18745,3,-3,3.0
18745,18746,18745,1,-1,1.0
18745,18746,18745,3,-3,3.0
18745,18746,18745,2,-2,2.0
18745,18746,18746,3,3,3.0
18745,18746,18745,1,-1,1.0
18745,18746,18745,1,-1,1.0
18745,18746,18745,1,-1,1.0
18744,18745,18745,1,1,1.0
18745,18746,18746,1,1,1.0
18745,18746,18746,10,10,10.0
18745,18746,18746,1,1,1.0
18745,18746,18745,1,-1,1.0
18745,18746,18745,1,-1,1.0
18745,18746,18746,1,1,1.0
18745,18746,18746,1,1,1.0
18745,18746,18746,2,2,2.0
18745,18746,18746,3,3,3.0
18745,18746,18746,1,1,1.0
18745,18746,18746,1,1,1.0
18745,18746,18746,2,2,2.0
18745,18746,18746,10,10,10.0
18745,18746,18746,1,1,1.0
18745,18746,18746,1,1,1.0
18745,18746,18746,1,1,1.0
18745,18746,18746,1,1,1.0
18745,18746,18746,3,3,3.0
18745,18746,18746,4,4,4.0
18745,18746,18746,1,1,1.0
18745,18746,18746,3,3,3.0
18745,18746,18746,1,1,1.0
18745,18746,18746,2,2,2.0
18745,18746,18746,9,9,9.0
18746,18747,18746,2,-2,2.0
18746,18747,18747,1,1,1.0
18746,18747,18746,1,-1,1.0
18746,18747,18747,2,2,2.0
18746,18747,18747,5,5,5.0
18746,18747,18747,1,1,1.0
18746,18747,18746,1,-1,1.0
18746,18747,18746,1,-1,1.0
18746,18747,18746,3,-3,3.0
18746,18747,18745,1,-1,1.0
18746,18747,18746,1,-1,1.0
18746,18747,18746,1,-1,1.0
18746,18747,18747,5,5,5.0
18746,18747,18746,3,-3,3.0
18746,18747,18747,1,1,1.0
18746,18747,18747,2,2,2.0
18746,18747,18747,1,1,1.0
18746,18748,18747,1,1,-1.0
18746,18748,18748,1,1,1.0
18746,18748,18748,1,1,1.0
18746,18748,18746,1,-1,1.0
18746,18748,18748,1,1,1.0
18746,18748,18748,1,1,1.0
18746,18748,18748,4,4,4.0
18746,18748,18748,1,1,1.0
18746,18748,18747,1,1,-1.0
18747,18748,18747,1,-1,1.0
18746,18748,18746,2,-2,2.0
18746,18747,18747,3,3,3.0
18747,18748,18747,2,-2,2.0
18747,18748,18747,2,-2,2.0
18747,18748,18747,2,-2,2.0
18747,18748,18747,1,-1,1.0
18747,18748,18747,1,-1,1.0
18747,18748,18747,1,-1,1.0
18746,18748,18748,1,1,1.0
18746,18747,18746,2,-2,2.0
18746,18747,18747,1,1,1.0
18747,18748,18747,1,-1,1.0
18746,18747,18747,1,1,1.0
18746,18747,18747,1,1,1.0
18746,18748,18748,10,10,10.0
18747,18748,18747,1,-1,1.0
18747,18748,18747,1,-1,1.0
18747,18748,18747,1,-1,1.0
18747,18748,18748,1,1,1.0
18747,18748,18747,1,-1,1.0
18747,18748,18747,1,-1,1.0
18747,18748,18747,2,-2,2.0
18747,18748,18747,1,-1,1.0
18747,18748,18747,3,-3,3.0
18747,18748,18747,3,-3,3.0
18747,18748,18748,1,1,1.0
18747,18748,18747,1,-1,1.0
18747,18748,18747,4,-4,4.0
18747,18748,18748,1,1,1.0
18747,18748,18748,1,1,1.0
18747,18748,18748,1,1,1.0
18747,18748,18747,3,-3,3.0
18747,18748,18748,1,1,1.0
18747,18748,18748,1,1,1.0
18747,18748,18748,1,1,1.0
18747,18748,18748,9,9,9.0
18747,18749,18749,2,2,2.0
18747,18749,18748,4,4,-4.0
18747,18749,18748,4,4,-4.0
18747,18749,18747,1,-1,1.0
18747,18749,18748,1,-1,1.0
18747,18748,18748,1,1,1.0
18747,18748,18747,10,-10,10.0
18747,18748,18747,1,-1,1.0
18747,18748,18747,1,-1,1.0
18747,18748,18748,3,3,3.0
18747,18748,18747,1,-1,1.0
18747,18748,18747,1,-1,1.0
18747,18748,18747,1,-1,1.0
18747,18748,18748,1,1,1.0
18747,18748,18748,1,1,1.0
18747,18748,18747,1,-1,1.0
18747,18748,18747,1,-1,1.0
18747,18748,18747,1,-1,1.0
18747,18748,18748,1,1,1.0
18747,18748,18747,6,-6,6.0
18747,18748,18747,3,-3,3.0
18747,18748,18747,4,-4,4.0
18747,18748,18747,4,-4,4.0
18747,18748,18748,1,1,1.0
18747,18748,18748,1,1,1.0
18747,18748,18748,1,1,1.0
18747,18748,18747,1,-1,1.0
18747,18748,18748,1,1,1.0
18747,18748,18748,1,1,1.0
18747,18748,18747,1,-1,1.0
18747,18748,18747,3,-3,3.0
18747,18748,18748,4,4,4.0
18747,18748,18747,1,-1,1.0
18747,18748,18747,2,-2,2.0
18747,18748,18747,2,-2,2.0
18747,18748,18747,1,-1,1.0
18747,18748,18747,9,-9,9.0
18747,18748,18746,1,-1,1.0
18747,18748,18746,2,-2,2.0
18747,18748,18746,1,-1,1.0
18747,18748,18746,3,-3,3.0
18747,18748,18746,3,-3,3.0
18747,18748,18746,2,-2,2.0
18747,18748,18746,1,-1,1.0
18745,18746,18745,1,-1,1.0
18745,18746,18746,1,1,1.0
18745,18746,18746,1,1,1.0
18745,18746,18746,1,1,1.0
18745,18747,18747,1,1,1.0
18745,18747,18747,1,1,1.0
18745,18747,18747,1,1,1.0
18745,18747,18747,1,1,1.0
18745,18747,18746,1,1,-1.0
18745,18747,18747,1,1,1.0
18746,18748,18748,1,1,1.0
18746,18748,18748,1,1,1.0
18746,18748,18748,2,2,2.0
18746,18748,18748,1,1,1.0
18746,18748,18748,1,1,1.0
18746,18748,18748,1,1,1.0
18746,18748,18748,1,1,1.0
18746,18748,18748,1,1,1.0
18746,18748,18748,1,1,1.0
18746,18748,18748,1,1,1.0
18746,18748,18748,1,1,1.0
18747,18748,18747,3,-3,3.0
18747,18748,18747,1,-1,1.0
18746,18747,18747,1,1,1.0
18747,18748,18748,1,1,1.0
18747,18748,18748,1,1,1.0
18747,18748,18748,1,1,1.0
18747,18748,18748,5,5,5.0
18747,18748,18749,8,8,-8.0
18747,18748,18748,1,1,1.0
18747,18749,18749,1,1,1.0
18747,18749,18747,5,-5,5.0
18747,18749,18749,2,2,2.0
18747,18749,18748,1,1,-1.0
18747,18749,18748,1,1,-1.0
18748,18749,18748,2,-2,2.0
18748,18749,18749,1,1,1.0
18748,18749,18748,1,-1,1.0
18748,18749,18749,1,1,1.0
18747,18749,18747,1,-1,1.0
18748,18749,18749,2,2,2.0
18748,18749,18749,1,1,1.0
18748,18749,18748,1,-1,1.0
18747,18748,18748,3,3,3.0
18747,18748,18748,1,1,1.0
18747,18748,18748,1,1,1.0
18747,18748,18748,1,1,1.0
18747,18748,18748,1,1,1.0
18747,18748,18748,1,1,1.0
18747,18748,18748,1,1,1.0
18747,18748,18747,3,-3,3.0
18746,18747,18747,1,1,1.0
18745,18747,18747,1,1,1.0
18745,18747,18747,1,1,1.0
18745,18747,18745,2,-2,2.0
18745,18747,18747,3,3,3.0
18745,18747,18747,1,1,1.0
18745,18747,18747,1,1,1.0
18745,18747,18746,2,2,-2.0
18746,18747,18747,2,2,2.0
18745,18747,18747,11,11,11.0
18746,18747,18746,1,-1,1.0
18745,18747,18747,1,1,1.0
18746,18747,18746,1,-1,1.0
18746,18747,18746,1,-1,1.0
18745,18747,18747,14,14,14.0
18747,18748,18748,1,1,1.0
18747,18748,18748,1,1,1.0
18747,18748,18747,1,-1,1.0
18747,18748,18748,1,1,1.0
18747,18748,18748,7,7,7.0
18747,18748,18749,1,1,-1.0
18748,18749,18748,1,-1,1.0
18748,18749,18748,3,-3,3.0
18748,18749,18749,5,5,5.0
18748,18749,18748,1,-1,1.0
18748,18749,18748,2,-2,2.0
18748,18749,18748,1,-1,1.0
18747,18749,18749,1,1,1.0
18747,18749,18749,2,2,2.0
18747,18749,18749,1,1,1.0
18747,18749,18749,1,1,1.0
18747,18749,18749,1,1,1.0
18747,18749,18747,1,-1,1.0
18747,18749,18748,2,-2,2.0
18747,18749,18747,1,-1,1.0
18747,18748,18747,1,-1,1.0
18747,18748,18748,1,1,1.0
18747,18748,18748,1,1,1.0
18747,18748,18747,1,-1,1.0
18747,18748,18748,1,1,1.0
18747,18748,18748,1,1,1.0
18747,18748,18748,3,3,3.0
18747,18748,18748,1,1,1.0
18747,18748,18748,2,2,2.0
18747,18748,18749,24,24,-24.0
18747,18748,18750,2,2,-2.0
18748,18750,18748,5,-5,5.0
18748,18750,18749,1,-1,1.0
18748,18750,18749,1,-1,1.0
18748,18750,18749,1,-1,1.0
18748,18749,18749,1,1,1.0
18748,18749,18748,5,-5,5.0
18748,18749,18747,5,-5,5.0
18748,18749,18748,3,-3,3.0
18748,18749,18747,1,-1,1.0
18747,18749,18749,9,9,9.0
18747,18749,18750,29,29,-29.0
18749,18750,18749,3,-3,3.0
18748,18750,18748,1,-1,1.0
18748,18750,18748,1,-1,1.0
18748,18750,18750,1,1,1.0
18748,18750,18750,1,1,1.0
18748,18750,18750,1,1,1.0
18748,18749,18749,1,1,1.0
18748,18749,18750,29,29,-29.0
18748,18749,18750,1,1,-1.0
18749,18750,18750,1,1,1.0
18749,18750,18750,1,1,1.0
18749,18751,18751,1,1,1.0
18749,18751,18751,2,2,2.0
18749,18751,18751,1,1,1.0
18749,18751,18751,2,2,2.0
18749,18751,18751,5,5,5.0
18749,18751,18750,2,2,-2.0
18749,18751,18751,1,1,1.0
18750,18751,18750,1,-1,1.0
18750,18751,18751,3,3,3.0
18750,18751,18751,1,1,1.0
18750,18751,18750,5,-5,5.0
18750,18751,18750,1,-1,1.0
18750,18751,18750,1,-1,1.0
18750,18751,18750,2,-2,2.0
18750,18751,18750,1,-1,1.0
18750,18751,18750,8,-8,8.0
18749,18750,18750,1,1,1.0
18750,18751,18750,2,-2,2.0
18750,18751,18750,1,-1,1.0
18750,18751,18750,1,-1,1.0
18750,18751,18751,1,1,1.0
18750,18751,18750,3,-3,3.0
18750,18751,18750,2,-2,2.0
18749,18750,18750,1,1,1.0
18749,18750,18751,2,2,-2.0
18750,18751,18750,1,-1,1.0
18749,18751,18751,3,3,3.0
18749,18751,18749,3,-3,3.0
18749,18751,18751,3,3,3.0
18749,18751,18751,1,1,1.0
18749,18751,18751,1,1,1.0
18750,18751,18751,1,1,1.0
18750,18751,18751,1,1,1.0
18750,18751,18750,1,-1,1.0
18750,18751,18751,1,1,1.0
18750,18751,18750,3,-3,3.0
18750,18751,18750,1,-1,1.0
18750,18751,18751,1,1,1.0
18750,18751,18751,3,3,3.0
18750,18751,18751,1,1,1.0
18750,18751,18751,1,1,1.0
18750,18751,18751,1,1,1.0
18750,18751,18751,1,1,1.0
18750,18751,18751,1,1,1.0
18750,18751,18751,3,3,3.0
18750,18751,18751,12,12,12.0
18751,18752,18751,1,-1,1.0
18751,18752,18751,1,-1,1.0
18751,18752,18751,1,-1,1.0
18751,18752,18751,1,-1,1.0
18751,18752,18751,3,-3,3.0
18750,18752,18751,1,-1,1.0
18750,18751,18751,3,3,3.0
18750,18751,18751,2,2,2.0
18750,18751,18751,1,1,1.0
18750,18751,18751,1,1,1.0
18750,18751,18751,1,1,1.0
18750,18751,18751,1,1,1.0
18750,18751,18750,1,-1,1.0
18750,18751,18751,2,2,2.0
18750,18751,18751,1,1,1.0
18750,18751,18751,1,1,1.0
18750,18751,18751,14,14,14.0
18750,18751,18752,12,12,-12.0
18750,18751,18752,3,3,-3.0
18750,18751,18751,2,2,2.0
18750,18751,18751,2,2,2.0
18750,18751,18751,2,2,2.0
18750,18751,18750,2,-2,2.0
18750,18751,18752,1,1,-1.0
18750,18751,18752,1,1,-1.0
18750,18751,18752,1,1,-1.0
18750,18751,18751,1,1,1.0
18751,18752,18751,1,-1,1.0
18751,18752,18751,3,-3,3.0
18751,18752,18751,1,-1,1.0
18751,18752,18752,1,1,1.0
18751,18752,18752,2,2,2.0
18751,18752,18751,1,-1,1.0
18751,18752,18751,6,-6,6.0
18751,18752,18751,1,-1,1.0
18750,18751,18751,1,1,1.0
18750,18751,18751,1,1,1.0
18750,18751,18751,1,1,1.0
18750,18751,18752,21,21,-21.0
18751,18752,18752,3,3,3.0
18751,18752,18752,1,1,1.0
18751,18752,18751,1,-1,1.0
18751,18752,18752,1,1,1.0
18751,18752,18752,1,1,1.0
18751,18752,18752,7,7,7.0
18751,18752,18752,2,2,2.0
18751,18752,18752,1,1,1.0
18752,18753,18752,1,-1,1.0
18752,18753,18752,3,-3,3.0
18751,18752,18752,1,1,1.0
18751,18752,18751,2,-2,2.0
18750,18752,18751,2,-2,2.0
18750,18752,18750,1,-1,1.0
18750,18752,18750,1,-1,1.0
18750,18752,18750,3,-3,3.0
18750,18751,18751,3,3,3.0
18750,18751,18750,1,-1,1.0
18750,18751,18750,2,-2,2.0
18750,18751,18751,1,1,1.0
18750,18751,18751,1,1,1.0
18750,18751,18750,6,-6,6.0
18750,18751,18750,1,-1,1.0
18750,18751,18750,4,-4,4.0
18750,18751,18750,1,-1,1.0
18750,18751,18750,5,-5,5.0
18750,18751,18750,1,-1,1.0
18749,18750,18750,1,1,1.0
18750,18751,18750,1,-1,1.0
18750,18751,18750,3,-3,3.0
18750,18751,18750,2,-2,2.0
18749,18750,18750,1,1,1.0
18749,18750,18749,3,-3,3.0
18749,18750,18749,1,-1,1.0
18749,18750,18749,1,-1,1.0
18749,18750,18749,1,-1,1.0
18749,18750,18749,4,-4,4.0
18748,18749,18748,1,-1,1.0
18748,18749,18748,2,-2,2.0
18748,18749,18748,1,-1,1.0
18748,18749,18748,1,-1,1.0
18748,18749,18749,1,1,1.0
18748,18749,18748,2,-2,2.0
18748,18749,18748,6,-6,6.0
18748,18749,18748,1,-1,1.0
18748,18749,18748,1,-1,1.0
18748,18749,18748,1,-1,1.0
18747,18748,18748,2,2,2.0
18747,18748,18748,2,2,2.0
18747,18748,18748,2,2,2.0
18747,18748,18748,2,2,2.0
18747,18749,18748,2,2,-2.0
18747,18748,18748,1,1,1.0
18747,18748,18748,1,1,1.0
18747,18748,18747,3,-3,3.0
18747,18748,18748,1,1,1.0
18747,18748,18747,1,-1,1.0
18747,18748,18747,4,-4,4.0
18747,18748,18748,1,1,1.0
18747,18748,18748,1,1,1.0
18747,18749,18747,1,-1,1.0
18747,18749,18747,1,-1,1.0
18747,18749,18747,2,-2,2.0
18747,18749,18747,1,-1,1.0
18747,18749,18747,1,-1,1.0
18747,18749,18747,1,-1,1.0
18747,18749,18747,1,-1,1.0
18747,18748,18747,2,-2,2.0
18747,18748,18747,1,-1,1.0
18747,18748,18747,1,-1,1.0
18747,18748,18748,3,3,3.0
18747,18748,18747,2,-2,2.0
18747,18748,18747,1,-1,1.0
18747,18748,18747,2,-2,2.0
18747,18748,18747,1,-1,1.0
18747,18748,18747,1,-1,1.0
18747,18748,18747,1,-1,1.0
18747,18748,18747,1,-1,1.0
18747,18748,18747,2,-2,2.0
18746,18748,18747,1,-1,1.0
18746,18748,18746,1,-1,1.0
18746,18748,18746,1,-1,1.0
18746,18748,18747,1,-1,1.0
18746,18748,18747,1,-1,1.0
18746,18748,18747,1,-1,1.0
18746,18748,18747,1,-1,1.0
18747,18748,18747,1,-1,1.0
18747,18748,18747,1,-1,1.0
18747,18748,18747,1,-1,1.0
18747,18748,18747,1,-1,1.0
18747,18748,18747,1,-1,1.0
18747,18748,18747,3,-3,3.0
18746,18748,18746,1,-1,1.0
18746,18748,18746,1,-1,1.0
18747,18748,18747,1,-1,1.0
18747,18748,18748,1,1,1.0
18747,18748,18748,1,1,1.0
18747,18748,18748,2,2,2.0
18747,18748,18748,1,1,1.0
18747,18748,18748,1,1,1.0
18747,18748,18748,1,1,1.0
18748,18749,18748,5,-5,5.0
18747,18748,18748,1,1,1.0
18747,18748,18747,1,-1,1.0
18747,18748,18747,2,-2,2.0
18747,18748,18748,1,1,1.0
18747,18748,18748,1,1,1.0
18747,18748,18748,1,1,1.0
18747,18748,18748,1,1,1.0
18747,18748,18748,1,1,1.0
18747,18748,18748,1,1,1.0
18747,18748,18747,1,-1,1.0
18747,18748,18748,1,1,1.0
18747,18748,18748,1,1,1.0
18747,18748,18748,5,5,5.0
18748,18749,18749,3,3,3.0
18748,18749,18749,1,1,1.0
18748,18749,18749,1,1,1.0
18748,18749,18748,20,-20,20.0
18748,18749,18749,1,1,1.0
18748,18749,18749,1,1,1.0
18748,18749,18749,1,1,1.0
18748,18750,18749,2,2,-2.0
18749,18750,18750,1,1,1.0
18749,18750,18749,1,-1,1.0
18749,18750,18750,1,1,1.0
18749,18750,18749,2,-2,2.0
18749,18750,18749,6,-6,6.0
18749,18750,18750,1,1,1.0
18749,18750,18749,1,-1,1.0
18749,18750,18749,1,-1,1.0
18749,18750,18749,1,-1,1.0
18749,18750,18750,1,1,1.0
18749,18750,18750,1,1,1.0
18749,18750,18750,1,1,1.0
18749,18750,18750,1,1,1.0
18749,18750,18750,1,1,1.0
18749,18750,18750,1,1,1.0
18749,18750,18749,10,-10,10.0
18749,18750,18749,2,-2,2.0
18749,18750,18749,9,-9,9.0
18748,18750,18748,2,-2,2.0
18748,18749,18748,2,-2,2.0
18748,18749,18749,1,1,1.0
18748,18749,18748,1,-1,1.0
18748,18749,18748,3,-3,3.0
18748,18749,18749,1,1,1.0
18748,18749,18748,3,-3,3.0
18748,18749,18748,1,-1,1.0
18748,18749,18748,1,-1,1.0
18748,18749,18749,5,5,5.0
18748,18749,18749,10,10,10.0
18748,18749,18749,1,1,1.0
18748,18749,18749,2,2,2.0
18748,18749,18748,1,-1,1.0
18748,18749,18749,1,1,1.0
18748,18749,18748,9,-9,9.0
18748,18749,18749,1,1,1.0
18748,18749,18748,2,-2,2.0
18748,18749,18748,1,-1,1.0
18748,18749,18749,5,5,5.0
18748,18749,18748,1,-1,1.0
18748,18749,18748,1,-1,1.0
18748,18749,18749,11,11,11.0
18748,18749,18749,11,11,11.0
18748,18749,18749,1,1,1.0
18748,18749,18749,1,1,1.0
18748,18750,18749,1,1,-1.0
18748,18750,18749,1,1,-1.0
18748,18750,18750,1,1,1.0
18748,18750,18749,1,1,-1.0
18748,18750,18748,5,-5,5.0
18748,18749,18749,1,1,1.0
18748,18749,18748,5,-5,5.0
18748,18749,18748,13,-13,13.0
18748,18749,18748,1,-1,1.0
18748,18749,18748,1,-1,1.0
18747,18748,18747,1,-1,1.0
18747,18748,18748,2,2,2.0
18747,18748,18748,1,1,1.0
18747,18748,18747,1,-1,1.0
18747,18748,18748,3,3,3.0
18747,18748,18748,6,6,6.0
18747,18748,18748,1,1,1.0
18747,18749,18747,5,-5,5.0
18747,18748,18748,1,1,1.0
18747,18749,18749,1,1,1.0
18748,18749,18748,2,-2,2.0
18748,18749,18749,1,1,1.0
18748,18749,18748,3,-3,3.0
18748,18749,18748,2,-2,2.0
18747,18749,18747,2,-2,2.0
18748,18749,18748,1,-1,1.0
18748,18749,18747,1,-1,1.0
18747,18748,18747,5,-5,5.0
18747,18748,18747,2,-2,2.0
18747,18748,18748,4,4,4.0
18747,18748,18747,1,-1,1.0
18747,18748,18748,1,1,1.0
18747,18748,18748,3,3,3.0
18747,18748,18748,1,1,1.0
18747,18748,18748,6,6,6.0
18747,18748,18748,1,1,1.0
18747,18748,18748,2,2,2.0
18747,18748,18747,10,-10,10.0
18747,18748,18747,1,-1,1.0
18746,18747,18747,1,1,1.0
18746,18747,18747,1,1,1.0
18746,18747,18747,29,29,29.0
18746,18747,18747,4,4,4.0
18746,18747,18747,1,1,1.0
18747,18748,18747,2,-2,2.0
18747,18748,18747,2,-2,2.0
18747,18748,18747,2,-2,2.0
18746,18747,18747,5,5,5.0
18746,18748,18746,2,-2,2.0
18746,18748,18746,6,-6,6.0
18746,18748,18746,2,-2,2.0
18746,18748,18746,1,-1,1.0
18746,18748,18746,4,-4,4.0
18746,18747,18746,1,-1,1.0
18746,18747,18746,2,-2,2.0
18746,18747,18747,1,1,1.0
18746,18747,18747,1,1,1.0
18746,18747,18746,1,-1,1.0
18746,18747,18746,1,-1,1.0
18746,18747,18747,1,1,1.0
18746,18747,18747,1,1,1.0
18746,18747,18746,1,-1,1.0
18746,18747,18746,2,-2,2.0
18746,18747,18746,1,-1,1.0
18746,18747,18746,20,-20,20.0
18745,18746,18746,3,3,3.0
18745,18746,18746,3,3,3.0
18745,18746,18746,3,3,3.0
18745,18746,18746,4,4,4.0
18745,18746,18746,1,1,1.0
18745,18746,18746,2,2,2.0
18745,18746,18746,2,2,2.0
18745,18746,18746,1,1,1.0
18745,18746,18746,1,1,1.0
18746,18747,18747,5,5,5.0
18746,18747,18746,1,-1,1.0
18746,18747,18746,1,-1,1.0
18746,18747,18746,1,-1,1.0
18746,18747,18747,2,2,2.0
18746,18747,18746,1,-1,1.0
18746,18747,18746,4,-4,4.0
18746,18747,18746,2,-2,2.0
18746,18747,18746,1,-1,1.0
18745,18746,18746,4,4,4.0
18745,18746,18745,1,-1,1.0
18745,18746,18745,26,-26,26.0
18745,18746,18745,1,-1,1.0
18745,18746,18745,3,-3,3.0
18744,18745,18745,3,3,3.0
18744,18745,18745,1,1,1.0
18745,18746,18745,2,-2,2.0
18745,18746,18745,3,-3,3.0
18744,18745,18745,3,3,3.0
18744,18745,18745,3,3,3.0
18744,18745,18745,2,2,2.0
18745,18746,18745,2,-2,2.0
18744,18745,18745,1,1,1.0
18745,18746,18746,3,3,3.0
18745,18746,18745,1,-1,1.0
18745,18746,18745,4,-4,4.0
18745,18746,18744,1,-1,1.0
18744,18745,18745,1,1,1.0
18744,18745,18744,1,-1,1.0
18744,18745,18744,2,-2,2.0
18744,18745,18744,3,-3,3.0
18744,18745,18744,1,-1,1.0
18744,18745,18744,1,-1,1.0
18744,18745,18745,3,3,3.0
18744,18745,18744,1,-1,1.0
18744,18745,18744,1,-1,1.0
18744,18745,18744,1,-1,1.0
18744,18745,18745,1,1,1.0
18744,18745,18745,1,1,1.0
18744,18745,18744,1,-1,1.0
18744,18745,18744,1,-1,1.0
18744,18745,18745,1,1,1.0
18744,18745,18744,1,-1,1.0
18744,18745,18745,1,1,1.0
18744,18745,18744,2,-2,2.0
18744,18745,18744,2,-2,2.0
18744,18745,18745,1,1,1.0
18744,18745,18745,3,3,3.0
18744,18745,18744,1,-1,1.0
18744,18745,18744,1,-1,1.0
18744,18745,18744,1,-1,1.0
18744,18745,18744,1,-1,1.0
18744,18745,18744,29,-29,29.0
18744,18745,18744,6,-6,6.0
18744,18745,18743,27,-27,27.0
18744,18745,18743,2,-2,2.0
18742,18743,18743,2,2,2.0
18742,18743,18743,2,2,2.0
18742,18743,18743,1,1,1.0
18742,18744,18744,7,7,7.0
18742,18744,18743,1,1,-1.0
18742,18744,18744,4,4,4.0
18742,18744,18744,2,2,2.0
18742,18744,18744,1,1,1.0
18743,18744,18743,1,-1,1.0
18742,18744,18743,2,-2,2.0
18743,18744,18743,5,-5,5.0
18743,18744,18742,5,-5,5.0
18742,18744,18744,1,1,1.0
18742,18743,18743,1,1,1.0
18742,18743,18742,28,-28,28.0
18742,18743,18742,1,-1,1.0
18742,18743,18742,2,-2,2.0
18742,18743,18742,2,-2,2.0
18742,18743,18741,4,-4,4.0
18742,18743,18741,6,-6,6.0
18742,18743,18741,2,-2,2.0
18741,18743,18741,2,-2,2.0
18741,18743,18741,2,-2,2.0
18742,18743,18742,1,-1,1.0
18742,18743,18743,4,4,4.0
18741,18743,18743,2,2,2.0
18741,18743,18743,2,2,2.0
18741,18743,18743,1,1,1.0
18741,18743,18742,2,2,-2.0
18742,18743,18742,9,-9,9.0
18742,18743,18743,1,1,1.0
18742,18743,18743,1,1,1.0
18742,18743,18742,1,-1,1.0
18742,18743,18743,1,1,1.0
18742,18743,18742,1,-1,1.0
18742,18743,18742,2,-2,2.0
18742,18743,18743,1,1,1.0
18742,18743,18742,1,-1,1.0
18742,18743,18742,1,-1,1.0
18742,18743,18743,2,2,2.0
18742,18743,18743,1,1,1.0
18742,18743,18742,1,-1,1.0
18742,18743,18742,1,-1,1.0
18742,18743,18742,7,-7,7.0
18742,18743,18742,1,-1,1.0
18741,18743,18743,5,5,5.0
18742,18743,18742,1,-1,1.0
18741,18743,18742,1,-1,1.0
18741,18743,18742,2,-2,2.0
18741,18743,18741,1,-1,1.0
18741,18743,18741,1,-1,1.0
18742,18743,18742,1,-1,1.0
18741,18743,18742,3,-3,3.0
18741,18742,18742,3,3,3.0
18742,18743,18742,1,-1,1.0
18742,18743,18743,3,3,3.0
18742,18743,18743,4,4,4.0
18742,18743,18743,3,3,3.0
18742,18743,18743,1,1,1.0
18742,18743,18743,2,2,2.0
18742,18743,18743,6,6,6.0
18742,18743,18743,1,1,1.0
18742,18743,18743,11,11,11.0
18742,18743,18744,6,6,-6.0
18743,18745,18744,1,1,-1.0
18744,18745,18744,1,-1,1.0
18743,18745,18743,1,-1,1.0
18743,18745,18743,1,-1,1.0
18743,18745,18745,1,1,1.0
18743,18745,18745,1,1,1.0
18743,18745,18744,1,1,-1.0
18743,18744,18744,2,2,2.0
18743,18744,18744,1,1,1.0
18743,18744,18744,2,2,2.0
18743,18745,18744,1,1,-1.0
18743,18745,18745,1,1,1.0
18744,18745,18744,2,-2,2.0
18743,18745,18743,1,-1,1.0
18743,18745,18745,30,30,30.0
18743,18745,18744,1,1,-1.0
18744,18745,18745,3,3,3.0
18744,18745,18745,1,1,1.0
18744,18745,18745,1,1,1.0
18744,18745,18745,1,1,1.0
18744,18745,18745,4,4,4.0
18744,18746,18744,1,-1,1.0
18744,18746,18744,1,-1,1.0
18744,18745,18745,1,1,1.0
18744,18746,18744,1,-1,1.0
18744,18745,18744,2,-2,2.0
18744,18745,18744,6,-6,6.0
18744,18745,18744,2,-2,2.0
18744,18745,18744,2,-2,2.0
18744,18745,18744,1,-1,1.0
18744,18745,18744,3,-3,3.0
18744,18745,18745,3,3,3.0
18744,18745,18743,6,-6,6.0
18744,18745,18743,2,-2,2.0
18743,18744,18744,1,1,1.0
18743,18744,18743,2,-2,2.0
18743,18744,18743,1,-1,1.0
18743,18744,18743,14,-14,14.0
18743,18744,18742,1,-1,1.0
18742,18744,18742,1,-1,1.0
18742,18744,18742,1,-1,1.0
18742,18744,18743,2,-2,2.0
18742,18744,18742,2,-2,2.0
18742,18744,18742,1,-1,1.0
18742,18744,18744,1,1,1.0
18742,18744,18743,1,1,-1.0
18742,18744,18742,1,-1,1.0
18742,18744,18742,1,-1,1.0
18742,18744,18742,1,-1,1.0
18742,18744,18744,1,1,1.0
18743,18744,18743,2,-2,2.0
18743,18744,18743,5,-5,5.0
18743,18744,18743,1,-1,1.0
18743,18744,18742,2,-2,2.0
18743,18744,18743,6,-6,6.0
18743,18744,18743,2,-2,2.0
18743,18744,18742,24,-24,24.0
18743,18744,18742,1,-1,1.0
18743,18744,18742,13,-13,13.0
18741,18742,18741,1,-1,1.0
18741,18742,18741,2,-2,2.0
18741,18742,18741,2,-2,2.0
18741,18742,18742,1,1,1.0
18741,18742,18742,1,1,1.0
18741,18742,18741,3,-3,3.0
18741,18742,18741,3,-3,3.0
18741,18742,18742,1,1,1.0
18741,18742,18742,4,4,4.0
18741,18742,18741,1,-1,1.0
18741,18742,18741,1,-1,1.0
18741,18742,18742,1,1,1.0
18741,18742,18741,1,-1,1.0
18741,18742,18742,1,1,1.0
18741,18742,18741,10,-10,10.0
18741,18742,18741,1,-1,1.0
18741,18742,18741,1,-1,1.0
18741,18742,18741,4,-4,4.0
18741,18742,18741,1,-1,1.0
18741,18742,18741,1,-1,1.0
18741,18742,18741,1,-1,1.0
18740,18742,18742,1,1,1.0
18740,18742,18741,1,1,-1.0
18740,18742,18741,1,1,-1.0
18740,18742,18741,1,1,-1.0
18740,18742,18741,1,1,-1.0
18740,18742,18742,3,3,3.0
18740,18742,18742,4,4,4.0
18741,18742,18742,5,5,5.0
18741,18742,18741,7,-7,7.0
18740,18741,18740,1,-1,1.0
18740,18741,18741,1,1,1.0
18740,18741,18741,1,1,1.0
18740,18741,18741,1,1,1.0
18740,18741,18742,1,1,-1.0
18740,18741,18742,1,1,-1.0
18741,18742,18741,5,-5,5.0
18740,18741,18740,1,-1,1.0
18740,18741,18740,1,-1,1.0
18740,18741,18741,4,4,4.0
18740,18741,18741,1,1,1.0
18740,18741,18741,1,1,1.0
18740,18741,18741,1,1,1.0
18740,18741,18741,1,1,1.0
18740,18741,18741,1,1,1.0
18740,18741,18741,1,1,1.0
18740,18741,18741,2,2,2.0
18740,18741,18741,1,1,1.0
18740,18741,18741,2,2,2.0
18740,18741,18741,1,1,1.0
18741,18742,18741,1,-1,1.0
18741,18742,18741,1,-1,1.0
18741,18742,18741,1,-1,1.0
18741,18742,18741,1,-1,1.0
18741,18742,18742,4,4,4.0
18741,18742,18742,1,1,1.0
18741,18742,18742,1,1,1.0
18741,18742,18742,3,3,3.0
18741,18742,18742,1,1,1.0
18741,18743,18741,1,-1,1.0
18741,18743,18741,1,-1,1.0
18741,18742,18742,1,1,1.0
18741,18742,18742,1,1,1.0
18741,18742,18742,4,4,4.0
18741,18743,18743,4,4,4.0
18741,18743,18742,1,1,-1.0
18742,18743,18742,1,-1,1.0
18742,18743,18742,1,-1,1.0
18742,18743,18742,2,-2,2.0
18742,18743,18743,2,2,2.0
18742,18743,18743,2,2,2.0
18742,18743,18742,1,-1,1.0
18742,18743,18742,7,-7,7.0
18741,18743,18742,2,-2,2.0
18741,18743,18742,1,-1,1.0
18741,18743,18742,1,-1,1.0
18741,18742,18742,1,1,1.0
18741,18742,18742,1,1,1.0
18741,18742,18743,1,1,-1.0
18742,18743,18742,1,-1,1.0
18742,18743,18742,3,-3,3.0
18742,18743,18742,1,-1,1.0
18742,18743,18742,1,-1,1.0
18742,18743,18742,1,-1,1.0
18742,18743,18741,1,-1,1.0
18742,18743,18742,1,-1,1.0
18742,18743,18743,1,1,1.0
18742,18743,18743,1,1,1.0
18742,18743,18743,1,1,1.0
18742,18743,18743,1,1,1.0
18742,18743,18743,5,5,5.0
18742,18743,18742,1,-1,1.0
18742,18743,18742,1,-1,1.0
18742,18743,18742,2,-2,2.0
18742,18743,18742,3,-3,3.0
18742,18743,18742,2,-2,2.0
18742,18743,18742,6,-6,6.0
18742,18743,18742,2,-2,2.0
18742,18743,18741,2,-2,2.0
18742,18743,18741,2,-2,2.0
18742,18743,18741,6,-6,6.0
18742,18743,18741,15,-15,15.0
18742,18743,18740,3,-3,3.0
18742,18743,18741,1,-1,1.0
18742,18743,18741,1,-1,1.0
18742,18743,18741,2,-2,2.0
18742,18743,18741,1,-1,1.0
18742,18743,18741,1,-1,1.0
18742,18743,18740,3,-3,3.0
18742,18743,18740,3,-3,3.0
18740,18741,18740,2,-2,2.0
18740,18741,18740,2,-2,2.0
18740,18741,18740,1,-1,1.0
18740,18741,18740,1,-1,1.0
18740,18741,18741,1,1,1.0
18740,18741,18740,2,-2,2.0
18740,18741,18741,1,1,1.0
18740,18742,18740,1,-1,1.0
18740,18742,18740,1,-1,1.0
18740,18742,18740,3,-3,3.0
18740,18742,18740,4,-4,4.0
18740,18742,18740,1,-1,1.0
18740,18742,18740,1,-1,1.0
18740,18742,18740,1,-1,1.0
18740,18742,18740,1,-1,1.0
18740,18742,18740,2,-2,2.0
18740,18741,18740,1,-1,1.0
18740,18741,18740,10,-10,10.0
18740,18741,18740,2,-2,2.0
18740,18741,18740,1,-1,1.0
18740,18741,18740,1,-1,1.0
18739,18740,18740,3,3,3.0
18739,18740,18740,2,2,2.0
18739,18740,18740,1,1,1.0
18739,18741,18741,2,2,2.0
18739,18741,18741,1,1,1.0
18740,18741,18740,1,-1,1.0
18740,18741,18740,1,-1,1.0
18739,18741,18741,6,6,6.0
18740,18741,18740,1,-1,1.0
18740,18741,18740,4,-4,4.0
18739,18741,18740,1,-1,1.0
18740,18741,18740,4,-4,4.0
18740,18741,18740,1,-1,1.0
18739,18740,18740,2,2,2.0
18739,18740,18740,2,2,2.0
18739,18740,18740,1,1,1.0
18739,18740,18740,9,9,9.0
18739,18740,18740,1,1,1.0
18739,18741,18740,1,1,-1.0
18739,18741,18741,4,4,4.0
18740,18742,18740,7,-7,7.0
18740,18741,18740,1,-1,1.0
18739,18741,18741,2,2,2.0
18739,18741,18739,1,-1,1.0
18739,18741,18739,1,-1,1.0
18739,18741,18741,1,1,1.0
18740,18741,18741,2,2,2.0
18740,18741,18741,2,2,2.0
18740,18741,18741,2,2,2.0
18740,18741,18741,1,1,1.0
18740,18741,18741,1,1,1.0
18740,18742,18741,1,1,-1.0
18740,18741,18741,1,1,1.0
18740,18741,18741,2,2,2.0
18740,18741,18740,1,-1,1.0
18740,18741,18740,1,-1,1.0
18740,18741,18740,1,-1,1.0
18740,18741,18740,1,-1,1.0
18740,18741,18741,2,2,2.0
18740,18741,18740,1,-1,1.0
18740,18741,18741,2,2,2.0
18740,18741,18741,1,1,1.0
18740,18741,18741,1,1,1.0
18740,18742,18740,1,-1,1.0
18740,18742,18740,1,-1,1.0
18740,18742,18741,2,-2,2.0
18740,18742,18741,2,-2,2.0
18740,18742,18741,1,-1,1.0
18740,18742,18741,1,-1,1.0
18740,18742,18741,2,-2,2.0
18740,18742,18741,2,-2,2.0
18741,18742,18741,13,-13,13.0
18741,18742,18741,1,-1,1.0
18741,18742,18741,1,-1,1.0
18741,18742,18741,1,-1,1.0
18740,18741,18741,1,1,1.0
18740,18741,18741,1,1,1.0
18740,18742,18741,1,1,-1.0
18741,18742,18742,5,5,5.0
18741,18742,18741,1,-1,1.0
18741,18742,18741,1,-1,1.0
18741,18742,18742,2,2,2.0
18741,18742,18741,6,-6,6.0
18741,18742,18741,2,-2,2.0
18741,18742,18741,5,-5,5.0
18741,18742,18740,11,-11,11.0
18741,18742,18742,4,4,4.0
18741,18742,18741,1,-1,1.0
18741,18742,18742,1,1,1.0
18741,18742,18742,1,1,1.0
18741,18742,18742,1,1,1.0
18741,18742,18742,3,3,3.0
18741,18743,18743,6,6,6.0
18741,18743,18743,3,3,3.0
18741,18743,18743,10,10,10.0
18741,18743,18744,2,2,-2.0
18741,18743,18744,4,4,-4.0
18742,18744,18744,1,1,1.0
18742,18744,18743,1,1,-1.0
18743,18744,18744,2,2,2.0
18743,18744,18743,1,-1,1.0
18743,18744,18743,2,-2,2.0
18743,18744,18743,1,-1,1.0
18743,18744,18743,1,-1,1.0
18743,18744,18743,4,-4,4.0
18742,18743,18743,2,2,2.0
18742,18743,18743,4,4,4.0
18742,18743,18743,1,1,1.0
18743,18744,18743,2,-2,2.0
18743,18744,18743,1,-1,1.0
18743,18744,18743,1,-1,1.0
18743,18744,18743,1,-1,1.0
18743,18744,18744,2,2,2.0
18743,18744,18744,10,10,10.0
18743,18744,18744,2,2,2.0
18744,18745,18744,1,-1,1.0
18744,18745,18745,3,3,3.0
18744,18745,18745,1,1,1.0
18744,18745,18745,2,2,2.0
18744,18745,18745,3,3,3.0
18745,18746,18746,2,2,2.0
18745,18746,18746,3,3,3.0
18745,18746,18745,2,-2,2.0
18745,18746,18745,4,-4,4.0
18745,18746,18746,4,4,4.0
18745,18746,18745,1,-1,1.0
18745,18746,18745,11,-11,11.0
18744,18745,18745,1,1,1.0
18744,18745,18744,1,-1,1.0
18744,18745,18744,1,-1,1.0
18744,18745,18744,1,-1,1.0
18744,18745,18745,1,1,1.0
18744,18745,18745,3,3,3.0
18744,18745,18745,2,2,2.0
18744,18745,18745,2,2,2.0
18744,18745,18745,3,3,3.0
18744,18745,18745,5,5,5.0
18744,18745,18745,5,5,5.0
18744,18745,18745,1,1,1.0
18745,18746,18746,2,2,2.0
18745,18746,18745,1,-1,1.0
18745,18746,18746,2,2,2.0
18745,18746,18745,1,-1,1.0
18745,18746,18746,8,8,8.0
18745,18747,18747,3,3,3.0
18745,18747,18745,13,-13,13.0
18745,18746,18746,1,1,1.0
18745,18746,18746,1,1,1.0
18745,18746,18746,1,1,1.0
18745,18746,18747,1,1,-1.0
18745,18747,18745,1,-1,1.0
18745,18747,18747,1,1,1.0
18745,18747,18746,1,1,-1.0
18745,18747,18746,2,2,-2.0
18745,18747,18746,2,2,-2.0
18745,18747,18746,1,1,-1.0
18745,18747,18746,1,1,-1.0
18745,18746,18745,6,-6,6.0
18744,18746,18746,1,1,1.0
18744,18746,18746,1,1,1.0
18744,18746,18746,2,2,2.0
18744,18746,18746,2,2,2.0
18744,18746,18745,1,1,-1.0
18744,18746,18744,2,-2,2.0
18744,18746,18744,1,-1,1.0
18744,18746,18744,1,-1,1.0
18744,18746,18745,1,-1,1.0
18744,18746,18745,1,-1,1.0
18744,18745,18745,1,1,1.0
18744,18745,18746,3,3,-3.0
18744,18746,18744,1,-1,1.0
18744,18746,18744,1,-1,1.0
18744,18746,18744,1,-1,1.0
18744,18745,18745,1,1,1.0
18744,18745,18746,1,1,-1.0
18744,18745,18745,1,1,1.0
18744,18746,18746,1,1,1.0
18744,18746,18745,1,1,-1.0
18744,18746,18744,1,-1,1.0
18744,18746,18746,1,1,1.0
18744,18746,18744,3,-3,3.0
18744,18746,18744,11,-11,11.0
18743,18745,18745,2,2,2.0
18743,18745,18744,2,2,-2.0
18744,18746,18744,1,-1,1.0
18744,18746,18744,1,-1,1.0
18744,18746,18744,3,-3,3.0
18744,18745,18744,1,-1,1.0
18743,18745,18745,2,2,2.0
18743,18745,18746,1,1,-1.0
18743,18745,18746,1,1,-1.0
18745,18746,18745,1,-1,1.0
18745,18746,18745,1,-1,1.0
18745,18746,18746,4,4,4.0
18745,18746,18745,1,-1,1.0
18745,18746,18746,2,2,2.0
18745,18746,18745,1,-1,1.0
18745,18746,18745,1,-1,1.0
18745,18746,18745,1,-1,1.0
18745,18746,18745,1,-1,1.0
18745,18746,18745,1,-1,1.0
18745,18746,18745,1,-1,1.0
18745,18746,18746,12,12,12.0
18746,18747,18746,1,-1,1.0
18746,18747,18747,3,3,3.0
18746,18747,18747,3,3,3.0
18746,18747,18746,1,-1,1.0
18746,18747,18746,1,-1,1.0
18746,18747,18747,2,2,2.0
18746,18747,18746,2,-2,2.0
18746,18747,18747,1,1,1.0
18746,18747,18747,10,10,10.0
18746,18747,18746,1,-1,1.0
18746,18747,18746,10,-10,10.0
18746,18747,18746,1,-1,1.0
18746,18747,18747,2,2,2.0
18746,18747,18746,5,-5,5.0
18746,18747,18747,5,5,5.0
18746,18747,18747,1,1,1.0
18746,18747,18747,1,1,1.0
18746,18747,18747,2,2,2.0
18746,18747,18747,1,1,1.0
18746,18747,18746,2,-2,2.0
18746,18747,18746,1,-1,1.0
18746,18747,18746,1,-1,1.0
18746,18747,18747,1,1,1.0
18746,18747,18746,1,-1,1.0
18746,18747,18747,10,10,10.0
18746,18747,18747,2,2,2.0
18746,18747,18747,1,1,1.0
18746,18747,18747,10,10,10.0
18746,18747,18746,1,-1,1.0
18746,18747,18747,1,1,1.0
18746,18747,18746,1,-1,1.0
18746,18747,18747,2,2,2.0
18746,18747,18746,1,-1,1.0
18746,18747,18746,1,-1,1.0
18746,18747,18747,10,10,10.0
18746,18747,18746,1,-1,1.0
18746,18747,18746,9,-9,9.0
18746,18747,18746,2,-2,2.0
18746,18747,18746,1,-1,1.0
18746,18747,18746,7,-7,7.0
18745,18747,18745,1,-1,1.0
18745,18747,18747,2,2,2.0
18746,18747,18747,10,10,10.0
18746,18747,18747,2,2,2.0
18746,18747,18747,10,10,10.0
18746,18747,18746,14,-14,14.0
18746,18747,18745,3,-3,3.0
18746,18747,18745,19,-19,19.0
18744,18746,18744,2,-2,2.0
18744,18746,18745,1,-1,1.0
18744,18746,18746,2,2,2.0
18744,18746,18746,2,2,2.0
18744,18746,18746,3,3,3.0
18744,18746,18745,1,1,-1.0
18744,18746,18746,2,2,2.0
18744,18746,18746,1,1,1.0
18745,18746,18745,1,-1,1.0
18745,18746,18745,2,-2,2.0
18745,18746,18746,2,2,2.0
18745,18746,18745,1,-1,1.0
18745,18746,18745,3,-3,3.0
18745,18746,18745,2,-2,2.0
18745,18746,18745,2,-2,2.0
18744,18746,18744,1,-1,1.0
18744,18746,18744,13,-13,13.0
18743,18746,18744,2,-2,2.0
18743,18746,18743,1,-1,1.0
18743,18746,18743,4,-4,4.0
18743,18744,18743,1,-1,1.0
18743,18744,18743,4,-4,4.0
18743,18744,18744,1,1,1.0
18743,18744,18743,1,-1,1.0
18743,18744,18743,1,-1,1.0
18743,18744,18743,1,-1,1.0
18743,18744,18744,1,1,1.0
18743,18744,18744,1,1,1.0
18743,18744,18743,1,-1,1.0
18743,18744,18744,2,2,2.0
18743,18744,18744,1,1,1.0
18743,18744,18743,1,-1,1.0
18743,18744,18743,2,-2,2.0
18743,18744,18744,2,2,2.0
18743,18744,18744,9,9,9.0
18743,18744,18745,1,1,-1.0
18743,18745,18745,4,4,4.0
18743,18745,18743,11,-11,11.0
18742,18744,18742,1,-1,1.0
18742,18744,18742,1,-1,1.0
18742,18744,18742,1,-1,1.0
18742,18743,18743,2,2,2.0
18742,18743,18743,3,3,3.0
18743,18744,18743,3,-3,3.0
18743,18744,18744,3,3,3.0
18743,18744,18745,9,9,-9.0
18743,18745,18743,1,-1,1.0
18743,18744,18743,1,-1,1.0
18743,18744,18743,1,-1,1.0
18743,18744,18744,2,2,2.0
18743,18744,18744,1,1,1.0
18743,18745,18744,1,1,-1.0
18743,18745,18743,1,-1,1.0
18743,18745,18743,1,-1,1.0
18743,18744,18744,5,5,5.0
18743,18744,18744,2,2,2.0
18743,18744,18743,2,-2,2.0
18743,18744,18743,1,-1,1.0
18743,18744,18743,1,-1,1.0
18743,18744,18744,2,2,2.0
18743,18745,18744,3,3,-3.0
18743,18745,18745,8,8,8.0
18744,18745,18744,1,-1,1.0
18744,18745,18744,1,-1,1.0
18744,18745,18745,1,1,1.0
18744,18745,18746,1,1,-1.0
18744,18745,18745,1,1,1.0
18744,18746,18746,2,2,2.0
18745,18746,18745,1,-1,1.0
18745,18746,18745,2,-2,2.0
18745,18746,18745,1,-1,1.0
18744,18746,18746,31,31,31.0
18745,18747,18745,1,-1,1.0
18745,18747,18746,1,-1,1.0
18745,18747,18747,2,2,2.0
18746,18747,18747,16,16,16.0
18746,18747,18747,1,1,1.0
18746,18747,18747,2,2,2.0
18746,18747,18747,1,1,1.0
18747,18748,18747,1,-1,1.0
18747,18748,18748,1,1,1.0
18747,18748,18748,1,1,1.0
18747,18748,18748,1,1,1.0
18747,18748,18748,13,13,13.0
18748,18749,18749,1,1,1.0
18748,18749,18749,1,1,1.0
18748,18749,18749,1,1,1.0
18748,18749,18749,2,2,2.0
18748,18749,18748,1,-1,1.0
18748,18749,18749,5,5,5.0
18748,18749,18748,1,-1,1.0
18748,18749,18748,1,-1,1.0
18748,18749,18748,1,-1,1.0
18748,18749,18749,2,2,2.0
18748,18749,18749,1,1,1.0
18748,18749,18749,1,1,1.0
18748,18749,18748,2,-2,2.0
18748,18749,18748,1,-1,1.0
18748,18749,18748,2,-2,2.0
18748,18749,18748,19,-19,19.0
18747,18748,18747,1,-1,1.0
18747,18748,18747,1,-1,1.0
18747,18748,18747,1,-1,1.0
18747,18748,18748,2,2,2.0
18747,18748,18747,1,-1,1.0
18747,18748,18747,1,-1,1.0
18747,18748,18747,5,-5,5.0
18747,18748,18747,1,-1,1.0
18747,18748,18748,1,1,1.0
18747,18748,18748,2,2,2.0
18747,18748,18748,2,2,2.0
18747,18748,18747,1,-1,1.0
18747,18748,18747,1,-1,1.0
18747,18748,18748,2,2,2.0
18747,18748,18748,2,2,2.0
18747,18748,18747,1,-1,1.0
18747,18748,18747,1,-1,1.0
18747,18748,18747,1,-1,1.0
18747,18748,18747,2,-2,2.0
18747,18748,18748,2,2,2.0
18747,18748,18748,1,1,1.0
18747,18748,18748,2,2,2.0
18747,18748,18748,1,1,1.0
18747,18748,18748,1,1,1.0
18747,18748,18748,1,1,1.0
18747,18748,18748,1,1,1.0
18747,18748,18748,2,2,2.0
18747,18748,18748,8,8,8.0
18747,18749,18749,5,5,5.0
18748,18749,18749,1,1,1.0
18748,18749,18748,1,-1,1.0
18748,18749,18748,3,-3,3.0
18748,18749,18748,1,-1,1.0
18748,18749,18749,2,2,2.0
18748,18749,18749,1,1,1.0
18748,18749,18749,15,15,15.0
18748,18750,18750,2,2,2.0
18748,18750,18750,1,1,1.0
18748,18750,18750,1,1,1.0
18748,18749,18749,4,4,4.0
18748,18750,18750,5,5,5.0
18749,18750,18749,1,-1,1.0
18748,18750,18750,2,2,2.0
18748,18750,18748,1,-1,1.0
18749,18750,18749,1,-1,1.0
18749,18750,18749,3,-3,3.0
18749,18750,18749,1,-1,1.0
18749,18750,18749,1,-1,1.0
18749,18750,18749,2,-2,2.0
18749,18750,18750,2,2,2.0
18749,18750,18749,3,-3,3.0
18749,18750,18750,1,1,1.0
18749,18750,18749,1,-1,1.0
18748,18749,18749,1,1,1.0
18748,18749,18749,2,2,2.0
18748,18749,18749,3,3,3.0
18749,18750,18749,2,-2,2.0
18749,18750,18749,1,-1,1.0
18749,18750,18749,2,-2,2.0
18749,18750,18749,1,-1,1.0
18749,18750,18749,1,-1,1.0
18749,18750,18750,2,2,2.0
18749,18750,18749,2,-2,2.0
18749,18750,18749,10,-10,10.0
18749,18750,18749,2,-2,2.0
18749,18750,18749,1,-1,1.0
18749,18750,18749,2,-2,2.0
18749,18750,18749,11,-11,11.0
18748,18750,18748,1,-1,1.0
18748,18750,18748,1,-1,1.0
18749,18750,18749,3,-3,3.0
18749,18750,18749,2,-2,2.0
18749,18750,18750,2,2,2.0
18749,18750,18749,1,-1,1.0
18749,18750,18749,1,-1,1.0
18749,18750,18749,4,-4,4.0
18749,18750,18749,2,-2,2.0
18749,18750,18749,1,-1,1.0
18748,18750,18748,1,-1,1.0
18748,18750,18748,1,-1,1.0
18749,18750,18750,2,2,2.0
18749,18750,18749,2,-2,2.0
18748,18749,18749,2,2,2.0
18748,18749,18749,3,3,3.0
18748,18749,18749,1,1,1.0
18748,18749,18749,1,1,1.0
18748,18749,18749,1,1,1.0
18748,18749,18748,10,-10,10.0
18748,18749,18749,2,2,2.0
18748,18749,18749,4,4,4.0
18748,18749,18748,1,-1,1.0
18748,18749,18748,1,-1,1.0
18748,18749,18748,1,-1,1.0
18748,18749,18749,8,8,8.0
18748,18749,18748,1,-1,1.0
18748,18749,18749,1,1,1.0
18748,18749,18748,3,-3,3.0
18748,18749,18749,1,1,1.0
18748,18749,18748,1,-1,1.0
18748,18749,18748,2,-2,2.0
18748,18749,18749,1,1,1.0
18748,18749,18748,3,-3,3.0
18748,18749,18748,1,-1,1.0
18748,18749,18748,2,-2,2.0
18748,18749,18749,1,1,1.0
18748,18749,18749,2,2,2.0
18748,18749,18749,2,2,2.0
18748,18749,18749,1,1,1.0
18748,18749,18749,3,3,3.0
18748,18749,18749,2,2,2.0
18748,18749,18749,2,2,2.0
18748,18750,18748,4,-4,4.0
18748,18750,18748,2,-2,2.0
18748,18750,18749,1,-1,1.0
18749,18750,18749,3,-3,3.0
18749,18750,18750,1,1,1.0
18749,18750,18750,2,2,2.0
18749,18750,18750,2,2,2.0
18749,18750,18750,14,14,14.0
18749,18750,18750,2,2,2.0
18749,18750,18749,3,-3,3.0
18749,18750,18749,2,-2,2.0
18749,18750,18749,3,-3,3.0
18749,18750,18749,2,-2,2.0
18749,18750,18750,2,2,2.0
18749,18750,18749,2,-2,2.0
18749,18750,18749,3,-3,3.0
18749,18750,18749,1,-1,1.0
18749,18750,18749,2,-2,2.0
18749,18750,18749,2,-2,2.0
18749,18750,18749,1,-1,1.0
18749,18750,18749,1,-1,1.0
18749,18750,18750,4,4,4.0
18749,18750,18749,1,-1,1.0
18749,18750,18750,1,1,1.0
18749,18750,18750,1,1,1.0
18749,18750,18750,1,1,1.0
18749,18750,18750,6,6,6.0
18749,18750,18749,8,-8,8.0
18749,18750,18749,3,-3,3.0
18749,18750,18750,2,2,2.0
18749,18750,18749,3,-3,3.0
18749,18750,18749,3,-3,3.0
18749,18750,18750,2,2,2.0
18749,18750,18749,1,-1,1.0
18749,18750,18750,1,1,1.0
18749,18750,18750,11,11,11.0
18749,18750,18750,2,2,2.0
18749,18750,18750,1,1,1.0
18749,18750,18749,1,-1,1.0
18749,18750,18749,1,-1,1.0
18749,18750,18749,1,-1,1.0
18749,18750,18749,3,-3,3.0
18749,18750,18749,1,-1,1.0
18749,18750,18749,1,-1,1.0
18749,18750,18750,2,2,2.0
18749,18750,18749,3,-3,3.0
18749,18750,18749,1,-1,1.0
18749,18750,18750,1,1,1.0
18749,18750,18750,13,13,13.0
18749,18750,18750,1,1,1.0
18749,18750,18750,20,20,20.0
18749,18751,18751,1,1,1.0
18750,18751,18751,1,1,1.0
18750,18751,18750,2,-2,2.0
18750,18751,18750,3,-3,3.0
18750,18751,18750,1,-1,1.0
18750,18751,18751,1,1,1.0
18750,18751,18750,5,-5,5.0
18750,18751,18750,3,-3,3.0
18750,18751,18751,2,2,2.0
18750,18751,18750,1,-1,1.0
18750,18751,18750,1,-1,1.0
18750,18751,18751,2,2,2.0
18750,18751,18751,3,3,3.0
18750,18751,18751,3,3,3.0
18750,18751,18750,1,-1,1.0
18750,18751,18751,1,1,1.0
18750,18751,18751,10,10,10.0
18750,18751,18750,1,-1,1.0
18750,18751,18750,1,-1,1.0
18750,18751,18750,3,-3,3.0
18750,18751,18750,1,-1,1.0
18750,18751,18750,5,-5,5.0
18750,18751,18750,1,-1,1.0
18750,18751,18751,1,1,1.0
18750,18751,18750,1,-1,1.0
18750,18751,18750,3,-3,3.0
18750,18751,18751,3,3,3.0
18750,18751,18751,2,2,2.0
18750,18751,18751,7,7,7.0
18750,18751,18751,26,26,26.0
18750,18751,18751,1,1,1.0
18751,18752,18751,2,-2,2.0
18751,18752,18751,1,-1,1.0
18751,18752,18751,1,-1,1.0
18751,18752,18751,1,-1,1.0
18751,18752,18751,2,-2,2.0
18751,18752,18751,5,-5,5.0
18751,18752,18751,1,-1,1.0
18751,18752,18752,1,1,1.0
18751,18752,18751,1,-1,1.0
18751,18752,18752,1,1,1.0
18751,18752,18752,2,2,2.0
18751,18752,18751,3,-3,3.0
18751,18752,18752,3,3,3.0
18751,18752,18752,4,4,4.0
18751,18752,18752,1,1,1.0
18751,18752,18752,2,2,2.0
18751,18752,18752,3,3,3.0
18751,18752,18752,2,2,2.0
18751,18752,18752,1,1,1.0
18751,18752,18752,2,2,2.0
18751,18752,18752,1,1,1.0
18751,18752,18751,1,-1,1.0
18751,18752,18752,1,1,1.0
18751,18752,18752,1,1,1.0
18751,18752,18752,6,6,6.0
18751,18752,18751,3,-3,3.0
18751,18752,18752,3,3,3.0
18751,18752,18752,11,11,11.0
18751,18752,18752,1,1,1.0
18751,18753,18751,1,-1,1.0
18751,18753,18753,2,2,2.0
18751,18753,18751,1,-1,1.0
18751,18753,18753,1,1,1.0
18751,18753,18753,3,3,3.0
18751,18753,18751,1,-1,1.0
18751,18753,18751,1,-1,1.0
18751,18753,18753,1,1,1.0
18751,18753,18753,5,5,5.0
18751,18753,18753,1,1,1.0
18751,18753,18753,1,1,1.0
18751,18753,18753,1,1,1.0
18751,18753,18751,1,-1,1.0
18751,18753,18753,1,1,1.0
18751,18753,18753,2,2,2.0
18751,18753,18752,3,3,-3.0
18751,18753,18752,4,4,-4.0
18751,18753,18752,1,1,-1.0
18752,18753,18752,3,-3,3.0
18752,18753,18753,2,2,2.0
18752,18753,18752,3,-3,3.0
18752,18753,18753,1,1,1.0
18752,18753,18752,1,-1,1.0
18752,18753,18752,3,-3,3.0
18752,18753,18752,1,-1,1.0
18752,18753,18753,2,2,2.0
18752,18753,18752,1,-1,1.0
18752,18753,18753,10,10,10.0
18752,18753,18752,1,-1,1.0
18752,18753,18753,1,1,1.0
18752,18753,18752,3,-3,3.0
18752,18753,18752,2,-2,2.0
18752,18753,18753,1,1,1.0
18752,18753,18753,1,1,1.0
18752,18753,18752,1,-1,1.0
18752,18753,18752,2,-2,2.0
18752,18753,18752,3,-3,3.0
18752,18753,18752,3,-3,3.0
18752,18753,18753,6,6,6.0
18752,18753,18753,1,1,1.0
18752,18753,18753,2,2,2.0
18752,18753,18752,1,-1,1.0
18752,18753,18753,2,2,2.0
18752,18753,18752,1,-1,1.0
18752,18753,18752,1,-1,1.0
18752,18753,18752,2,-2,2.0
18752,18753,18752,3,-3,3.0
18752,18753,18752,1,-1,1.0
18752,18753,18753,1,1,1.0
18752,18753,18753,2,2,2.0
18752,18753,18753,4,4,4.0
18752,18753,18752,1,-1,1.0
18752,18753,18753,10,10,10.0
18752,18753,18752,3,-3,3.0
18752,18753,18753,1,1,1.0
18752,18753,18753,10,10,10.0
18752,18754,18752,1,-1,1.0
18752,18754,18752,5,-5,5.0
18752,18754,18752,3,-3,3.0
18752,18754,18752,3,-3,3.0
18752,18754,18754,2,2,2.0
18752,18754,18754,1,1,1.0
18752,18754,18754,1,1,1.0
18752,18754,18752,1,-1,1.0
18752,18754,18752,1,-1,1.0
18752,18754,18752,1,-1,1.0
18752,18754,18752,1,-1,1.0
18752,18754,18752,1,-1,1.0
18752,18754,18752,1,-1,1.0
18752,18754,18752,2,-2,2.0
18752,18754,18752,1,-1,1.0
18752,18754,18752,1,-1,1.0
18752,18754,18752,1,-1,1.0
18752,18754,18752,1,-1,1.0
18752,18754,18752,1,-1,1.0
18752,18754,18754,1,1,1.0
18752,18753,18752,1,-1,1.0
18752,18753,18753,1,1,1.0
18752,18753,18752,1,-1,1.0
18752,18753,18752,4,-4,4.0
18752,18753,18753,1,1,1.0
18752,18753,18753,3,3,3.0
18752,18753,18753,1,1,1.0
18752,18753,18753,1,1,1.0
18752,18753,18752,3,-3,3.0
18752,18753,18752,2,-2,2.0
18752,18753,18753,5,5,5.0
18752,18753,18752,3,-3,3.0
18752,18753,18752,1,-1,1.0
18752,18753,18753,2,2,2.0
18752,18753,18753,2,2,2.0
18752,18753,18753,2,2,2.0
18752,18753,18753,2,2,2.0
18752,18753,18753,2,2,2.0
18752,18753,18753,2,2,2.0
18752,18753,18753,2,2,2.0
18752,18753,18753,1,1,1.0
18752,18753,18753,15,15,15.0
18753,18754,18753,8,-8,8.0
18753,18754,18753,1,-1,1.0
18753,18754,18753,25,-25,25.0
18753,18754,18753,2,-2,2.0
18753,18754,18752,1,-1,1.0
18753,18754,18752,6,-6,6.0
18752,18754,18753,4,-4,4.0
18752,18754,18752,1,-1,1.0
18752,18754,18754,1,1,1.0
18752,18753,18753,3,3,3.0
18752,18753,18752,6,-6,6.0
18752,18753,18753,5,5,5.0
18752,18754,18754,1,1,1.0
18752,18753,18752,1,-1,1.0
18752,18753,18752,1,-1,1.0
18752,18753,18752,1,-1,1.0
18752,18753,18752,1,-1,1.0
18752,18753,18753,10,10,10.0
18752,18753,18753,1,1,1.0
18752,18753,18753,31,31,31.0
18752,18753,18753,1,1,1.0
18753,18754,18753,1,-1,1.0
18753,18754,18753,2,-2,2.0
18753,18754,18754,3,3,3.0
18753,18754,18754,1,1,1.0
18753,18754,18753,2,-2,2.0
18753,18754,18753,1,-1,1.0
18753,18754,18753,2,-2,2.0
18753,18754,18753,2,-2,2.0
18753,18754,18754,1,1,1.0
18753,18754,18753,1,-1,1.0
18753,18754,18753,19,-19,19.0
18752,18754,18752,3,-3,3.0
18752,18754,18754,10,10,10.0
18752,18754,18752,6,-6,6.0
18752,18754,18754,1,1,1.0
18753,18754,18753,1,-1,1.0
18753,18754,18753,1,-1,1.0
18752,18754,18754,1,1,1.0
18752,18754,18754,2,2,2.0
18752,18754,18754,1,1,1.0
18752,18754,18754,1,1,1.0
18752,18753,18753,2,2,2.0
18752,18754,18752,1,-1,1.0
18752,18753,18753,1,1,1.0
18752,18753,18754,1,1,-1.0
18753,18754,18753,3,-3,3.0
