18772,18773,18773,104,104,104.0
18773,18774,18773,3,-3,3.0
18773,18774,18774,2,2,2.0
18773,18774,18772,7,-7,7.0
18773,18774,18774,2,2,2.0
18773,18774,18774,2,2,2.0
18773,18774,18774,1,1,1.0
18771,18774,18774,2,2,2.0
18771,18774,18775,3,3,-3.0
18771,18774,18775,2,2,-2.0
18771,18775,18775,1,1,1.0
18771,18775,18773,3,3,-3.0
18771,18775,18773,3,3,-3.0
18771,18775,18773,1,1,-1.0
18771,18775,18771,2,-2,2.0
18771,18775,18771,1,-1,1.0
18771,18775,18774,1,1,-1.0
18771,18775,18774,1,1,-1.0
18772,18774,18772,1,-1,1.0
18772,18774,18771,1,-1,1.0
18772,18774,18774,2,2,2.0
18772,18774,18775,3,3,-3.0
18772,18774,18773,1,1,-1.0
18772,18774,18773,1,1,-1.0
18772,18774,18774,1,1,1.0
18772,18774,18774,1,1,1.0
18772,18774,18775,1,1,-1.0
18772,18774,18775,1,1,-1.0
18772,18774,18775,1,1,-1.0
18772,18774,18775,1,1,-1.0
18772,18774,18775,1,1,-1.0
18772,18775,18775,2,2,2.0
18772,18775,18776,1,1,-1.0
18772,18775,18773,1,-1,1.0
18772,18775,18772,1,-1,1.0
18772,18775,18772,1,-1,1.0
18772,18775,18772,1,-1,1.0
18772,18775,18771,2,-2,2.0
18772,18775,18774,1,1,-1.0
18772,18775,18774,1,1,-1.0
18772,18774,18772,1,-1,1.0
18772,18774,18774,1,1,1.0
18772,18774,18775,1,1,-1.0
18772,18774,18775,1,1,-1.0
18772,18774,18775,1,1,-1.0
18772,18774,18774,1,1,1.0
18772,18774,18775,1,1,-1.0
18773,18775,18775,1,1,1.0
18773,18775,18775,1,1,1.0
18773,18775,18776,1,1,-1.0
18773,18775,18776,1,1,-1.0
18773,18775,18774,2,2,-2.0
18773,18775,18776,1,1,-1.0
18773,18776,18776,1,1,1.0
18773,18776,18776,1,1,1.0
18773,18776,18776,1,1,1.0
18774,18776,18776,1,1,1.0
18774,18776,18776,1,1,1.0
18774,18776,18775,1,1,-1.0
18774,18776,18775,1,1,-1.0
18774,18776,18775,1,1,-1.0
18774,18776,18775,1,1,-1.0
18774,18776,18776,1,1,1.0
18775,18776,18775,1,-1,1.0
18775,18776,18776,2,2,2.0
18775,18776,18776,1,1,1.0
18775,18776,18776,1,1,1.0
18775,18776,18777,1,1,-1.0
18775,18777,18777,1,1,1.0
18775,18777,18777,2,2,2.0
18775,18777,18777,1,1,1.0
18775,18777,18777,1,1,1.0
18775,18777,18777,1,1,1.0
18775,18777,18777,3,3,3.0
18775,18777,18777,1,1,1.0
18775,18777,18777,4,4,4.0
18775,18777,18776,1,1,-1.0
18775,18777,18777,1,1,1.0
18776,18777,18776,1,-1,1.0
18776,18777,18775,5,-5,5.0
18774,18777,18774,2,-2,2.0
18774,18777,18773,7,-7,7.0
18773,18775,18773,1,-1,1.0
18773,18775,18775,1,1,1.0
18773,18775,18775,1,1,1.0
18773,18775,18775,1,1,1.0
18773,18775,18775,2,2,2.0
18774,18775,18775,1,1,1.0
18774,18776,18776,1,1,1.0
18774,18776,18774,6,-6,6.0
18773,18774,18774,1,1,1.0
18773,18774,18775,2,2,-2.0
18773,18774,18776,7,7,-7.0
18773,18774,18777,5,5,-5.0
18773,18774,18776,2,2,-2.0
18773,18774,18777,4,4,-4.0
18773,18774,18775,1,1,-1.0
18774,18776,18776,5,5,5.0
18774,18776,18775,1,1,-1.0
18774,18776,18775,1,1,-1.0
18775,18776,18775,1,-1,1.0
18775,18776,18775,4,-4,4.0
18775,18776,18774,4,-4,4.0
18773,18775,18773,1,-1,1.0
18773,18774,18773,3,-3,3.0
18773,18774,18773,1,-1,1.0
18772,18773,18772,2,-2,2.0
18772,18773,18772,4,-4,4.0
18772,18773,18771,3,-3,3.0
18772,18773,18773,2,2,2.0
18772,18773,18773,1,1,1.0
18773,18774,18773,8,-8,8.0
18773,18774,18772,5,-5,5.0
18771,18773,18772,1,-1,1.0
18771,18773,18771,1,-1,1.0
18771,18773,18773,1,1,1.0
18772,18774,18774,3,3,3.0
18772,18774,18774,6,6,6.0
18772,18774,18775,2,2,-2.0
18775,18776,18775,1,-1,1.0
18775,18776,18775,1,-1,1.0
18775,18776,18775,1,-1,1.0
18775,18776,18775,1,-1,1.0
18775,18776,18775,1,-1,1.0
18775,18776,18775,1,-1,1.0
18775,18776,18774,1,-1,1.0
18774,18775,18774,9,-9,9.0
18774,18775,18774,2,-2,2.0
18773,18775,18775,2,2,2.0
18773,18775,18775,1,1,1.0
18773,18775,18773,2,-2,2.0
18773,18775,18773,8,-8,8.0
18773,18775,18774,4,-4,4.0
18773,18775,18775,1,1,1.0
18773,18775,18775,1,1,1.0
18773,18775,18775,1,1,1.0
18773,18775,18773,9,-9,9.0
18774,18775,18774,15,-15,15.0
18773,18774,18774,2,2,2.0
18773,18775,18775,5,5,5.0
18774,18776,18774,11,-11,11.0
18774,18776,18773,4,-4,4.0
18773,18775,18775,1,1,1.0
18773,18775,18775,14,14,14.0
18773,18775,18775,2,2,2.0
18774,18776,18774,2,-2,2.0
18774,18776,18774,14,-14,14.0
18774,18776,18775,3,-3,3.0
18774,18775,18774,2,-2,2.0
18774,18775,18774,7,-7,7.0
18774,18775,18775,1,1,1.0
18774,18775,18774,3,-3,3.0
18774,18775,18774,1,-1,1.0
18774,18775,18775,1,1,1.0
18774,18775,18774,3,-3,3.0
18773,18775,18775,1,1,1.0
18773,18775,18773,2,-2,2.0
18773,18775,18773,1,-1,1.0
18773,18774,18773,1,-1,1.0
18773,18774,18773,3,-3,3.0
18772,18773,18773,2,2,2.0
18773,18774,18774,1,1,1.0
18773,18774,18774,2,2,2.0
18773,18775,18774,1,1,-1.0
18773,18775,18775,16,16,16.0
18773,18775,18774,2,2,-2.0
18773,18775,18774,1,1,-1.0
18773,18775,18775,6,6,6.0
18774,18776,18776,12,12,12.0
18774,18776,18776,2,2,2.0
18775,18777,18775,1,-1,1.0
18775,18777,18775,1,-1,1.0
18775,18777,18775,1,-1,1.0
18775,18777,18775,2,-2,2.0
18775,18777,18777,3,3,3.0
18775,18777,18775,1,-1,1.0
18775,18777,18775,1,-1,1.0
18775,18777,18775,1,-1,1.0
18775,18777,18776,1,-1,1.0
18775,18776,18776,5,5,5.0
18775,18776,18775,4,-4,4.0
18774,18775,18775,2,2,2.0
18774,18775,18776,2,2,-2.0
18774,18775,18776,2,2,-2.0
18774,18776,18776,4,4,4.0
18774,18776,18776,5,5,5.0
18774,18776,18775,1,1,-1.0
18774,18775,18775,2,2,2.0
18774,18775,18774,7,-7,7.0
18774,18775,18774,1,-1,1.0
18773,18774,18773,4,-4,4.0
18773,18774,18773,1,-1,1.0
18773,18774,18773,3,-3,3.0
18773,18774,18774,1,1,1.0
18772,18774,18774,15,15,15.0
18772,18774,18775,19,19,-19.0
18772,18774,18776,6,6,-6.0
18772,18774,18774,2,2,2.0
18774,18775,18774,1,-1,1.0
18772,18774,18774,1,1,1.0
18772,18773,18773,1,1,1.0
18772,18773,18773,1,1,1.0
18772,18773,18773,1,1,1.0
18772,18773,18773,2,2,2.0
18772,18774,18774,1,1,1.0
18772,18774,18774,6,6,6.0
18772,18774,18774,7,7,7.0
18772,18774,18775,1,1,-1.0
18774,18775,18776,1,1,-1.0
18774,18776,18776,2,2,2.0
18774,18776,18776,4,4,4.0
18774,18776,18775,2,2,-2.0
18774,18776,18776,2,2,2.0
18774,18776,18776,2,2,2.0
18774,18776,18776,1,1,1.0
18775,18776,18775,1,-1,1.0
18774,18775,18775,1,1,1.0
18774,18775,18776,4,4,-4.0
18775,18776,18775,1,-1,1.0
18774,18776,18774,1,-1,1.0
18774,18776,18776,1,1,1.0
18774,18776,18776,1,1,1.0
18775,18776,18776,2,2,2.0
18775,18776,18776,1,1,1.0
18775,18776,18776,3,3,3.0
18775,18776,18776,2,2,2.0
18776,18777,18776,1,-1,1.0
18776,18777,18776,1,-1,1.0
18776,18777,18777,2,2,2.0
18776,18777,18777,5,5,5.0
18777,18778,18778,1,1,1.0
18777,18778,18778,2,2,2.0
18777,18778,18778,2,2,2.0
18777,18778,18778,2,2,2.0
18777,18778,18778,1,1,1.0
18777,18778,18778,1,1,1.0
18777,18778,18778,1,1,1.0
18777,18778,18778,2,2,2.0
18778,18779,18779,1,1,1.0
18778,18779,18779,1,1,1.0
18778,18779,18779,1,1,1.0
18778,18779,18779,1,1,1.0
18779,18780,18779,3,-3,3.0
18779,18780,18779,1,-1,1.0
18779,18780,18780,2,2,2.0
18779,18780,18780,2,2,2.0
18779,18780,18780,2,2,2.0
18779,18780,18779,3,-3,3.0
18778,18780,18778,1,-1,1.0
18778,18780,18780,1,1,1.0
18778,18780,18780,1,1,1.0
18778,18780,18780,1,1,1.0
18778,18780,18780,1,1,1.0
18778,18780,18780,1,1,1.0
18778,18780,18780,1,1,1.0
18778,18780,18779,5,5,-5.0
18778,18779,18778,2,-2,2.0
18778,18779,18777,1,-1,1.0
18777,18779,18779,1,1,1.0
18778,18780,18780,2,2,2.0
18778,18780,18780,1,1,1.0
18778,18779,18779,1,1,1.0
18778,18779,18779,1,1,1.0
18778,18779,18779,4,4,4.0
18778,18779,18779,3,3,3.0
18778,18779,18779,1,1,1.0
18778,18779,18780,2,2,-2.0
18778,18780,18780,5,5,5.0
18779,18780,18780,1,1,1.0
18779,18780,18779,1,-1,1.0
18779,18780,18780,2,2,2.0
18779,18780,18780,5,5,5.0
18780,18781,18780,1,-1,1.0
18780,18781,18780,1,-1,1.0
18779,18781,18780,4,-4,4.0
18779,18780,18779,2,-2,2.0
18778,18780,18779,1,-1,1.0
18778,18780,18778,1,-1,1.0
18778,18780,18779,1,-1,1.0
18778,18780,18780,5,5,5.0
18778,18780,18780,1,1,1.0
18779,18780,18780,5,5,5.0
18779,18780,18780,3,3,3.0
18779,18780,18780,1,1,1.0
18779,18780,18780,1,1,1.0
18779,18780,18780,1,1,1.0
18779,18780,18779,1,-1,1.0
18779,18780,18779,5,-5,5.0
18778,18779,18778,8,-8,8.0
18777,18778,18778,1,1,1.0
18777,18778,18778,1,1,1.0
18777,18778,18778,1,1,1.0
18777,18778,18777,1,-1,1.0
18777,18778,18777,6,-6,6.0
18777,18778,18777,5,-5,5.0
18777,18778,18777,2,-2,2.0
18777,18778,18777,1,-1,1.0
18776,18778,18778,1,1,1.0
18776,18778,18776,4,-4,4.0
18776,18778,18778,1,1,1.0
18776,18778,18776,1,-1,1.0
18777,18778,18777,1,-1,1.0
18776,18778,18776,1,-1,1.0
18776,18778,18776,1,-1,1.0
18776,18778,18776,1,-1,1.0
18776,18778,18776,1,-1,1.0
18777,18778,18777,1,-1,1.0
18777,18778,18777,5,-5,5.0
18776,18777,18777,2,2,2.0
18776,18777,18777,1,1,1.0
18776,18777,18778,3,3,-3.0
18777,18779,18777,1,-1,1.0
18777,18779,18777,2,-2,2.0
18777,18779,18777,5,-5,5.0
18777,18778,18778,1,1,1.0
18777,18778,18778,1,1,1.0
18778,18779,18778,1,-1,1.0
18778,18779,18778,1,-1,1.0
18778,18779,18778,1,-1,1.0
18777,18778,18778,1,1,1.0
18777,18778,18777,1,-1,1.0
18777,18778,18778,1,1,1.0
18777,18778,18777,1,-1,1.0
18776,18777,18776,2,-2,2.0
18776,18777,18776,3,-3,3.0
18776,18777,18776,2,-2,2.0
18775,18776,18776,1,1,1.0
18775,18776,18775,1,-1,1.0
18775,18776,18776,1,1,1.0
18775,18776,18776,1,1,1.0
18775,18776,18777,3,3,-3.0
18776,18777,18776,1,-1,1.0
18776,18777,18777,4,4,4.0
18777,18778,18777,1,-1,1.0
18777,18778,18778,1,1,1.0
18777,18778,18778,3,3,3.0
18777,18778,18779,2,2,-2.0
18777,18779,18777,1,-1,1.0
18777,18779,18777,1,-1,1.0
18777,18778,18778,1,1,1.0
18777,18778,18777,2,-2,2.0
18777,18778,18777,6,-6,6.0
18776,18777,18777,1,1,1.0
18776,18777,18777,1,1,1.0
18776,18777,18777,1,1,1.0
18776,18777,18777,1,1,1.0
18776,18777,18777,1,1,1.0
18776,18778,18778,1,1,1.0
18776,18778,18778,1,1,1.0
18776,18778,18776,1,-1,1.0
18776,18778,18777,1,-1,1.0
18776,18777,18777,1,1,1.0
18776,18778,18776,1,-1,1.0
18776,18778,18778,1,1,1.0
18776,18778,18778,1,1,1.0
18776,18777,18777,1,1,1.0
18776,18778,18778,1,1,1.0
18776,18778,18778,1,1,1.0
18776,18778,18778,1,1,1.0
18776,18778,18778,1,1,1.0
18776,18778,18776,2,-2,2.0
18776,18778,18778,1,1,1.0
18776,18778,18778,5,5,5.0
18776,18778,18778,1,1,1.0
18776,18778,18776,2,-2,2.0
18777,18778,18777,1,-1,1.0
18776,18777,18777,1,1,1.0
18776,18777,18777,1,1,1.0
18777,18778,18777,3,-3,3.0
18777,18778,18777,1,-1,1.0
18776,18778,18776,1,-1,1.0
18776,18778,18778,1,1,1.0
18776,18778,18778,1,1,1.0
18777,18778,18777,1,-1,1.0
18777,18778,18778,1,1,1.0
18777,18778,18778,1,1,1.0
18777,18778,18778,1,1,1.0
18777,18778,18778,1,1,1.0
18777,18778,18778,1,1,1.0
18777,18778,18777,1,-1,1.0
18777,18778,18777,3,-3,3.0
18777,18778,18778,1,1,1.0
18777,18778,18777,1,-1,1.0
18777,18778,18777,1,-1,1.0
18777,18778,18778,5,5,5.0
18777,18778,18778,1,1,1.0
18777,18778,18779,4,4,-4.0
18777,18778,18778,1,1,1.0
18777,18779,18777,1,-1,1.0
18777,18778,18777,1,-1,1.0
18777,18778,18778,1,1,1.0
18777,18778,18779,4,4,-4.0
18777,18779,18779,2,2,2.0
18778,18779,18779,1,1,1.0
18778,18779,18779,5,5,5.0
18778,18779,18779,1,1,1.0
18778,18779,18779,2,2,2.0
18778,18779,18778,1,-1,1.0
18778,18779,18779,5,5,5.0
18778,18779,18779,2,2,2.0
18778,18779,18779,1,1,1.0
18779,18780,18779,2,-2,2.0
18779,18780,18780,3,3,3.0
18779,18780,18780,2,2,2.0
18779,18780,18780,1,1,1.0
18779,18780,18780,2,2,2.0
18779,18780,18780,1,1,1.0
18779,18780,18780,4,4,4.0
18779,18780,18780,1,1,1.0
18780,18781,18781,9,9,9.0
18780,18781,18781,2,2,2.0
18780,18781,18781,1,1,1.0
18781,18782,18782,5,5,5.0
18781,18782,18782,1,1,1.0
18781,18782,18782,1,1,1.0
18780,18782,18782,2,2,2.0
18781,18782,18781,3,-3,3.0
18780,18782,18782,2,2,2.0
18781,18782,18781,1,-1,1.0
18781,18782,18782,2,2,2.0
18781,18782,18782,1,1,1.0
18781,18782,18782,3,3,3.0
18781,18783,18783,2,2,2.0
18781,18783,18783,23,23,23.0
18781,18783,18784,1,1,-1.0
18782,18784,18784,1,1,1.0
18782,18784,18784,1,1,1.0
18782,18784,18784,1,1,1.0
18782,18784,18784,1,1,1.0
18782,18784,18784,1,1,1.0
18782,18784,18784,1,1,1.0
18782,18784,18784,1,1,1.0
18782,18784,18784,1,1,1.0
18781,18782,18782,1,1,1.0
18781,18782,18782,1,1,1.0
18781,18782,18782,1,1,1.0
18781,18782,18782,1,1,1.0
18781,18782,18782,1,1,1.0
18781,18782,18782,2,2,2.0
18781,18783,18783,1,1,1.0
18782,18783,18783,1,1,1.0
18782,18783,18783,1,1,1.0
18782,18783,18783,1,1,1.0
18782,18783,18783,1,1,1.0
18783,18784,18783,2,-2,2.0
18783,18784,18783,2,-2,2.0
18783,18784,18784,29,29,29.0
18783,18784,18784,1,1,1.0
18783,18784,18784,2,2,2.0
18783,18784,18784,7,7,7.0
18783,18784,18784,1,1,1.0
18783,18784,18784,4,4,4.0
18783,18784,18784,3,3,3.0
18783,18784,18784,1,1,1.0
18783,18784,18784,1,1,1.0
18783,18784,18784,1,1,1.0
18783,18784,18784,7,7,7.0
18783,18784,18784,1,1,1.0
18783,18784,18784,1,1,1.0
18783,18784,18784,1,1,1.0
18783,18784,18784,2,2,2.0
18783,18784,18784,1,1,1.0
18783,18784,18784,5,5,5.0
18784,18785,18785,2,2,2.0
18784,18785,18784,1,-1,1.0
18784,18785,18785,5,5,5.0
18784,18785,18785,1,1,1.0
18784,18785,18784,2,-2,2.0
18784,18785,18785,5,5,5.0
18784,18785,18785,1,1,1.0
18784,18785,18785,1,1,1.0
18784,18785,18785,4,4,4.0
18784,18785,18785,5,5,5.0
18785,18786,18785,1,-1,1.0
18785,18786,18786,1,1,1.0
18785,18786,18786,2,2,2.0
18785,18786,18785,1,-1,1.0
18785,18786,18786,1,1,1.0
18785,18786,18785,1,-1,1.0
18785,18786,18786,3,3,3.0
18785,18786,18785,5,-5,5.0
18785,18786,18786,2,2,2.0
18785,18786,18786,1,1,1.0
18785,18786,18786,1,1,1.0
18785,18786,18786,1,1,1.0
18786,18787,18787,3,3,3.0
18786,18787,18786,1,-1,1.0
18785,18787,18785,1,-1,1.0
18785,18787,18785,1,-1,1.0
18785,18787,18787,1,1,1.0
18785,18786,18786,2,2,2.0
18785,18786,18787,1,1,-1.0
18785,18787,18786,1,1,-1.0
18785,18787,18787,1,1,1.0
18785,18787,18787,15,15,15.0
18785,18787,18786,1,1,-1.0
18786,18787,18787,1,1,1.0
18786,18788,18786,1,-1,1.0
18786,18788,18788,1,1,1.0
18786,18788,18786,1,-1,1.0
18786,18788,18788,1,1,1.0
18786,18788,18788,1,1,1.0
18786,18787,18787,1,1,1.0
18786,18787,18787,1,1,1.0
18786,18787,18788,1,1,-1.0
18786,18788,18787,1,1,-1.0
18786,18788,18786,1,-1,1.0
18786,18788,18788,2,2,2.0
18787,18788,18788,2,2,2.0
18787,18788,18788,1,1,1.0
18787,18788,18787,1,-1,1.0
18787,18788,18787,1,-1,1.0
18787,18788,18787,3,-3,3.0
18786,18788,18787,3,-3,3.0
18786,18787,18786,3,-3,3.0
18786,18787,18786,2,-2,2.0
18786,18787,18786,6,-6,6.0
18785,18787,18787,1,1,1.0
18785,18787,18785,1,-1,1.0
18785,18787,18786,1,-1,1.0
18785,18787,18785,1,-1,1.0
18785,18787,18785,1,-1,1.0
18785,18787,18786,1,-1,1.0
18785,18787,18785,10,-10,10.0
18785,18787,18785,18,-18,18.0
18784,18785,18785,3,3,3.0
18784,18785,18786,2,2,-2.0
18784,18786,18786,6,6,6.0
18785,18787,18787,1,1,1.0
18785,18787,18785,1,-1,1.0
18785,18786,18785,1,-1,1.0
18785,18786,18786,1,1,1.0
18785,18786,18786,1,1,1.0
18786,18787,18786,1,-1,1.0
18786,18787,18786,1,-1,1.0
18786,18787,18786,1,-1,1.0
18786,18787,18787,2,2,2.0
18786,18787,18787,1,1,1.0
18786,18787,18786,5,-5,5.0
18786,18787,18786,1,-1,1.0
18786,18787,18786,1,-1,1.0
18786,18787,18787,1,1,1.0
18786,18787,18786,3,-3,3.0
18786,18787,18786,12,-12,12.0
18785,18787,18787,1,1,1.0
18785,18787,18785,2,-2,2.0
18785,18786,18786,2,2,2.0
18785,18786,18785,2,-2,2.0
18785,18786,18785,1,-1,1.0
18785,18786,18786,1,1,1.0
18785,18786,18786,4,4,4.0
18785,18786,18787,2,2,-2.0
18785,18787,18787,1,1,1.0
18786,18787,18786,5,-5,5.0
18786,18787,18786,1,-1,1.0
18786,18787,18786,4,-4,4.0
18785,18786,18786,1,1,1.0
18785,18786,18786,3,3,3.0
18785,18786,18786,1,1,1.0
18785,18786,18785,1,-1,1.0
18785,18786,18786,1,1,1.0
18785,18786,18786,1,1,1.0
18785,18786,18785,19,-19,19.0
18785,18786,18785,1,-1,1.0
18784,18785,18785,1,1,1.0
18784,18785,18785,1,1,1.0
18784,18785,18784,1,-1,1.0
18784,18785,18785,2,2,2.0
18784,18785,18785,1,1,1.0
18785,18786,18785,1,-1,1.0
18785,18786,18785,1,-1,1.0
18784,18785,18785,1,1,1.0
18784,18785,18784,2,-2,2.0
18784,18785,18784,1,-1,1.0
18784,18785,18784,1,-1,1.0
18784,18785,18785,1,1,1.0
18784,18785,18784,1,-1,1.0
18784,18785,18785,1,1,1.0
18784,18785,18784,1,-1,1.0
18784,18785,18784,12,-12,12.0
18783,18784,18784,3,3,3.0
18783,18784,18783,1,-1,1.0
18783,18784,18783,6,-6,6.0
18782,18783,18783,1,1,1.0
18782,18783,18782,1,-1,1.0
18782,18783,18782,1,-1,1.0
18782,18783,18782,2,-2,2.0
18781,18782,18782,1,1,1.0
18781,18782,18782,1,1,1.0
18781,18782,18782,3,3,3.0
18781,18782,18782,1,1,1.0
18781,18783,18782,1,1,-1.0
18781,18783,18783,1,1,1.0
18782,18783,18782,1,-1,1.0
18782,18783,18782,1,-1,1.0
18782,18783,18781,6,-6,6.0
18781,18782,18781,1,-1,1.0
18781,18782,18782,4,4,4.0
18781,18782,18782,1,1,1.0
18781,18782,18781,1,-1,1.0
18781,18782,18782,3,3,3.0
18781,18782,18782,1,1,1.0
18781,18782,18781,2,-2,2.0
18781,18782,18781,1,-1,1.0
18781,18782,18781,2,-2,2.0
18781,18782,18781,1,-1,1.0
18781,18782,18781,1,-1,1.0
18781,18782,18782,1,1,1.0
18781,18782,18781,1,-1,1.0
18781,18782,18781,1,-1,1.0
18781,18782,18781,1,-1,1.0
18781,18782,18781,1,-1,1.0
18781,18782,18781,1,-1,1.0
18781,18782,18782,1,1,1.0
18781,18782,18782,3,3,3.0
18781,18782,18782,5,5,5.0
18782,18783,18782,1,-1,1.0
18782,18783,18782,5,-5,5.0
18781,18783,18783,1,1,1.0
18782,18783,18783,2,2,2.0
18782,18783,18783,2,2,2.0
18782,18783,18783,1,1,1.0
18782,18783,18784,5,5,-5.0
18783,18784,18783,1,-1,1.0
18783,18784,18784,4,4,4.0
18783,18784,18784,3,3,3.0
18784,18785,18784,1,-1,1.0
18784,18785,18784,1,-1,1.0
18784,18785,18785,11,11,11.0
18785,18786,18786,1,1,1.0
18785,18786,18786,1,1,1.0
18785,18786,18786,1,1,1.0
18785,18786,18786,2,2,2.0
18785,18786,18785,1,-1,1.0
18784,18786,18786,4,4,4.0
18784,18786,18786,5,5,5.0
18786,18787,18786,1,-1,1.0
18786,18787,18787,1,1,1.0
18786,18787,18786,1,-1,1.0
18786,18787,18786,1,-1,1.0
18786,18787,18786,1,-1,1.0
18786,18787,18785,1,-1,1.0
18786,18787,18786,1,-1,1.0
18786,18787,18786,1,-1,1.0
18786,18787,18787,1,1,1.0
18786,18787,18787,1,1,1.0
18786,18787,18787,1,1,1.0
18786,18788,18787,1,1,-1.0
18786,18788,18786,1,-1,1.0
18786,18787,18786,1,-1,1.0
18786,18787,18786,2,-2,2.0
18785,18787,18787,2,2,2.0
18785,18787,18787,20,20,20.0
18785,18787,18787,3,3,3.0
18785,18787,18788,3,3,-3.0
18787,18788,18788,1,1,1.0
18787,18788,18788,10,10,10.0
18787,18788,18789,20,20,-20.0
18787,18788,18789,3,3,-3.0
18787,18788,18789,2,2,-2.0
18788,18790,18789,4,4,-4.0
18788,18790,18789,2,2,-2.0
18788,18790,18790,8,8,8.0
18788,18790,18790,1,1,1.0
18788,18790,18790,1,1,1.0
18788,18790,18790,1,1,1.0
18788,18790,18790,5,5,5.0
18789,18790,18790,1,1,1.0
18789,18790,18790,1,1,1.0
18789,18790,18790,1,1,1.0
18790,18791,18791,5,5,5.0
18790,18791,18791,4,4,4.0
18790,18791,18791,1,1,1.0
18790,18791,18791,1,1,1.0
18790,18791,18791,4,4,4.0
18790,18791,18791,1,1,1.0
18790,18791,18791,1,1,1.0
18790,18791,18791,4,4,4.0
18790,18791,18791,1,1,1.0
18790,18791,18791,1,1,1.0
18791,18792,18792,3,3,3.0
18791,18792,18792,3,3,3.0
18791,18792,18792,2,2,2.0
18791,18792,18793,1,1,-1.0
18791,18792,18792,2,2,2.0
18791,18792,18791,1,-1,1.0
18791,18792,18793,3,3,-3.0
18791,18793,18793,1,1,1.0
18791,18793,18793,1,1,1.0
18791,18793,18791,4,-4,4.0
18791,18792,18791,1,-1,1.0
18791,18792,18792,1,1,1.0
18791,18792,18792,1,1,1.0
18792,18793,18792,1,-1,1.0
18791,18793,18791,4,-4,4.0
18791,18793,18791,3,-3,3.0
18791,18793,18791,12,-12,12.0
18791,18793,18791,1,-1,1.0
18791,18793,18791,1,-1,1.0
18791,18793,18790,6,-6,6.0
18790,18791,18790,1,-1,1.0
18790,18791,18791,1,1,1.0
18790,18791,18790,1,-1,1.0
18789,18791,18791,1,1,1.0
18790,18791,18791,1,1,1.0
18790,18791,18791,1,1,1.0
18790,18791,18791,1,1,1.0
18790,18791,18791,1,1,1.0
18790,18791,18790,1,-1,1.0
18790,18791,18790,1,-1,1.0
18790,18791,18790,1,-1,1.0
18790,18791,18791,2,2,2.0
18790,18791,18791,2,2,2.0
18790,18791,18790,1,-1,1.0
18790,18791,18791,1,1,1.0
18790,18791,18791,4,4,4.0
18790,18791,18792,15,15,-15.0
18790,18791,18791,1,1,1.0
18790,18791,18791,1,1,1.0
18791,18792,18791,1,-1,1.0
18791,18792,18791,1,-1,1.0
18790,18791,18791,1,1,1.0
18790,18791,18792,19,19,-19.0
18791,18793,18793,2,2,2.0
18791,18793,18793,5,5,5.0
18791,18793,18793,1,1,1.0
18791,18793,18793,2,2,2.0
18791,18792,18792,1,1,1.0
18791,18793,18793,1,1,1.0
18792,18793,18792,1,-1,1.0
18792,18793,18793,2,2,2.0
18792,18793,18794,3,3,-3.0
18792,18793,18792,2,-2,2.0
18792,18793,18792,2,-2,2.0
18792,18793,18791,1,-1,1.0
18792,18793,18791,1,-1,1.0
18791,18793,18793,1,1,1.0
18791,18793,18793,1,1,1.0
18792,18793,18793,3,3,3.0
18792,18793,18792,2,-2,2.0
18791,18793,18792,1,-1,1.0
18791,18793,18792,4,-4,4.0
18791,18793,18791,1,-1,1.0
18791,18793,18793,1,1,1.0
18791,18792,18791,2,-2,2.0
18791,18792,18792,1,1,1.0
18791,18792,18791,1,-1,1.0
18791,18792,18791,6,-6,6.0
18791,18792,18790,45,-45,45.0
18791,18792,18789,1,-1,1.0
18791,18792,18789,1,-1,1.0
18789,18790,18789,1,-1,1.0
18789,18790,18789,5,-5,5.0
18788,18790,18790,6,6,6.0
18788,18790,18790,10,10,10.0
18788,18790,18790,1,1,1.0
18788,18790,18790,2,2,2.0
18788,18790,18790,1,1,1.0
18788,18790,18790,1,1,1.0
18788,18790,18790,1,1,1.0
18789,18790,18790,1,1,1.0
18789,18790,18789,1,-1,1.0
18789,18790,18790,2,2,2.0
18789,18790,18789,1,-1,1.0
18788,18790,18790,1,1,1.0
18788,18790,18790,13,13,13.0
18788,18790,18791,4,4,-4.0
18788,18790,18791,2,2,-2.0
18790,18791,18790,1,-1,1.0
18790,18791,18791,2,2,2.0
18790,18792,18790,18,-18,18.0
18790,18792,18789,24,-24,24.0
18790,18792,18790,1,-1,1.0
18789,18790,18790,1,1,1.0
18789,18790,18790,1,1,1.0
18789,18790,18790,2,2,2.0
18789,18790,18789,1,-1,1.0
18789,18790,18789,1,-1,1.0
18789,18790,18790,1,1,1.0
18789,18790,18790,1,1,1.0
18789,18790,18789,1,-1,1.0
18789,18790,18789,1,-1,1.0
18789,18790,18788,31,-31,31.0
18789,18790,18787,31,-31,31.0
18787,18788,18788,2,2,2.0
18787,18788,18788,1,1,1.0
18787,18788,18788,7,7,7.0
18787,18788,18789,23,23,-23.0
18788,18789,18789,1,1,1.0
18789,18790,18789,1,-1,1.0
18789,18790,18789,1,-1,1.0
18789,18790,18789,1,-1,1.0
18788,18790,18788,8,-8,8.0
18788,18790,18787,2,-2,2.0
18787,18789,18788,2,-2,2.0
18787,18789,18788,1,-1,1.0
18788,18789,18788,1,-1,1.0
18788,18789,18788,1,-1,1.0
18788,18789,18788,1,-1,1.0
18788,18789,18788,1,-1,1.0
18787,18789,18788,1,-1,1.0
18787,18789,18788,1,-1,1.0
18787,18789,18788,2,-2,2.0
18787,18788,18788,2,2,2.0
18787,18788,18788,1,1,1.0
18787,18788,18787,3,-3,3.0
18787,18788,18786,28,-28,28.0
18787,18788,18786,1,-1,1.0
18787,18788,18786,2,-2,2.0
18785,18786,18786,1,1,1.0
18785,18786,18786,2,2,2.0
18785,18786,18786,1,1,1.0
18785,18786,18786,1,1,1.0
18785,18786,18786,2,2,2.0
18785,18786,18786,2,2,2.0
18785,18786,18786,2,2,2.0
18785,18786,18786,2,2,2.0
18785,18786,18786,1,1,1.0
18785,18786,18785,2,-2,2.0
18785,18786,18785,3,-3,3.0
18785,18786,18785,9,-9,9.0
18785,18786,18784,31,-31,31.0
18785,18786,18785,1,-1,1.0
18784,18785,18785,1,1,1.0
18784,18785,18784,2,-2,2.0
18784,18785,18783,1,-1,1.0
18784,18785,18784,2,-2,2.0
18784,18785,18784,3,-3,3.0
18783,18785,18785,15,15,15.0
18784,18786,18784,3,-3,3.0
18784,18786,18784,2,-2,2.0
18784,18786,18784,4,-4,4.0
18785,18786,18785,1,-1,1.0
18785,18786,18786,1,1,1.0
18785,18787,18785,4,-4,4.0
18785,18787,18785,3,-3,3.0
18785,18787,18785,3,-3,3.0
18786,18788,18786,4,-4,4.0
18787,18788,18788,3,3,3.0
18787,18788,18787,1,-1,1.0
18786,18787,18786,1,-1,1.0
18786,18787,18787,1,1,1.0
18786,18787,18787,1,1,1.0
18786,18787,18787,1,1,1.0
18786,18787,18788,2,2,-2.0
18786,18787,18788,1,1,-1.0
18787,18788,18788,1,1,1.0
18787,18788,18787,1,-1,1.0
18787,18789,18787,3,-3,3.0
18787,18789,18787,1,-1,1.0
18787,18789,18787,3,-3,3.0
18787,18789,18787,3,-3,3.0
18787,18788,18787,1,-1,1.0
18786,18787,18786,3,-3,3.0
18786,18787,18787,3,3,3.0
18786,18787,18787,1,1,1.0
18786,18788,18788,4,4,4.0
18786,18787,18787,1,1,1.0
18787,18788,18788,1,1,1.0
18787,18788,18787,2,-2,2.0
18787,18788,18787,1,-1,1.0
18787,18788,18787,1,-1,1.0
18786,18788,18788,10,10,10.0
18786,18787,18787,1,1,1.0
18786,18787,18787,4,4,4.0
18787,18789,18787,1,-1,1.0
18788,18789,18788,1,-1,1.0
18787,18788,18788,1,1,1.0
18787,18788,18787,1,-1,1.0
18787,18788,18788,2,2,2.0
18787,18788,18788,1,1,1.0
18787,18789,18789,2,2,2.0
18787,18789,18789,1,1,1.0
18787,18788,18788,2,2,2.0
18787,18788,18788,1,1,1.0
18787,18788,18788,1,1,1.0
18787,18788,18788,1,1,1.0
18787,18788,18788,1,1,1.0
18788,18789,18789,2,2,2.0
18788,18789,18789,1,1,1.0
18788,18789,18789,1,1,1.0
18789,18790,18789,1,-1,1.0
18789,18790,18789,1,-1,1.0
18789,18790,18790,1,1,1.0
18789,18790,18789,1,-1,1.0
18789,18790,18790,5,5,5.0
18789,18790,18789,10,-10,10.0
18789,18790,18789,1,-1,1.0
18789,18790,18790,2,2,2.0
18789,18790,18790,1,1,1.0
18789,18790,18789,2,-2,2.0
18789,18790,18789,1,-1,1.0
18789,18790,18790,2,2,2.0
18789,18790,18789,1,-1,1.0
18789,18790,18789,2,-2,2.0
18789,18790,18789,1,-1,1.0
18788,18789,18789,5,5,5.0
18788,18789,18788,13,-13,13.0
18788,18789,18788,1,-1,1.0
18787,18788,18788,1,1,1.0
18787,18788,18788,1,1,1.0
18787,18788,18787,3,-3,3.0
18787,18788,18788,1,1,1.0
18787,18788,18788,1,1,1.0
18787,18788,18788,1,1,1.0
18787,18788,18788,1,1,1.0
18788,18789,18788,2,-2,2.0
18788,18789,18787,1,-1,1.0
18788,18789,18788,2,-2,2.0
18787,18788,18787,3,-3,3.0
18787,18788,18788,1,1,1.0
18787,18788,18787,3,-3,3.0
18787,18788,18787,2,-2,2.0
18787,18789,18787,2,-2,2.0
18787,18788,18787,12,-12,12.0
18787,18788,18788,1,1,1.0
18787,18788,18788,1,1,1.0
18787,18789,18787,3,-3,3.0
18787,18789,18787,3,-3,3.0
18788,18789,18788,1,-1,1.0
18788,18789,18788,1,-1,1.0
18788,18789,18789,1,1,1.0
18788,18789,18789,1,1,1.0
18788,18789,18788,1,-1,1.0
18788,18789,18789,5,5,5.0
18789,18790,18789,1,-1,1.0
18789,18790,18789,2,-2,2.0
18789,18790,18789,1,-1,1.0
18789,18790,18790,1,1,1.0
18789,18790,18790,1,1,1.0
18789,18790,18790,1,1,1.0
18789,18790,18790,21,21,21.0
18789,18790,18790,2,2,2.0
18789,18790,18790,2,2,2.0
18789,18790,18790,1,1,1.0
18789,18790,18790,2,2,2.0
18789,18790,18790,1,1,1.0
18789,18790,18790,1,1,1.0
18789,18790,18790,3,3,3.0
18789,18790,18790,2,2,2.0
18789,18790,18790,2,2,2.0
18789,18790,18790,15,15,15.0
18789,18790,18790,3,3,3.0
18789,18791,18789,3,-3,3.0
18789,18791,18789,1,-1,1.0
18789,18791,18789,3,-3,3.0
18789,18791,18791,6,6,6.0
18790,18791,18791,6,6,6.0
18790,18791,18791,1,1,1.0
18790,18792,18792,6,6,6.0
18790,18792,18792,6,6,6.0
18790,18792,18792,3,3,3.0
18790,18792,18792,1,1,1.0
18791,18792,18792,1,1,1.0
18791,18792,18792,1,1,1.0
18791,18792,18792,1,1,1.0
18791,18792,18792,4,4,4.0
18791,18792,18792,1,1,1.0
18791,18792,18791,3,-3,3.0
18791,18792,18791,1,-1,1.0
18791,18792,18791,1,-1,1.0
18791,18792,18791,6,-6,6.0
18791,18792,18790,3,-3,3.0
18791,18792,18790,1,-1,1.0
18791,18792,18790,1,-1,1.0
18789,18790,18790,1,1,1.0
18789,18791,18791,1,1,1.0
18789,18791,18790,1,1,-1.0
18789,18791,18790,1,1,-1.0
18789,18791,18789,1,-1,1.0
18789,18791,18791,2,2,2.0
18789,18791,18790,1,1,-1.0
18789,18791,18789,1,-1,1.0
18789,18790,18789,4,-4,4.0
18789,18790,18789,6,-6,6.0
18789,18790,18789,2,-2,2.0
18789,18790,18789,1,-1,1.0
18789,18790,18789,1,-1,1.0
18788,18789,18789,1,1,1.0
18788,18789,18788,1,-1,1.0
18788,18789,18788,1,-1,1.0
18788,18789,18788,3,-3,3.0
18787,18789,18787,3,-3,3.0
18787,18789,18787,1,-1,1.0
18787,18789,18787,1,-1,1.0
18787,18788,18788,4,4,4.0
18787,18788,18789,3,3,-3.0
18787,18789,18787,3,-3,3.0
18787,18789,18788,2,-2,2.0
18787,18788,18787,2,-2,2.0
18787,18788,18786,1,-1,1.0
18786,18788,18788,1,1,1.0
18787,18789,18787,4,-4,4.0
18787,18788,18788,3,3,3.0
18787,18788,18788,1,1,1.0
18787,18788,18788,2,2,2.0
18787,18788,18788,2,2,2.0
18788,18789,18788,1,-1,1.0
18787,18789,18787,1,-1,1.0
18788,18790,18788,2,-2,2.0
18788,18790,18788,1,-1,1.0
18788,18789,18788,1,-1,1.0
18788,18789,18788,3,-3,3.0
18788,18789,18788,1,-1,1.0
18788,18789,18788,1,-1,1.0
18788,18789,18788,2,-2,2.0
18788,18789,18789,1,1,1.0
18788,18789,18789,1,1,1.0
18788,18789,18789,1,1,1.0
18788,18789,18789,1,1,1.0
18789,18790,18790,3,3,3.0
18789,18790,18790,2,2,2.0
18789,18790,18790,1,1,1.0
18789,18790,18790,1,1,1.0
18789,18790,18790,13,13,13.0
18789,18790,18790,1,1,1.0
18790,18791,18791,1,1,1.0
18790,18791,18791,1,1,1.0
18790,18791,18791,1,1,1.0
18790,18791,18791,1,1,1.0
18790,18791,18791,5,5,5.0
18790,18791,18791,2,2,2.0
18790,18791,18791,2,2,2.0
18790,18791,18791,2,2,2.0
18790,18791,18791,1,1,1.0
18790,18791,18791,1,1,1.0
18790,18791,18791,3,3,3.0
18790,18791,18791,1,1,1.0
18790,18791,18791,2,2,2.0
18791,18792,18792,2,2,2.0
18791,18792,18792,1,1,1.0
18791,18792,18791,1,-1,1.0
18791,18792,18792,1,1,1.0
18791,18792,18791,1,-1,1.0
18791,18792,18792,1,1,1.0
18791,18792,18791,2,-2,2.0
18791,18792,18792,2,2,2.0
18791,18792,18792,1,1,1.0
18791,18792,18791,1,-1,1.0
18791,18792,18792,2,2,2.0
18791,18792,18792,1,1,1.0
18791,18792,18791,2,-2,2.0
18792,18793,18792,1,-1,1.0
18792,18793,18792,1,-1,1.0
18791,18793,18791,2,-2,2.0
18792,18793,18792,1,-1,1.0
18791,18792,18792,1,1,1.0
18791,18792,18792,1,1,1.0
18791,18792,18792,1,1,1.0
18791,18792,18792,1,1,1.0
18791,18793,18793,1,1,1.0
18791,18793,18793,1,1,1.0
18791,18793,18793,1,1,1.0
18791,18793,18793,1,1,1.0
18791,18793,18793,1,1,1.0
18792,18793,18793,1,1,1.0
18792,18793,18793,1,1,1.0
18792,18793,18793,1,1,1.0
18792,18793,18793,6,6,6.0
18792,18793,18793,8,8,8.0
18793,18794,18793,1,-1,1.0
18792,18793,18793,1,1,1.0
18792,18793,18793,1,1,1.0
18792,18793,18792,1,-1,1.0
18792,18793,18792,1,-1,1.0
18792,18793,18792,5,-5,5.0
18791,18792,18791,1,-1,1.0
18791,18792,18792,5,5,5.0
18791,18793,18791,2,-2,2.0
18792,18793,18792,1,-1,1.0
18792,18793,18793,1,1,1.0
18792,18793,18793,1,1,1.0
18792,18793,18792,2,-2,2.0
18792,18793,18793,1,1,1.0
18792,18793,18793,2,2,2.0
18792,18793,18793,2,2,2.0
18792,18793,18793,1,1,1.0
18793,18794,18793,1,-1,1.0
18793,18794,18794,1,1,1.0
18793,18794,18794,3,3,3.0
18793,18794,18794,1,1,1.0
18793,18794,18794,1,1,1.0
18793,18794,18794,2,2,2.0
18793,18794,18794,1,1,1.0
18793,18794,18794,1,1,1.0
18793,18794,18794,1,1,1.0
18793,18794,18795,1,1,-1.0
18793,18794,18795,1,1,-1.0
18793,18794,18795,1,1,-1.0
18793,18794,18795,1,1,-1.0
18793,18794,18795,1,1,-1.0
18793,18795,18795,1,1,1.0
18793,18795,18795,1,1,1.0
18793,18795,18795,1,1,1.0
18793,18795,18793,1,-1,1.0
18793,18795,18795,2,2,2.0
18793,18795,18795,2,2,2.0
18793,18795,18793,1,-1,1.0
18793,18794,18794,1,1,1.0
18793,18795,18795,1,1,1.0
18793,18795,18795,1,1,1.0
18794,18795,18795,1,1,1.0
18794,18795,18795,1,1,1.0
18794,18795,18795,10,10,10.0
18794,18795,18795,1,1,1.0
18795,18796,18795,1,-1,1.0
18795,18796,18795,1,-1,1.0
18795,18796,18794,1,-1,1.0
18794,18795,18795,2,2,2.0
18794,18795,18794,1,-1,1.0
18794,18795,18794,3,-3,3.0
18793,18794,18794,1,1,1.0
18793,18794,18794,1,1,1.0
18793,18794,18794,1,1,1.0
18793,18795,18795,2,2,2.0
18793,18794,18794,1,1,1.0
18793,18794,18794,1,1,1.0
18794,18795,18794,1,-1,1.0
18794,18795,18794,1,-1,1.0
18794,18795,18794,1,-1,1.0
18793,18794,18793,1,-1,1.0
18793,18794,18794,1,1,1.0
18793,18794,18795,1,1,-1.0
18793,18794,18794,1,1,1.0
18793,18794,18794,1,1,1.0
18793,18794,18793,1,-1,1.0
18793,18794,18793,2,-2,2.0
18793,18794,18793,1,-1,1.0
18793,18794,18793,2,-2,2.0
18793,18794,18793,2,-2,2.0
18793,18794,18793,1,-1,1.0
18793,18794,18793,16,-16,16.0
18793,18794,18793,1,-1,1.0
18792,18793,18793,1,1,1.0
18792,18793,18793,2,2,2.0
18792,18793,18793,1,1,1.0
18792,18793,18793,1,1,1.0
18792,18793,18792,1,-1,1.0
18792,18793,18793,2,2,2.0
18792,18793,18792,1,-1,1.0
18792,18793,18793,1,1,1.0
18792,18793,18792,1,-1,1.0
18792,18793,18793,1,1,1.0
18792,18793,18793,2,2,2.0
18792,18793,18792,4,-4,4.0
18792,18793,18792,1,-1,1.0
18792,18793,18792,1,-1,1.0
18792,18793,18792,17,-17,17.0
18792,18793,18792,1,-1,1.0
18791,18793,18792,2,-2,2.0
18791,18792,18791,10,-10,10.0
18790,18791,18791,1,1,1.0
18790,18791,18791,1,1,1.0
18790,18791,18790,2,-2,2.0
18790,18791,18790,6,-6,6.0
18790,18791,18791,1,1,1.0
18790,18791,18791,3,3,3.0
18791,18792,18792,1,1,1.0
18791,18792,18791,1,-1,1.0
18791,18792,18791,1,-1,1.0
18791,18792,18791,1,-1,1.0
18791,18792,18791,1,-1,1.0
18791,18792,18791,1,-1,1.0
18791,18792,18791,1,-1,1.0
18791,18792,18791,1,-1,1.0
18791,18792,18791,1,-1,1.0
18791,18792,18792,1,1,1.0
18791,18792,18791,1,-1,1.0
18791,18792,18792,1,1,1.0
18791,18792,18792,1,1,1.0
18791,18792,18792,1,1,1.0
18791,18792,18791,2,-2,2.0
18791,18792,18791,2,-2,2.0
18791,18792,18791,1,-1,1.0
18791,18792,18792,2,2,2.0
18791,18792,18792,1,1,1.0
18791,18792,18792,1,1,1.0
18791,18792,18792,1,1,1.0
18792,18793,18793,3,3,3.0
18792,18793,18793,2,2,2.0
18793,18794,18794,1,1,1.0
18793,18794,18793,1,-1,1.0
18793,18794,18794,4,4,4.0
18793,18794,18794,3,3,3.0
18794,18795,18795,10,10,10.0
18795,18796,18796,1,1,1.0
18795,18796,18795,1,-1,1.0
18794,18796,18796,1,1,1.0
18794,18796,18796,1,1,1.0
18794,18796,18796,1,1,1.0
18795,18796,18796,1,1,1.0
18795,18796,18796,2,2,2.0
18795,18796,18795,1,-1,1.0
18795,18796,18796,1,1,1.0
18795,18796,18795,1,-1,1.0
18795,18796,18796,3,3,3.0
18795,18796,18796,2,2,2.0
18796,18797,18796,1,-1,1.0
18796,18797,18796,1,-1,1.0
18796,18797,18796,1,-1,1.0
18796,18797,18796,2,-2,2.0
18796,18797,18796,6,-6,6.0
18795,18796,18796,1,1,1.0
18795,18796,18795,1,-1,1.0
18795,18796,18795,5,-5,5.0
18794,18795,18794,3,-3,3.0
18794,18795,18794,1,-1,1.0
18794,18795,18795,1,1,1.0
18794,18795,18795,1,1,1.0
18794,18795,18795,1,1,1.0
18794,18795,18794,1,-1,1.0
18794,18795,18795,1,1,1.0
18794,18795,18794,1,-1,1.0
18794,18795,18794,2,-2,2.0
18794,18795,18795,1,1,1.0
18794,18795,18795,1,1,1.0
18794,18795,18794,2,-2,2.0
18794,18795,18794,4,-4,4.0
18793,18794,18793,3,-3,3.0
18793,18794,18793,2,-2,2.0
18793,18794,18792,1,-1,1.0
18792,18794,18794,2,2,2.0
18792,18794,18794,1,1,1.0
18792,18794,18794,3,3,3.0
18792,18794,18794,1,1,1.0
18792,18794,18794,1,1,1.0
18793,18794,18794,2,2,2.0
18793,18794,18794,1,1,1.0
18793,18794,18794,1,1,1.0
18793,18795,18794,1,1,-1.0
18793,18795,18795,1,1,1.0
18793,18795,18795,1,1,1.0
18794,18795,18795,1,1,1.0
18794,18795,18795,2,2,2.0
18795,18796,18795,1,-1,1.0
18795,18796,18796,1,1,1.0
18795,18796,18796,1,1,1.0
18795,18796,18796,1,1,1.0
18795,18796,18796,5,5,5.0
18795,18796,18796,2,2,2.0
18795,18796,18796,2,2,2.0
18795,18796,18796,1,1,1.0
18795,18796,18796,3,3,3.0
18795,18796,18796,2,2,2.0
18795,18796,18796,1,1,1.0
18795,18796,18796,1,1,1.0
18795,18796,18796,4,4,4.0
18795,18796,18796,2,2,2.0
18795,18796,18796,4,4,4.0
18795,18796,18796,1,1,1.0
18795,18796,18796,1,1,1.0
18795,18796,18796,3,3,3.0
18795,18796,18796,1,1,1.0
18795,18796,18796,1,1,1.0
18795,18796,18795,1,-1,1.0
18795,18796,18796,5,5,5.0
18795,18796,18796,3,3,3.0
18795,18796,18795,1,-1,1.0
18795,18796,18796,1,1,1.0
18795,18796,18796,1,1,1.0
18795,18796,18795,1,-1,1.0
18795,18796,18795,1,-1,1.0
18795,18796,18796,2,2,2.0
18795,18796,18796,1,1,1.0
18795,18796,18796,1,1,1.0
18795,18796,18796,1,1,1.0
18795,18796,18796,10,10,10.0
18795,18796,18796,5,5,5.0
18795,18796,18796,1,1,1.0
18795,18796,18796,3,3,3.0
18795,18796,18796,20,20,20.0
18795,18796,18797,2,2,-2.0
18795,18796,18797,1,1,-1.0
18795,18796,18797,2,2,-2.0
18795,18796,18797,4,4,-4.0
18795,18796,18797,5,5,-5.0
18797,18798,18798,1,1,1.0
18797,18798,18798,1,1,1.0
18797,18798,18797,1,-1,1.0
18797,18798,18798,12,12,12.0
18798,18799,18799,6,6,6.0
18798,18799,18799,1,1,1.0
18798,18799,18799,2,2,2.0
18798,18799,18799,1,1,1.0
18798,18799,18799,1,1,1.0
18798,18799,18799,1,1,1.0
18798,18799,18799,1,1,1.0
18798,18799,18799,1,1,1.0
18798,18799,18799,1,1,1.0
18798,18799,18798,1,-1,1.0
18798,18799,18799,1,1,1.0
18798,18799,18799,1,1,1.0
18798,18799,18799,1,1,1.0
18798,18799,18799,1,1,1.0
18798,18799,18799,4,4,4.0
18798,18799,18799,1,1,1.0
18798,18799,18799,1,1,1.0
18798,18799,18799,1,1,1.0
18798,18799,18799,1,1,1.0
18799,18800,18800,1,1,1.0
18799,18800,18800,2,2,2.0
18799,18800,18800,5,5,5.0
18799,18800,18800,1,1,1.0
18799,18800,18800,2,2,2.0
18799,18800,18800,1,1,1.0
18799,18800,18800,2,2,2.0
18799,18800,18799,1,-1,1.0
18799,18800,18800,1,1,1.0
18799,18800,18800,1,1,1.0
18799,18800,18799,1,-1,1.0
18799,18800,18799,3,-3,3.0
18798,18799,18799,1,1,1.0
18798,18799,18800,1,1,-1.0
18798,18800,18800,1,1,1.0
18798,18800,18800,1,1,1.0
18798,18800,18798,1,-1,1.0
18798,18800,18800,4,4,4.0
18798,18800,18798,3,-3,3.0
18798,18800,18800,3,3,3.0
18799,18800,18799,1,-1,1.0
18799,18800,18799,2,-2,2.0
18799,18800,18800,3,3,3.0
18799,18800,18800,1,1,1.0
18799,18800,18800,1,1,1.0
18799,18800,18800,1,1,1.0
18799,18800,18800,3,3,3.0
18799,18800,18800,5,5,5.0
18799,18800,18799,5,-5,5.0
18799,18800,18800,1,1,1.0
18799,18800,18800,4,4,4.0
18799,18800,18799,1,-1,1.0
18799,18800,18800,2,2,2.0
18799,18800,18799,1,-1,1.0
18799,18800,18799,1,-1,1.0
18799,18800,18799,1,-1,1.0
18799,18800,18799,1,-1,1.0
18799,18800,18799,2,-2,2.0
18799,18800,18799,1,-1,1.0
18799,18800,18799,4,-4,4.0
18799,18800,18799,1,-1,1.0
18799,18800,18799,2,-2,2.0
18798,18800,18799,2,-2,2.0
18798,18799,18798,3,-3,3.0
18798,18799,18798,1,-1,1.0
18798,18799,18799,4,4,4.0
18798,18799,18798,1,-1,1.0
18798,18799,18799,1,1,1.0
18798,18799,18798,7,-7,7.0
18797,18798,18798,1,1,1.0
18797,18798,18797,2,-2,2.0
18797,18798,18797,14,-14,14.0
18797,18798,18797,1,-1,1.0
18796,18797,18797,1,1,1.0
18796,18797,18797,1,1,1.0
18796,18798,18797,1,1,-1.0
18797,18798,18797,1,-1,1.0
18797,18798,18796,1,-1,1.0
18796,18797,18797,2,2,2.0
18797,18798,18797,1,-1,1.0
18797,18798,18797,1,-1,1.0
18797,18798,18797,7,-7,7.0
18797,18798,18796,1,-1,1.0
18796,18797,18797,1,1,1.0
18797,18798,18797,1,-1,1.0
18797,18798,18797,1,-1,1.0
18797,18798,18798,3,3,3.0
18797,18798,18797,1,-1,1.0
18797,18798,18797,4,-4,4.0
18797,18798,18797,1,-1,1.0
18797,18798,18797,1,-1,1.0
18797,18798,18797,1,-1,1.0
18797,18798,18797,1,-1,1.0
18796,18797,18797,1,1,1.0
18796,18797,18796,14,-14,14.0
18795,18796,18796,1,1,1.0
18795,18796,18796,1,1,1.0
18795,18796,18796,1,1,1.0
18795,18796,18795,3,-3,3.0
18795,18796,18795,1,-1,1.0
18795,18796,18795,1,-1,1.0
18795,18796,18795,1,-1,1.0
18795,18796,18795,1,-1,1.0
18795,18796,18796,1,1,1.0
18795,18796,18796,2,2,2.0
18795,18796,18795,2,-2,2.0
18795,18796,18796,2,2,2.0
18795,18796,18796,1,1,1.0
18795,18796,18795,1,-1,1.0
18795,18796,18796,1,1,1.0
18796,18797,18797,1,1,1.0
18797,18798,18798,5,5,5.0
18797,18798,18797,1,-1,1.0
18797,18798,18798,2,2,2.0
18797,18798,18798,2,2,2.0
18797,18798,18798,2,2,2.0
18797,18798,18799,3,3,-3.0
18797,18798,18797,1,-1,1.0
18797,18798,18797,2,-2,2.0
18796,18797,18797,2,2,2.0
18796,18797,18797,1,1,1.0
18796,18797,18796,5,-5,5.0
18796,18797,18795,38,-38,38.0
18795,18796,18796,1,1,1.0
18795,18796,18796,1,1,1.0
18795,18796,18796,1,1,1.0
18795,18796,18796,1,1,1.0
18795,18796,18796,1,1,1.0
18795,18796,18796,1,1,1.0
18795,18796,18796,1,1,1.0
18795,18796,18796,1,1,1.0
18795,18796,18796,1,1,1.0
18795,18796,18795,2,-2,2.0
18795,18796,18796,1,1,1.0
18795,18796,18795,3,-3,3.0
18795,18796,18795,30,-30,30.0
18795,18796,18795,1,-1,1.0
18794,18795,18795,1,1,1.0
18794,18796,18796,8,8,8.0
18795,18796,18795,4,-4,4.0
18795,18796,18794,34,-34,34.0
18793,18794,18793,1,-1,1.0
18793,18794,18794,5,5,5.0
18793,18794,18793,2,-2,2.0
18793,18794,18793,10,-10,10.0
18793,18794,18793,2,-2,2.0
18793,18794,18793,1,-1,1.0
18792,18793,18793,2,2,2.0
18792,18793,18792,1,-1,1.0
18792,18793,18793,1,1,1.0
18792,18793,18793,1,1,1.0
18792,18793,18793,1,1,1.0
18792,18793,18792,1,-1,1.0
18792,18793,18792,3,-3,3.0
18791,18793,18791,2,-2,2.0
18791,18793,18791,1,-1,1.0
18791,18792,18791,1,-1,1.0
18791,18792,18791,19,-19,19.0
18790,18791,18791,1,1,1.0
18790,18791,18791,1,1,1.0
18790,18791,18791,17,17,17.0
18792,18793,18793,1,1,1.0
18792,18793,18792,1,-1,1.0
18792,18793,18793,1,1,1.0
18792,18794,18794,1,1,1.0
18792,18794,18794,1,1,1.0
18793,18794,18794,5,5,5.0
18793,18795,18793,1,-1,1.0
18793,18795,18794,1,-1,1.0
18793,18795,18795,1,1,1.0
18793,18795,18795,3,3,3.0
18793,18795,18795,2,2,2.0
18794,18796,18796,1,1,1.0
18794,18795,18795,1,1,1.0
18794,18796,18796,1,1,1.0
18794,18796,18796,1,1,1.0
18794,18796,18796,1,1,1.0
18794,18796,18796,5,5,5.0
18795,18796,18795,2,-2,2.0
18794,18795,18795,1,1,1.0
18794,18795,18794,1,-1,1.0
18793,18794,18794,1,1,1.0
18793,18794,18793,1,-1,1.0
18793,18794,18794,1,1,1.0
18792,18794,18794,2,2,2.0
18793,18795,18793,1,-1,1.0
18793,18795,18793,1,-1,1.0
18793,18794,18794,1,1,1.0
18793,18794,18794,1,1,1.0
18793,18794,18793,1,-1,1.0
18794,18795,18794,1,-1,1.0
18793,18795,18793,1,-1,1.0
18793,18795,18793,1,-1,1.0
18793,18795,18793,1,-1,1.0
18793,18795,18793,1,-1,1.0
18793,18795,18793,1,-1,1.0
18793,18795,18793,1,-1,1.0
18793,18795,18793,2,-2,2.0
18793,18795,18793,1,-1,1.0
18793,18794,18794,1,1,1.0
18793,18794,18793,2,-2,2.0
18793,18794,18793,1,-1,1.0
18793,18794,18793,1,-1,1.0
18793,18794,18793,1,-1,1.0
18793,18794,18793,1,-1,1.0
18792,18793,18792,1,-1,1.0
18792,18793,18792,3,-3,3.0
18792,18793,18792,1,-1,1.0
18791,18792,18791,1,-1,1.0
18791,18792,18791,1,-1,1.0
18791,18792,18791,1,-1,1.0
18791,18792,18791,1,-1,1.0
18791,18792,18791,1,-1,1.0
18791,18792,18792,1,1,1.0
18791,18792,18791,1,-1,1.0
18791,18792,18791,6,-6,6.0
18790,18791,18790,1,-1,1.0
18790,18791,18790,1,-1,1.0
18790,18791,18790,1,-1,1.0
18790,18791,18790,1,-1,1.0
18790,18791,18790,1,-1,1.0
18790,18791,18790,1,-1,1.0
18790,18791,18791,1,1,1.0
18790,18791,18790,1,-1,1.0
18790,18791,18790,1,-1,1.0
18790,18791,18790,1,-1,1.0
18790,18791,18790,1,-1,1.0
18790,18791,18790,1,-1,1.0
18790,18791,18790,1,-1,1.0
18790,18791,18790,12,-12,12.0
18790,18791,18789,2,-2,2.0
18790,18791,18789,1,-1,1.0
18788,18790,18788,1,-1,1.0
18788,18790,18790,2,2,2.0
18788,18790,18788,1,-1,1.0
18789,18790,18789,1,-1,1.0
18788,18789,18788,10,-10,10.0
18788,18789,18789,1,1,1.0
18788,18789,18788,3,-3,3.0
18788,18789,18789,1,1,1.0
18788,18789,18789,1,1,1.0
18788,18789,18788,3,-3,3.0
18788,18789,18789,1,1,1.0
18788,18789,18790,1,1,-1.0
18789,18790,18789,1,-1,1.0
18789,18790,18790,1,1,1.0
18789,18790,18790,1,1,1.0
18789,18790,18789,1,-1,1.0
18789,18790,18789,2,-2,2.0
18789,18790,18789,1,-1,1.0
18788,18789,18789,1,1,1.0
18789,18790,18790,3,3,3.0
18789,18790,18790,2,2,2.0
18789,18790,18790,4,4,4.0
18789,18790,18790,1,1,1.0
18789,18790,18790,1,1,1.0
18789,18790,18790,1,1,1.0
18789,18790,18790,1,1,1.0
18789,18790,18790,1,1,1.0
18789,18790,18790,1,1,1.0
18789,18790,18790,1,1,1.0
18789,18790,18790,4,4,4.0
18789,18790,18789,1,-1,1.0
18789,18790,18789,3,-3,3.0
18789,18790,18789,1,-1,1.0
18789,18790,18789,2,-2,2.0
18789,18790,18789,1,-1,1.0
18789,18790,18789,1,-1,1.0
18789,18790,18790,1,1,1.0
18789,18790,18789,4,-4,4.0
18789,18790,18789,1,-1,1.0
18789,18790,18789,1,-1,1.0
18788,18789,18788,2,-2,2.0
18788,18789,18788,21,-21,21.0
18788,18789,18788,5,-5,5.0
18788,18789,18788,2,-2,2.0
18788,18789,18788,5,-5,5.0
18787,18788,18787,1,-1,1.0
18787,18788,18787,1,-1,1.0
18787,18788,18787,7,-7,7.0
18787,18788,18786,2,-2,2.0
18786,18787,18786,1,-1,1.0
18786,18787,18787,1,1,1.0
18786,18788,18786,1,-1,1.0
18786,18788,18788,9,9,9.0
18787,18788,18788,1,1,1.0
18787,18788,18789,8,8,-8.0
18787,18789,18787,4,-4,4.0
18787,18788,18787,2,-2,2.0
18787,18788,18788,5,5,5.0
18787,18788,18788,1,1,1.0
18787,18789,18789,1,1,1.0
18787,18789,18789,1,1,1.0
18787,18788,18788,1,1,1.0
18787,18788,18787,1,-1,1.0
18787,18788,18788,1,1,1.0
18787,18788,18787,2,-2,2.0
18787,18788,18787,1,-1,1.0
18787,18788,18787,1,-1,1.0
18787,18788,18787,5,-5,5.0
18787,18788,18787,1,-1,1.0
18787,18788,18787,1,-1,1.0
18787,18788,18787,1,-1,1.0
18787,18788,18787,3,-3,3.0
18786,18787,18786,4,-4,4.0
18786,18787,18786,2,-2,2.0
18786,18787,18786,12,-12,12.0
18786,18787,18787,2,2,2.0
18786,18787,18786,1,-1,1.0
18786,18787,18786,1,-1,1.0
18786,18787,18786,1,-1,1.0
18786,18787,18786,1,-1,1.0
18786,18787,18786,1,-1,1.0
18786,18788,18786,1,-1,1.0
18786,18788,18786,2,-2,2.0
18786,18787,18787,1,1,1.0
18786,18787,18786,2,-2,2.0
18786,18787,18787,2,2,2.0
18786,18787,18787,4,4,4.0
18786,18787,18787,2,2,2.0
18786,18788,18788,4,4,4.0
18786,18788,18787,1,1,-1.0
18786,18787,18787,1,1,1.0
18786,18788,18786,1,-1,1.0
18786,18787,18787,1,1,1.0
18787,18788,18788,4,4,4.0
18787,18789,18787,1,-1,1.0
18787,18789,18788,1,-1,1.0
18788,18789,18788,4,-4,4.0
18788,18789,18788,1,-1,1.0
18788,18789,18788,1,-1,1.0
18788,18789,18789,1,1,1.0
18788,18789,18788,16,-16,16.0
18788,18789,18789,1,1,1.0
18788,18789,18788,1,-1,1.0
18788,18789,18789,1,1,1.0
18788,18789,18790,1,1,-1.0
18789,18790,18790,2,2,2.0
18789,18790,18790,1,1,1.0
18789,18790,18790,8,8,8.0
18789,18790,18790,1,1,1.0
18789,18790,18790,2,2,2.0
18789,18790,18790,1,1,1.0
18789,18790,18790,9,9,9.0
18790,18791,18790,1,-1,1.0
18790,18791,18791,1,1,1.0
18790,18791,18791,1,1,1.0
18791,18792,18791,2,-2,2.0
18791,18792,18791,17,-17,17.0
18790,18791,18791,14,14,14.0
18791,18792,18792,1,1,1.0
18791,18793,18791,4,-4,4.0
18791,18792,18792,1,1,1.0
18791,18792,18791,1,-1,1.0
18790,18791,18790,1,-1,1.0
18790,18791,18791,1,1,1.0
18790,18791,18790,9,-9,9.0
18789,18790,18790,1,1,1.0
18789,18790,18790,2,2,2.0
18790,18791,18790,1,-1,1.0
18790,18791,18791,1,1,1.0
18791,18792,18791,2,-2,2.0
18791,18792,18792,1,1,1.0
18791,18792,18792,2,2,2.0
18791,18792,18792,2,2,2.0
18791,18792,18792,2,2,2.0
18792,18793,18792,1,-1,1.0
18792,18793,18793,1,1,1.0
18792,18793,18793,1,1,1.0
18792,18793,18792,2,-2,2.0
18792,18793,18792,1,-1,1.0
18792,18793,18793,1,1,1.0
18792,18793,18792,1,-1,1.0
18792,18793,18793,5,5,5.0
18792,18793,18792,1,-1,1.0
18791,18792,18792,2,2,2.0
18791,18792,18792,2,2,2.0
18791,18792,18792,1,1,1.0
18791,18792,18792,1,1,1.0
18791,18792,18791,1,-1,1.0
18791,18792,18792,5,5,5.0
18791,18792,18791,2,-2,2.0
18791,18792,18791,4,-4,4.0
18790,18792,18792,1,1,1.0
18791,18792,18791,1,-1,1.0
18791,18792,18792,1,1,1.0
18791,18792,18793,4,4,-4.0
18791,18793,18791,1,-1,1.0
18791,18792,18791,2,-2,2.0
18791,18792,18791,5,-5,5.0
18791,18792,18791,2,-2,2.0
18791,18792,18791,5,-5,5.0
18790,18791,18790,1,-1,1.0
18790,18791,18790,11,-11,11.0
18790,18791,18790,1,-1,1.0
18790,18791,18790,4,-4,4.0
18790,18791,18789,1,-1,1.0
18788,18789,18788,2,-2,2.0
18788,18789,18788,1,-1,1.0
18788,18789,18788,1,-1,1.0
18788,18789,18788,1,-1,1.0
18788,18789,18788,1,-1,1.0
18787,18789,18787,1,-1,1.0
18787,18788,18788,1,1,1.0
18787,18788,18788,1,1,1.0
18787,18789,18787,3,-3,3.0
18787,18788,18787,1,-1,1.0
18787,18788,18787,1,-1,1.0
18787,18788,18788,1,1,1.0
18787,18788,18788,2,2,2.0
18787,18788,18787,1,-1,1.0
18788,18790,18788,3,-3,3.0
18788,18789,18788,4,-4,4.0
18788,18789,18788,2,-2,2.0
18788,18789,18788,1,-1,1.0
18788,18789,18788,16,-16,16.0
18788,18789,18788,1,-1,1.0
18788,18789,18788,1,-1,1.0
18787,18788,18788,1,1,1.0
18787,18788,18788,1,1,1.0
18787,18788,18788,1,1,1.0
18787,18788,18788,3,3,3.0
18788,18789,18788,1,-1,1.0
18788,18789,18789,1,1,1.0
18788,18789,18789,1,1,1.0
18788,18789,18789,1,1,1.0
18788,18790,18790,1,1,1.0
18789,18790,18790,1,1,1.0
18789,18790,18789,12,-12,12.0
18789,18790,18789,1,-1,1.0
18789,18790,18790,1,1,1.0
18789,18790,18790,9,9,9.0
18790,18791,18790,1,-1,1.0
18790,18792,18790,1,-1,1.0
18790,18791,18791,1,1,1.0
18790,18791,18791,3,3,3.0
18790,18791,18791,1,1,1.0
18790,18791,18790,6,-6,6.0
18790,18792,18791,1,-1,1.0
18790,18791,18790,3,-3,3.0
18790,18791,18790,2,-2,2.0
18790,18791,18790,1,-1,1.0
18790,18791,18790,1,-1,1.0
18789,18790,18789,1,-1,1.0
18790,18791,18790,2,-2,2.0
18789,18790,18790,1,1,1.0
18789,18790,18790,1,1,1.0
18789,18790,18789,1,-1,1.0
18789,18790,18789,2,-2,2.0
18789,18790,18789,2,-2,2.0
18789,18790,18789,1,-1,1.0
18789,18790,18789,1,-1,1.0
18789,18790,18790,10,10,10.0
18789,18791,18791,1,1,1.0
18789,18791,18791,1,1,1.0
18789,18791,18789,1,-1,1.0
18789,18791,18789,1,-1,1.0
18789,18790,18790,3,3,3.0
18789,18790,18789,1,-1,1.0
18789,18790,18790,1,1,1.0
18790,18791,18790,5,-5,5.0
18789,18790,18789,1,-1,1.0
18788,18789,18789,2,2,2.0
18788,18790,18790,3,3,3.0
18789,18790,18790,2,2,2.0
18789,18790,18789,1,-1,1.0
18789,18790,18789,1,-1,1.0
18789,18790,18789,6,-6,6.0
18789,18790,18788,1,-1,1.0
18789,18790,18788,1,-1,1.0
18788,18790,18790,4,4,4.0
18788,18790,18790,3,3,3.0
18788,18790,18790,2,2,2.0
18788,18790,18788,2,-2,2.0
18788,18790,18788,1,-1,1.0
18788,18790,18788,1,-1,1.0
18788,18790,18788,3,-3,3.0
18789,18790,18790,2,2,2.0
18789,18790,18790,1,1,1.0
18789,18790,18790,1,1,1.0
18789,18790,18791,2,2,-2.0
18790,18791,18790,1,-1,1.0
18790,18791,18790,1,-1,1.0
18790,18791,18790,1,-1,1.0
18790,18791,18790,2,-2,2.0
18790,18791,18790,2,-2,2.0
18789,18791,18789,2,-2,2.0
18789,18790,18789,1,-1,1.0
18789,18791,18789,1,-1,1.0
18789,18790,18790,2,2,2.0
18789,18790,18790,1,1,1.0
18789,18791,18791,1,1,1.0
18790,18791,18790,1,-1,1.0
18790,18791,18791,4,4,4.0
18790,18791,18792,3,3,-3.0
18791,18792,18791,4,-4,4.0
18791,18792,18792,1,1,1.0
18791,18792,18792,1,1,1.0
18791,18792,18792,1,1,1.0
18792,18793,18793,3,3,3.0
18792,18793,18793,1,1,1.0
18792,18793,18792,1,-1,1.0
18792,18793,18793,1,1,1.0
18792,18793,18792,1,-1,1.0
18792,18793,18793,2,2,2.0
18792,18793,18793,1,1,1.0
18792,18793,18792,1,-1,1.0
18792,18793,18793,1,1,1.0
18792,18793,18792,1,-1,1.0
18791,18792,18791,1,-1,1.0
18790,18792,18792,3,3,3.0
18790,18792,18792,1,1,1.0
18790,18791,18791,1,1,1.0
18790,18792,18792,1,1,1.0
18791,18793,18792,1,1,-1.0
18792,18793,18793,4,4,4.0
18792,18793,18793,2,2,2.0
18792,18793,18793,2,2,2.0
18792,18793,18793,1,1,1.0
18792,18793,18793,1,1,1.0
18792,18793,18793,2,2,2.0
18792,18793,18793,3,3,3.0
18793,18794,18793,1,-1,1.0
18793,18794,18794,1,1,1.0
18793,18794,18793,1,-1,1.0
18793,18794,18793,1,-1,1.0
18793,18794,18793,4,-4,4.0
18793,18794,18793,3,-3,3.0
18793,18794,18793,1,-1,1.0
18792,18794,18792,1,-1,1.0
18792,18794,18792,6,-6,6.0
18792,18793,18793,3,3,3.0
18792,18794,18794,1,1,1.0
18792,18793,18793,1,1,1.0
18793,18794,18793,1,-1,1.0
18793,18794,18793,3,-3,3.0
18792,18794,18794,1,1,1.0
18793,18794,18794,1,1,1.0
18793,18794,18794,1,1,1.0
18793,18794,18793,1,-1,1.0
18793,18794,18793,1,-1,1.0
18793,18794,18793,3,-3,3.0
18793,18794,18794,3,3,3.0
18793,18794,18793,1,-1,1.0
18793,18794,18794,2,2,2.0
18793,18794,18794,1,1,1.0
18793,18794,18794,2,2,2.0
18793,18794,18795,5,5,-5.0
18794,18795,18795,1,1,1.0
18794,18795,18795,2,2,2.0
18794,18795,18795,1,1,1.0
18794,18795,18795,1,1,1.0
18794,18795,18795,3,3,3.0
18794,18795,18795,1,1,1.0
18794,18795,18795,1,1,1.0
18794,18795,18795,3,3,3.0
18794,18796,18795,1,1,-1.0
18794,18796,18794,3,-3,3.0
18794,18796,18796,3,3,3.0
18795,18796,18796,1,1,1.0
18795,18796,18795,2,-2,2.0
18795,18796,18796,1,1,1.0
18794,18796,18794,1,-1,1.0
18795,18796,18795,1,-1,1.0
18795,18796,18795,8,-8,8.0
18795,18796,18796,1,1,1.0
18795,18796,18795,4,-4,4.0
18795,18796,18796,1,1,1.0
18795,18796,18796,1,1,1.0
18795,18796,18796,1,1,1.0
18795,18796,18796,1,1,1.0
18795,18796,18796,2,2,2.0
18795,18796,18795,1,-1,1.0
18795,18796,18795,1,-1,1.0
18795,18796,18796,1,1,1.0
18795,18796,18796,1,1,1.0
18795,18796,18796,1,1,1.0
18795,18796,18796,1,1,1.0
18795,18796,18795,2,-2,2.0
18795,18796,18795,1,-1,1.0
18795,18796,18795,1,-1,1.0
18795,18796,18795,1,-1,1.0
18795,18796,18795,1,-1,1.0
18795,18796,18795,1,-1,1.0
18795,18796,18795,2,-2,2.0
18795,18796,18795,2,-2,2.0
18795,18796,18795,3,-3,3.0
18795,18796,18795,2,-2,2.0
18795,18796,18795,1,-1,1.0
18795,18796,18795,3,-3,3.0
18795,18796,18795,3,-3,3.0
18794,18795,18794,1,-1,1.0
18794,18795,18794,3,-3,3.0
18794,18795,18794,1,-1,1.0
18793,18794,18794,1,1,1.0
18793,18794,18793,3,-3,3.0
18792,18793,18792,1,-1,1.0
18792,18793,18792,1,-1,1.0
18792,18793,18793,2,2,2.0
18793,18794,18793,2,-2,2.0
18793,18794,18793,1,-1,1.0
18792,18793,18793,1,1,1.0
18792,18793,18793,1,1,1.0
18792,18793,18793,1,1,1.0
18792,18793,18793,1,1,1.0
18792,18793,18793,1,1,1.0
18793,18794,18793,1,-1,1.0
18793,18794,18794,1,1,1.0
18793,18794,18794,1,1,1.0
18793,18794,18794,1,1,1.0
18793,18794,18793,1,-1,1.0
18793,18794,18793,1,-1,1.0
18793,18794,18794,1,1,1.0
18793,18794,18794,1,1,1.0
18793,18794,18793,6,-6,6.0
18792,18793,18793,1,1,1.0
18792,18793,18792,1,-1,1.0
18792,18793,18792,7,-7,7.0
18791,18792,18792,1,1,1.0
18791,18792,18792,1,1,1.0
18791,18792,18792,1,1,1.0
18791,18792,18792,1,1,1.0
18791,18792,18792,1,1,1.0
18791,18792,18792,1,1,1.0
18791,18793,18793,2,2,2.0
18792,18793,18793,1,1,1.0
18792,18793,18793,1,1,1.0
18792,18793,18792,5,-5,5.0
18792,18793,18793,4,4,4.0
18792,18793,18792,1,-1,1.0
18792,18794,18792,1,-1,1.0
18791,18793,18793,1,1,1.0
18791,18792,18791,3,-3,3.0
18791,18792,18791,3,-3,3.0
18791,18792,18791,1,-1,1.0
18791,18792,18791,1,-1,1.0
18791,18793,18791,1,-1,1.0
18791,18792,18791,1,-1,1.0
18793,18794,18793,2,-2,2.0
18792,18794,18792,1,-1,1.0
18792,18793,18792,1,-1,1.0
18792,18794,18792,1,-1,1.0
18793,18794,18794,1,1,1.0
18793,18794,18793,1,-1,1.0
18793,18794,18794,1,1,1.0
18793,18794,18794,1,1,1.0
18793,18794,18794,1,1,1.0
18793,18794,18794,2,2,2.0
18794,18795,18795,1,1,1.0
18794,18795,18794,1,-1,1.0
18793,18794,18794,1,1,1.0
18794,18795,18795,2,2,2.0
18794,18795,18795,1,1,1.0
18794,18796,18795,1,1,-1.0
18795,18796,18796,2,2,2.0
18795,18796,18796,8,8,8.0
18796,18797,18797,1,1,1.0
18796,18797,18797,10,10,10.0
18796,18798,18798,2,2,2.0
18796,18798,18798,1,1,1.0
18797,18798,18798,1,1,1.0
18797,18798,18797,1,-1,1.0
18797,18798,18797,2,-2,2.0
18797,18798,18797,1,-1,1.0
18796,18797,18797,1,1,1.0
18796,18797,18797,1,1,1.0
18797,18798,18797,1,-1,1.0
18797,18798,18798,1,1,1.0
18797,18798,18797,2,-2,2.0
18797,18798,18798,15,15,15.0
18798,18799,18799,1,1,1.0
18798,18799,18799,4,4,4.0
18798,18799,18799,2,2,2.0
18798,18799,18799,23,23,23.0
18798,18799,18799,1,1,1.0
18798,18799,18799,5,5,5.0
18798,18799,18799,2,2,2.0
18798,18799,18799,1,1,1.0
18798,18799,18799,1,1,1.0
18798,18799,18799,11,11,11.0
18799,18800,18800,1,1,1.0
18799,18800,18800,1,1,1.0
18799,18800,18800,1,1,1.0
18799,18800,18800,1,1,1.0
18799,18800,18800,1,1,1.0
18799,18800,18800,1,1,1.0
18799,18800,18800,1,1,1.0
18799,18800,18800,1,1,1.0
18799,18800,18800,1,1,1.0
18799,18800,18800,1,1,1.0
18799,18800,18800,5,5,5.0
18799,18800,18800,2,2,2.0
18799,18800,18801,2,2,-2.0
18800,18801,18801,1,1,1.0
18800,18801,18801,1,1,1.0
18800,18801,18801,2,2,2.0
18800,18801,18801,1,1,1.0
18800,18801,18802,1,1,-1.0
18800,18801,18801,1,1,1.0
18800,18801,18802,1,1,-1.0
18800,18801,18802,1,1,-1.0
18800,18801,18802,1,1,-1.0
18801,18802,18802,1,1,1.0
18801,18802,18802,5,5,5.0
18801,18802,18802,1,1,1.0
18801,18802,18802,1,1,1.0
18801,18802,18801,3,-3,3.0
18801,18802,18801,1,-1,1.0
18801,18802,18802,5,5,5.0
18800,18801,18801,3,3,3.0
18800,18801,18800,3,-3,3.0
18800,18802,18802,1,1,1.0
18800,18802,18802,1,1,1.0
18800,18802,18802,1,1,1.0
18800,18802,18802,1,1,1.0
18800,18802,18802,1,1,1.0
18800,18802,18802,1,1,1.0
18800,18802,18802,14,14,14.0
18802,18803,18803,3,3,3.0
18802,18803,18803,1,1,1.0
18802,18803,18803,5,5,5.0
18802,18803,18804,7,7,-7.0
18802,18803,18802,2,-2,2.0
18802,18803,18802,2,-2,2.0
18802,18803,18802,1,-1,1.0
18801,18802,18801,1,-1,1.0
18801,18802,18801,1,-1,1.0
18801,18802,18801,2,-2,2.0
18801,18802,18802,4,4,4.0
18801,18802,18802,1,1,1.0
18801,18802,18802,1,1,1.0
18802,18803,18802,3,-3,3.0
18802,18803,18802,7,-7,7.0
18802,18803,18802,4,-4,4.0
18802,18803,18803,7,7,7.0
18801,18802,18802,3,3,3.0
18801,18802,18801,2,-2,2.0
18801,18802,18801,1,-1,1.0
18801,18802,18802,1,1,1.0
18801,18802,18801,1,-1,1.0
18801,18802,18801,1,-1,1.0
18801,18802,18801,1,-1,1.0
18801,18802,18801,1,-1,1.0
18801,18802,18800,28,-28,28.0
18801,18802,18799,1,-1,1.0
18801,18802,18799,3,-3,3.0
18798,18799,18799,4,4,4.0
18798,18799,18800,11,11,-11.0
18799,18800,18800,1,1,1.0
18800,18801,18800,1,-1,1.0
18800,18801,18800,1,-1,1.0
18798,18800,18800,1,1,1.0
18798,18800,18800,1,1,1.0
18800,18801,18800,1,-1,1.0
18800,18802,18800,1,-1,1.0
18800,18802,18801,2,-2,2.0
18800,18801,18801,1,1,1.0
18800,18801,18800,2,-2,2.0
18800,18801,18800,1,-1,1.0
18800,18801,18801,1,1,1.0
18800,18801,18800,1,-1,1.0
18800,18801,18800,1,-1,1.0
18800,18801,18800,1,-1,1.0
18800,18801,18800,2,-2,2.0
18800,18801,18800,5,-5,5.0
18799,18800,18800,2,2,2.0
18799,18800,18800,1,1,1.0
18800,18801,18800,1,-1,1.0
18800,18801,18801,1,1,1.0
18800,18801,18800,2,-2,2.0
18800,18801,18800,1,-1,1.0
18800,18801,18800,1,-1,1.0
18800,18801,18800,8,-8,8.0
18800,18801,18799,2,-2,2.0
18799,18800,18800,1,1,1.0
18799,18800,18800,1,1,1.0
18799,18800,18799,1,-1,1.0
18798,18800,18798,1,-1,1.0
18798,18800,18798,1,-1,1.0
18798,18800,18798,1,-1,1.0
18798,18800,18798,1,-1,1.0
18798,18800,18800,1,1,1.0
18798,18799,18799,1,1,1.0
18798,18800,18798,2,-2,2.0
18798,18799,18799,5,5,5.0
18798,18799,18798,1,-1,1.0
18798,18799,18798,2,-2,2.0
18798,18799,18798,11,-11,11.0
18798,18799,18797,2,-2,2.0
18798,18799,18797,1,-1,1.0
18798,18799,18797,2,-2,2.0
18798,18799,18798,2,-2,2.0
18798,18799,18798,2,-2,2.0
18798,18799,18799,2,2,2.0
18798,18799,18799,2,2,2.0
18799,18800,18800,11,11,11.0
18800,18801,18800,3,-3,3.0
18800,18801,18801,1,1,1.0
18800,18801,18801,1,1,1.0
18800,18801,18801,1,1,1.0
18800,18801,18801,1,1,1.0
18801,18802,18801,1,-1,1.0
18801,18802,18801,4,-4,4.0
18801,18802,18801,1,-1,1.0
18800,18802,18801,1,-1,1.0
18801,18802,18801,1,-1,1.0
18801,18802,18800,1,-1,1.0
18800,18802,18802,1,1,1.0
18800,18801,18800,1,-1,1.0
18800,18801,18801,1,1,1.0
18800,18801,18801,1,1,1.0
18800,18801,18801,1,1,1.0
18800,18801,18801,1,1,1.0
18801,18802,18801,1,-1,1.0
18800,18801,18800,4,-4,4.0
18798,18799,18799,1,1,1.0
18798,18799,18799,3,3,3.0
18798,18799,18799,1,1,1.0
18798,18799,18799,1,1,1.0
18799,18800,18800,1,1,1.0
18798,18800,18800,2,2,2.0
18798,18799,18798,3,-3,3.0
18798,18799,18798,1,-1,1.0
18797,18798,18797,3,-3,3.0
18797,18798,18797,2,-2,2.0
18797,18798,18797,1,-1,1.0
18797,18798,18797,2,-2,2.0
18797,18798,18797,12,-12,12.0
18796,18797,18796,4,-4,4.0
18795,18796,18796,1,1,1.0
18795,18796,18796,1,1,1.0
18795,18796,18796,1,1,1.0
18795,18796,18795,6,-6,6.0
18794,18795,18795,1,1,1.0
18794,18795,18795,1,1,1.0
18794,18795,18794,4,-4,4.0
18793,18794,18794,1,1,1.0
18793,18795,18793,1,-1,1.0
18793,18794,18793,1,-1,1.0
18793,18794,18793,3,-3,3.0
18793,18794,18793,2,-2,2.0
18793,18794,18793,1,-1,1.0
18793,18794,18793,1,-1,1.0
18793,18794,18793,1,-1,1.0
18793,18794,18793,1,-1,1.0
18793,18794,18794,1,1,1.0
18793,18794,18793,1,-1,1.0
18796,18797,18796,2,-2,2.0
18795,18796,18795,1,-1,1.0
18795,18797,18795,2,-2,2.0
18795,18796,18795,1,-1,1.0
18794,18795,18794,1,-1,1.0
18793,18794,18793,3,-3,3.0
18793,18794,18794,3,3,3.0
18795,18796,18795,1,-1,1.0
18793,18794,18794,2,2,2.0
18793,18794,18794,2,2,2.0
18793,18794,18794,1,1,1.0
18794,18795,18794,1,-1,1.0
18794,18795,18794,1,-1,1.0
18793,18794,18794,1,1,1.0
18793,18795,18793,1,-1,1.0
18793,18794,18793,4,-4,4.0
18793,18794,18793,1,-1,1.0
18793,18794,18794,1,1,1.0
18794,18795,18794,1,-1,1.0
18794,18795,18794,1,-1,1.0
18794,18795,18794,1,-1,1.0
18793,18795,18795,1,1,1.0
18793,18794,18794,1,1,1.0
18793,18794,18794,1,1,1.0
18793,18794,18794,1,1,1.0
18795,18796,18795,1,-1,1.0
18795,18796,18796,1,1,1.0
18795,18796,18796,1,1,1.0
18795,18796,18796,1,1,1.0
18795,18796,18797,6,6,-6.0
18795,18796,18797,1,1,-1.0
18795,18796,18797,1,1,-1.0
18795,18797,18797,2,2,2.0
18795,18797,18797,3,3,3.0
18796,18797,18797,1,1,1.0
18795,18797,18797,4,4,4.0
18795,18796,18795,1,-1,1.0
18795,18796,18794,1,-1,1.0
18793,18795,18795,1,1,1.0
18793,18795,18795,1,1,1.0
18795,18797,18795,2,-2,2.0
18796,18797,18796,2,-2,2.0
18796,18797,18796,1,-1,1.0
18796,18797,18796,1,-1,1.0
18796,18797,18796,3,-3,3.0
18795,18796,18795,3,-3,3.0
18793,18794,18794,2,2,2.0
18793,18795,18794,1,1,-1.0
18793,18795,18794,5,5,-5.0
18793,18794,18794,1,1,1.0
18793,18794,18794,2,2,2.0
18793,18794,18794,2,2,2.0
18793,18794,18794,1,1,1.0
18794,18795,18794,1,-1,1.0
18793,18794,18793,31,-31,31.0
18792,18793,18792,1,-1,1.0
18792,18793,18792,5,-5,5.0
18792,18793,18792,1,-1,1.0
18792,18793,18792,13,-13,13.0
18791,18793,18791,1,-1,1.0
18791,18793,18793,1,1,1.0
18791,18793,18793,1,1,1.0
18791,18793,18793,1,1,1.0
18791,18793,18793,1,1,1.0
18792,18793,18793,1,1,1.0
18791,18792,18792,1,1,1.0
18791,18792,18792,1,1,1.0
18792,18793,18792,1,-1,1.0
18792,18793,18792,3,-3,3.0
18792,18793,18792,1,-1,1.0
18792,18793,18793,3,3,3.0
18793,18794,18794,1,1,1.0
18794,18795,18795,1,1,1.0
18794,18795,18795,2,2,2.0
18795,18796,18796,3,3,3.0
18795,18796,18796,2,2,2.0
18795,18796,18796,8,8,8.0
18795,18796,18796,1,1,1.0
18795,18796,18796,6,6,6.0
18795,18796,18796,1,1,1.0
18795,18796,18796,2,2,2.0
18795,18796,18796,2,2,2.0
18795,18796,18796,10,10,10.0
18796,18797,18797,1,1,1.0
18796,18797,18797,1,1,1.0
18796,18797,18797,1,1,1.0
18796,18797,18797,10,10,10.0
18796,18797,18797,2,2,2.0
18797,18798,18797,13,-13,13.0
18797,18798,18796,16,-16,16.0
18796,18797,18796,1,-1,1.0
18796,18797,18797,2,2,2.0
18796,18797,18796,1,-1,1.0
18795,18796,18795,1,-1,1.0
18794,18795,18795,1,1,1.0
18794,18795,18794,1,-1,1.0
18793,18794,18794,1,1,1.0
18793,18794,18793,3,-3,3.0
18793,18794,18793,1,-1,1.0
18792,18794,18792,1,-1,1.0
18792,18794,18792,1,-1,1.0
18792,18794,18792,1,-1,1.0
18792,18794,18792,1,-1,1.0
18792,18793,18792,3,-3,3.0
18792,18793,18792,1,-1,1.0
18791,18793,18791,3,-3,3.0
18791,18792,18791,1,-1,1.0
18791,18792,18791,1,-1,1.0
18791,18792,18791,1,-1,1.0
18791,18792,18791,1,-1,1.0
18791,18792,18791,1,-1,1.0
18791,18792,18791,1,-1,1.0
18791,18792,18791,1,-1,1.0
18791,18792,18791,1,-1,1.0
18791,18792,18790,2,-2,2.0
18790,18791,18790,2,-2,2.0
18790,18792,18790,1,-1,1.0
18790,18792,18790,1,-1,1.0
18790,18792,18790,1,-1,1.0
18790,18792,18790,3,-3,3.0
18790,18791,18790,1,-1,1.0
18790,18791,18790,1,-1,1.0
18790,18791,18790,1,-1,1.0
18791,18792,18791,1,-1,1.0
18790,18791,18791,1,1,1.0
18791,18792,18792,1,1,1.0
18792,18793,18792,1,-1,1.0
18791,18792,18791,4,-4,4.0
18791,18792,18791,1,-1,1.0
18790,18791,18790,1,-1,1.0
18790,18791,18790,2,-2,2.0
18790,18791,18790,8,-8,8.0
18789,18790,18789,1,-1,1.0
18789,18790,18789,1,-1,1.0
18789,18790,18789,1,-1,1.0
18789,18790,18789,2,-2,2.0
18789,18790,18789,2,-2,2.0
18788,18789,18789,2,2,2.0
18788,18789,18788,29,-29,29.0
18788,18789,18788,5,-5,5.0
18787,18788,18787,1,-1,1.0
18787,18788,18787,6,-6,6.0
18787,18788,18787,4,-4,4.0
18787,18788,18788,4,4,4.0
18787,18788,18788,1,1,1.0
18787,18788,18787,1,-1,1.0
18787,18788,18788,3,3,3.0
18788,18789,18788,1,-1,1.0
18788,18789,18789,1,1,1.0
18788,18790,18790,2,2,2.0
18788,18790,18788,1,-1,1.0
18788,18789,18788,3,-3,3.0
18788,18789,18788,1,-1,1.0
18788,18789,18788,2,-2,2.0
18788,18789,18788,5,-5,5.0
18787,18788,18788,1,1,1.0
18787,18788,18788,1,1,1.0
18787,18788,18787,1,-1,1.0
18787,18788,18787,2,-2,2.0
18787,18788,18787,4,-4,4.0
18787,18788,18787,4,-4,4.0
18787,18788,18787,2,-2,2.0
18787,18788,18787,3,-3,3.0
18787,18788,18787,34,-34,34.0
18787,18788,18786,1,-1,1.0
18787,18788,18786,1,-1,1.0
18787,18788,18786,1,-1,1.0
18787,18788,18786,18,-18,18.0
18787,18788,18786,2,-2,2.0
18786,18787,18786,1,-1,1.0
18786,18787,18786,1,-1,1.0
18786,18787,18785,2,-2,2.0
18786,18787,18785,1,-1,1.0
18785,18787,18785,1,-1,1.0
18785,18787,18786,3,-3,3.0
18785,18787,18787,5,5,5.0
18786,18787,18786,2,-2,2.0
18786,18787,18786,1,-1,1.0
18785,18787,18786,3,-3,3.0
18785,18787,18786,3,-3,3.0
18785,18787,18786,1,-1,1.0
18785,18786,18786,1,1,1.0
18786,18787,18786,1,-1,1.0
18786,18787,18787,3,3,3.0
18786,18788,18786,3,-3,3.0
18786,18787,18786,2,-2,2.0
18785,18786,18785,1,-1,1.0
18785,18786,18786,2,2,2.0
18785,18786,18786,1,1,1.0
18785,18786,18785,2,-2,2.0
18785,18786,18786,1,1,1.0
18785,18786,18785,5,-5,5.0
18785,18786,18786,1,1,1.0
18786,18787,18786,15,-15,15.0
18786,18787,18785,5,-5,5.0
18785,18786,18786,2,2,2.0
18785,18786,18787,5,5,-5.0
18785,18787,18787,1,1,1.0
18785,18786,18785,15,-15,15.0
18785,18786,18785,3,-3,3.0
18784,18785,18784,1,-1,1.0
18784,18785,18784,1,-1,1.0
18784,18785,18785,2,2,2.0
18785,18787,18785,1,-1,1.0
18785,18787,18785,14,-14,14.0
18785,18787,18785,2,-2,2.0
18785,18787,18785,14,-14,14.0
18785,18787,18785,1,-1,1.0
18785,18786,18786,2,2,2.0
18786,18787,18786,1,-1,1.0
18785,18787,18785,3,-3,3.0
18785,18787,18785,3,-3,3.0
18785,18786,18785,2,-2,2.0
18785,18786,18785,1,-1,1.0
18784,18785,18784,3,-3,3.0
18784,18785,18784,3,-3,3.0
18784,18785,18784,1,-1,1.0
18784,18785,18784,2,-2,2.0
18783,18784,18784,1,1,1.0
18783,18784,18783,1,-1,1.0
18783,18784,18783,1,-1,1.0
18783,18784,18783,1,-1,1.0
18783,18784,18783,2,-2,2.0
18783,18784,18783,1,-1,1.0
18783,18784,18783,1,-1,1.0
18783,18784,18783,6,-6,6.0
18783,18784,18783,10,-10,10.0
18783,18784,18783,2,-2,2.0
18782,18783,18782,1,-1,1.0
18782,18783,18782,1,-1,1.0
18782,18783,18782,1,-1,1.0
18782,18783,18782,1,-1,1.0
18782,18783,18782,1,-1,1.0
18782,18783,18782,1,-1,1.0
18782,18783,18782,1,-1,1.0
18782,18783,18782,2,-2,2.0
18782,18783,18782,1,-1,1.0
18782,18783,18782,2,-2,2.0
18782,18783,18783,4,4,4.0
18782,18783,18783,1,1,1.0
18782,18783,18782,1,-1,1.0
18782,18783,18781,1,-1,1.0
18781,18783,18781,1,-1,1.0
18781,18783,18781,1,-1,1.0
18782,18783,18783,3,3,3.0
18782,18784,18784,1,1,1.0
18783,18784,18783,2,-2,2.0
18783,18784,18784,1,1,1.0
18783,18784,18784,1,1,1.0
18783,18784,18783,1,-1,1.0
18783,18784,18783,1,-1,1.0
18783,18784,18783,5,-5,5.0
18783,18784,18783,3,-3,3.0
18782,18784,18784,2,2,2.0
18782,18783,18783,1,1,1.0
18783,18784,18784,1,1,1.0
18784,18785,18784,1,-1,1.0
18784,18785,18784,1,-1,1.0
18784,18785,18784,1,-1,1.0
18784,18785,18784,1,-1,1.0
18784,18785,18784,2,-2,2.0
18783,18784,18783,2,-2,2.0
18783,18784,18783,2,-2,2.0
18783,18784,18783,2,-2,2.0
18782,18783,18782,1,-1,1.0
18782,18783,18782,7,-7,7.0
18781,18782,18781,1,-1,1.0
18781,18782,18781,1,-1,1.0
18781,18782,18781,1,-1,1.0
18781,18782,18782,1,1,1.0
18781,18782,18782,3,3,3.0
18781,18782,18782,1,1,1.0
18782,18783,18782,3,-3,3.0
18782,18783,18782,1,-1,1.0
18781,18782,18781,1,-1,1.0
18781,18782,18782,1,1,1.0
18782,18783,18782,1,-1,1.0
18781,18782,18781,1,-1,1.0
18781,18782,18781,1,-1,1.0
18781,18782,18781,1,-1,1.0
18781,18782,18781,1,-1,1.0
18781,18782,18781,2,-2,2.0
18781,18782,18781,1,-1,1.0
18781,18782,18782,1,1,1.0
18781,18782,18782,1,1,1.0
18781,18782,18782,2,2,2.0
18781,18782,18782,2,2,2.0
18781,18782,18782,1,1,1.0
18781,18782,18782,1,1,1.0
18781,18782,18782,2,2,2.0
18781,18782,18782,1,1,1.0
18781,18782,18782,1,1,1.0
18781,18782,18781,4,-4,4.0
18781,18782,18781,35,-35,35.0
18781,18782,18781,1,-1,1.0
18781,18782,18780,4,-4,4.0
18780,18781,18780,3,-3,3.0
18780,18781,18780,1,-1,1.0
18780,18781,18780,1,-1,1.0
18780,18781,18780,2,-2,2.0
18780,18781,18780,1,-1,1.0
18780,18781,18780,1,-1,1.0
18780,18781,18780,1,-1,1.0
18780,18781,18780,2,-2,2.0
18780,18781,18780,1,-1,1.0
18780,18781,18780,1,-1,1.0
18780,18781,18780,3,-3,3.0
18780,18781,18780,1,-1,1.0
18780,18781,18780,1,-1,1.0
18780,18781,18780,2,-2,2.0
18779,18780,18779,3,-3,3.0
18779,18780,18779,1,-1,1.0
18779,18780,18779,1,-1,1.0
18779,18780,18779,1,-1,1.0
18779,18780,18779,1,-1,1.0
18779,18780,18779,1,-1,1.0
18779,18780,18779,5,-5,5.0
18778,18779,18779,6,6,6.0
18778,18779,18779,2,2,2.0
18778,18779,18778,2,-2,2.0
18778,18779,18778,3,-3,3.0
18778,18779,18779,3,3,3.0
18778,18779,18778,15,-15,15.0
18778,18779,18779,1,1,1.0
18778,18779,18779,1,1,1.0
18778,18779,18778,2,-2,2.0
18778,18779,18779,1,1,1.0
18778,18779,18778,5,-5,5.0
18778,18779,18778,1,-1,1.0
18778,18779,18778,1,-1,1.0
18778,18779,18779,1,1,1.0
18778,18779,18778,2,-2,2.0
18778,18779,18778,3,-3,3.0
18778,18779,18778,1,-1,1.0
18778,18779,18778,1,-1,1.0
18778,18779,18778,1,-1,1.0
18777,18778,18778,2,2,2.0
18778,18779,18778,1,-1,1.0
18778,18779,18779,2,2,2.0
18778,18779,18779,4,4,4.0
18778,18779,18779,2,2,2.0
18778,18779,18779,1,1,1.0
18778,18779,18778,3,-3,3.0
18778,18779,18777,1,-1,1.0
18777,18779,18777,1,-1,1.0
18777,18779,18777,4,-4,4.0
18777,18779,18777,1,-1,1.0
18777,18778,18777,2,-2,2.0
18777,18778,18777,16,-16,16.0
18777,18778,18776,4,-4,4.0
18777,18778,18777,5,-5,5.0
18777,18778,18777,1,-1,1.0
18776,18777,18777,1,1,1.0
18776,18777,18776,3,-3,3.0
18776,18777,18777,1,1,1.0
18776,18777,18777,1,1,1.0
18776,18777,18777,1,1,1.0
18776,18777,18777,1,1,1.0
18777,18778,18777,1,-1,1.0
18777,18778,18777,1,-1,1.0
18776,18778,18776,20,-20,20.0
18776,18777,18777,2,2,2.0
18776,18777,18776,1,-1,1.0
18776,18778,18776,1,-1,1.0
18776,18778,18776,1,-1,1.0
18776,18778,18776,1,-1,1.0
18776,18777,18776,4,-4,4.0
18777,18778,18778,1,1,1.0
18777,18778,18778,1,1,1.0
18776,18778,18778,1,1,1.0
18777,18778,18777,2,-2,2.0
18777,18778,18776,1,-1,1.0
18777,18778,18777,1,-1,1.0
18777,18778,18778,1,1,1.0
18777,18778,18777,2,-2,2.0
18777,18778,18776,1,-1,1.0
18777,18778,18777,1,-1,1.0
18777,18778,18776,2,-2,2.0
18776,18778,18778,1,1,1.0
18776,18778,18776,3,-3,3.0
18776,18777,18776,1,-1,1.0
18776,18777,18776,1,-1,1.0
18776,18777,18776,3,-3,3.0
18776,18777,18776,1,-1,1.0
18776,18777,18776,3,-3,3.0
18775,18776,18775,1,-1,1.0
18775,18776,18775,11,-11,11.0
18774,18775,18774,1,-1,1.0
18774,18775,18775,1,1,1.0
18774,18776,18774,1,-1,1.0
18774,18776,18774,1,-1,1.0
18774,18776,18774,1,-1,1.0
18774,18776,18776,4,4,4.0
18774,18775,18775,1,1,1.0
18774,18775,18774,3,-3,3.0
18774,18775,18774,1,-1,1.0
18774,18775,18775,5,5,5.0
18774,18775,18774,3,-3,3.0
18774,18775,18775,1,1,1.0
18776,18777,18776,1,-1,1.0
18776,18777,18776,2,-2,2.0
18776,18777,18776,2,-2,2.0
18776,18777,18777,1,1,1.0
18776,18777,18776,2,-2,2.0
18776,18777,18776,1,-1,1.0
18776,18777,18776,2,-2,2.0
18776,18778,18776,1,-1,1.0
18776,18778,18776,1,-1,1.0
18776,18778,18776,1,-1,1.0
18775,18777,18775,1,-1,1.0
18775,18777,18775,1,-1,1.0
18775,18777,18776,1,-1,1.0
18775,18776,18776,1,1,1.0
18775,18776,18775,1,-1,1.0
18775,18776,18775,1,-1,1.0
18775,18776,18776,2,2,2.0
18775,18776,18775,1,-1,1.0
18774,18776,18775,5,-5,5.0
18774,18775,18775,1,1,1.0
18775,18776,18776,1,1,1.0
18775,18776,18776,1,1,1.0
18775,18776,18776,1,1,1.0
18775,18776,18776,1,1,1.0
18775,18776,18776,1,1,1.0
18776,18778,18776,1,-1,1.0
18776,18778,18776,2,-2,2.0
18776,18777,18776,1,-1,1.0
18776,18777,18776,1,-1,1.0
18776,18778,18778,1,1,1.0
18776,18777,18777,3,3,3.0
18776,18778,18778,1,1,1.0
18776,18778,18778,1,1,1.0
18776,18778,18776,1,-1,1.0
18776,18778,18778,1,1,1.0
18777,18778,18778,3,3,3.0
18777,18778,18778,2,2,2.0
18777,18778,18778,1,1,1.0
18777,18778,18778,1,1,1.0
18777,18778,18778,1,1,1.0
18777,18778,18778,1,1,1.0
18777,18778,18778,2,2,2.0
18777,18778,18778,1,1,1.0
18777,18778,18778,1,1,1.0
18777,18778,18778,1,1,1.0
18777,18778,18778,1,1,1.0
18777,18778,18778,1,1,1.0
18777,18778,18778,3,3,3.0
18777,18778,18778,2,2,2.0
18777,18778,18778,1,1,1.0
18777,18778,18778,1,1,1.0
18777,18778,18778,1,1,1.0
18777,18778,18778,1,1,1.0
18777,18778,18778,1,1,1.0
18777,18778,18778,1,1,1.0
18777,18778,18778,1,1,1.0
18777,18778,18778,2,2,2.0
18777,18778,18778,2,2,2.0
18777,18778,18778,2,2,2.0
18777,18778,18778,1,1,1.0
18777,18778,18777,2,-2,2.0
18777,18778,18778,1,1,1.0
18777,18778,18778,6,6,6.0
18777,18778,18778,1,1,1.0
18777,18778,18778,1,1,1.0
18777,18778,18777,2,-2,2.0
18777,18778,18778,1,1,1.0
18777,18778,18777,1,-1,1.0
18777,18778,18777,3,-3,3.0
18777,18778,18777,1,-1,1.0
18777,18778,18777,5,-5,5.0
18777,18778,18777,1,-1,1.0
18776,18777,18777,4,4,4.0
18776,18777,18777,5,5,5.0
18776,18777,18777,2,2,2.0
18777,18778,18777,4,-4,4.0
18776,18777,18777,1,1,1.0
18776,18777,18777,1,1,1.0
18776,18777,18777,1,1,1.0
18776,18777,18776,1,-1,1.0
18776,18777,18776,1,-1,1.0
18776,18777,18777,4,4,4.0
18776,18778,18777,2,2,-2.0
18776,18777,18777,2,2,2.0
18776,18777,18776,1,-1,1.0
18776,18777,18777,1,1,1.0
18776,18777,18776,2,-2,2.0
18776,18777,18776,1,-1,1.0
18776,18777,18776,3,-3,3.0
18775,18777,18777,1,1,1.0
18776,18777,18776,2,-2,2.0
18776,18777,18777,2,2,2.0
18776,18777,18777,2,2,2.0
18776,18778,18778,1,1,1.0
18777,18778,18778,2,2,2.0
18777,18778,18778,6,6,6.0
18777,18778,18778,2,2,2.0
18778,18779,18779,2,2,2.0
18779,18780,18779,2,-2,2.0
18779,18780,18779,4,-4,4.0
18779,18780,18780,1,1,1.0
18779,18780,18780,2,2,2.0
18779,18780,18780,1,1,1.0
18779,18780,18780,1,1,1.0
18779,18780,18780,1,1,1.0
18780,18781,18780,2,-2,2.0
18780,18781,18780,1,-1,1.0
18780,18781,18780,1,-1,1.0
18780,18781,18781,1,1,1.0
18780,18781,18781,2,2,2.0
18780,18781,18781,1,1,1.0
18780,18781,18781,2,2,2.0
18781,18782,18781,3,-3,3.0
18780,18782,18782,1,1,1.0
18780,18782,18782,2,2,2.0
18781,18782,18781,5,-5,5.0
18781,18782,18782,1,1,1.0
18781,18782,18782,1,1,1.0
18781,18782,18782,1,1,1.0
18781,18782,18782,1,1,1.0
18781,18782,18782,1,1,1.0
18782,18783,18782,2,-2,2.0
18782,18783,18782,1,-1,1.0
18781,18782,18782,1,1,1.0
18781,18782,18782,1,1,1.0
18781,18782,18781,1,-1,1.0
18781,18782,18781,5,-5,5.0
18781,18782,18781,1,-1,1.0
18781,18782,18781,7,-7,7.0
18781,18783,18781,1,-1,1.0
18781,18782,18782,2,2,2.0
18781,18782,18781,1,-1,1.0
18781,18782,18782,1,1,1.0
18781,18782,18782,2,2,2.0
18781,18782,18782,5,5,5.0
18782,18783,18782,1,-1,1.0
18781,18782,18782,2,2,2.0
18782,18783,18782,1,-1,1.0
18781,18782,18781,3,-3,3.0
18781,18782,18781,1,-1,1.0
18781,18782,18781,2,-2,2.0
18781,18782,18781,4,-4,4.0
18780,18781,18780,3,-3,3.0
18780,18781,18780,3,-3,3.0
18780,18781,18781,1,1,1.0
18781,18783,18783,1,1,1.0
18781,18783,18783,3,3,3.0
18781,18783,18782,1,1,-1.0
18781,18782,18782,1,1,1.0
18782,18783,18782,1,-1,1.0
18782,18783,18782,1,-1,1.0
18782,18783,18782,1,-1,1.0
18781,18783,18783,1,1,1.0
18781,18783,18783,1,1,1.0
18781,18783,18783,3,3,3.0
18781,18782,18781,1,-1,1.0
18780,18782,18782,1,1,1.0
18781,18782,18782,1,1,1.0
18781,18782,18782,1,1,1.0
18781,18782,18782,3,3,3.0
18782,18783,18782,1,-1,1.0
18781,18783,18783,1,1,1.0
18781,18783,18783,1,1,1.0
18782,18783,18782,1,-1,1.0
18782,18783,18783,1,1,1.0
18782,18783,18782,2,-2,2.0
18782,18783,18782,1,-1,1.0
18782,18783,18782,1,-1,1.0
18782,18783,18782,1,-1,1.0
18781,18783,18781,1,-1,1.0
18781,18783,18782,3,-3,3.0
18782,18783,18782,1,-1,1.0
18782,18783,18782,1,-1,1.0
18782,18783,18783,1,1,1.0
18782,18783,18782,3,-3,3.0
18782,18783,18783,1,1,1.0
18782,18783,18782,1,-1,1.0
18782,18783,18782,1,-1,1.0
18782,18783,18782,1,-1,1.0
18782,18783,18782,3,-3,3.0
18781,18782,18781,2,-2,2.0
18781,18782,18781,2,-2,2.0
18781,18782,18781,1,-1,1.0
18781,18782,18781,1,-1,1.0
18781,18782,18781,1,-1,1.0
18780,18781,18781,1,1,1.0
18780,18781,18781,1,1,1.0
18781,18782,18782,1,1,1.0
18782,18783,18782,1,-1,1.0
18782,18783,18782,1,-1,1.0
18782,18783,18782,1,-1,1.0
18781,18783,18782,1,-1,1.0
18781,18783,18783,3,3,3.0
18782,18783,18783,1,1,1.0
18782,18783,18783,1,1,1.0
18782,18783,18783,3,3,3.0
18783,18784,18784,5,5,5.0
18783,18784,18784,1,1,1.0
18784,18785,18784,1,-1,1.0
18783,18785,18785,1,1,1.0
18783,18785,18785,1,1,1.0
18783,18785,18785,1,1,1.0
18783,18785,18785,1,1,1.0
18784,18785,18785,1,1,1.0
18784,18785,18784,1,-1,1.0
18783,18784,18784,1,1,1.0
18783,18784,18784,1,1,1.0
18783,18784,18784,1,1,1.0
18784,18785,18784,1,-1,1.0
18784,18785,18784,2,-2,2.0
18784,18785,18784,1,-1,1.0
18784,18785,18784,1,-1,1.0
18783,18784,18784,3,3,3.0
18783,18784,18783,2,-2,2.0
18783,18784,18784,1,1,1.0
18783,18784,18784,1,1,1.0
18783,18784,18784,1,1,1.0
18784,18785,18784,1,-1,1.0
18783,18785,18785,1,1,1.0
18783,18785,18785,2,2,2.0
18784,18785,18784,2,-2,2.0
18784,18785,18785,16,16,16.0
18784,18785,18785,1,1,1.0
18784,18785,18784,1,-1,1.0
18784,18785,18785,1,1,1.0
18784,18786,18785,1,1,-1.0
18784,18786,18786,1,1,1.0
18784,18786,18786,1,1,1.0
18785,18786,18786,1,1,1.0
18785,18786,18786,1,1,1.0
18785,18786,18786,1,1,1.0
18785,18786,18786,1,1,1.0
18785,18786,18785,2,-2,2.0
18785,18786,18785,1,-1,1.0
18785,18786,18786,4,4,4.0
18785,18786,18786,1,1,1.0
18786,18787,18786,1,-1,1.0
18786,18787,18787,8,8,8.0
18786,18787,18787,2,2,2.0
18787,18788,18788,1,1,1.0
18787,18788,18788,8,8,8.0
18787,18788,18789,12,12,-12.0
18787,18789,18787,2,-2,2.0
18788,18789,18789,1,1,1.0
18789,18790,18789,3,-3,3.0
18788,18789,18789,1,1,1.0
18789,18790,18789,1,-1,1.0
18789,18790,18789,3,-3,3.0
18788,18790,18788,1,-1,1.0
18788,18789,18789,1,1,1.0
18788,18789,18790,2,2,-2.0
18787,18789,18789,1,1,1.0
18788,18789,18788,1,-1,1.0
18788,18789,18788,1,-1,1.0
18788,18789,18788,1,-1,1.0
18787,18788,18788,1,1,1.0
18787,18788,18788,1,1,1.0
18788,18789,18788,1,-1,1.0
18788,18789,18788,1,-1,1.0
18788,18789,18789,3,3,3.0
18788,18789,18788,1,-1,1.0
18787,18788,18788,2,2,2.0
18787,18788,18787,4,-4,4.0
18787,18788,18787,2,-2,2.0
18787,18788,18787,1,-1,1.0
18787,18788,18787,6,-6,6.0
18786,18788,18788,1,1,1.0
18786,18787,18786,1,-1,1.0
18786,18788,18786,1,-1,1.0
18786,18788,18786,1,-1,1.0
18786,18788,18786,1,-1,1.0
18786,18787,18786,1,-1,1.0
18785,18786,18785,1,-1,1.0
18785,18786,18786,1,1,1.0
18785,18786,18787,4,4,-4.0
18785,18786,18785,1,-1,1.0
18785,18786,18785,1,-1,1.0
18785,18787,18785,1,-1,1.0
18786,18787,18787,2,2,2.0
18786,18788,18786,1,-1,1.0
18787,18788,18787,1,-1,1.0
18787,18788,18788,1,1,1.0
18787,18788,18788,3,3,3.0
18788,18789,18788,1,-1,1.0
18787,18789,18787,1,-1,1.0
18787,18789,18789,3,3,3.0
18788,18789,18788,1,-1,1.0
18788,18789,18788,1,-1,1.0
18786,18787,18787,1,1,1.0
18786,18788,18788,1,1,1.0
18787,18788,18787,1,-1,1.0
18786,18787,18786,1,-1,1.0
18786,18787,18787,1,1,1.0
18786,18787,18786,2,-2,2.0
18786,18787,18787,1,1,1.0
18786,18787,18787,1,1,1.0
18787,18788,18787,1,-1,1.0
18786,18787,18787,1,1,1.0
18787,18788,18788,1,1,1.0
18787,18788,18788,1,1,1.0
18787,18788,18788,1,1,1.0
18787,18788,18788,1,1,1.0
18787,18788,18788,1,1,1.0
18787,18788,18787,1,-1,1.0
18787,18788,18788,2,2,2.0
18788,18789,18788,2,-2,2.0
18787,18788,18788,1,1,1.0
18787,18788,18787,1,-1,1.0
18786,18788,18787,1,-1,1.0
18787,18788,18787,1,-1,1.0
18787,18788,18787,1,-1,1.0
18786,18787,18786,2,-2,2.0
18785,18786,18786,1,1,1.0
18785,18787,18786,2,2,-2.0
18785,18787,18785,1,-1,1.0
18786,18787,18787,2,2,2.0
18786,18787,18786,2,-2,2.0
18786,18787,18786,1,-1,1.0
18785,18787,18786,1,-1,1.0
18786,18787,18786,1,-1,1.0
18786,18787,18787,1,1,1.0
18787,18788,18788,2,2,2.0
18787,18788,18788,1,1,1.0
18787,18788,18788,1,1,1.0
18787,18788,18788,1,1,1.0
18788,18789,18789,3,3,3.0
18788,18789,18788,7,-7,7.0
18788,18789,18789,1,1,1.0
18788,18789,18789,6,6,6.0
18788,18789,18789,1,1,1.0
18788,18789,18789,2,2,2.0
18788,18789,18789,1,1,1.0
18788,18789,18789,1,1,1.0
18787,18789,18788,1,1,-1.0
18788,18789,18789,5,5,5.0
18789,18790,18789,1,-1,1.0
18789,18790,18789,1,-1,1.0
18788,18789,18789,1,1,1.0
18788,18789,18789,1,1,1.0
18788,18789,18789,1,1,1.0
18788,18789,18789,1,1,1.0
18789,18790,18789,1,-1,1.0
18787,18789,18789,2,2,2.0
18788,18789,18789,1,1,1.0
18788,18789,18788,1,-1,1.0
18788,18789,18788,1,-1,1.0
18787,18789,18787,2,-2,2.0
18787,18788,18787,3,-3,3.0
18787,18788,18787,1,-1,1.0
18787,18788,18787,1,-1,1.0
18787,18788,18787,2,-2,2.0
18787,18788,18787,2,-2,2.0
18786,18788,18788,1,1,1.0
18786,18788,18786,21,-21,21.0
18785,18787,18787,1,1,1.0
18787,18788,18787,2,-2,2.0
18787,18789,18787,1,-1,1.0
18788,18789,18789,12,12,12.0
18789,18790,18790,3,3,3.0
18789,18790,18790,4,4,4.0
18789,18790,18790,2,2,2.0
18789,18790,18790,2,2,2.0
18789,18790,18790,2,2,2.0
18789,18790,18790,7,7,7.0
18789,18790,18790,1,1,1.0
18789,18790,18790,1,1,1.0
18789,18790,18790,2,2,2.0
18789,18790,18790,6,6,6.0
18789,18790,18790,1,1,1.0
18789,18790,18790,1,1,1.0
18789,18791,18791,2,2,2.0
18789,18791,18791,1,1,1.0
18789,18791,18791,1,1,1.0
18789,18791,18789,1,-1,1.0
18790,18791,18790,1,-1,1.0
18789,18791,18789,1,-1,1.0
18789,18791,18789,1,-1,1.0
18789,18790,18789,10,-10,10.0
18789,18790,18789,2,-2,2.0
18788,18789,18789,1,1,1.0
18788,18789,18788,1,-1,1.0
18787,18788,18787,2,-2,2.0
18786,18788,18788,1,1,1.0
18789,18790,18789,2,-2,2.0
18788,18790,18790,1,1,1.0
18788,18790,18790,1,1,1.0
18789,18790,18790,1,1,1.0
18789,18790,18790,1,1,1.0
18790,18791,18790,5,-5,5.0
18790,18791,18791,1,1,1.0
18790,18791,18791,5,5,5.0
18791,18792,18791,2,-2,2.0
18790,18791,18791,1,1,1.0
18790,18791,18790,1,-1,1.0
18789,18790,18790,2,2,2.0
18789,18790,18789,1,-1,1.0
18789,18790,18789,1,-1,1.0
18788,18790,18790,3,3,3.0
18788,18789,18789,1,1,1.0
18789,18790,18789,1,-1,1.0
18788,18790,18788,1,-1,1.0
18788,18790,18788,1,-1,1.0
18788,18790,18788,1,-1,1.0
18789,18790,18789,1,-1,1.0
18788,18789,18788,2,-2,2.0
18788,18789,18788,2,-2,2.0
18788,18789,18788,2,-2,2.0
18788,18789,18788,2,-2,2.0
18788,18789,18788,2,-2,2.0
18788,18789,18788,1,-1,1.0
18788,18789,18788,1,-1,1.0
18788,18789,18788,2,-2,2.0
18787,18788,18788,1,1,1.0
18787,18789,18789,2,2,2.0
18787,18789,18787,10,-10,10.0
18787,18789,18788,2,-2,2.0
18787,18789,18787,8,-8,8.0
18788,18789,18788,1,-1,1.0
18788,18789,18789,1,1,1.0
18788,18790,18788,1,-1,1.0
18788,18790,18788,1,-1,1.0
18788,18789,18789,1,1,1.0
18788,18789,18789,2,2,2.0
18788,18789,18789,1,1,1.0
18789,18790,18790,2,2,2.0
18789,18791,18789,1,-1,1.0
18789,18791,18789,4,-4,4.0
18790,18791,18790,1,-1,1.0
18789,18790,18790,1,1,1.0
18789,18790,18790,1,1,1.0
18789,18790,18789,3,-3,3.0
18789,18790,18789,3,-3,3.0
18789,18790,18790,1,1,1.0
18790,18791,18791,1,1,1.0
18791,18792,18792,2,2,2.0
18791,18792,18792,1,1,1.0
18791,18792,18792,1,1,1.0
18791,18792,18792,1,1,1.0
18791,18792,18792,2,2,2.0
18791,18792,18792,5,5,5.0
18791,18792,18792,1,1,1.0
18791,18792,18792,1,1,1.0
18791,18792,18792,2,2,2.0
18791,18792,18792,1,1,1.0
18791,18792,18792,2,2,2.0
18792,18793,18792,1,-1,1.0
18792,18793,18793,1,1,1.0
18792,18793,18792,1,-1,1.0
18792,18793,18792,1,-1,1.0
18792,18793,18792,6,-6,6.0
18790,18792,18792,3,3,3.0
18791,18792,18792,2,2,2.0
18791,18792,18792,1,1,1.0
18791,18792,18792,1,1,1.0
18792,18793,18792,1,-1,1.0
18792,18793,18792,1,-1,1.0
18792,18793,18793,4,4,4.0
18792,18793,18792,1,-1,1.0
18792,18793,18793,1,1,1.0
18792,18793,18793,1,1,1.0
18792,18793,18793,5,5,5.0
18792,18793,18793,3,3,3.0
18792,18793,18793,1,1,1.0
18792,18793,18793,1,1,1.0
18792,18793,18793,1,1,1.0
18792,18793,18793,1,1,1.0
18792,18793,18793,1,1,1.0
18792,18793,18793,3,3,3.0
18792,18793,18794,4,4,-4.0
18793,18794,18794,1,1,1.0
18793,18794,18793,1,-1,1.0
18793,18794,18793,1,-1,1.0
18793,18794,18793,1,-1,1.0
18793,18794,18793,1,-1,1.0
18793,18794,18793,1,-1,1.0
18792,18794,18792,1,-1,1.0
18792,18793,18793,2,2,2.0
18792,18793,18793,2,2,2.0
18792,18793,18794,1,1,-1.0
18793,18794,18793,1,-1,1.0
18793,18794,18793,6,-6,6.0
18793,18794,18792,10,-10,10.0
18793,18794,18794,3,3,3.0
18793,18795,18794,1,1,-1.0
18793,18795,18795,1,1,1.0
18794,18795,18794,1,-1,1.0
18794,18795,18794,1,-1,1.0
18793,18794,18793,1,-1,1.0
18793,18794,18793,1,-1,1.0
18792,18793,18792,1,-1,1.0
18792,18793,18792,1,-1,1.0
18792,18793,18793,2,2,2.0
18792,18793,18794,1,1,-1.0
18793,18794,18794,2,2,2.0
18793,18794,18794,1,1,1.0
18793,18795,18793,1,-1,1.0
18793,18794,18794,5,5,5.0
18793,18795,18793,1,-1,1.0
18794,18795,18794,1,-1,1.0
18794,18795,18794,1,-1,1.0
18794,18795,18794,2,-2,2.0
18793,18794,18794,1,1,1.0
18793,18795,18793,1,-1,1.0
18793,18794,18794,1,1,1.0
18793,18794,18795,2,2,-2.0
18793,18795,18795,3,3,3.0
18793,18795,18793,1,-1,1.0
18793,18794,18793,1,-1,1.0
18793,18795,18793,1,-1,1.0
18793,18795,18793,1,-1,1.0
18793,18794,18793,2,-2,2.0
18793,18794,18794,1,1,1.0
18793,18794,18794,1,1,1.0
18793,18794,18794,1,1,1.0
18793,18794,18794,3,3,3.0
18795,18796,18795,6,-6,6.0
18795,18796,18795,1,-1,1.0
18795,18796,18795,1,-1,1.0
18795,18796,18795,1,-1,1.0
18795,18796,18795,3,-3,3.0
18795,18796,18795,4,-4,4.0
18795,18796,18796,1,1,1.0
18795,18796,18796,1,1,1.0
18795,18796,18796,3,3,3.0
18794,18796,18796,1,1,1.0
18795,18796,18795,1,-1,1.0
18795,18796,18795,1,-1,1.0
18794,18795,18795,1,1,1.0
18794,18795,18795,1,1,1.0
18794,18795,18795,1,1,1.0
18794,18795,18795,1,1,1.0
18794,18795,18795,1,1,1.0
18795,18796,18796,1,1,1.0
18795,18796,18795,2,-2,2.0
18794,18795,18794,3,-3,3.0
18794,18795,18793,13,-13,13.0
18793,18795,18793,1,-1,1.0
18793,18794,18794,1,1,1.0
18793,18795,18794,3,3,-3.0
18793,18794,18793,1,-1,1.0
18793,18794,18793,1,-1,1.0
18793,18794,18793,2,-2,2.0
18793,18794,18793,2,-2,2.0
18792,18794,18793,1,-1,1.0
18792,18794,18793,1,-1,1.0
18792,18794,18793,1,-1,1.0
18792,18794,18794,1,1,1.0
18793,18794,18794,1,1,1.0
18793,18794,18793,1,-1,1.0
18793,18794,18793,1,-1,1.0
18793,18794,18793,1,-1,1.0
18793,18794,18793,1,-1,1.0
18793,18794,18793,1,-1,1.0
18793,18794,18794,1,1,1.0
18793,18794,18794,1,1,1.0
18794,18795,18795,2,2,2.0
18794,18795,18795,1,1,1.0
18795,18796,18795,1,-1,1.0
18795,18796,18795,3,-3,3.0
18794,18795,18794,1,-1,1.0
18793,18794,18794,1,1,1.0
18793,18794,18794,2,2,2.0
18793,18794,18793,1,-1,1.0
18793,18794,18793,2,-2,2.0
18792,18793,18792,1,-1,1.0
18792,18793,18792,1,-1,1.0
18793,18794,18793,1,-1,1.0
18792,18794,18792,1,-1,1.0
18793,18794,18794,1,1,1.0
18793,18794,18794,1,1,1.0
18793,18794,18794,1,1,1.0
18793,18794,18794,1,1,1.0
18794,18795,18795,2,2,2.0
18794,18795,18795,1,1,1.0
18794,18796,18796,3,3,3.0
18794,18796,18794,1,-1,1.0
18795,18796,18796,1,1,1.0
18796,18797,18796,1,-1,1.0
18795,18796,18795,1,-1,1.0
18795,18796,18796,1,1,1.0
18795,18796,18796,4,4,4.0
18795,18796,18796,1,1,1.0
18795,18796,18795,1,-1,1.0
18795,18796,18795,1,-1,1.0
18795,18796,18796,1,1,1.0
18795,18796,18796,1,1,1.0
18795,18796,18796,2,2,2.0
18795,18796,18796,1,1,1.0
18796,18797,18796,1,-1,1.0
18796,18797,18796,2,-2,2.0
18796,18797,18796,1,-1,1.0
18796,18797,18796,1,-1,1.0
18795,18796,18796,1,1,1.0
18795,18796,18795,2,-2,2.0
18794,18796,18796,3,3,3.0
18795,18796,18795,1,-1,1.0
18795,18796,18795,1,-1,1.0
18794,18796,18794,1,-1,1.0
18794,18795,18794,3,-3,3.0
18794,18795,18795,2,2,2.0
18794,18795,18795,1,1,1.0
18794,18795,18796,1,1,-1.0
18794,18795,18796,1,1,-1.0
18794,18795,18796,1,1,-1.0
18794,18795,18796,1,1,-1.0
18794,18795,18796,3,3,-3.0
18795,18796,18796,1,1,1.0
18795,18796,18795,1,-1,1.0
18795,18796,18796,1,1,1.0
18796,18797,18797,1,1,1.0
18796,18797,18797,1,1,1.0
18796,18797,18797,3,3,3.0
18796,18797,18797,1,1,1.0
18796,18797,18797,1,1,1.0
18796,18797,18797,2,2,2.0
18797,18798,18798,1,1,1.0
18797,18798,18797,2,-2,2.0
18797,18798,18797,1,-1,1.0
18796,18798,18798,1,1,1.0
18796,18798,18798,1,1,1.0
18796,18798,18797,1,1,-1.0
18795,18797,18797,3,3,3.0
18797,18798,18798,23,23,23.0
18798,18799,18798,1,-1,1.0
18798,18799,18798,1,-1,1.0
18797,18799,18798,1,-1,1.0
18797,18799,18799,3,3,3.0
18797,18799,18799,1,1,1.0
18797,18799,18799,1,1,1.0
18797,18799,18799,1,1,1.0
18798,18799,18798,1,-1,1.0
18798,18799,18798,1,-1,1.0
18797,18798,18797,2,-2,2.0
18797,18798,18797,1,-1,1.0
18796,18797,18797,1,1,1.0
18796,18798,18798,1,1,1.0
18796,18798,18798,1,1,1.0
18797,18798,18797,1,-1,1.0
18797,18798,18797,1,-1,1.0
18796,18797,18797,1,1,1.0
18796,18797,18797,2,2,2.0
18797,18798,18797,1,-1,1.0
18797,18798,18798,1,1,1.0
18797,18798,18798,1,1,1.0
18797,18798,18798,2,2,2.0
18798,18799,18798,1,-1,1.0
18798,18799,18799,14,14,14.0
18799,18800,18800,1,1,1.0
18799,18800,18800,13,13,13.0
18799,18800,18800,1,1,1.0
18799,18800,18800,1,1,1.0
18799,18800,18800,1,1,1.0
18799,18800,18800,1,1,1.0
18799,18800,18800,2,2,2.0
18799,18800,18800,1,1,1.0
18799,18800,18800,1,1,1.0
18799,18800,18800,1,1,1.0
18799,18800,18800,3,3,3.0
18799,18800,18800,1,1,1.0
18799,18800,18800,5,5,5.0
18799,18800,18800,1,1,1.0
18799,18800,18800,12,12,12.0
18800,18801,18800,1,-1,1.0
18800,18801,18800,3,-3,3.0
18800,18801,18801,1,1,1.0
18800,18801,18801,1,1,1.0
18800,18801,18801,1,1,1.0
18801,18802,18802,1,1,1.0
18801,18802,18802,1,1,1.0
18801,18802,18801,2,-2,2.0
18801,18802,18802,2,2,2.0
18801,18802,18802,20,20,20.0
18801,18802,18802,2,2,2.0
18801,18802,18801,2,-2,2.0
18801,18802,18801,3,-3,3.0
18802,18803,18802,1,-1,1.0
18802,18803,18803,1,1,1.0
18802,18803,18803,1,1,1.0
18802,18803,18803,1,1,1.0
18802,18803,18803,1,1,1.0
18802,18803,18802,2,-2,2.0
18802,18803,18802,1,-1,1.0
18802,18803,18802,1,-1,1.0
18802,18803,18802,1,-1,1.0
18801,18802,18802,1,1,1.0
18801,18803,18802,1,1,-1.0
18801,18802,18802,2,2,2.0
18801,18802,18802,1,1,1.0
18801,18802,18802,1,1,1.0
18801,18802,18801,1,-1,1.0
18801,18802,18801,1,-1,1.0
18801,18802,18801,1,-1,1.0
18801,18802,18801,4,-4,4.0
18800,18801,18801,1,1,1.0
18800,18801,18801,1,1,1.0
18800,18801,18801,1,1,1.0
18800,18801,18801,1,1,1.0
18801,18802,18801,1,-1,1.0
18801,18802,18801,1,-1,1.0
18801,18802,18802,1,1,1.0
18801,18802,18802,1,1,1.0
18801,18802,18802,3,3,3.0
18801,18802,18802,1,1,1.0
18801,18802,18802,1,1,1.0
18801,18802,18802,1,1,1.0
18802,18803,18802,1,-1,1.0
18802,18803,18802,1,-1,1.0
18802,18803,18803,3,3,3.0
18802,18803,18803,11,11,11.0
18803,18804,18804,15,15,15.0
18803,18804,18804,2,2,2.0
18803,18804,18804,1,1,1.0
18803,18804,18804,1,1,1.0
18803,18804,18804,1,1,1.0
18803,18804,18804,1,1,1.0
18803,18804,18804,2,2,2.0
18803,18804,18804,1,1,1.0
18804,18805,18805,2,2,2.0
18804,18805,18805,2,2,2.0
18804,18805,18805,2,2,2.0
18804,18805,18805,2,2,2.0
18804,18805,18805,1,1,1.0
18804,18805,18805,1,1,1.0
18804,18805,18805,2,2,2.0
18804,18805,18805,5,5,5.0
18804,18805,18805,1,1,1.0
18804,18805,18805,1,1,1.0
18804,18805,18806,3,3,-3.0
18804,18805,18806,3,3,-3.0
18804,18805,18806,1,1,-1.0
18804,18805,18806,2,2,-2.0
18804,18805,18807,1,1,-1.0
18804,18805,18807,1,1,-1.0
18804,18805,18807,2,2,-2.0
18804,18805,18806,4,4,-4.0
18804,18805,18807,4,4,-4.0
18804,18805,18807,1,1,-1.0
18804,18805,18807,1,1,-1.0
18806,18807,18807,1,1,1.0
18806,18807,18806,1,-1,1.0
18806,18807,18807,3,3,3.0
18806,18807,18807,1,1,1.0
18806,18807,18807,1,1,1.0
18806,18807,18807,1,1,1.0
18806,18807,18807,1,1,1.0
18806,18807,18807,1,1,1.0
18806,18807,18807,1,1,1.0
18806,18807,18808,2,2,-2.0
18806,18807,18806,2,-2,2.0
18806,18807,18808,2,2,-2.0
18806,18807,18808,1,1,-1.0
18806,18807,18808,2,2,-2.0
18806,18807,18808,1,1,-1.0
18806,18807,18808,2,2,-2.0
18806,18807,18808,1,1,-1.0
18806,18808,18808,1,1,1.0
18806,18808,18808,1,1,1.0
18806,18808,18808,1,1,1.0
18806,18808,18808,1,1,1.0
18806,18808,18808,1,1,1.0
18806,18808,18808,1,1,1.0
18806,18808,18808,2,2,2.0
18806,18808,18808,3,3,3.0
18806,18808,18808,1,1,1.0
18807,18808,18808,4,4,4.0
18807,18808,18808,1,1,1.0
18807,18808,18808,1,1,1.0
18807,18808,18808,2,2,2.0
18807,18808,18807,1,-1,1.0
18807,18808,18807,1,-1,1.0
18807,18808,18807,1,-1,1.0
18807,18808,18808,1,1,1.0
18807,18808,18807,1,-1,1.0
18806,18807,18807,1,1,1.0
18806,18807,18808,4,4,-4.0
18806,18807,18808,1,1,-1.0
18806,18807,18808,1,1,-1.0
18806,18807,18806,1,-1,1.0
18806,18807,18807,2,2,2.0
18806,18807,18807,1,1,1.0
18806,18807,18806,1,-1,1.0
18806,18807,18807,1,1,1.0
18806,18807,18807,1,1,1.0
18806,18807,18808,1,1,-1.0
18806,18807,18808,1,1,-1.0
18806,18808,18808,1,1,1.0
18806,18808,18806,1,-1,1.0
18807,18808,18808,1,1,1.0
18807,18808,18808,1,1,1.0
18807,18808,18808,1,1,1.0
18807,18808,18808,1,1,1.0
18807,18808,18807,3,-3,3.0
18806,18807,18806,4,-4,4.0
18806,18807,18806,1,-1,1.0
18806,18807,18806,3,-3,3.0
18806,18807,18807,1,1,1.0
18806,18807,18807,1,1,1.0
18806,18807,18806,1,-1,1.0
18805,18806,18805,1,-1,1.0
18805,18806,18805,2,-2,2.0
18804,18806,18804,3,-3,3.0
18804,18805,18805,1,1,1.0
18804,18805,18804,1,-1,1.0
18803,18805,18805,1,1,1.0
18803,18805,18803,1,-1,1.0
18804,18805,18804,1,-1,1.0
18804,18805,18805,1,1,1.0
18804,18805,18805,1,1,1.0
18804,18805,18804,1,-1,1.0
18804,18805,18805,1,1,1.0
18804,18805,18805,1,1,1.0
18804,18805,18805,1,1,1.0
18804,18805,18805,1,1,1.0
18804,18805,18805,1,1,1.0
18804,18805,18805,3,3,3.0
18804,18805,18805,1,1,1.0
18804,18805,18804,1,-1,1.0
18803,18804,18803,3,-3,3.0
18803,18804,18802,2,-2,2.0
18803,18804,18801,1,-1,1.0
18802,18803,18802,1,-1,1.0
18802,18803,18803,3,3,3.0
18802,18803,18803,1,1,1.0
18802,18803,18804,1,1,-1.0
18803,18804,18804,1,1,1.0
18802,18804,18802,1,-1,1.0
18802,18803,18803,1,1,1.0
18802,18803,18803,1,1,1.0
18802,18803,18802,1,-1,1.0
18802,18803,18802,4,-4,4.0
18802,18803,18802,1,-1,1.0
18802,18803,18802,1,-1,1.0
18802,18803,18801,1,-1,1.0
18801,18802,18801,1,-1,1.0
18801,18802,18801,1,-1,1.0
18801,18802,18801,2,-2,2.0
18800,18801,18801,1,1,1.0
18801,18802,18801,2,-2,2.0
18801,18802,18801,1,-1,1.0
18801,18802,18802,1,1,1.0
18801,18802,18801,4,-4,4.0
18800,18802,18802,1,1,1.0
18802,18803,18802,3,-3,3.0
18802,18803,18802,1,-1,1.0
18802,18803,18802,3,-3,3.0
18801,18802,18801,3,-3,3.0
18800,18801,18801,1,1,1.0
18800,18801,18801,1,1,1.0
18800,18801,18800,1,-1,1.0
18800,18801,18800,1,-1,1.0
18800,18801,18800,14,-14,14.0
18800,18801,18799,1,-1,1.0
18798,18799,18799,2,2,2.0
18798,18799,18798,1,-1,1.0
18798,18799,18798,1,-1,1.0
18798,18799,18798,1,-1,1.0
18798,18799,18799,2,2,2.0
18798,18799,18799,1,1,1.0
18798,18799,18799,1,1,1.0
18798,18799,18799,1,1,1.0
18798,18799,18799,1,1,1.0
18798,18799,18799,1,1,1.0
18798,18799,18800,3,3,-3.0
18800,18801,18801,1,1,1.0
18800,18801,18800,3,-3,3.0
18800,18801,18800,3,-3,3.0
18800,18801,18800,1,-1,1.0
18800,18801,18800,1,-1,1.0
18800,18801,18800,3,-3,3.0
18800,18801,18800,2,-2,2.0
18799,18800,18799,4,-4,4.0
18799,18800,18800,1,1,1.0
18798,18800,18799,1,1,-1.0
18798,18800,18799,1,1,-1.0
18799,18800,18799,1,-1,1.0
18799,18800,18799,1,-1,1.0
18799,18800,18799,1,-1,1.0
18799,18800,18799,1,-1,1.0
18799,18800,18798,1,-1,1.0
18799,18800,18798,5,-5,5.0
18797,18798,18797,1,-1,1.0
18797,18798,18797,1,-1,1.0
18797,18798,18797,5,-5,5.0
18796,18797,18796,1,-1,1.0
18796,18797,18796,1,-1,1.0
18796,18797,18796,1,-1,1.0
18796,18797,18797,1,1,1.0
18796,18798,18796,1,-1,1.0
18796,18797,18797,1,1,1.0
18796,18797,18797,1,1,1.0
18796,18797,18797,1,1,1.0
18796,18797,18796,1,-1,1.0
18796,18797,18797,1,1,1.0
18796,18797,18797,2,2,2.0
18796,18797,18797,2,2,2.0
18796,18797,18797,1,1,1.0
18796,18797,18797,2,2,2.0
18796,18797,18797,1,1,1.0
18796,18797,18797,1,1,1.0
18797,18798,18797,1,-1,1.0
18797,18798,18797,1,-1,1.0
18797,18798,18797,2,-2,2.0
18797,18798,18797,1,-1,1.0
18796,18797,18797,1,1,1.0
18796,18797,18796,9,-9,9.0
18795,18797,18797,22,22,22.0
18795,18797,18797,2,2,2.0
18795,18797,18797,6,6,6.0
18795,18797,18797,1,1,1.0
18796,18797,18797,1,1,1.0
18796,18797,18797,1,1,1.0
18796,18797,18797,2,2,2.0
18797,18798,18797,1,-1,1.0
18797,18798,18797,1,-1,1.0
18797,18798,18797,2,-2,2.0
18796,18797,18796,1,-1,1.0
18796,18797,18796,1,-1,1.0
18795,18796,18796,1,1,1.0
18795,18796,18796,1,1,1.0
18795,18796,18795,5,-5,5.0
18795,18796,18795,2,-2,2.0
18794,18795,18795,1,1,1.0
18794,18795,18795,1,1,1.0
18794,18795,18794,4,-4,4.0
18795,18796,18795,1,-1,1.0
18795,18796,18795,1,-1,1.0
18794,18796,18794,1,-1,1.0
18794,18795,18794,2,-2,2.0
18794,18795,18794,1,-1,1.0
18794,18795,18794,4,-4,4.0
18794,18795,18793,2,-2,2.0
18793,18794,18793,1,-1,1.0
18792,18794,18792,1,-1,1.0
18792,18793,18793,1,1,1.0
18792,18793,18792,8,-8,8.0
18792,18793,18793,2,2,2.0
18792,18793,18792,3,-3,3.0
18792,18793,18792,10,-10,10.0
18792,18793,18792,11,-11,11.0
18792,18793,18791,9,-9,9.0
18791,18792,18792,1,1,1.0
18792,18794,18792,1,-1,1.0
18792,18793,18792,1,-1,1.0
18792,18793,18792,1,-1,1.0
18792,18793,18792,2,-2,2.0
18791,18792,18792,1,1,1.0
18791,18792,18792,1,1,1.0
18791,18792,18792,1,1,1.0
18791,18792,18792,1,1,1.0
18792,18793,18792,2,-2,2.0
18792,18793,18792,1,-1,1.0
18792,18793,18793,1,1,1.0
18792,18793,18793,1,1,1.0
18792,18793,18793,2,2,2.0
18792,18793,18793,2,2,2.0
18793,18794,18793,1,-1,1.0
18793,18794,18794,3,3,3.0
18793,18794,18793,1,-1,1.0
18793,18794,18793,1,-1,1.0
18793,18794,18793,1,-1,1.0
18792,18793,18792,1,-1,1.0
18792,18793,18792,1,-1,1.0
18792,18793,18792,3,-3,3.0
18792,18793,18792,1,-1,1.0
18792,18793,18792,1,-1,1.0
18792,18793,18792,2,-2,2.0
18792,18793,18791,2,-2,2.0
18791,18792,18792,1,1,1.0
18791,18792,18791,4,-4,4.0
18791,18792,18791,1,-1,1.0
18791,18792,18791,3,-3,3.0
18791,18792,18791,6,-6,6.0
18791,18792,18791,3,-3,3.0
18791,18792,18791,1,-1,1.0
18791,18792,18791,1,-1,1.0
18791,18792,18791,1,-1,1.0
18791,18792,18791,1,-1,1.0
18791,18792,18791,9,-9,9.0
18791,18792,18791,9,-9,9.0
18790,18791,18790,2,-2,2.0
18790,18791,18790,4,-4,4.0
18790,18791,18790,3,-3,3.0
18790,18791,18790,1,-1,1.0
18790,18792,18790,5,-5,5.0
18790,18792,18790,1,-1,1.0
18790,18791,18790,2,-2,2.0
18790,18791,18789,1,-1,1.0
18789,18791,18789,1,-1,1.0
18790,18791,18791,1,1,1.0
18790,18792,18790,1,-1,1.0
18790,18791,18791,1,1,1.0
18791,18792,18791,1,-1,1.0
18791,18792,18792,1,1,1.0
18791,18792,18792,1,1,1.0
18791,18792,18792,1,1,1.0
18792,18793,18792,1,-1,1.0
18791,18793,18793,2,2,2.0
18791,18793,18793,1,1,1.0
18791,18792,18792,1,1,1.0
18791,18792,18791,2,-2,2.0
18791,18792,18791,1,-1,1.0
18791,18792,18791,4,-4,4.0
18790,18791,18790,1,-1,1.0
18791,18792,18791,2,-2,2.0
18790,18791,18791,1,1,1.0
18790,18791,18791,2,2,2.0
18790,18791,18791,1,1,1.0
18791,18792,18792,1,1,1.0
18791,18792,18792,1,1,1.0
18791,18792,18792,1,1,1.0
18791,18792,18792,2,2,2.0
18791,18792,18792,2,2,2.0
18791,18792,18791,1,-1,1.0
18791,18792,18791,1,-1,1.0
18791,18792,18791,1,-1,1.0
18791,18792,18791,3,-3,3.0
18790,18792,18792,1,1,1.0
18791,18792,18792,1,1,1.0
18792,18793,18793,1,1,1.0
18792,18793,18792,1,-1,1.0
18791,18792,18791,5,-5,5.0
18791,18792,18791,1,-1,1.0
18791,18793,18793,1,1,1.0
18791,18792,18791,2,-2,2.0
18791,18792,18792,3,3,3.0
18791,18792,18791,2,-2,2.0
18791,18792,18791,1,-1,1.0
18790,18791,18790,1,-1,1.0
18790,18791,18790,1,-1,1.0
18790,18791,18790,1,-1,1.0
18790,18791,18790,1,-1,1.0
18790,18791,18790,1,-1,1.0
18790,18791,18790,2,-2,2.0
18790,18791,18790,1,-1,1.0
18790,18791,18790,9,-9,9.0
18790,18791,18790,1,-1,1.0
18790,18791,18790,1,-1,1.0
18790,18791,18790,1,-1,1.0
18790,18791,18790,5,-5,5.0
18790,18791,18790,1,-1,1.0
18790,18791,18790,14,-14,14.0
18790,18791,18789,5,-5,5.0
18790,18791,18789,4,-4,4.0
18789,18790,18789,1,-1,1.0
18789,18790,18789,1,-1,1.0
18790,18792,18790,3,-3,3.0
18790,18792,18790,1,-1,1.0
18790,18792,18790,1,-1,1.0
18791,18792,18791,2,-2,2.0
18790,18792,18790,3,-3,3.0
18790,18792,18791,1,-1,1.0
18791,18792,18791,1,-1,1.0
18791,18792,18792,1,1,1.0
18792,18793,18793,2,2,2.0
18792,18793,18793,1,1,1.0
18792,18793,18792,1,-1,1.0
18791,18793,18793,1,1,1.0
18791,18793,18793,1,1,1.0
18791,18792,18792,2,2,2.0
18791,18792,18791,9,-9,9.0
18790,18792,18791,2,-2,2.0
18790,18792,18792,5,5,5.0
18791,18792,18791,2,-2,2.0
18792,18793,18792,1,-1,1.0
18792,18793,18792,1,-1,1.0
18791,18793,18791,1,-1,1.0
18792,18793,18793,1,1,1.0
18792,18793,18793,1,1,1.0
18792,18793,18793,2,2,2.0
18792,18793,18793,1,1,1.0
18793,18794,18794,4,4,4.0
18793,18794,18794,1,1,1.0
18793,18794,18794,3,3,3.0
18793,18794,18794,4,4,4.0
18793,18794,18794,2,2,2.0
18793,18794,18794,1,1,1.0
18793,18794,18793,1,-1,1.0
18793,18794,18794,1,1,1.0
18793,18794,18793,3,-3,3.0
18791,18792,18791,3,-3,3.0
18791,18792,18791,1,-1,1.0
18791,18792,18791,1,-1,1.0
18790,18791,18791,1,1,1.0
18790,18791,18791,1,1,1.0
18791,18792,18791,4,-4,4.0
18791,18792,18791,1,-1,1.0
18790,18792,18791,1,-1,1.0
18790,18791,18791,1,1,1.0
18790,18791,18791,1,1,1.0
18790,18791,18791,1,1,1.0
18790,18791,18791,1,1,1.0
18790,18791,18791,1,1,1.0
18790,18791,18790,1,-1,1.0
18790,18791,18790,2,-2,2.0
18790,18791,18790,3,-3,3.0
18790,18791,18790,1,-1,1.0
18790,18791,18790,4,-4,4.0
18790,18791,18790,3,-3,3.0
18790,18791,18790,2,-2,2.0
18790,18791,18790,3,-3,3.0
18790,18791,18790,1,-1,1.0
18789,18790,18790,1,1,1.0
18789,18790,18790,1,1,1.0
18789,18790,18790,2,2,2.0
18789,18790,18790,5,5,5.0
18789,18790,18790,1,1,1.0
18790,18791,18790,2,-2,2.0
18790,18791,18791,2,2,2.0
18790,18791,18791,2,2,2.0
18790,18791,18791,4,4,4.0
18790,18791,18791,2,2,2.0
18790,18791,18791,3,3,3.0
18790,18791,18791,1,1,1.0
18790,18791,18791,1,1,1.0
18791,18792,18792,1,1,1.0
18792,18793,18793,1,1,1.0
18792,18793,18792,4,-4,4.0
18791,18792,18792,1,1,1.0
18792,18793,18792,1,-1,1.0
18792,18793,18792,2,-2,2.0
18791,18793,18791,1,-1,1.0
18791,18793,18792,1,-1,1.0
18791,18793,18791,1,-1,1.0
18792,18793,18792,1,-1,1.0
18791,18792,18791,7,-7,7.0
18791,18792,18792,1,1,1.0
18792,18793,18793,3,3,3.0
18792,18793,18793,9,9,9.0
18793,18794,18794,1,1,1.0
18793,18795,18795,1,1,1.0
18793,18795,18795,2,2,2.0
18794,18795,18794,4,-4,4.0
18794,18795,18794,1,-1,1.0
18794,18795,18795,2,2,2.0
18794,18795,18795,3,3,3.0
18794,18795,18795,1,1,1.0
18794,18795,18796,2,2,-2.0
18793,18795,18795,3,3,3.0
18793,18795,18795,10,10,10.0
18794,18795,18795,1,1,1.0
18794,18795,18794,3,-3,3.0
18794,18795,18794,1,-1,1.0
18792,18794,18794,3,3,3.0
18793,18794,18794,1,1,1.0
18793,18794,18794,1,1,1.0
18794,18795,18795,3,3,3.0
18794,18795,18795,2,2,2.0
18794,18795,18795,1,1,1.0
18794,18795,18795,1,1,1.0
18794,18795,18795,1,1,1.0
18794,18795,18795,1,1,1.0
18794,18795,18795,1,1,1.0
18794,18795,18795,1,1,1.0
18794,18795,18795,1,1,1.0
18795,18796,18795,2,-2,2.0
18794,18795,18795,1,1,1.0
18794,18795,18794,4,-4,4.0
18794,18796,18795,2,-2,2.0
18795,18796,18795,1,-1,1.0
18794,18795,18795,1,1,1.0
18794,18796,18795,1,1,-1.0
18794,18796,18796,3,3,3.0
18794,18796,18796,2,2,2.0
18795,18796,18796,1,1,1.0
18795,18796,18796,1,1,1.0
18795,18796,18796,1,1,1.0
18795,18796,18796,1,1,1.0
18795,18796,18795,2,-2,2.0
18795,18796,18795,1,-1,1.0
18795,18796,18795,3,-3,3.0
18795,18796,18795,1,-1,1.0
18794,18795,18794,1,-1,1.0
18794,18795,18795,1,1,1.0
18794,18796,18795,1,1,-1.0
18795,18796,18796,3,3,3.0
18794,18796,18796,3,3,3.0
18795,18796,18796,9,9,9.0
18795,18797,18797,25,25,25.0
18795,18797,18797,5,5,5.0
18795,18797,18797,1,1,1.0
18795,18797,18797,1,1,1.0
18796,18797,18797,1,1,1.0
18796,18797,18798,1,1,-1.0
18796,18798,18798,20,20,20.0
18796,18798,18798,1,1,1.0
18797,18798,18798,5,5,5.0
18797,18798,18797,1,-1,1.0
18797,18798,18797,1,-1,1.0
18797,18798,18798,1,1,1.0
18797,18798,18798,1,1,1.0
18797,18798,18798,2,2,2.0
18797,18798,18798,1,1,1.0
18797,18798,18798,1,1,1.0
18798,18799,18798,1,-1,1.0
18798,18799,18799,3,3,3.0
18798,18799,18799,1,1,1.0
18797,18799,18799,3,3,3.0
18797,18799,18799,1,1,1.0
18797,18798,18798,1,1,1.0
18797,18799,18799,1,1,1.0
18798,18799,18798,1,-1,1.0
18798,18799,18799,3,3,3.0
18798,18799,18799,3,3,3.0
18798,18799,18798,1,-1,1.0
18797,18798,18798,1,1,1.0
18797,18798,18798,1,1,1.0
18797,18799,18799,1,1,1.0
18796,18797,18796,1,-1,1.0
18796,18797,18796,2,-2,2.0
18796,18797,18795,1,-1,1.0
18795,18796,18795,3,-3,3.0
18795,18797,18795,2,-2,2.0
18796,18797,18796,2,-2,2.0
18796,18797,18796,1,-1,1.0
18795,18797,18797,3,3,3.0
18796,18797,18797,1,1,1.0
18796,18797,18797,1,1,1.0
18797,18798,18797,1,-1,1.0
18797,18798,18798,2,2,2.0
18797,18798,18798,1,1,1.0
18798,18799,18799,3,3,3.0
18798,18799,18799,1,1,1.0
18798,18799,18799,3,3,3.0
18798,18799,18799,1,1,1.0
18798,18799,18799,1,1,1.0
18798,18799,18799,1,1,1.0
18798,18799,18799,5,5,5.0
18798,18799,18799,1,1,1.0
18798,18799,18799,2,2,2.0
18798,18799,18799,1,1,1.0
18798,18799,18799,4,4,4.0
18799,18800,18799,1,-1,1.0
18799,18800,18800,6,6,6.0
18799,18800,18800,1,1,1.0
18799,18800,18800,1,1,1.0
18799,18800,18799,1,-1,1.0
18799,18800,18799,3,-3,3.0
18799,18800,18799,3,-3,3.0
18797,18799,18799,3,3,3.0
18798,18800,18798,1,-1,1.0
18798,18799,18799,1,1,1.0
18798,18799,18799,1,1,1.0
18798,18799,18799,1,1,1.0
18799,18800,18799,1,-1,1.0
18799,18800,18799,2,-2,2.0
18799,18800,18799,1,-1,1.0
18798,18799,18799,2,2,2.0
18798,18799,18799,2,2,2.0
18798,18799,18799,1,1,1.0
18798,18799,18799,6,6,6.0
18799,18800,18799,1,-1,1.0
18799,18800,18799,1,-1,1.0
18799,18800,18799,1,-1,1.0
18799,18800,18799,2,-2,2.0
18799,18800,18799,1,-1,1.0
18798,18799,18799,2,2,2.0
18799,18800,18799,3,-3,3.0
18799,18800,18799,1,-1,1.0
18799,18800,18799,1,-1,1.0
18798,18799,18799,1,1,1.0
18798,18799,18799,3,3,3.0
18798,18799,18799,1,1,1.0
18798,18799,18798,1,-1,1.0
18798,18799,18798,1,-1,1.0
18798,18799,18798,1,-1,1.0
18798,18799,18798,3,-3,3.0
18798,18799,18798,1,-1,1.0
18798,18799,18798,1,-1,1.0
18798,18799,18799,3,3,3.0
18798,18799,18799,1,1,1.0
18798,18799,18799,2,2,2.0
18798,18799,18799,1,1,1.0
18798,18799,18800,1,1,-1.0
18798,18799,18800,3,3,-3.0
18798,18799,18800,1,1,-1.0
18798,18799,18800,1,1,-1.0
18798,18799,18800,10,10,-10.0
18799,18801,18801,3,3,3.0
18799,18801,18800,1,1,-1.0
18799,18801,18799,1,-1,1.0
18799,18800,18799,1,-1,1.0
18799,18800,18799,1,-1,1.0
18799,18800,18799,1,-1,1.0
18799,18800,18799,1,-1,1.0
18799,18800,18800,1,1,1.0
18799,18800,18801,1,1,-1.0
18800,18801,18801,3,3,3.0
18801,18802,18801,2,-2,2.0
18801,18802,18801,1,-1,1.0
18801,18802,18801,1,-1,1.0
18801,18802,18802,3,3,3.0
18801,18802,18802,1,1,1.0
18801,18802,18801,2,-2,2.0
18801,18802,18801,1,-1,1.0
18801,18802,18801,1,-1,1.0
18800,18801,18801,1,1,1.0
18800,18802,18800,4,-4,4.0
18799,18800,18800,1,1,1.0
18799,18801,18801,1,1,1.0
18799,18800,18800,1,1,1.0
18799,18801,18799,2,-2,2.0
18799,18800,18799,1,-1,1.0
18799,18800,18799,1,-1,1.0
18798,18799,18798,1,-1,1.0
18798,18799,18798,1,-1,1.0
18798,18799,18798,1,-1,1.0
18797,18799,18797,2,-2,2.0
18797,18798,18797,1,-1,1.0
18797,18798,18798,2,2,2.0
18797,18798,18799,1,1,-1.0
18797,18799,18797,1,-1,1.0
18797,18799,18797,2,-2,2.0
18797,18799,18799,1,1,1.0
18797,18799,18799,2,2,2.0
18797,18798,18797,2,-2,2.0
18796,18797,18797,1,1,1.0
18796,18797,18796,3,-3,3.0
18796,18797,18796,2,-2,2.0
18795,18796,18795,3,-3,3.0
18795,18796,18795,1,-1,1.0
18794,18795,18794,1,-1,1.0
18794,18795,18795,1,1,1.0
18794,18795,18794,1,-1,1.0
18794,18795,18793,4,-4,4.0
18793,18795,18793,4,-4,4.0
18793,18794,18794,1,1,1.0
18793,18794,18794,1,1,1.0
18793,18794,18793,4,-4,4.0
18793,18794,18793,3,-3,3.0
18793,18794,18793,1,-1,1.0
18793,18794,18793,1,-1,1.0
18793,18794,18793,1,-1,1.0
18793,18794,18793,1,-1,1.0
18793,18794,18793,2,-2,2.0
18793,18794,18793,2,-2,2.0
18792,18793,18793,1,1,1.0
18792,18793,18792,2,-2,2.0
18792,18793,18792,1,-1,1.0
18792,18793,18793,1,1,1.0
18792,18793,18793,1,1,1.0
18792,18793,18793,1,1,1.0
18792,18793,18793,1,1,1.0
18792,18793,18793,2,2,2.0
18793,18794,18794,1,1,1.0
18794,18795,18794,1,-1,1.0
18794,18795,18795,1,1,1.0
18794,18795,18795,1,1,1.0
18794,18795,18794,1,-1,1.0
18794,18795,18795,2,2,2.0
18794,18795,18795,2,2,2.0
18795,18796,18795,3,-3,3.0
18793,18795,18793,1,-1,1.0
18793,18795,18795,1,1,1.0
18794,18795,18794,1,-1,1.0
18794,18795,18794,2,-2,2.0
18794,18796,18795,3,-3,3.0
18794,18795,18795,1,1,1.0
18794,18795,18794,1,-1,1.0
18793,18795,18794,1,-1,1.0
18793,18794,18794,1,1,1.0
18793,18795,18793,1,-1,1.0
18793,18794,18793,1,-1,1.0
18793,18794,18793,1,-1,1.0
18793,18794,18793,2,-2,2.0
18793,18794,18794,1,1,1.0
18793,18794,18794,1,1,1.0
18793,18794,18794,1,1,1.0
18793,18794,18793,2,-2,2.0
18793,18794,18793,1,-1,1.0
18793,18794,18794,5,5,5.0
18793,18794,18793,1,-1,1.0
18793,18794,18793,1,-1,1.0
18793,18794,18793,1,-1,1.0
18793,18794,18793,2,-2,2.0
18793,18794,18793,1,-1,1.0
18793,18794,18793,7,-7,7.0
18792,18793,18793,1,1,1.0
18792,18793,18793,1,1,1.0
18793,18794,18793,2,-2,2.0
18792,18794,18792,2,-2,2.0
18793,18794,18793,1,-1,1.0
18793,18794,18793,3,-3,3.0
18793,18794,18793,5,-5,5.0
18792,18793,18793,1,1,1.0
18793,18794,18793,1,-1,1.0
18792,18793,18792,1,-1,1.0
18792,18793,18792,2,-2,2.0
18792,18793,18792,1,-1,1.0
18792,18793,18792,1,-1,1.0
18792,18793,18792,1,-1,1.0
18792,18793,18792,1,-1,1.0
18792,18793,18792,1,-1,1.0
18792,18793,18792,4,-4,4.0
18791,18792,18792,2,2,2.0
18791,18792,18791,3,-3,3.0
18791,18792,18791,1,-1,1.0
18791,18792,18791,1,-1,1.0
18791,18792,18791,1,-1,1.0
18790,18791,18790,2,-2,2.0
18790,18791,18791,1,1,1.0
18790,18791,18791,1,1,1.0
18790,18791,18790,1,-1,1.0
18790,18791,18790,1,-1,1.0
18790,18791,18790,5,-5,5.0
18790,18791,18790,2,-2,2.0
18790,18791,18790,1,-1,1.0
18790,18791,18790,11,-11,11.0
18789,18790,18790,1,1,1.0
18789,18790,18790,1,1,1.0
18789,18791,18789,3,-3,3.0
18789,18790,18789,2,-2,2.0
18789,18790,18789,2,-2,2.0
18789,18790,18789,1,-1,1.0
18789,18790,18788,2,-2,2.0
18788,18790,18788,1,-1,1.0
18788,18790,18788,1,-1,1.0
18788,18790,18788,4,-4,4.0
18788,18789,18788,1,-1,1.0
18789,18790,18790,3,3,3.0
18790,18792,18792,1,1,1.0
18790,18791,18790,1,-1,1.0
18789,18790,18789,2,-2,2.0
18788,18789,18788,1,-1,1.0
18788,18789,18788,3,-3,3.0
18788,18789,18788,1,-1,1.0
18788,18789,18788,1,-1,1.0
18788,18789,18788,1,-1,1.0
18788,18789,18788,2,-2,2.0
18788,18789,18788,1,-1,1.0
18787,18789,18788,1,-1,1.0
18787,18789,18788,2,-2,2.0
18787,18789,18789,1,1,1.0
18788,18790,18790,1,1,1.0
18789,18791,18789,1,-1,1.0
18789,18790,18789,1,-1,1.0
18789,18791,18789,2,-2,2.0
18789,18790,18789,1,-1,1.0
18789,18790,18789,3,-3,3.0
18789,18790,18790,1,1,1.0
18789,18790,18790,1,1,1.0
18789,18790,18790,1,1,1.0
18789,18790,18790,2,2,2.0
18789,18790,18790,2,2,2.0
18790,18791,18790,2,-2,2.0
18790,18791,18791,2,2,2.0
18790,18792,18792,1,1,1.0
18790,18792,18792,1,1,1.0
18790,18791,18791,1,1,1.0
18791,18792,18792,4,4,4.0
18792,18794,18792,3,-3,3.0
18791,18792,18792,1,1,1.0
18791,18792,18791,1,-1,1.0
18791,18792,18791,1,-1,1.0
18791,18792,18791,2,-2,2.0
18791,18792,18791,1,-1,1.0
18790,18791,18791,1,1,1.0
18791,18792,18791,2,-2,2.0
18791,18792,18790,4,-4,4.0
18790,18792,18792,1,1,1.0
18791,18792,18791,2,-2,2.0
18790,18792,18790,1,-1,1.0
18790,18792,18792,4,4,4.0
18790,18792,18792,3,3,3.0
18791,18793,18793,4,4,4.0
18791,18793,18793,1,1,1.0
18791,18793,18793,1,1,1.0
18791,18793,18791,1,-1,1.0
18791,18793,18791,1,-1,1.0
18791,18792,18792,1,1,1.0
18792,18793,18793,3,3,3.0
18792,18793,18793,2,2,2.0
18792,18793,18794,2,2,-2.0
18792,18793,18794,1,1,-1.0
18792,18793,18794,1,1,-1.0
18792,18793,18794,1,1,-1.0
18794,18795,18794,1,-1,1.0
18794,18795,18794,1,-1,1.0
18792,18793,18793,1,1,1.0
18792,18794,18793,1,1,-1.0
18793,18795,18793,1,-1,1.0
18794,18795,18794,1,-1,1.0
18794,18795,18795,1,1,1.0
18794,18795,18795,1,1,1.0
18794,18795,18795,1,1,1.0
18794,18795,18795,2,2,2.0
18794,18796,18796,1,1,1.0
18794,18795,18795,1,1,1.0
18794,18796,18796,3,3,3.0
18795,18796,18796,1,1,1.0
18795,18796,18795,1,-1,1.0
18794,18796,18796,2,2,2.0
18794,18795,18794,1,-1,1.0
18793,18795,18795,1,1,1.0
18794,18795,18795,1,1,1.0
18794,18795,18794,2,-2,2.0
18793,18795,18795,1,1,1.0
18794,18796,18794,2,-2,2.0
18794,18795,18795,3,3,3.0
18794,18795,18795,2,2,2.0
18795,18796,18795,2,-2,2.0
18795,18796,18796,1,1,1.0
18795,18796,18795,1,-1,1.0
18794,18795,18794,1,-1,1.0
18793,18795,18795,1,1,1.0
18793,18795,18795,1,1,1.0
18793,18795,18795,1,1,1.0
18793,18795,18795,1,1,1.0
18793,18795,18795,2,2,2.0
18794,18795,18794,1,-1,1.0
18793,18794,18793,1,-1,1.0
18793,18794,18794,1,1,1.0
18794,18795,18794,1,-1,1.0
18793,18794,18793,1,-1,1.0
18792,18793,18792,1,-1,1.0
18792,18793,18792,1,-1,1.0
18792,18793,18792,1,-1,1.0
18792,18793,18792,1,-1,1.0
18792,18793,18792,3,-3,3.0
18791,18793,18793,1,1,1.0
18792,18793,18793,1,1,1.0
18792,18793,18793,1,1,1.0
18793,18794,18793,2,-2,2.0
18792,18793,18792,1,-1,1.0
18792,18793,18793,1,1,1.0
18792,18793,18792,3,-3,3.0
18792,18793,18792,1,-1,1.0
18792,18793,18792,1,-1,1.0
18791,18792,18792,1,1,1.0
18791,18792,18791,1,-1,1.0
18791,18792,18791,1,-1,1.0
18790,18791,18791,2,2,2.0
18791,18792,18792,2,2,2.0
18791,18792,18792,4,4,4.0
18791,18792,18792,3,3,3.0
18791,18792,18792,1,1,1.0
18792,18793,18793,1,1,1.0
18792,18793,18793,1,1,1.0
18792,18794,18792,1,-1,1.0
18792,18794,18794,2,2,2.0
18793,18794,18793,1,-1,1.0
18792,18793,18793,1,1,1.0
18792,18793,18792,3,-3,3.0
18792,18793,18792,1,-1,1.0
18791,18792,18791,1,-1,1.0
18791,18792,18791,2,-2,2.0
18790,18791,18791,1,1,1.0
18791,18792,18791,1,-1,1.0
18790,18791,18791,5,5,5.0
18790,18791,18791,2,2,2.0
18790,18791,18791,1,1,1.0
18790,18792,18790,1,-1,1.0
18790,18792,18790,1,-1,1.0
18790,18791,18791,1,1,1.0
18791,18792,18791,1,-1,1.0
18791,18792,18792,1,1,1.0
18791,18792,18791,1,-1,1.0
18790,18791,18790,1,-1,1.0
18790,18791,18791,1,1,1.0
18792,18793,18793,1,1,1.0
18792,18793,18793,1,1,1.0
18792,18793,18793,1,1,1.0
18792,18793,18792,1,-1,1.0
18792,18793,18793,1,1,1.0
18793,18794,18793,1,-1,1.0
18792,18794,18792,1,-1,1.0
18792,18794,18792,1,-1,1.0
18792,18794,18792,1,-1,1.0
18792,18794,18792,1,-1,1.0
18792,18794,18792,1,-1,1.0
18792,18794,18792,5,-5,5.0
18792,18794,18792,3,-3,3.0
18793,18794,18794,1,1,1.0
18793,18794,18793,3,-3,3.0
18793,18794,18794,1,1,1.0
18793,18794,18794,1,1,1.0
18793,18795,18794,1,1,-1.0
18793,18794,18793,2,-2,2.0
18793,18794,18794,1,1,1.0
18793,18794,18793,1,-1,1.0
18793,18794,18793,1,-1,1.0
18792,18793,18793,1,1,1.0
18792,18793,18792,1,-1,1.0
18793,18794,18794,1,1,1.0
18793,18794,18793,1,-1,1.0
18792,18793,18792,2,-2,2.0
18792,18793,18792,1,-1,1.0
18792,18793,18793,1,1,1.0
18792,18793,18793,1,1,1.0
18793,18795,18793,1,-1,1.0
18793,18795,18793,1,-1,1.0
18793,18794,18793,1,-1,1.0
18793,18794,18794,1,1,1.0
18793,18795,18793,1,-1,1.0
18793,18795,18795,1,1,1.0
18793,18795,18793,1,-1,1.0
18793,18795,18795,2,2,2.0
18794,18795,18795,1,1,1.0
18794,18795,18794,1,-1,1.0
18794,18795,18794,1,-1,1.0
18793,18795,18795,1,1,1.0
18793,18794,18794,1,1,1.0
18793,18794,18794,1,1,1.0
18793,18794,18794,1,1,1.0
18793,18795,18794,1,1,-1.0
18793,18794,18794,1,1,1.0
18793,18794,18794,1,1,1.0
18793,18794,18794,1,1,1.0
18793,18794,18794,1,1,1.0
18793,18794,18794,1,1,1.0
18793,18794,18794,1,1,1.0
18793,18794,18794,5,5,5.0
18794,18795,18794,1,-1,1.0
18793,18794,18794,1,1,1.0
18793,18794,18794,1,1,1.0
18793,18795,18793,2,-2,2.0
18793,18795,18793,4,-4,4.0
18792,18794,18794,1,1,1.0
18793,18794,18793,2,-2,2.0
18792,18793,18793,1,1,1.0
18792,18793,18793,4,4,4.0
18792,18793,18793,1,1,1.0
18792,18793,18793,1,1,1.0
18792,18793,18793,1,1,1.0
18792,18793,18793,4,4,4.0
18792,18793,18793,1,1,1.0
18792,18793,18793,1,1,1.0
18792,18793,18793,1,1,1.0
18792,18793,18793,1,1,1.0
18792,18793,18793,1,1,1.0
18793,18794,18793,3,-3,3.0
18792,18793,18793,1,1,1.0
18792,18793,18793,1,1,1.0
18792,18793,18793,1,1,1.0
18792,18793,18793,2,2,2.0
18793,18794,18793,1,-1,1.0
18793,18794,18793,1,-1,1.0
18792,18793,18793,1,1,1.0
18793,18794,18793,1,-1,1.0
18793,18794,18794,1,1,1.0
18793,18794,18794,1,1,1.0
18793,18794,18794,3,3,3.0
18793,18794,18794,1,1,1.0
18793,18794,18794,1,1,1.0
18793,18794,18794,1,1,1.0
18793,18794,18794,1,1,1.0
18794,18795,18794,5,-5,5.0
18793,18794,18794,1,1,1.0
18793,18794,18794,1,1,1.0
18793,18794,18794,1,1,1.0
18793,18794,18794,1,1,1.0
18793,18794,18794,1,1,1.0
18793,18794,18794,2,2,2.0
18793,18794,18794,1,1,1.0
18793,18794,18794,1,1,1.0
18793,18794,18794,3,3,3.0
18794,18795,18795,3,3,3.0
18794,18795,18795,1,1,1.0
18794,18796,18794,1,-1,1.0
18793,18794,18793,1,-1,1.0
18793,18794,18793,1,-1,1.0
18793,18794,18793,1,-1,1.0
18792,18793,18793,1,1,1.0
18792,18793,18793,2,2,2.0
18792,18793,18794,3,3,-3.0
18792,18794,18792,1,-1,1.0
18793,18794,18794,1,1,1.0
18793,18794,18794,9,9,9.0
18793,18794,18794,2,2,2.0
18794,18795,18795,3,3,3.0
18794,18795,18795,1,1,1.0
18794,18795,18796,2,2,-2.0
18794,18795,18795,2,2,2.0
18795,18796,18795,2,-2,2.0
18794,18796,18795,2,-2,2.0
18794,18796,18795,1,-1,1.0
18794,18796,18796,1,1,1.0
18795,18796,18796,1,1,1.0
18795,18796,18796,1,1,1.0
18795,18796,18796,2,2,2.0
18795,18796,18796,2,2,2.0
18795,18796,18796,1,1,1.0
18795,18796,18796,5,5,5.0
18796,18797,18796,1,-1,1.0
18795,18796,18795,1,-1,1.0
18795,18796,18795,1,-1,1.0
18795,18796,18795,1,-1,1.0
18794,18795,18795,2,2,2.0
18794,18795,18796,35,35,-35.0
18794,18795,18796,8,8,-8.0
18794,18795,18796,4,4,-4.0
18794,18795,18796,17,17,-17.0
18795,18796,18796,1,1,1.0
18795,18796,18795,1,-1,1.0
18795,18796,18795,2,-2,2.0
18794,18795,18795,1,1,1.0
18794,18795,18795,1,1,1.0
18794,18795,18795,2,2,2.0
18794,18796,18795,1,1,-1.0
18795,18796,18795,1,-1,1.0
18794,18796,18794,3,-3,3.0
18795,18796,18795,1,-1,1.0
18795,18796,18795,1,-1,1.0
18795,18796,18795,1,-1,1.0
18794,18795,18795,1,1,1.0
18794,18796,18796,1,1,1.0
18794,18795,18795,1,1,1.0
18794,18795,18795,1,1,1.0
18794,18795,18795,1,1,1.0
18795,18796,18795,1,-1,1.0
18794,18795,18794,1,-1,1.0
18794,18795,18795,1,1,1.0
18794,18795,18795,1,1,1.0
18794,18796,18794,1,-1,1.0
18794,18795,18795,1,1,1.0
18794,18796,18796,1,1,1.0
18794,18795,18795,1,1,1.0
18794,18795,18794,3,-3,3.0
18794,18795,18795,1,1,1.0
18794,18795,18794,1,-1,1.0
18794,18795,18795,1,1,1.0
18794,18796,18795,1,1,-1.0
18794,18796,18795,1,1,-1.0
18795,18796,18796,4,4,4.0
18795,18796,18796,2,2,2.0
18795,18796,18796,4,4,4.0
18795,18796,18796,1,1,1.0
18795,18796,18796,3,3,3.0
18795,18796,18797,2,2,-2.0
18795,18797,18797,1,1,1.0
18796,18797,18796,1,-1,1.0
18796,18797,18796,1,-1,1.0
18795,18797,18797,1,1,1.0
18795,18796,18795,1,-1,1.0
18795,18796,18796,1,1,1.0
18795,18796,18795,1,-1,1.0
18795,18796,18795,3,-3,3.0
18795,18796,18795,1,-1,1.0
18794,18795,18795,1,1,1.0
18794,18795,18794,1,-1,1.0
18794,18795,18794,1,-1,1.0
18794,18795,18795,1,1,1.0
18794,18795,18795,4,4,4.0
18795,18796,18795,5,-5,5.0
18795,18796,18795,1,-1,1.0
18794,18795,18794,1,-1,1.0
18793,18795,18795,1,1,1.0
18793,18794,18794,1,1,1.0
18794,18795,18794,1,-1,1.0
18793,18794,18794,1,1,1.0
18793,18794,18793,1,-1,1.0
18793,18794,18793,1,-1,1.0
18793,18794,18793,1,-1,1.0
18792,18794,18793,4,-4,4.0
18792,18793,18792,1,-1,1.0
18792,18793,18792,4,-4,4.0
18792,18793,18792,5,-5,5.0
18792,18793,18792,1,-1,1.0
18792,18793,18792,1,-1,1.0
18792,18793,18792,1,-1,1.0
18792,18793,18792,1,-1,1.0
18792,18793,18792,1,-1,1.0
18791,18792,18792,2,2,2.0
18791,18792,18792,1,1,1.0
18791,18792,18792,1,1,1.0
18791,18792,18792,1,1,1.0
18791,18792,18792,1,1,1.0
18791,18792,18791,1,-1,1.0
18791,18792,18791,1,-1,1.0
18791,18792,18791,2,-2,2.0
18791,18792,18791,2,-2,2.0
18791,18792,18791,3,-3,3.0
18791,18792,18791,3,-3,3.0
18791,18792,18791,2,-2,2.0
18790,18791,18791,1,1,1.0
18791,18792,18792,2,2,2.0
18792,18794,18792,1,-1,1.0
18792,18793,18792,1,-1,1.0
18791,18792,18791,1,-1,1.0
18791,18792,18791,5,-5,5.0
18790,18791,18791,1,1,1.0
18791,18792,18792,1,1,1.0
18791,18792,18792,2,2,2.0
18791,18792,18792,1,1,1.0
18792,18793,18792,2,-2,2.0
18792,18793,18792,1,-1,1.0
18791,18792,18791,1,-1,1.0
18791,18792,18792,1,1,1.0
18791,18792,18792,1,1,1.0
18791,18792,18791,1,-1,1.0
18791,18792,18791,1,-1,1.0
18790,18791,18791,1,1,1.0
18791,18792,18791,2,-2,2.0
18791,18792,18791,1,-1,1.0
18791,18792,18791,1,-1,1.0
18791,18792,18792,2,2,2.0
18792,18793,18792,1,-1,1.0
18792,18794,18792,1,-1,1.0
18792,18793,18793,1,1,1.0
18792,18794,18792,1,-1,1.0
18791,18793,18792,1,-1,1.0
18792,18793,18792,1,-1,1.0
18791,18792,18791,1,-1,1.0
18791,18792,18792,1,1,1.0
18791,18792,18792,1,1,1.0
18791,18793,18791,3,-3,3.0
18791,18792,18791,1,-1,1.0
18791,18792,18791,4,-4,4.0
18790,18791,18791,2,2,2.0
18790,18791,18791,1,1,1.0
18790,18791,18790,1,-1,1.0
18790,18791,18791,1,1,1.0
18790,18791,18790,18,-18,18.0
18790,18791,18789,21,-21,21.0
18790,18791,18790,3,-3,3.0
18790,18791,18790,3,-3,3.0
18790,18791,18789,1,-1,1.0
18788,18789,18789,1,1,1.0
18788,18790,18789,1,1,-1.0
18789,18790,18789,1,-1,1.0
18789,18790,18789,1,-1,1.0
18789,18790,18788,2,-2,2.0
18789,18790,18789,2,-2,2.0
18789,18790,18789,1,-1,1.0
18788,18789,18789,1,1,1.0
18788,18789,18789,1,1,1.0
18788,18789,18789,1,1,1.0
18788,18789,18789,1,1,1.0
18788,18789,18789,2,2,2.0
18789,18790,18790,2,2,2.0
18789,18790,18790,2,2,2.0
18789,18790,18790,1,1,1.0
18789,18791,18790,4,4,-4.0
18789,18791,18791,2,2,2.0
18790,18791,18790,1,-1,1.0
18789,18790,18789,1,-1,1.0
18789,18790,18789,2,-2,2.0
18788,18789,18789,1,1,1.0
18788,18789,18789,1,1,1.0
18788,18789,18789,2,2,2.0
18788,18790,18789,5,5,-5.0
18788,18789,18788,13,-13,13.0
18788,18789,18788,6,-6,6.0
18788,18789,18788,5,-5,5.0
18788,18789,18788,1,-1,1.0
18788,18789,18788,2,-2,2.0
18788,18789,18788,1,-1,1.0
18788,18789,18788,1,-1,1.0
18788,18789,18788,5,-5,5.0
18787,18788,18787,4,-4,4.0
18787,18788,18787,2,-2,2.0
18787,18788,18787,1,-1,1.0
18787,18788,18787,1,-1,1.0
18787,18788,18786,2,-2,2.0
18786,18787,18786,2,-2,2.0
18786,18787,18786,1,-1,1.0
18786,18787,18787,1,1,1.0
18786,18788,18787,1,1,-1.0
18787,18788,18788,1,1,1.0
18787,18788,18787,1,-1,1.0
18787,18788,18787,2,-2,2.0
18787,18788,18787,3,-3,3.0
18786,18787,18786,2,-2,2.0
18786,18787,18786,7,-7,7.0
18786,18787,18785,44,-44,44.0
18786,18787,18785,1,-1,1.0
18786,18787,18784,1,-1,1.0
18786,18787,18784,1,-1,1.0
18784,18785,18784,1,-1,1.0
18784,18785,18785,3,3,3.0
18784,18785,18784,2,-2,2.0
18784,18785,18785,1,1,1.0
18784,18785,18785,2,2,2.0
18784,18785,18784,9,-9,9.0
18784,18785,18785,3,3,3.0
18784,18785,18785,1,1,1.0
18784,18785,18786,2,2,-2.0
18784,18785,18785,1,1,1.0
18784,18785,18784,1,-1,1.0
18784,18785,18784,2,-2,2.0
18784,18785,18784,1,-1,1.0
18784,18785,18784,1,-1,1.0
18783,18785,18785,1,1,1.0
18783,18785,18785,1,1,1.0
18784,18785,18784,5,-5,5.0
18784,18785,18784,1,-1,1.0
18784,18785,18784,1,-1,1.0
18784,18785,18783,2,-2,2.0
18783,18784,18783,2,-2,2.0
18783,18784,18784,1,1,1.0
18783,18784,18784,1,1,1.0
18783,18784,18783,1,-1,1.0
18783,18784,18783,4,-4,4.0
18782,18783,18782,3,-3,3.0
18782,18783,18782,7,-7,7.0
18782,18783,18782,2,-2,2.0
18781,18782,18782,1,1,1.0
18781,18782,18782,1,1,1.0
18781,18782,18782,1,1,1.0
18781,18782,18782,1,1,1.0
18781,18782,18781,10,-10,10.0
18781,18782,18781,2,-2,2.0
18781,18782,18781,2,-2,2.0
18781,18782,18781,2,-2,2.0
18781,18782,18781,1,-1,1.0
18781,18782,18781,1,-1,1.0
18781,18782,18781,1,-1,1.0
18781,18782,18781,1,-1,1.0
18781,18782,18781,1,-1,1.0
18781,18782,18781,5,-5,5.0
18781,18782,18782,5,5,5.0
18780,18781,18781,1,1,1.0
18780,18781,18781,1,1,1.0
18780,18781,18781,1,1,1.0
18780,18781,18781,1,1,1.0
18780,18781,18781,1,1,1.0
18781,18782,18781,1,-1,1.0
18781,18782,18781,1,-1,1.0
18781,18782,18781,1,-1,1.0
18781,18782,18781,1,-1,1.0
18781,18782,18781,4,-4,4.0
18780,18781,18781,4,4,4.0
18781,18782,18781,1,-1,1.0
18781,18782,18781,2,-2,2.0
18780,18781,18780,4,-4,4.0
18780,18781,18780,2,-2,2.0
18780,18781,18781,1,1,1.0
18781,18782,18781,2,-2,2.0
18781,18782,18782,2,2,2.0
18782,18783,18782,4,-4,4.0
18781,18782,18781,2,-2,2.0
18781,18782,18781,2,-2,2.0
18781,18782,18782,2,2,2.0
18781,18782,18782,2,2,2.0
18781,18782,18782,3,3,3.0
18781,18782,18783,1,1,-1.0
18781,18782,18783,2,2,-2.0
18781,18782,18783,3,3,-3.0
18782,18783,18782,1,-1,1.0
18781,18782,18782,1,1,1.0
18781,18782,18782,2,2,2.0
18781,18782,18782,2,2,2.0
18781,18782,18782,1,1,1.0
18781,18782,18782,1,1,1.0
18781,18782,18782,1,1,1.0
18781,18782,18782,1,1,1.0
18781,18782,18782,1,1,1.0
18781,18782,18782,1,1,1.0
18782,18783,18782,6,-6,6.0
18782,18783,18783,1,1,1.0
18782,18784,18784,1,1,1.0
18782,18783,18782,3,-3,3.0
18782,18783,18782,1,-1,1.0
18782,18783,18782,4,-4,4.0
18782,18783,18782,1,-1,1.0
18781,18782,18781,3,-3,3.0
18781,18782,18781,1,-1,1.0
18781,18782,18782,1,1,1.0
18782,18783,18782,1,-1,1.0
18782,18783,18782,1,-1,1.0
18781,18782,18782,1,1,1.0
18782,18783,18782,2,-2,2.0
18782,18783,18782,1,-1,1.0
18781,18782,18782,2,2,2.0
18782,18783,18782,1,-1,1.0
18782,18783,18782,2,-2,2.0
18782,18783,18782,1,-1,1.0
18782,18783,18782,1,-1,1.0
18782,18783,18782,1,-1,1.0
18781,18782,18781,1,-1,1.0
18782,18783,18782,1,-1,1.0
18781,18782,18781,1,-1,1.0
18781,18782,18781,1,-1,1.0
18781,18782,18782,1,1,1.0
18781,18782,18782,1,1,1.0
18782,18783,18782,1,-1,1.0
18782,18783,18782,1,-1,1.0
18782,18783,18783,1,1,1.0
18782,18783,18783,3,3,3.0
18782,18783,18783,4,4,4.0
18782,18783,18782,1,-1,1.0
18782,18783,18782,2,-2,2.0
18781,18782,18782,2,2,2.0
18781,18782,18782,1,1,1.0
18781,18782,18782,1,1,1.0
18781,18782,18782,1,1,1.0
18782,18783,18783,1,1,1.0
18782,18784,18782,1,-1,1.0
18782,18784,18784,1,1,1.0
18782,18784,18782,3,-3,3.0
18783,18784,18784,3,3,3.0
18783,18784,18783,2,-2,2.0
18783,18784,18784,3,3,3.0
18784,18785,18784,1,-1,1.0
18784,18785,18785,1,1,1.0
18785,18786,18786,1,1,1.0
18785,18786,18786,1,1,1.0
18785,18786,18785,3,-3,3.0
18785,18786,18786,10,10,10.0
18785,18786,18786,1,1,1.0
18785,18786,18786,1,1,1.0
18785,18786,18786,1,1,1.0
18785,18786,18786,2,2,2.0
18785,18786,18785,3,-3,3.0
18785,18786,18785,4,-4,4.0
18784,18786,18784,1,-1,1.0
18784,18785,18785,1,1,1.0
18785,18786,18785,3,-3,3.0
18785,18786,18785,1,-1,1.0
18784,18785,18785,2,2,2.0
18784,18785,18785,1,1,1.0
18784,18785,18785,1,1,1.0
18784,18786,18786,1,1,1.0
18784,18786,18786,1,1,1.0
18784,18786,18786,1,1,1.0
18784,18786,18786,1,1,1.0
18784,18785,18785,1,1,1.0
18784,18786,18786,1,1,1.0
18785,18786,18786,1,1,1.0
18785,18787,18785,1,-1,1.0
18786,18787,18786,3,-3,3.0
18786,18787,18786,3,-3,3.0
18786,18787,18786,1,-1,1.0
18786,18787,18786,1,-1,1.0
18786,18787,18786,1,-1,1.0
18786,18787,18786,2,-2,2.0
18785,18786,18786,1,1,1.0
18785,18786,18786,1,1,1.0
18785,18786,18785,2,-2,2.0
18785,18786,18784,2,-2,2.0
18784,18786,18785,1,-1,1.0
18784,18786,18785,1,-1,1.0
18784,18785,18784,2,-2,2.0
18784,18785,18784,10,-10,10.0
18783,18784,18784,1,1,1.0
18783,18784,18783,1,-1,1.0
18783,18784,18783,1,-1,1.0
18782,18784,18783,2,-2,2.0
18783,18784,18783,3,-3,3.0
18783,18784,18782,1,-1,1.0
18783,18784,18784,1,1,1.0
18783,18784,18784,1,1,1.0
18783,18784,18784,1,1,1.0
18784,18785,18785,1,1,1.0
18784,18785,18784,1,-1,1.0
18784,18785,18784,1,-1,1.0
18783,18784,18784,1,1,1.0
18783,18784,18784,1,1,1.0
18784,18785,18785,1,1,1.0
18784,18785,18785,1,1,1.0
18784,18785,18784,1,-1,1.0
18784,18785,18785,1,1,1.0
18784,18785,18784,1,-1,1.0
18784,18785,18785,1,1,1.0
18784,18786,18786,1,1,1.0
18784,18786,18786,1,1,1.0
18785,18786,18786,1,1,1.0
18784,18785,18785,2,2,2.0
18785,18786,18786,5,5,5.0
18786,18787,18787,2,2,2.0
18786,18787,18786,1,-1,1.0
18786,18787,18786,1,-1,1.0
18785,18787,18787,1,1,1.0
18785,18787,18787,1,1,1.0
18785,18786,18785,1,-1,1.0
18785,18786,18785,6,-6,6.0
18785,18786,18785,1,-1,1.0
18785,18786,18785,2,-2,2.0
18785,18786,18785,2,-2,2.0
18785,18786,18785,1,-1,1.0
18785,18786,18785,1,-1,1.0
18785,18786,18785,1,-1,1.0
18785,18786,18785,1,-1,1.0
18784,18785,18785,1,1,1.0
18784,18786,18786,6,6,6.0
18785,18786,18785,1,-1,1.0
18784,18785,18785,1,1,1.0
18785,18786,18786,1,1,1.0
18785,18786,18786,2,2,2.0
18785,18786,18786,1,1,1.0
18785,18786,18786,1,1,1.0
18785,18786,18786,1,1,1.0
18785,18786,18786,1,1,1.0
18786,18787,18786,1,-1,1.0
18785,18786,18785,1,-1,1.0
18785,18786,18785,1,-1,1.0
18785,18786,18786,1,1,1.0
18785,18786,18786,2,2,2.0
18785,18786,18786,1,1,1.0
18786,18787,18787,8,8,8.0
18786,18787,18787,1,1,1.0
18786,18787,18787,1,1,1.0
18786,18787,18787,1,1,1.0
18786,18787,18787,1,1,1.0
18786,18787,18787,1,1,1.0
18786,18787,18786,1,-1,1.0
18786,18787,18786,1,-1,1.0
18786,18787,18787,1,1,1.0
18786,18787,18787,1,1,1.0
18785,18787,18787,1,1,1.0
18785,18786,18785,5,-5,5.0
18784,18786,18784,1,-1,1.0
18784,18786,18785,1,-1,1.0
18784,18786,18785,1,-1,1.0
18784,18785,18784,2,-2,2.0
18784,18785,18784,3,-3,3.0
18784,18785,18784,1,-1,1.0
18784,18785,18784,1,-1,1.0
18784,18785,18784,4,-4,4.0
18784,18785,18784,1,-1,1.0
18784,18785,18784,4,-4,4.0
18784,18785,18784,4,-4,4.0
18784,18785,18784,1,-1,1.0
18784,18785,18784,1,-1,1.0
18784,18785,18784,1,-1,1.0
18784,18785,18784,6,-6,6.0
18783,18784,18783,1,-1,1.0
18784,18785,18784,1,-1,1.0
18783,18785,18783,1,-1,1.0
18783,18784,18784,1,1,1.0
18784,18785,18785,1,1,1.0
18784,18785,18785,2,2,2.0
18785,18786,18785,1,-1,1.0
18785,18787,18786,1,-1,1.0
18785,18786,18785,1,-1,1.0
18785,18786,18785,2,-2,2.0
18784,18785,18785,1,1,1.0
18785,18786,18786,1,1,1.0
18785,18786,18786,1,1,1.0
18785,18786,18786,2,2,2.0
18785,18787,18785,1,-1,1.0
18784,18785,18785,1,1,1.0
18784,18785,18784,5,-5,5.0
18784,18785,18784,1,-1,1.0
18784,18785,18784,2,-2,2.0
18784,18785,18785,2,2,2.0
18784,18785,18785,1,1,1.0
18784,18785,18785,1,1,1.0
18785,18786,18786,5,5,5.0
18786,18787,18786,1,-1,1.0
18786,18787,18787,12,12,12.0
18786,18787,18787,1,1,1.0
18786,18787,18787,5,5,5.0
18786,18787,18786,1,-1,1.0
18786,18787,18787,1,1,1.0
18786,18787,18786,3,-3,3.0
18786,18787,18786,2,-2,2.0
18786,18787,18786,2,-2,2.0
18786,18787,18786,2,-2,2.0
18785,18787,18787,2,2,2.0
18785,18786,18786,1,1,1.0
18785,18786,18786,1,1,1.0
18785,18786,18786,1,1,1.0
18785,18786,18785,2,-2,2.0
18785,18786,18785,1,-1,1.0
18785,18786,18784,5,-5,5.0
18784,18785,18785,1,1,1.0
18784,18785,18785,1,1,1.0
18784,18785,18785,1,1,1.0
18785,18786,18785,1,-1,1.0
18784,18786,18784,1,-1,1.0
18784,18786,18784,1,-1,1.0
18784,18786,18784,1,-1,1.0
18784,18785,18784,6,-6,6.0
18783,18784,18784,1,1,1.0
18783,18784,18783,1,-1,1.0
18783,18784,18783,1,-1,1.0
18783,18784,18783,1,-1,1.0
18783,18784,18783,1,-1,1.0
18783,18784,18783,4,-4,4.0
18782,18783,18783,1,1,1.0
18782,18784,18783,2,2,-2.0
18782,18783,18783,2,2,2.0
18783,18784,18784,1,1,1.0
18783,18785,18783,3,-3,3.0
18783,18784,18784,1,1,1.0
18783,18784,18784,1,1,1.0
18784,18785,18784,1,-1,1.0
18783,18785,18783,1,-1,1.0
18783,18785,18783,4,-4,4.0
18783,18785,18785,1,1,1.0
18783,18784,18784,2,2,2.0
18783,18784,18783,1,-1,1.0
18783,18784,18784,1,1,1.0
18783,18784,18784,1,1,1.0
18782,18783,18782,5,-5,5.0
18781,18783,18781,1,-1,1.0
18781,18783,18781,1,-1,1.0
18781,18783,18781,1,-1,1.0
18781,18783,18781,1,-1,1.0
18781,18783,18781,1,-1,1.0
18781,18782,18781,3,-3,3.0
18781,18782,18781,1,-1,1.0
18781,18782,18782,1,1,1.0
18781,18782,18781,1,-1,1.0
18781,18782,18782,1,1,1.0
18781,18782,18781,1,-1,1.0
18781,18782,18781,1,-1,1.0
18781,18782,18782,2,2,2.0
18781,18782,18781,1,-1,1.0
18781,18782,18781,1,-1,1.0
18780,18781,18781,1,1,1.0
18780,18781,18780,2,-2,2.0
18780,18781,18781,1,1,1.0
18780,18781,18780,1,-1,1.0
18780,18781,18780,1,-1,1.0
18780,18781,18781,1,1,1.0
18780,18781,18780,1,-1,1.0
18780,18781,18780,1,-1,1.0
18780,18781,18780,1,-1,1.0
18780,18781,18780,1,-1,1.0
18780,18781,18780,1,-1,1.0
18780,18781,18780,1,-1,1.0
18780,18781,18780,1,-1,1.0
18780,18781,18781,1,1,1.0
18780,18781,18781,3,3,3.0
18780,18781,18781,1,1,1.0
18780,18781,18781,1,1,1.0
18780,18781,18781,1,1,1.0
18781,18782,18782,1,1,1.0
18781,18782,18782,1,1,1.0
18781,18782,18782,3,3,3.0
18781,18782,18782,1,1,1.0
18781,18782,18782,3,3,3.0
18781,18782,18783,2,2,-2.0
18781,18782,18782,1,1,1.0
18781,18782,18782,1,1,1.0
18781,18782,18782,1,1,1.0
18781,18782,18782,1,1,1.0
18782,18783,18782,4,-4,4.0
18782,18783,18782,3,-3,3.0
18782,18783,18783,3,3,3.0
18782,18783,18782,2,-2,2.0
18781,18782,18782,1,1,1.0
18782,18783,18782,1,-1,1.0
18782,18783,18782,1,-1,1.0
18782,18783,18781,9,-9,9.0
18780,18781,18780,3,-3,3.0
18780,18781,18780,7,-7,7.0
18779,18781,18781,1,1,1.0
18779,18781,18779,1,-1,1.0
18779,18781,18779,2,-2,2.0
18779,18781,18779,2,-2,2.0
18779,18781,18779,2,-2,2.0
18779,18781,18779,2,-2,2.0
18779,18781,18779,1,-1,1.0
18779,18781,18781,1,1,1.0
18779,18781,18780,2,2,-2.0
18780,18781,18781,1,1,1.0
18780,18781,18781,1,1,1.0
18781,18782,18781,1,-1,1.0
18781,18782,18781,2,-2,2.0
18781,18782,18780,1,-1,1.0
18781,18782,18781,6,-6,6.0
18782,18783,18783,5,5,5.0
18783,18784,18783,2,-2,2.0
18783,18784,18783,1,-1,1.0
18783,18784,18784,3,3,3.0
18784,18785,18784,1,-1,1.0
18784,18785,18785,4,4,4.0
18785,18786,18785,2,-2,2.0
18784,18785,18785,1,1,1.0
18784,18785,18785,3,3,3.0
18784,18785,18784,1,-1,1.0
18783,18784,18784,1,1,1.0
18783,18784,18784,1,1,1.0
18784,18785,18784,1,-1,1.0
18784,18785,18784,1,-1,1.0
18784,18785,18785,1,1,1.0
18784,18785,18785,3,3,3.0
18784,18786,18784,1,-1,1.0
18784,18785,18785,1,1,1.0
18785,18786,18785,1,-1,1.0
18785,18786,18785,2,-2,2.0
18784,18785,18784,1,-1,1.0
18784,18785,18784,1,-1,1.0
18784,18785,18784,1,-1,1.0
18784,18785,18784,1,-1,1.0
18784,18785,18785,1,1,1.0
18784,18785,18785,1,1,1.0
18784,18785,18784,2,-2,2.0
18784,18785,18784,1,-1,1.0
18784,18785,18784,1,-1,1.0
18783,18784,18783,9,-9,9.0
18782,18784,18784,1,1,1.0
18783,18784,18784,1,1,1.0
18783,18784,18784,1,1,1.0
18783,18784,18784,1,1,1.0
18783,18784,18783,2,-2,2.0
18783,18784,18784,1,1,1.0
18783,18784,18783,1,-1,1.0
18783,18784,18783,1,-1,1.0
18782,18783,18783,1,1,1.0
18784,18785,18784,1,-1,1.0
18784,18785,18784,1,-1,1.0
18783,18784,18784,1,1,1.0
18784,18785,18784,1,-1,1.0
18784,18785,18785,1,1,1.0
18784,18785,18785,2,2,2.0
18784,18785,18785,2,2,2.0
18785,18786,18785,1,-1,1.0
18785,18786,18786,1,1,1.0
18785,18786,18786,4,4,4.0
18785,18787,18785,1,-1,1.0
18786,18787,18786,3,-3,3.0
18786,18787,18786,1,-1,1.0
18786,18787,18787,2,2,2.0
18786,18787,18787,3,3,3.0
18786,18787,18787,2,2,2.0
18786,18787,18787,3,3,3.0
18786,18787,18787,1,1,1.0
18786,18787,18787,9,9,9.0
18786,18787,18787,1,1,1.0
18786,18787,18787,2,2,2.0
18786,18787,18787,1,1,1.0
18786,18787,18787,2,2,2.0
18787,18788,18788,1,1,1.0
18786,18788,18788,1,1,1.0
18786,18788,18788,1,1,1.0
18786,18787,18787,1,1,1.0
18787,18788,18788,1,1,1.0
18787,18788,18788,1,1,1.0
18787,18788,18788,10,10,10.0
18787,18788,18788,1,1,1.0
18787,18788,18788,1,1,1.0
18787,18788,18788,1,1,1.0
18787,18788,18788,1,1,1.0
18787,18788,18788,2,2,2.0
18787,18788,18788,1,1,1.0
18788,18789,18789,1,1,1.0
18788,18789,18789,1,1,1.0
18788,18789,18789,2,2,2.0
18788,18789,18789,2,2,2.0
18788,18789,18789,1,1,1.0
18788,18789,18788,3,-3,3.0
18788,18789,18789,3,3,3.0
18788,18789,18788,1,-1,1.0
18788,18789,18789,1,1,1.0
18788,18789,18789,1,1,1.0
18788,18789,18788,1,-1,1.0
18787,18789,18787,2,-2,2.0
18788,18789,18789,9,9,9.0
18788,18789,18788,1,-1,1.0
18788,18789,18789,1,1,1.0
18788,18789,18788,1,-1,1.0
18788,18789,18788,1,-1,1.0
18788,18789,18788,1,-1,1.0
18788,18789,18788,1,-1,1.0
18787,18789,18787,1,-1,1.0
18788,18789,18788,1,-1,1.0
18788,18789,18788,1,-1,1.0
18788,18789,18789,3,3,3.0
18788,18789,18789,2,2,2.0
18788,18789,18789,1,1,1.0
18788,18789,18789,1,1,1.0
18788,18789,18789,14,14,14.0
18789,18790,18790,1,1,1.0
18789,18790,18790,1,1,1.0
18789,18790,18790,1,1,1.0
18789,18790,18790,1,1,1.0
18789,18790,18790,1,1,1.0
18789,18790,18790,7,7,7.0
18790,18791,18790,1,-1,1.0
18790,18791,18790,2,-2,2.0
18789,18790,18790,1,1,1.0
18789,18790,18789,1,-1,1.0
18788,18789,18789,2,2,2.0
18788,18789,18789,1,1,1.0
18788,18789,18789,1,1,1.0
18789,18790,18789,1,-1,1.0
18788,18789,18788,3,-3,3.0
18788,18789,18788,1,-1,1.0
18788,18789,18788,3,-3,3.0
18788,18789,18788,2,-2,2.0
18788,18789,18788,3,-3,3.0
18788,18789,18788,1,-1,1.0
18787,18788,18787,2,-2,2.0
18787,18788,18788,5,5,5.0
18788,18789,18788,2,-2,2.0
18788,18789,18788,1,-1,1.0
18788,18789,18788,1,-1,1.0
18788,18789,18788,1,-1,1.0
18788,18789,18788,1,-1,1.0
18788,18789,18789,2,2,2.0
18788,18789,18789,2,2,2.0
18788,18789,18789,3,3,3.0
18789,18790,18790,1,1,1.0
18789,18790,18789,1,-1,1.0
18789,18790,18789,2,-2,2.0
18789,18790,18790,1,1,1.0
18789,18790,18790,1,1,1.0
18789,18790,18789,1,-1,1.0
18789,18790,18790,1,1,1.0
18789,18790,18790,2,2,2.0
18789,18790,18790,1,1,1.0
18789,18790,18790,1,1,1.0
18790,18791,18791,7,7,7.0
18791,18792,18792,1,1,1.0
18791,18792,18792,1,1,1.0
18791,18792,18792,1,1,1.0
18791,18792,18792,1,1,1.0
18791,18792,18792,1,1,1.0
18790,18792,18791,1,1,-1.0
18790,18791,18791,2,2,2.0
18790,18791,18790,1,-1,1.0
18790,18791,18790,1,-1,1.0
18790,18791,18790,4,-4,4.0
18790,18791,18790,1,-1,1.0
18790,18791,18791,1,1,1.0
18790,18792,18791,1,1,-1.0
18791,18792,18791,1,-1,1.0
18791,18792,18791,1,-1,1.0
18790,18791,18791,2,2,2.0
18790,18791,18792,1,1,-1.0
18790,18792,18792,3,3,3.0
18790,18792,18791,1,1,-1.0
18791,18792,18791,1,-1,1.0
18791,18792,18791,1,-1,1.0
18790,18792,18790,1,-1,1.0
18790,18792,18790,2,-2,2.0
18790,18792,18790,2,-2,2.0
18790,18792,18790,2,-2,2.0
18790,18792,18790,7,-7,7.0
18789,18791,18791,1,1,1.0
18790,18791,18791,1,1,1.0
18790,18792,18792,1,1,1.0
18791,18792,18791,1,-1,1.0
18791,18792,18792,2,2,2.0
18791,18792,18792,1,1,1.0
18791,18792,18792,1,1,1.0
18791,18792,18792,1,1,1.0
18791,18792,18791,1,-1,1.0
18791,18792,18792,2,2,2.0
18791,18792,18792,2,2,2.0
18791,18792,18792,2,2,2.0
18791,18792,18792,2,2,2.0
18791,18793,18791,2,-2,2.0
18792,18793,18793,1,1,1.0
18792,18793,18793,2,2,2.0
18792,18793,18793,1,1,1.0
18792,18793,18793,1,1,1.0
18793,18794,18793,3,-3,3.0
18793,18794,18793,1,-1,1.0
18792,18793,18793,1,1,1.0
18792,18793,18792,13,-13,13.0
18791,18792,18791,2,-2,2.0
18791,18792,18791,2,-2,2.0
18791,18792,18791,2,-2,2.0
18791,18792,18791,1,-1,1.0
18791,18792,18791,3,-3,3.0
18791,18792,18791,1,-1,1.0
18791,18792,18792,1,1,1.0
18792,18793,18792,2,-2,2.0
18792,18793,18793,1,1,1.0
18792,18793,18793,1,1,1.0
18792,18793,18793,3,3,3.0
18792,18793,18793,1,1,1.0
18792,18793,18793,2,2,2.0
18793,18794,18793,5,-5,5.0
18793,18794,18794,3,3,3.0
18793,18794,18794,11,11,11.0
18793,18794,18795,9,9,-9.0
18794,18795,18795,5,5,5.0
18794,18795,18795,1,1,1.0
18794,18795,18794,1,-1,1.0
18793,18794,18794,1,1,1.0
18793,18794,18793,1,-1,1.0
18793,18794,18793,2,-2,2.0
18792,18793,18792,1,-1,1.0
18792,18793,18792,1,-1,1.0
18792,18793,18792,1,-1,1.0
18792,18793,18792,1,-1,1.0
18791,18792,18792,1,1,1.0
18791,18792,18792,1,1,1.0
18791,18792,18792,1,1,1.0
18791,18793,18791,1,-1,1.0
18791,18793,18791,2,-2,2.0
18792,18793,18792,1,-1,1.0
18792,18793,18792,1,-1,1.0
18792,18793,18792,2,-2,2.0
18792,18793,18792,1,-1,1.0
18792,18793,18793,1,1,1.0
18792,18793,18793,1,1,1.0
18793,18794,18794,1,1,1.0
18793,18794,18794,1,1,1.0
18793,18794,18794,1,1,1.0
18793,18794,18794,1,1,1.0
18793,18795,18795,1,1,1.0
18793,18794,18793,1,-1,1.0
18793,18794,18793,2,-2,2.0
18793,18794,18792,5,-5,5.0
18792,18794,18792,3,-3,3.0
18793,18794,18794,1,1,1.0
18794,18795,18794,1,-1,1.0
18793,18794,18794,3,3,3.0
18793,18794,18794,1,1,1.0
18793,18794,18794,1,1,1.0
18793,18794,18794,1,1,1.0
18794,18795,18795,3,3,3.0
18794,18795,18795,1,1,1.0
18794,18795,18794,2,-2,2.0
18794,18795,18794,4,-4,4.0
18793,18794,18793,1,-1,1.0
18793,18794,18793,1,-1,1.0
18793,18794,18793,1,-1,1.0
18792,18793,18793,1,1,1.0
18792,18793,18793,1,1,1.0
18792,18794,18794,1,1,1.0
18792,18793,18792,2,-2,2.0
18792,18793,18792,1,-1,1.0
18791,18792,18791,1,-1,1.0
18791,18792,18791,1,-1,1.0
18790,18792,18792,1,1,1.0
18791,18792,18792,1,1,1.0
18792,18793,18792,1,-1,1.0
18792,18793,18792,1,-1,1.0
18792,18793,18792,1,-1,1.0
18792,18793,18793,2,2,2.0
18792,18793,18793,1,1,1.0
18793,18794,18793,1,-1,1.0
18793,18794,18793,3,-3,3.0
18793,18794,18793,1,-1,1.0
18793,18794,18793,1,-1,1.0
18793,18794,18794,2,2,2.0
18793,18794,18794,1,1,1.0
18794,18795,18794,1,-1,1.0
18793,18795,18795,1,1,1.0
18794,18795,18795,1,1,1.0
18794,18795,18795,1,1,1.0
18794,18795,18795,2,2,2.0
18794,18795,18794,1,-1,1.0
18794,18795,18794,1,-1,1.0
18793,18794,18794,1,1,1.0
18793,18794,18794,2,2,2.0
18793,18795,18795,3,3,3.0
18794,18795,18794,1,-1,1.0
18794,18795,18794,1,-1,1.0
18794,18795,18794,1,-1,1.0
18793,18794,18794,1,1,1.0
18793,18794,18794,1,1,1.0
18793,18795,18793,1,-1,1.0
18793,18794,18794,1,1,1.0
18793,18794,18794,1,1,1.0
18793,18794,18795,12,12,-12.0
18795,18796,18796,1,1,1.0
18795,18796,18795,1,-1,1.0
18795,18796,18795,1,-1,1.0
18795,18796,18795,1,-1,1.0
18794,18796,18794,1,-1,1.0
18795,18796,18795,1,-1,1.0
18794,18796,18796,1,1,1.0
18794,18795,18795,1,1,1.0
18794,18796,18796,2,2,2.0
18795,18796,18796,1,1,1.0
18795,18796,18795,1,-1,1.0
18795,18796,18795,1,-1,1.0
18795,18796,18795,1,-1,1.0
18795,18796,18795,1,-1,1.0
18795,18796,18795,1,-1,1.0
18794,18795,18795,1,1,1.0
18794,18795,18795,1,1,1.0
18794,18796,18794,1,-1,1.0
18794,18795,18795,1,1,1.0
18794,18795,18795,1,1,1.0
18794,18795,18795,1,1,1.0
18794,18795,18795,2,2,2.0
18794,18795,18795,1,1,1.0
18795,18796,18796,2,2,2.0
18795,18796,18796,3,3,3.0
18795,18796,18796,1,1,1.0
18795,18796,18796,15,15,15.0
18796,18797,18797,10,10,10.0
18796,18797,18797,2,2,2.0
18796,18797,18797,3,3,3.0
18796,18797,18797,3,3,3.0
18796,18797,18797,1,1,1.0
18797,18798,18798,2,2,2.0
18797,18798,18798,1,1,1.0
18797,18798,18798,1,1,1.0
18797,18798,18798,1,1,1.0
18797,18798,18798,1,1,1.0
18797,18798,18798,1,1,1.0
18797,18798,18798,1,1,1.0
18797,18798,18798,1,1,1.0
18797,18798,18798,1,1,1.0
18797,18798,18798,1,1,1.0
18797,18798,18798,1,1,1.0
18797,18798,18798,1,1,1.0
18797,18798,18797,1,-1,1.0
18797,18798,18798,1,1,1.0
18797,18798,18798,2,2,2.0
18797,18798,18798,1,1,1.0
18797,18798,18797,5,-5,5.0
18797,18798,18798,1,1,1.0
18797,18798,18798,1,1,1.0
18797,18798,18797,1,-1,1.0
18797,18798,18797,1,-1,1.0
18797,18798,18798,2,2,2.0
18797,18798,18797,1,-1,1.0
18797,18798,18798,3,3,3.0
18797,18798,18798,1,1,1.0
18797,18798,18798,1,1,1.0
18797,18798,18798,2,2,2.0
18797,18798,18798,1,1,1.0
18797,18798,18798,1,1,1.0
18798,18799,18798,1,-1,1.0
18797,18798,18798,1,1,1.0
18797,18798,18798,2,2,2.0
18798,18799,18798,1,-1,1.0
18798,18799,18798,1,-1,1.0
18798,18799,18798,2,-2,2.0
18797,18798,18798,1,1,1.0
18798,18799,18799,22,22,22.0
18799,18800,18800,3,3,3.0
18799,18800,18799,1,-1,1.0
18799,18800,18800,1,1,1.0
18799,18800,18800,2,2,2.0
18799,18800,18800,5,5,5.0
18799,18800,18800,4,4,4.0
18799,18800,18800,1,1,1.0
18799,18800,18800,1,1,1.0
18799,18800,18800,4,4,4.0
18800,18801,18800,1,-1,1.0
18800,18801,18800,1,-1,1.0
18800,18801,18800,1,-1,1.0
18800,18801,18801,6,6,6.0
18800,18801,18801,3,3,3.0
18801,18802,18801,1,-1,1.0
18800,18801,18801,1,1,1.0
18800,18802,18802,1,1,1.0
18800,18802,18802,1,1,1.0
18800,18802,18802,1,1,1.0
18800,18802,18802,1,1,1.0
18800,18801,18801,1,1,1.0
18800,18802,18801,1,1,-1.0
18801,18802,18801,4,-4,4.0
18800,18801,18800,1,-1,1.0
18800,18801,18801,16,16,16.0
18800,18801,18801,1,1,1.0
18800,18801,18801,1,1,1.0
18800,18801,18801,1,1,1.0
18800,18801,18801,3,3,3.0
18800,18801,18801,1,1,1.0
18800,18802,18802,7,7,7.0
18800,18802,18803,3,3,-3.0
18801,18803,18803,2,2,2.0
18801,18803,18803,1,1,1.0
18801,18803,18803,1,1,1.0
18801,18802,18802,1,1,1.0
18801,18802,18802,2,2,2.0
18801,18803,18800,1,-1,1.0
18800,18802,18802,3,3,3.0
18800,18802,18802,3,3,3.0
18800,18802,18802,1,1,1.0
18801,18802,18801,1,-1,1.0
18800,18801,18801,1,1,1.0
18800,18802,18801,2,2,-2.0
18800,18801,18801,1,1,1.0
18800,18801,18801,7,7,7.0
18800,18801,18800,1,-1,1.0
18800,18801,18801,2,2,2.0
18800,18801,18801,1,1,1.0
18800,18801,18801,29,29,29.0
18800,18801,18801,1,1,1.0
18800,18801,18801,1,1,1.0
18800,18801,18801,1,1,1.0
18800,18801,18801,2,2,2.0
18800,18801,18801,8,8,8.0
18800,18801,18800,1,-1,1.0
18800,18801,18801,1,1,1.0
18800,18801,18801,1,1,1.0
18800,18801,18800,2,-2,2.0
18800,18801,18800,15,-15,15.0
18800,18801,18800,1,-1,1.0
18799,18800,18800,1,1,1.0
18800,18801,18800,1,-1,1.0
18799,18800,18799,2,-2,2.0
18799,18800,18799,1,-1,1.0
18799,18800,18799,2,-2,2.0
18799,18800,18799,1,-1,1.0
18799,18800,18799,1,-1,1.0
18798,18800,18799,1,-1,1.0
18799,18800,18799,1,-1,1.0
18798,18799,18799,1,1,1.0
18798,18799,18799,1,1,1.0
18798,18799,18798,1,-1,1.0
18798,18799,18798,2,-2,2.0
18798,18799,18798,1,-1,1.0
18798,18799,18798,1,-1,1.0
18797,18799,18797,1,-1,1.0
18797,18799,18797,3,-3,3.0
18797,18799,18797,1,-1,1.0
18797,18799,18799,2,2,2.0
18797,18798,18797,1,-1,1.0
18797,18798,18797,2,-2,2.0
18797,18798,18797,1,-1,1.0
18797,18798,18797,1,-1,1.0
18797,18798,18797,1,-1,1.0
18797,18798,18797,2,-2,2.0
18797,18798,18797,1,-1,1.0
18797,18798,18797,1,-1,1.0
18796,18798,18796,1,-1,1.0
18796,18798,18796,1,-1,1.0
18796,18797,18797,1,1,1.0
18796,18797,18797,1,1,1.0
18796,18797,18797,4,4,4.0
18796,18797,18797,1,1,1.0
18797,18798,18798,1,1,1.0
18797,18798,18798,2,2,2.0
18797,18799,18797,1,-1,1.0
18797,18798,18797,2,-2,2.0
18797,18798,18797,1,-1,1.0
18796,18797,18796,1,-1,1.0
18796,18797,18797,2,2,2.0
18796,18797,18797,1,1,1.0
18796,18797,18798,1,1,-1.0
18796,18797,18796,1,-1,1.0
18796,18797,18796,1,-1,1.0
18796,18797,18797,1,1,1.0
18796,18797,18796,1,-1,1.0
18796,18797,18797,1,1,1.0
18796,18797,18797,1,1,1.0
18796,18797,18797,1,1,1.0
18796,18797,18797,1,1,1.0
18796,18797,18797,2,2,2.0
18796,18797,18797,1,1,1.0
18796,18797,18797,1,1,1.0
18796,18797,18797,1,1,1.0
18796,18797,18797,1,1,1.0
18796,18797,18797,1,1,1.0
18796,18797,18796,2,-2,2.0
18796,18797,18797,2,2,2.0
18796,18797,18797,1,1,1.0
18796,18797,18797,1,1,1.0
18797,18798,18797,1,-1,1.0
18797,18798,18798,2,2,2.0
18797,18798,18797,1,-1,1.0
18797,18798,18797,1,-1,1.0
18797,18798,18797,1,-1,1.0
18797,18798,18798,2,2,2.0
18797,18798,18798,2,2,2.0
18797,18798,18798,1,1,1.0
18797,18798,18798,2,2,2.0
18797,18799,18799,1,1,1.0
18798,18799,18799,4,4,4.0
18798,18799,18798,1,-1,1.0
18798,18799,18799,1,1,1.0
18798,18799,18798,1,-1,1.0
18798,18799,18799,1,1,1.0
18799,18800,18800,1,1,1.0
18799,18800,18799,2,-2,2.0
18799,18800,18799,2,-2,2.0
18797,18799,18797,1,-1,1.0
18797,18798,18797,5,-5,5.0
18797,18798,18797,4,-4,4.0
18797,18798,18797,5,-5,5.0
18797,18798,18798,1,1,1.0
18797,18798,18798,1,1,1.0
18797,18798,18798,2,2,2.0
18797,18799,18797,6,-6,6.0
18797,18799,18798,1,-1,1.0
18798,18799,18798,1,-1,1.0
18798,18799,18798,1,-1,1.0
18798,18799,18799,4,4,4.0
18799,18800,18800,2,2,2.0
18799,18800,18800,1,1,1.0
18799,18800,18800,17,17,17.0
18799,18800,18801,2,2,-2.0
18801,18802,18801,1,-1,1.0
18800,18801,18801,1,1,1.0
18800,18801,18801,1,1,1.0
18800,18801,18801,2,2,2.0
18800,18801,18801,2,2,2.0
18800,18801,18801,2,2,2.0
18800,18801,18802,1,1,-1.0
18801,18802,18802,1,1,1.0
18801,18802,18801,1,-1,1.0
18801,18802,18802,3,3,3.0
18801,18802,18802,2,2,2.0
18801,18802,18802,3,3,3.0
18801,18802,18801,1,-1,1.0
18801,18802,18801,3,-3,3.0
18801,18802,18800,1,-1,1.0
18800,18801,18801,2,2,2.0
18800,18801,18801,1,1,1.0
18800,18801,18800,1,-1,1.0
18800,18801,18800,1,-1,1.0
18800,18801,18800,1,-1,1.0
18800,18801,18800,2,-2,2.0
18800,18801,18801,1,1,1.0
18800,18801,18801,1,1,1.0
18800,18801,18801,1,1,1.0
18800,18801,18801,1,1,1.0
18800,18801,18801,1,1,1.0
18800,18801,18801,3,3,3.0
18800,18802,18800,1,-1,1.0
18801,18802,18801,1,-1,1.0
18801,18802,18801,1,-1,1.0
18801,18802,18801,1,-1,1.0
18801,18802,18801,1,-1,1.0
18801,18802,18801,1,-1,1.0
18800,18801,18800,1,-1,1.0
18800,18801,18800,5,-5,5.0
18799,18800,18800,1,1,1.0
18799,18800,18800,3,3,3.0
18799,18800,18801,9,9,-9.0
18799,18800,18801,4,4,-4.0
18799,18801,18799,2,-2,2.0
18798,18800,18800,1,1,1.0
18800,18801,18800,1,-1,1.0
18800,18801,18800,1,-1,1.0
18800,18801,18800,1,-1,1.0
18800,18801,18800,1,-1,1.0
18800,18801,18800,1,-1,1.0
18800,18801,18800,1,-1,1.0
18800,18801,18800,1,-1,1.0
18800,18801,18800,1,-1,1.0
18800,18801,18800,1,-1,1.0
18800,18801,18800,2,-2,2.0
18799,18800,18799,1,-1,1.0
18798,18799,18799,3,3,3.0
18799,18800,18800,11,11,11.0
18800,18801,18800,1,-1,1.0
18800,18801,18800,1,-1,1.0
18800,18801,18800,1,-1,1.0
18800,18801,18800,4,-4,4.0
18798,18800,18798,1,-1,1.0
18798,18799,18799,1,1,1.0
18799,18800,18799,4,-4,4.0
18799,18800,18799,1,-1,1.0
18799,18800,18800,2,2,2.0
18799,18800,18800,4,4,4.0
18799,18800,18800,1,1,1.0
18799,18800,18800,1,1,1.0
18799,18800,18800,1,1,1.0
18799,18800,18800,4,4,4.0
18799,18800,18800,1,1,1.0
18800,18801,18800,3,-3,3.0
18800,18801,18800,4,-4,4.0
18799,18800,18799,1,-1,1.0
18799,18800,18800,1,1,1.0
18799,18800,18799,2,-2,2.0
18799,18800,18799,2,-2,2.0
18798,18800,18800,1,1,1.0
18798,18800,18800,1,1,1.0
18799,18800,18800,1,1,1.0
18799,18800,18800,1,1,1.0
18799,18800,18799,1,-1,1.0
18799,18800,18799,1,-1,1.0
18799,18800,18799,2,-2,2.0
18799,18800,18799,1,-1,1.0
18799,18800,18799,1,-1,1.0
18799,18800,18799,1,-1,1.0
18799,18800,18799,2,-2,2.0
18798,18800,18800,2,2,2.0
18798,18799,18799,7,7,7.0
18798,18799,18800,5,5,-5.0
18798,18799,18800,3,3,-3.0
18798,18800,18800,1,1,1.0
18799,18800,18800,1,1,1.0
18799,18800,18800,5,5,5.0
18799,18800,18799,1,-1,1.0
18798,18800,18799,1,-1,1.0
18798,18800,18799,1,-1,1.0
18798,18800,18799,1,-1,1.0
18798,18799,18799,1,1,1.0
18798,18799,18799,1,1,1.0
18798,18799,18799,1,1,1.0
18798,18800,18800,1,1,1.0
18798,18799,18799,1,1,1.0
18798,18800,18799,2,2,-2.0
18799,18800,18799,1,-1,1.0
18799,18800,18800,2,2,2.0
18799,18800,18800,1,1,1.0
18799,18800,18800,2,2,2.0
18799,18800,18800,1,1,1.0
18799,18800,18800,1,1,1.0
18799,18800,18800,1,1,1.0
18799,18800,18800,2,2,2.0
18799,18800,18800,1,1,1.0
18799,18800,18800,1,1,1.0
18799,18800,18800,1,1,1.0
18799,18800,18800,2,2,2.0
18799,18800,18800,2,2,2.0
18800,18801,18800,1,-1,1.0
18800,18801,18800,3,-3,3.0
18800,18801,18800,2,-2,2.0
18798,18800,18798,1,-1,1.0
18798,18800,18798,2,-2,2.0
18798,18800,18799,2,-2,2.0
18798,18799,18799,1,1,1.0
18798,18799,18799,1,1,1.0
18798,18799,18798,2,-2,2.0
18798,18799,18799,2,2,2.0
18798,18799,18799,2,2,2.0
18799,18800,18799,1,-1,1.0
18798,18799,18799,1,1,1.0
18798,18799,18798,1,-1,1.0
18798,18799,18799,1,1,1.0
18799,18800,18799,1,-1,1.0
18799,18800,18799,2,-2,2.0
18798,18800,18800,1,1,1.0
18798,18799,18799,1,1,1.0
18799,18800,18799,1,-1,1.0
18798,18799,18799,6,6,6.0
18798,18799,18799,1,1,1.0
18799,18800,18800,1,1,1.0
18799,18800,18800,1,1,1.0
18799,18800,18799,2,-2,2.0
18799,18800,18799,2,-2,2.0
18799,18800,18799,2,-2,2.0
18798,18800,18798,1,-1,1.0
18798,18799,18798,1,-1,1.0
18798,18799,18798,1,-1,1.0
18798,18799,18798,1,-1,1.0
18798,18799,18798,1,-1,1.0
18798,18799,18798,1,-1,1.0
18797,18798,18797,1,-1,1.0
18797,18798,18797,5,-5,5.0
18797,18798,18797,1,-1,1.0
18797,18798,18797,2,-2,2.0
18797,18798,18797,1,-1,1.0
18797,18798,18796,1,-1,1.0
18797,18798,18796,2,-2,2.0
18797,18798,18796,2,-2,2.0
18797,18798,18797,1,-1,1.0
18796,18798,18796,1,-1,1.0
18797,18798,18797,1,-1,1.0
18796,18798,18797,3,-3,3.0
18796,18797,18797,1,1,1.0
18797,18798,18798,1,1,1.0
18797,18798,18797,1,-1,1.0
18797,18798,18797,1,-1,1.0
18796,18797,18796,1,-1,1.0
18796,18797,18796,9,-9,9.0
18795,18796,18796,1,1,1.0
18795,18796,18796,1,1,1.0
18796,18797,18796,1,-1,1.0
18795,18796,18796,1,1,1.0
18795,18796,18796,1,1,1.0
18796,18797,18796,1,-1,1.0
18795,18796,18795,1,-1,1.0
18795,18796,18795,4,-4,4.0
18795,18796,18795,2,-2,2.0
18795,18796,18795,2,-2,2.0
18794,18795,18794,1,-1,1.0
18794,18795,18794,1,-1,1.0
18794,18795,18794,1,-1,1.0
18794,18795,18794,1,-1,1.0
18794,18795,18794,1,-1,1.0
18794,18795,18794,1,-1,1.0
18794,18795,18794,1,-1,1.0
18794,18795,18795,1,1,1.0
18794,18795,18794,1,-1,1.0
18794,18795,18794,1,-1,1.0
18794,18795,18795,1,1,1.0
18794,18795,18795,1,1,1.0
18794,18795,18794,1,-1,1.0
18794,18795,18794,1,-1,1.0
18794,18795,18794,1,-1,1.0
18794,18795,18794,6,-6,6.0
18793,18794,18794,1,1,1.0
18793,18794,18793,1,-1,1.0
18793,18794,18794,1,1,1.0
18793,18794,18794,2,2,2.0
18793,18794,18794,1,1,1.0
18793,18794,18793,1,-1,1.0
18793,18794,18793,2,-2,2.0
18793,18794,18793,2,-2,2.0
18793,18794,18793,1,-1,1.0
18793,18794,18793,1,-1,1.0
18792,18793,18793,1,1,1.0
18792,18793,18793,1,1,1.0
18792,18793,18792,2,-2,2.0
18792,18793,18792,1,-1,1.0
18792,18793,18792,1,-1,1.0
18792,18793,18792,1,-1,1.0
18792,18793,18793,1,1,1.0
18792,18793,18792,1,-1,1.0
18792,18793,18792,1,-1,1.0
18792,18793,18793,2,2,2.0
18792,18793,18793,3,3,3.0
18793,18794,18794,1,1,1.0
18793,18794,18794,1,1,1.0
18793,18794,18794,1,1,1.0
18793,18794,18794,2,2,2.0
18793,18794,18795,1,1,-1.0
18794,18795,18795,1,1,1.0
18794,18795,18795,1,1,1.0
18794,18795,18795,1,1,1.0
18794,18795,18794,1,-1,1.0
18794,18795,18794,1,-1,1.0
18794,18795,18794,1,-1,1.0
18794,18795,18794,1,-1,1.0
18794,18795,18794,1,-1,1.0
18794,18795,18795,2,2,2.0
18794,18795,18795,2,2,2.0
18794,18795,18795,2,2,2.0
18794,18795,18795,1,1,1.0
18794,18795,18795,1,1,1.0
18794,18795,18795,1,1,1.0
18794,18795,18795,1,1,1.0
18794,18795,18795,1,1,1.0
18794,18795,18795,1,1,1.0
18794,18795,18795,1,1,1.0
18794,18795,18795,1,1,1.0
18795,18796,18795,1,-1,1.0
18795,18796,18795,1,-1,1.0
18794,18795,18795,1,1,1.0
18795,18796,18795,1,-1,1.0
18794,18796,18796,1,1,1.0
18794,18795,18794,1,-1,1.0
18794,18795,18794,1,-1,1.0
18794,18795,18794,1,-1,1.0
18794,18795,18794,2,-2,2.0
18793,18795,18795,1,1,1.0
18794,18795,18794,1,-1,1.0
18793,18794,18794,1,1,1.0
18794,18795,18794,1,-1,1.0
18794,18795,18794,1,-1,1.0
18794,18795,18794,1,-1,1.0
18794,18795,18794,1,-1,1.0
18794,18795,18794,1,-1,1.0
18794,18795,18794,3,-3,3.0
18793,18794,18793,1,-1,1.0
18793,18794,18794,1,1,1.0
18793,18794,18793,3,-3,3.0
18793,18794,18794,6,6,6.0
18793,18794,18794,1,1,1.0
18793,18794,18794,1,1,1.0
18793,18794,18794,1,1,1.0
18793,18794,18794,1,1,1.0
18793,18794,18794,1,1,1.0
18793,18794,18794,1,1,1.0
18794,18795,18794,1,-1,1.0
18794,18795,18795,1,1,1.0
18794,18795,18795,1,1,1.0
18794,18795,18795,1,1,1.0
18794,18795,18795,2,2,2.0
18794,18795,18795,1,1,1.0
18794,18795,18795,1,1,1.0
18795,18796,18796,1,1,1.0
18795,18796,18796,3,3,3.0
18795,18796,18796,1,1,1.0
18795,18796,18795,1,-1,1.0
18795,18796,18794,2,-2,2.0
18795,18796,18794,1,-1,1.0
18795,18796,18796,1,1,1.0
18795,18796,18796,1,1,1.0
18795,18796,18796,1,1,1.0
18796,18797,18797,1,1,1.0
18796,18797,18797,1,1,1.0
18796,18797,18796,1,-1,1.0
18795,18796,18795,10,-10,10.0
18794,18796,18794,6,-6,6.0
18794,18796,18796,1,1,1.0
18795,18796,18796,2,2,2.0
18795,18796,18796,1,1,1.0
18796,18797,18797,2,2,2.0
18795,18796,18796,1,1,1.0
18795,18797,18797,2,2,2.0
18796,18797,18796,1,-1,1.0
18795,18796,18796,1,1,1.0
18795,18796,18795,1,-1,1.0
18795,18796,18795,3,-3,3.0
18795,18796,18796,2,2,2.0
18794,18796,18794,1,-1,1.0
18794,18796,18794,1,-1,1.0
18794,18795,18795,1,1,1.0
18794,18796,18796,1,1,1.0
18794,18796,18796,1,1,1.0
18794,18796,18796,1,1,1.0
18796,18797,18797,1,1,1.0
18796,18798,18796,2,-2,2.0
18797,18798,18797,1,-1,1.0
18797,18798,18797,1,-1,1.0
18797,18798,18797,1,-1,1.0
18797,18798,18797,1,-1,1.0
18797,18798,18797,3,-3,3.0
18796,18797,18797,1,1,1.0
18797,18798,18797,1,-1,1.0
18796,18797,18797,1,1,1.0
18796,18797,18797,1,1,1.0
18796,18798,18798,2,2,2.0
18796,18798,18798,1,1,1.0
18796,18798,18798,2,2,2.0
18797,18799,18799,2,2,2.0
18797,18799,18799,1,1,1.0
18798,18799,18799,2,2,2.0
18798,18799,18798,1,-1,1.0
18797,18798,18797,2,-2,2.0
18797,18798,18797,1,-1,1.0
18796,18798,18796,1,-1,1.0
18797,18798,18798,2,2,2.0
18798,18800,18798,2,-2,2.0
18798,18800,18800,1,1,1.0
18799,18800,18800,1,1,1.0
18799,18800,18799,1,-1,1.0
18799,18800,18800,1,1,1.0
18798,18800,18800,1,1,1.0
18798,18800,18800,2,2,2.0
18799,18800,18800,1,1,1.0
18799,18800,18800,1,1,1.0
18799,18800,18800,1,1,1.0
18799,18800,18800,1,1,1.0
18799,18800,18800,3,3,3.0
18799,18800,18800,1,1,1.0
18799,18800,18800,1,1,1.0
18799,18800,18800,1,1,1.0
18800,18801,18800,2,-2,2.0
18800,18801,18801,13,13,13.0
18800,18801,18801,6,6,6.0
18800,18801,18801,1,1,1.0
18800,18801,18801,3,3,3.0
18800,18801,18801,1,1,1.0
18800,18801,18801,1,1,1.0
18800,18801,18801,24,24,24.0
18800,18801,18801,1,1,1.0
18800,18801,18801,1,1,1.0
18800,18801,18801,1,1,1.0
18801,18802,18802,1,1,1.0
18801,18802,18801,1,-1,1.0
18801,18802,18802,1,1,1.0
18801,18802,18802,2,2,2.0
18801,18802,18801,2,-2,2.0
18801,18802,18801,2,-2,2.0
18801,18802,18801,1,-1,1.0
18801,18802,18802,1,1,1.0
18801,18802,18802,1,1,1.0
18801,18802,18801,1,-1,1.0
18801,18802,18801,7,-7,7.0
18801,18802,18801,1,-1,1.0
18801,18802,18801,1,-1,1.0
18800,18801,18801,2,2,2.0
18800,18802,18802,1,1,1.0
18800,18802,18802,1,1,1.0
18800,18801,18801,1,1,1.0
18801,18802,18802,1,1,1.0
18801,18802,18802,3,3,3.0
18801,18802,18802,4,4,4.0
18801,18802,18802,2,2,2.0
18801,18802,18802,1,1,1.0
18801,18802,18802,1,1,1.0
18801,18802,18802,1,1,1.0
18801,18802,18801,1,-1,1.0
18801,18802,18802,1,1,1.0
18802,18803,18803,1,1,1.0
18802,18803,18803,2,2,2.0
18802,18803,18803,2,2,2.0
18802,18803,18802,1,-1,1.0
18801,18803,18802,2,-2,2.0
18801,18803,18802,1,-1,1.0
18802,18803,18802,1,-1,1.0
18802,18803,18802,1,-1,1.0
18801,18802,18802,3,3,3.0
18802,18803,18802,1,-1,1.0
18802,18803,18802,1,-1,1.0
18802,18803,18802,1,-1,1.0
18802,18803,18802,1,-1,1.0
18802,18803,18802,1,-1,1.0
18802,18803,18802,1,-1,1.0
18802,18803,18802,2,-2,2.0
18801,18802,18802,1,1,1.0
18801,18802,18802,1,1,1.0
18801,18802,18802,1,1,1.0
18802,18803,18802,1,-1,1.0
18802,18803,18802,1,-1,1.0
18802,18803,18803,2,2,2.0
18802,18803,18802,1,-1,1.0
18802,18803,18803,1,1,1.0
18802,18803,18802,1,-1,1.0
18801,18803,18801,1,-1,1.0
18801,18802,18801,1,-1,1.0
18801,18802,18801,1,-1,1.0
18801,18802,18801,1,-1,1.0
18800,18801,18801,1,1,1.0
18801,18802,18801,1,-1,1.0
18801,18802,18801,1,-1,1.0
18801,18802,18802,1,1,1.0
18801,18802,18802,1,1,1.0
18801,18802,18801,1,-1,1.0
18801,18802,18801,2,-2,2.0
18801,18802,18801,1,-1,1.0
18801,18802,18801,2,-2,2.0
18801,18802,18801,2,-2,2.0
18801,18802,18801,1,-1,1.0
18801,18802,18801,1,-1,1.0
18800,18801,18801,1,1,1.0
18800,18801,18801,1,1,1.0
18800,18801,18800,1,-1,1.0
18800,18801,18800,2,-2,2.0
18800,18801,18800,1,-1,1.0
18800,18801,18800,2,-2,2.0
18800,18801,18800,1,-1,1.0
18800,18801,18800,1,-1,1.0
18800,18801,18800,1,-1,1.0
18800,18801,18800,2,-2,2.0
18800,18801,18800,1,-1,1.0
18799,18800,18800,1,1,1.0
18799,18800,18800,1,1,1.0
18799,18800,18800,2,2,2.0
18799,18800,18799,4,-4,4.0
18798,18799,18798,1,-1,1.0
18798,18799,18799,2,2,2.0
18798,18799,18798,1,-1,1.0
18798,18799,18798,1,-1,1.0
18798,18799,18798,1,-1,1.0
18798,18799,18798,1,-1,1.0
18798,18799,18798,1,-1,1.0
18798,18799,18798,5,-5,5.0
18797,18798,18797,3,-3,3.0
18796,18797,18797,1,1,1.0
18796,18797,18797,1,1,1.0
18796,18797,18797,1,1,1.0
18797,18798,18797,1,-1,1.0
18796,18797,18797,1,1,1.0
18796,18798,18796,1,-1,1.0
18796,18798,18796,1,-1,1.0
18796,18797,18796,1,-1,1.0
18796,18797,18796,3,-3,3.0
18796,18797,18797,3,3,3.0
18796,18797,18797,1,1,1.0
18796,18797,18797,1,1,1.0
18796,18797,18797,1,1,1.0
18797,18798,18797,1,-1,1.0
18796,18797,18797,1,1,1.0
18796,18797,18796,3,-3,3.0
18796,18797,18796,1,-1,1.0
18796,18797,18797,1,1,1.0
18796,18797,18796,2,-2,2.0
18796,18797,18797,1,1,1.0
18796,18797,18796,1,-1,1.0
18795,18796,18796,1,1,1.0
18795,18796,18795,3,-3,3.0
18795,18796,18795,1,-1,1.0
18795,18796,18795,1,-1,1.0
18795,18796,18795,1,-1,1.0
18795,18796,18795,1,-1,1.0
18795,18796,18795,1,-1,1.0
18795,18796,18795,1,-1,1.0
18795,18796,18795,1,-1,1.0
18795,18796,18795,1,-1,1.0
18794,18795,18794,1,-1,1.0
18794,18795,18795,1,1,1.0
18794,18795,18795,1,1,1.0
18794,18795,18795,2,2,2.0
18795,18796,18795,1,-1,1.0
18794,18795,18795,1,1,1.0
18795,18796,18796,1,1,1.0
18795,18796,18796,1,1,1.0
18795,18796,18796,1,1,1.0
18796,18797,18796,1,-1,1.0
18796,18797,18796,6,-6,6.0
18795,18796,18796,1,1,1.0
18795,18796,18795,1,-1,1.0
18795,18796,18796,2,2,2.0
18795,18796,18796,1,1,1.0
18796,18797,18797,2,2,2.0
18796,18797,18797,1,1,1.0
18798,18799,18798,1,-1,1.0
18798,18799,18798,1,-1,1.0
18798,18799,18798,3,-3,3.0
18798,18799,18798,1,-1,1.0
18798,18799,18799,1,1,1.0
18798,18799,18799,4,4,4.0
18799,18800,18799,1,-1,1.0
18799,18800,18799,9,-9,9.0
18799,18800,18799,1,-1,1.0
18798,18800,18799,1,-1,1.0
18799,18800,18799,1,-1,1.0
18799,18800,18800,1,1,1.0
18799,18800,18799,1,-1,1.0
18798,18799,18799,1,1,1.0
18799,18800,18799,1,-1,1.0
18798,18799,18798,1,-1,1.0
18797,18798,18797,1,-1,1.0
18796,18797,18796,1,-1,1.0
18796,18797,18796,3,-3,3.0
18796,18797,18797,1,1,1.0
18796,18797,18797,1,1,1.0
18797,18798,18798,1,1,1.0
18798,18799,18799,1,1,1.0
18798,18799,18799,1,1,1.0
18799,18800,18800,3,3,3.0
18799,18800,18799,1,-1,1.0
18799,18800,18800,1,1,1.0
18799,18800,18800,1,1,1.0
18799,18800,18800,1,1,1.0
18799,18800,18800,1,1,1.0
18799,18800,18800,1,1,1.0
18800,18801,18800,1,-1,1.0
18800,18801,18801,1,1,1.0
18800,18801,18801,4,4,4.0
18800,18801,18801,2,2,2.0
18800,18801,18801,2,2,2.0
18800,18801,18801,1,1,1.0
18800,18801,18801,1,1,1.0
18800,18801,18801,5,5,5.0
18800,18801,18801,1,1,1.0
18800,18801,18801,1,1,1.0
18800,18801,18801,1,1,1.0
18800,18802,18801,1,1,-1.0
18800,18802,18802,3,3,3.0
18801,18802,18801,1,-1,1.0
18801,18802,18801,2,-2,2.0
18801,18802,18801,3,-3,3.0
18801,18802,18800,2,-2,2.0
18799,18801,18801,5,5,5.0
18801,18802,18801,1,-1,1.0
18801,18802,18802,10,10,10.0
18802,18803,18803,3,3,3.0
18802,18803,18803,3,3,3.0
18802,18803,18803,14,14,14.0
18802,18803,18803,1,1,1.0
18802,18803,18803,3,3,3.0
18802,18803,18803,1,1,1.0
18802,18803,18803,1,1,1.0
18802,18803,18803,1,1,1.0
18803,18804,18804,1,1,1.0
18803,18804,18804,4,4,4.0
18803,18804,18804,1,1,1.0
18803,18804,18804,1,1,1.0
18803,18804,18804,8,8,8.0
18803,18805,18804,2,2,-2.0
18804,18805,18805,3,3,3.0
18804,18805,18805,1,1,1.0
18804,18805,18805,28,28,28.0
18805,18806,18805,1,-1,1.0
18805,18806,18805,1,-1,1.0
18805,18806,18805,1,-1,1.0
18805,18806,18804,1,-1,1.0
18804,18805,18805,4,4,4.0
18805,18806,18806,1,1,1.0
18805,18806,18806,1,1,1.0
18805,18806,18806,5,5,5.0
18805,18806,18807,1,1,-1.0
18806,18807,18807,1,1,1.0
18806,18807,18807,1,1,1.0
18806,18807,18807,1,1,1.0
18806,18807,18807,1,1,1.0
18806,18807,18807,2,2,2.0
18806,18807,18807,1,1,1.0
18806,18807,18807,1,1,1.0
18806,18807,18807,1,1,1.0
18806,18807,18808,1,1,-1.0
18806,18807,18808,1,1,-1.0
18806,18807,18808,1,1,-1.0
18807,18808,18808,1,1,1.0
18807,18808,18808,2,2,2.0
18807,18808,18808,3,3,3.0
18807,18808,18808,2,2,2.0
18807,18808,18808,1,1,1.0
18807,18808,18808,1,1,1.0
18807,18808,18808,1,1,1.0
18807,18808,18808,2,2,2.0
18807,18808,18808,2,2,2.0
18807,18808,18808,1,1,1.0
18807,18808,18808,8,8,8.0
18807,18808,18808,1,1,1.0
18807,18808,18809,1,1,-1.0
18807,18808,18809,1,1,-1.0
18807,18808,18809,1,1,-1.0
18807,18808,18807,5,-5,5.0
18807,18808,18809,1,1,-1.0
18807,18809,18808,1,1,-1.0
18807,18809,18808,2,2,-2.0
18807,18809,18809,1,1,1.0
18807,18809,18809,4,4,4.0
18807,18809,18809,1,1,1.0
18807,18809,18809,1,1,1.0
18807,18809,18809,2,2,2.0
18807,18809,18809,1,1,1.0
18807,18809,18809,1,1,1.0
18807,18809,18809,4,4,4.0
18807,18809,18807,1,-1,1.0
18807,18809,18809,2,2,2.0
18807,18809,18809,3,3,3.0
18807,18809,18809,4,4,4.0
18807,18809,18809,1,1,1.0
18807,18809,18807,1,-1,1.0
18807,18809,18809,2,2,2.0
18807,18809,18809,1,1,1.0
18807,18809,18809,1,1,1.0
18807,18809,18809,1,1,1.0
18807,18809,18809,1,1,1.0
18808,18809,18809,2,2,2.0
18808,18809,18809,1,1,1.0
18808,18809,18809,2,2,2.0
18808,18809,18809,1,1,1.0
18808,18809,18809,1,1,1.0
18808,18809,18809,1,1,1.0
18808,18809,18809,1,1,1.0
18808,18809,18809,1,1,1.0
18808,18809,18809,1,1,1.0
18808,18809,18809,1,1,1.0
18808,18809,18809,2,2,2.0
18808,18809,18809,1,1,1.0
18808,18809,18809,2,2,2.0
18808,18809,18809,1,1,1.0
18808,18809,18809,5,5,5.0
18808,18809,18810,2,2,-2.0
18808,18809,18809,1,1,1.0
18808,18809,18809,1,1,1.0
18808,18809,18810,1,1,-1.0
18808,18809,18810,1,1,-1.0
18808,18809,18810,4,4,-4.0
18808,18809,18810,2,2,-2.0
18808,18809,18810,1,1,-1.0
18808,18809,18810,1,1,-1.0
18808,18810,18810,4,4,4.0
18808,18810,18810,2,2,2.0
18808,18810,18810,1,1,1.0
18808,18810,18810,7,7,7.0
18808,18810,18810,2,2,2.0
18808,18810,18810,4,4,4.0
18809,18810,18810,2,2,2.0
18809,18810,18810,1,1,1.0
18809,18810,18810,2,2,2.0
18809,18810,18810,1,1,1.0
18809,18810,18810,2,2,2.0
18809,18810,18809,1,-1,1.0
18809,18810,18810,1,1,1.0
18809,18810,18810,1,1,1.0
18809,18810,18810,1,1,1.0
18809,18810,18809,1,-1,1.0
18808,18810,18808,1,-1,1.0
18808,18810,18808,1,-1,1.0
18807,18809,18809,1,1,1.0
18807,18809,18809,3,3,3.0
18807,18809,18809,1,1,1.0
18807,18809,18809,2,2,2.0
18807,18809,18809,1,1,1.0
18807,18809,18809,3,3,3.0
18808,18809,18809,4,4,4.0
18808,18809,18810,1,1,-1.0
18808,18809,18810,2,2,-2.0
18808,18809,18809,3,3,3.0
18808,18809,18808,2,-2,2.0
18808,18809,18809,1,1,1.0
18808,18809,18809,1,1,1.0
18808,18809,18809,1,1,1.0
18808,18809,18809,1,1,1.0
18808,18809,18809,2,2,2.0
18808,18809,18809,3,3,3.0
18807,18808,18808,1,1,1.0
18807,18808,18808,1,1,1.0
18807,18808,18808,3,3,3.0
18807,18808,18808,1,1,1.0
18807,18808,18808,1,1,1.0
18807,18808,18808,1,1,1.0
18808,18809,18808,1,-1,1.0
18808,18809,18808,1,-1,1.0
18808,18809,18808,1,-1,1.0
18808,18809,18808,1,-1,1.0
18807,18808,18808,1,1,1.0
18807,18808,18807,1,-1,1.0
18806,18808,18806,5,-5,5.0
18806,18808,18808,1,1,1.0
18806,18807,18807,1,1,1.0
18806,18808,18808,6,6,6.0
18807,18808,18808,1,1,1.0
18807,18808,18807,3,-3,3.0
18807,18808,18807,1,-1,1.0
18807,18808,18807,1,-1,1.0
18807,18808,18807,1,-1,1.0
18807,18808,18808,3,3,3.0
18807,18808,18808,1,1,1.0
18807,18808,18808,1,1,1.0
18807,18808,18808,1,1,1.0
18807,18808,18808,1,1,1.0
18807,18808,18808,1,1,1.0
18807,18808,18808,1,1,1.0
18807,18808,18808,1,1,1.0
18807,18809,18808,2,2,-2.0
18808,18809,18809,2,2,2.0
18808,18809,18809,2,2,2.0
18808,18809,18808,1,-1,1.0
18808,18809,18808,2,-2,2.0
18808,18809,18808,1,-1,1.0
18807,18808,18807,1,-1,1.0
18806,18808,18808,3,3,3.0
18806,18808,18808,1,1,1.0
18806,18808,18806,1,-1,1.0
18806,18808,18806,1,-1,1.0
18806,18807,18807,1,1,1.0
18806,18808,18807,1,1,-1.0
18806,18807,18806,1,-1,1.0
18805,18807,18805,1,-1,1.0
18805,18807,18805,1,-1,1.0
18805,18806,18806,1,1,1.0
18805,18806,18805,13,-13,13.0
18805,18806,18805,1,-1,1.0
18805,18806,18805,1,-1,1.0
18805,18806,18805,1,-1,1.0
18804,18805,18805,1,1,1.0
18804,18805,18804,1,-1,1.0
18804,18805,18804,1,-1,1.0
18804,18805,18804,2,-2,2.0
18803,18805,18803,3,-3,3.0
18803,18804,18803,1,-1,1.0
18803,18804,18804,4,4,4.0
18803,18805,18803,1,-1,1.0
18803,18805,18805,1,1,1.0
18803,18805,18805,1,1,1.0
18803,18805,18803,2,-2,2.0
18803,18804,18804,1,1,1.0
18804,18805,18804,1,-1,1.0
18804,18805,18804,1,-1,1.0
18803,18804,18804,1,1,1.0
18804,18805,18804,1,-1,1.0
18803,18804,18803,2,-2,2.0
18802,18803,18803,1,1,1.0
18802,18803,18803,2,2,2.0
18802,18803,18803,2,2,2.0
18802,18803,18803,1,1,1.0
18802,18804,18802,1,-1,1.0
18802,18803,18803,3,3,3.0
18802,18803,18802,2,-2,2.0
18802,18803,18802,2,-2,2.0
18802,18803,18802,1,-1,1.0
18802,18803,18802,1,-1,1.0
18802,18803,18802,1,-1,1.0
18802,18803,18802,2,-2,2.0
18802,18803,18803,5,5,5.0
18802,18803,18802,7,-7,7.0
18801,18802,18801,12,-12,12.0
18800,18801,18800,2,-2,2.0
18800,18801,18800,1,-1,1.0
18800,18801,18800,4,-4,4.0
18800,18801,18800,1,-1,1.0
18798,18799,18799,1,1,1.0
18798,18800,18800,1,1,1.0
18799,18800,18799,1,-1,1.0
18799,18800,18798,1,-1,1.0
18799,18800,18799,1,-1,1.0
18798,18799,18799,1,1,1.0
18799,18800,18799,2,-2,2.0
18799,18800,18800,2,2,2.0
18799,18800,18800,1,1,1.0
18800,18801,18800,2,-2,2.0
18799,18801,18799,2,-2,2.0
18800,18801,18801,1,1,1.0
18800,18801,18801,5,5,5.0
18800,18801,18800,3,-3,3.0
18800,18801,18800,1,-1,1.0
18800,18801,18800,1,-1,1.0
18799,18800,18799,2,-2,2.0
18799,18800,18799,1,-1,1.0
18799,18800,18799,1,-1,1.0
18798,18799,18799,1,1,1.0
18798,18799,18798,1,-1,1.0
18798,18799,18798,4,-4,4.0
18798,18799,18798,6,-6,6.0
18797,18798,18798,2,2,2.0
18798,18799,18798,1,-1,1.0
18798,18799,18798,4,-4,4.0
18798,18799,18799,1,1,1.0
18798,18799,18798,1,-1,1.0
18798,18799,18799,1,1,1.0
18798,18799,18798,3,-3,3.0
18798,18799,18798,2,-2,2.0
18798,18799,18798,1,-1,1.0
18798,18799,18798,2,-2,2.0
18798,18799,18798,1,-1,1.0
18798,18799,18798,1,-1,1.0
18798,18799,18798,2,-2,2.0
18798,18799,18798,1,-1,1.0
18798,18799,18798,1,-1,1.0
18798,18799,18798,1,-1,1.0
18798,18799,18798,1,-1,1.0
18798,18799,18798,2,-2,2.0
18797,18798,18797,8,-8,8.0
18796,18797,18796,1,-1,1.0
18796,18797,18796,1,-1,1.0
18796,18797,18796,1,-1,1.0
18796,18797,18797,1,1,1.0
18796,18797,18796,1,-1,1.0
18796,18797,18796,1,-1,1.0
18796,18797,18796,1,-1,1.0
18796,18797,18796,1,-1,1.0
18795,18796,18795,2,-2,2.0
18795,18796,18795,1,-1,1.0
18795,18796,18795,1,-1,1.0
18795,18796,18795,1,-1,1.0
18795,18796,18795,1,-1,1.0
18795,18796,18795,6,-6,6.0
18795,18796,18795,1,-1,1.0
18795,18796,18795,2,-2,2.0
18795,18796,18795,1,-1,1.0
18795,18796,18796,2,2,2.0
18795,18796,18796,1,1,1.0
18795,18796,18796,1,1,1.0
18796,18797,18796,1,-1,1.0
18796,18797,18797,1,1,1.0
18798,18800,18798,1,-1,1.0
18798,18799,18798,2,-2,2.0
18798,18799,18799,4,4,4.0
18798,18799,18799,1,1,1.0
18798,18799,18798,1,-1,1.0
18798,18799,18798,2,-2,2.0
18798,18799,18798,1,-1,1.0
18798,18799,18798,1,-1,1.0
18797,18798,18798,1,1,1.0
18797,18798,18799,4,4,-4.0
18797,18798,18798,2,2,2.0
18797,18798,18799,2,2,-2.0
18799,18800,18799,1,-1,1.0
18799,18800,18800,3,3,3.0
18800,18801,18800,1,-1,1.0
18800,18801,18800,1,-1,1.0
18800,18801,18801,1,1,1.0
18800,18801,18801,1,1,1.0
18800,18801,18801,1,1,1.0
18800,18801,18801,1,1,1.0
18800,18801,18801,1,1,1.0
18800,18801,18801,1,1,1.0
18800,18802,18802,1,1,1.0
18800,18802,18802,1,1,1.0
18801,18802,18802,1,1,1.0
18801,18802,18802,1,1,1.0
18801,18802,18803,2,2,-2.0
18801,18803,18803,1,1,1.0
18801,18803,18803,1,1,1.0
18802,18803,18802,6,-6,6.0
18801,18803,18803,2,2,2.0
18802,18803,18803,1,1,1.0
18802,18803,18803,1,1,1.0
18802,18803,18803,1,1,1.0
18802,18803,18803,1,1,1.0
18802,18803,18803,1,1,1.0
18803,18804,18804,1,1,1.0
18803,18804,18804,2,2,2.0
18804,18805,18805,1,1,1.0
18804,18805,18805,1,1,1.0
18804,18805,18805,1,1,1.0
18804,18805,18805,1,1,1.0
18804,18805,18805,1,1,1.0
18804,18805,18805,2,2,2.0
18804,18805,18805,1,1,1.0
18804,18805,18805,3,3,3.0
18804,18805,18805,1,1,1.0
18804,18805,18805,1,1,1.0
18805,18806,18806,2,2,2.0
18805,18806,18806,1,1,1.0
18805,18806,18806,1,1,1.0
18805,18806,18806,1,1,1.0
18805,18806,18806,1,1,1.0
18805,18807,18807,1,1,1.0
18806,18807,18807,2,2,2.0
18806,18807,18806,1,-1,1.0
18805,18806,18806,3,3,3.0
18806,18807,18807,1,1,1.0
18806,18807,18806,5,-5,5.0
18806,18807,18807,6,6,6.0
18807,18808,18807,1,-1,1.0
18807,18808,18807,1,-1,1.0
18807,18808,18808,1,1,1.0
18807,18808,18808,2,2,2.0
18807,18808,18808,1,1,1.0
18807,18808,18807,1,-1,1.0
18807,18808,18807,3,-3,3.0
18806,18807,18807,1,1,1.0
18806,18807,18807,2,2,2.0
18806,18807,18807,1,1,1.0
18806,18807,18806,1,-1,1.0
18806,18807,18806,6,-6,6.0
18806,18807,18806,6,-6,6.0
18806,18807,18806,1,-1,1.0
18805,18807,18807,4,4,4.0
18806,18807,18807,1,1,1.0
18806,18807,18807,1,1,1.0
18807,18808,18807,1,-1,1.0
18807,18808,18808,1,1,1.0
18807,18808,18807,1,-1,1.0
18807,18808,18808,1,1,1.0
18807,18808,18808,6,6,6.0
18807,18808,18808,2,2,2.0
18807,18808,18808,2,2,2.0
18807,18808,18808,1,1,1.0
18807,18808,18808,1,1,1.0
18807,18808,18807,1,-1,1.0
18807,18808,18807,1,-1,1.0
18807,18808,18808,1,1,1.0
18807,18808,18807,1,-1,1.0
18807,18808,18807,1,-1,1.0
18807,18808,18807,1,-1,1.0
18806,18807,18807,2,2,2.0
18807,18808,18807,5,-5,5.0
18807,18808,18807,3,-3,3.0
18807,18808,18807,1,-1,1.0
18807,18808,18807,3,-3,3.0
18807,18808,18807,2,-2,2.0
18806,18807,18806,7,-7,7.0
18806,18807,18805,13,-13,13.0
18805,18806,18806,1,1,1.0
18806,18807,18806,1,-1,1.0
18806,18807,18806,1,-1,1.0
18805,18806,18806,2,2,2.0
18805,18806,18806,1,1,1.0
18805,18806,18805,1,-1,1.0
18805,18806,18805,1,-1,1.0
18805,18806,18805,1,-1,1.0
18805,18806,18805,1,-1,1.0
18804,18805,18804,1,-1,1.0
18804,18805,18804,2,-2,2.0
18804,18805,18804,1,-1,1.0
18804,18805,18805,1,1,1.0
18804,18805,18804,1,-1,1.0
18804,18805,18804,1,-1,1.0
18804,18805,18804,1,-1,1.0
18804,18805,18804,1,-1,1.0
18804,18805,18804,1,-1,1.0
18804,18805,18804,1,-1,1.0
18804,18805,18804,2,-2,2.0
18804,18805,18804,1,-1,1.0
18803,18804,18804,5,5,5.0
18803,18804,18804,1,1,1.0
18803,18804,18804,1,1,1.0
18803,18804,18804,2,2,2.0
18803,18804,18804,1,1,1.0
18804,18805,18804,1,-1,1.0
18803,18804,18803,1,-1,1.0
18803,18804,18803,1,-1,1.0
18803,18804,18803,2,-2,2.0
18803,18804,18803,1,-1,1.0
18803,18804,18803,1,-1,1.0
18803,18804,18803,1,-1,1.0
18803,18804,18803,1,-1,1.0
18803,18804,18803,5,-5,5.0
18802,18804,18802,1,-1,1.0
18802,18804,18802,1,-1,1.0
18802,18803,18802,1,-1,1.0
18802,18803,18803,1,1,1.0
18803,18804,18803,1,-1,1.0
18803,18804,18804,1,1,1.0
18803,18804,18804,1,1,1.0
18804,18805,18804,2,-2,2.0
18804,18805,18804,1,-1,1.0
18803,18804,18804,1,1,1.0
18803,18804,18803,1,-1,1.0
18802,18804,18802,5,-5,5.0
18801,18802,18802,2,2,2.0
18801,18802,18802,1,1,1.0
18801,18802,18802,1,1,1.0
18802,18803,18802,2,-2,2.0
18801,18802,18802,2,2,2.0
18802,18803,18802,1,-1,1.0
18802,18803,18803,3,3,3.0
18802,18803,18804,18,18,-18.0
18804,18805,18804,1,-1,1.0
18802,18804,18803,1,-1,1.0
18803,18804,18804,1,1,1.0
18803,18804,18803,1,-1,1.0
18803,18804,18803,6,-6,6.0
18802,18803,18802,1,-1,1.0
18802,18803,18802,2,-2,2.0
18802,18803,18802,1,-1,1.0
18802,18803,18802,1,-1,1.0
18802,18803,18802,2,-2,2.0
18800,18801,18801,1,1,1.0
18800,18801,18801,1,1,1.0
18800,18801,18800,2,-2,2.0
18800,18801,18800,1,-1,1.0
18800,18801,18800,1,-1,1.0
18800,18801,18800,1,-1,1.0
18800,18801,18800,1,-1,1.0
18800,18801,18800,5,-5,5.0
18799,18800,18800,2,2,2.0
18799,18800,18799,1,-1,1.0
18799,18800,18800,2,2,2.0
18799,18800,18799,1,-1,1.0
18799,18800,18799,2,-2,2.0
18799,18800,18799,2,-2,2.0
18799,18800,18799,1,-1,1.0
18799,18800,18799,1,-1,1.0
18799,18800,18800,3,3,3.0
18799,18800,18799,1,-1,1.0
18798,18799,18799,1,1,1.0
18799,18800,18800,1,1,1.0
18798,18800,18800,2,2,2.0
18799,18800,18800,1,1,1.0
18799,18800,18800,1,1,1.0
18800,18801,18800,5,-5,5.0
18799,18800,18800,1,1,1.0
18799,18800,18799,1,-1,1.0
18799,18800,18800,1,1,1.0
18799,18800,18800,1,1,1.0
18800,18801,18800,1,-1,1.0
18799,18801,18801,1,1,1.0
18799,18801,18802,1,1,-1.0
18800,18802,18802,3,3,3.0
18800,18801,18801,1,1,1.0
18801,18802,18802,1,1,1.0
18801,18802,18802,1,1,1.0
18801,18803,18803,1,1,1.0
18802,18803,18803,1,1,1.0
18803,18804,18804,1,1,1.0
18803,18804,18804,3,3,3.0
18804,18805,18804,1,-1,1.0
18804,18805,18804,1,-1,1.0
18803,18804,18803,1,-1,1.0
18803,18804,18804,1,1,1.0
18803,18804,18804,3,3,3.0
18804,18805,18804,1,-1,1.0
18804,18805,18804,1,-1,1.0
18803,18804,18803,1,-1,1.0
18802,18803,18802,1,-1,1.0
18801,18802,18802,1,1,1.0
18801,18803,18802,1,1,-1.0
18801,18803,18803,2,2,2.0
18801,18803,18801,6,-6,6.0
18801,18803,18801,1,-1,1.0
18801,18802,18802,1,1,1.0
18801,18802,18802,1,1,1.0
18802,18803,18802,1,-1,1.0
18802,18803,18802,1,-1,1.0
18802,18803,18803,1,1,1.0
18802,18803,18803,1,1,1.0
18802,18803,18803,2,2,2.0
18802,18803,18802,1,-1,1.0
18801,18802,18802,1,1,1.0
18801,18802,18802,5,5,5.0
18801,18802,18801,3,-3,3.0
18800,18801,18800,1,-1,1.0
18799,18800,18799,5,-5,5.0
18799,18800,18799,4,-4,4.0
18798,18799,18798,1,-1,1.0
18798,18799,18798,5,-5,5.0
18798,18799,18798,1,-1,1.0
18798,18799,18798,1,-1,1.0
18798,18799,18798,1,-1,1.0
18798,18799,18799,1,1,1.0
18798,18799,18799,1,1,1.0
18798,18799,18799,1,1,1.0
18799,18801,18799,2,-2,2.0
18799,18800,18799,1,-1,1.0
18799,18800,18800,1,1,1.0
18799,18800,18800,1,1,1.0
18799,18800,18801,1,1,-1.0
18800,18801,18801,2,2,2.0
18800,18801,18801,2,2,2.0
18798,18799,18798,9,-9,9.0
18798,18799,18798,1,-1,1.0
18798,18799,18798,3,-3,3.0
18798,18799,18798,2,-2,2.0
18798,18799,18798,1,-1,1.0
18798,18799,18798,1,-1,1.0
18798,18799,18798,1,-1,1.0
18798,18799,18798,1,-1,1.0
18798,18799,18798,24,-24,24.0
18798,18799,18797,2,-2,2.0
18798,18799,18797,2,-2,2.0
18798,18799,18797,2,-2,2.0
18798,18799,18797,2,-2,2.0
18798,18799,18797,1,-1,1.0
18798,18799,18797,1,-1,1.0
18798,18799,18797,1,-1,1.0
18796,18798,18798,3,3,3.0
18796,18798,18798,2,2,2.0
18796,18798,18798,1,1,1.0
18796,18798,18798,1,1,1.0
18796,18798,18798,1,1,1.0
18796,18798,18798,1,1,1.0
18797,18798,18798,2,2,2.0
18797,18798,18798,1,1,1.0
18797,18798,18798,1,1,1.0
18797,18798,18799,1,1,-1.0
18797,18798,18799,5,5,-5.0
18797,18798,18799,1,1,-1.0
18797,18798,18799,5,5,-5.0
18797,18798,18799,1,1,-1.0
18796,18798,18796,4,-4,4.0
18796,18798,18796,1,-1,1.0
18796,18798,18796,15,-15,15.0
18796,18798,18796,1,-1,1.0
18796,18797,18796,1,-1,1.0
18796,18797,18797,2,2,2.0
18796,18797,18797,1,1,1.0
18796,18797,18797,1,1,1.0
18797,18798,18798,2,2,2.0
18798,18799,18798,1,-1,1.0
18798,18799,18799,1,1,1.0
18799,18800,18799,1,-1,1.0
18799,18800,18799,1,-1,1.0
18799,18800,18800,1,1,1.0
18799,18800,18800,1,1,1.0
18799,18800,18800,1,1,1.0
18799,18800,18800,2,2,2.0
18799,18800,18799,1,-1,1.0
18798,18799,18798,1,-1,1.0
18799,18800,18799,1,-1,1.0
18798,18799,18798,1,-1,1.0
18797,18798,18797,1,-1,1.0
18797,18798,18798,1,1,1.0
18797,18798,18798,1,1,1.0
18797,18798,18798,4,4,4.0
18797,18798,18797,1,-1,1.0
18797,18798,18797,1,-1,1.0
18797,18798,18798,1,1,1.0
18797,18798,18797,1,-1,1.0
18797,18798,18798,2,2,2.0
18798,18799,18798,1,-1,1.0
18798,18799,18798,4,-4,4.0
18798,18799,18798,2,-2,2.0
18797,18798,18797,2,-2,2.0
18797,18798,18797,3,-3,3.0
18796,18797,18797,1,1,1.0
18796,18798,18796,1,-1,1.0
18797,18798,18797,1,-1,1.0
18796,18798,18796,1,-1,1.0
18796,18797,18796,1,-1,1.0
18796,18797,18796,2,-2,2.0
18796,18797,18796,2,-2,2.0
18796,18797,18796,1,-1,1.0
18796,18797,18796,2,-2,2.0
18796,18797,18795,4,-4,4.0
18796,18797,18796,1,-1,1.0
18795,18796,18796,1,1,1.0
18795,18796,18795,1,-1,1.0
18795,18796,18796,1,1,1.0
18795,18796,18796,1,1,1.0
18795,18796,18796,1,1,1.0
18796,18797,18797,1,1,1.0
18796,18797,18797,1,1,1.0
18796,18797,18796,1,-1,1.0
18796,18797,18796,2,-2,2.0
18796,18797,18797,1,1,1.0
18796,18797,18797,1,1,1.0
18797,18798,18797,4,-4,4.0
18797,18799,18797,2,-2,2.0
18795,18797,18797,2,2,2.0
18796,18797,18796,1,-1,1.0
18795,18797,18795,1,-1,1.0
18795,18797,18797,1,1,1.0
18795,18796,18796,1,1,1.0
18795,18796,18795,1,-1,1.0
18795,18796,18796,1,1,1.0
18795,18796,18796,1,1,1.0
18796,18797,18797,1,1,1.0
18797,18798,18797,1,-1,1.0
18796,18797,18796,2,-2,2.0
18796,18797,18797,1,1,1.0
18796,18797,18797,1,1,1.0
18797,18798,18797,1,-1,1.0
18797,18798,18797,1,-1,1.0
18797,18798,18798,1,1,1.0
18798,18799,18799,1,1,1.0
18798,18799,18799,3,3,3.0
18798,18799,18799,1,1,1.0
18798,18799,18799,1,1,1.0
18798,18800,18800,3,3,3.0
18798,18800,18799,1,1,-1.0
18799,18800,18799,4,-4,4.0
18798,18799,18799,1,1,1.0
18799,18800,18800,1,1,1.0
18799,18800,18800,1,1,1.0
18799,18800,18800,1,1,1.0
18799,18800,18800,1,1,1.0
18799,18800,18800,3,3,3.0
18799,18800,18800,1,1,1.0
18799,18800,18800,1,1,1.0
18799,18800,18800,4,4,4.0
18799,18800,18800,7,7,7.0
18800,18801,18801,2,2,2.0
18800,18801,18801,1,1,1.0
18800,18801,18801,4,4,4.0
18800,18801,18801,1,1,1.0
18800,18801,18801,1,1,1.0
18800,18801,18800,6,-6,6.0
18800,18801,18801,1,1,1.0
18800,18801,18800,1,-1,1.0
18800,18801,18800,2,-2,2.0
18800,18801,18800,5,-5,5.0
18799,18800,18799,1,-1,1.0
18799,18800,18799,3,-3,3.0
18799,18800,18799,1,-1,1.0
18799,18800,18799,1,-1,1.0
18799,18800,18799,1,-1,1.0
18799,18800,18799,1,-1,1.0
18799,18800,18799,1,-1,1.0
18798,18799,18799,3,3,3.0
18799,18800,18799,1,-1,1.0
18799,18800,18800,2,2,2.0
18799,18800,18799,1,-1,1.0
18799,18800,18799,1,-1,1.0
18799,18800,18799,1,-1,1.0
18799,18800,18799,2,-2,2.0
18799,18800,18799,1,-1,1.0
18799,18800,18799,1,-1,1.0
18799,18800,18799,1,-1,1.0
18799,18800,18799,3,-3,3.0
18799,18800,18799,3,-3,3.0
18798,18800,18799,1,-1,1.0
18799,18800,18799,1,-1,1.0
18799,18800,18799,1,-1,1.0
18798,18800,18798,1,-1,1.0
18799,18800,18799,3,-3,3.0
18798,18799,18799,1,1,1.0
18798,18799,18799,1,1,1.0
18799,18800,18799,1,-1,1.0
18798,18799,18799,1,1,1.0
18799,18800,18799,2,-2,2.0
18799,18800,18799,1,-1,1.0
18798,18799,18798,1,-1,1.0
18798,18799,18798,1,-1,1.0
18798,18799,18798,1,-1,1.0
18798,18799,18798,1,-1,1.0
18798,18799,18799,1,1,1.0
18798,18799,18798,1,-1,1.0
18798,18799,18798,1,-1,1.0
18798,18799,18798,1,-1,1.0
18798,18799,18798,1,-1,1.0
18798,18799,18798,1,-1,1.0
18798,18799,18798,1,-1,1.0
18798,18799,18798,2,-2,2.0
18798,18799,18798,2,-2,2.0
18798,18799,18798,10,-10,10.0
18797,18798,18797,1,-1,1.0
18797,18798,18798,1,1,1.0
18797,18798,18797,1,-1,1.0
18797,18798,18798,1,1,1.0
18797,18798,18798,1,1,1.0
18797,18798,18798,8,8,8.0
18797,18798,18797,3,-3,3.0
18796,18798,18798,2,2,2.0
18796,18797,18796,1,-1,1.0
18796,18797,18796,6,-6,6.0
18795,18796,18796,1,1,1.0
18796,18797,18796,1,-1,1.0
18796,18797,18796,1,-1,1.0
18796,18797,18797,12,12,12.0
18797,18798,18797,2,-2,2.0
18797,18798,18797,1,-1,1.0
18797,18798,18797,5,-5,5.0
18796,18798,18798,1,1,1.0
18796,18798,18796,1,-1,1.0
18796,18797,18796,4,-4,4.0
18796,18797,18797,2,2,2.0
18796,18797,18797,1,1,1.0
18797,18798,18798,3,3,3.0
18797,18798,18798,3,3,3.0
18798,18799,18798,1,-1,1.0
18797,18799,18798,1,-1,1.0
18797,18798,18797,1,-1,1.0
18797,18798,18798,3,3,3.0
18797,18798,18798,1,1,1.0
18797,18799,18799,13,13,13.0
18799,18800,18799,2,-2,2.0
18799,18800,18799,1,-1,1.0
18799,18800,18799,1,-1,1.0
18799,18800,18799,2,-2,2.0
18797,18799,18798,1,-1,1.0
18797,18799,18799,1,1,1.0
18797,18798,18798,1,1,1.0
18797,18799,18798,1,1,-1.0
18797,18799,18797,3,-3,3.0
18798,18799,18799,1,1,1.0
18798,18799,18799,1,1,1.0
18798,18799,18799,1,1,1.0
18799,18800,18800,1,1,1.0
18799,18800,18800,5,5,5.0
18800,18802,18802,2,2,2.0
18800,18802,18802,1,1,1.0
18800,18802,18802,1,1,1.0
18800,18802,18802,1,1,1.0
18800,18802,18802,1,1,1.0
18800,18802,18802,2,2,2.0
18800,18802,18802,1,1,1.0
18801,18802,18802,3,3,3.0
18801,18802,18802,1,1,1.0
18801,18802,18802,6,6,6.0
18802,18803,18803,1,1,1.0
18802,18803,18803,3,3,3.0
18802,18803,18803,1,1,1.0
18802,18803,18803,2,2,2.0
18802,18803,18803,1,1,1.0
18802,18803,18803,1,1,1.0
18803,18804,18804,3,3,3.0
18803,18804,18803,1,-1,1.0
18803,18804,18804,1,1,1.0
18803,18804,18803,1,-1,1.0
18803,18804,18803,4,-4,4.0
18802,18803,18803,1,1,1.0
18803,18804,18804,3,3,3.0
18802,18803,18803,1,1,1.0
18802,18803,18803,1,1,1.0
18802,18803,18803,1,1,1.0
18803,18804,18804,1,1,1.0
18803,18804,18804,1,1,1.0
18803,18804,18804,2,2,2.0
18803,18804,18805,1,1,-1.0
18804,18805,18805,4,4,4.0
18804,18805,18805,1,1,1.0
18804,18805,18805,4,4,4.0
18804,18805,18805,1,1,1.0
18804,18805,18805,69,69,69.0
18804,18805,18806,4,4,-4.0
18804,18805,18806,1,1,-1.0
18804,18805,18806,2,2,-2.0
18804,18805,18806,12,12,-12.0
18804,18805,18807,1,1,-1.0
18804,18805,18807,4,4,-4.0
18806,18807,18806,2,-2,2.0
18806,18807,18807,1,1,1.0
18806,18807,18807,1,1,1.0
18806,18807,18807,1,1,1.0
18806,18807,18807,2,2,2.0
18806,18807,18806,2,-2,2.0
18806,18807,18806,1,-1,1.0
18805,18806,18805,2,-2,2.0
18804,18806,18806,3,3,3.0
18804,18805,18804,1,-1,1.0
18803,18805,18805,1,1,1.0
18804,18806,18804,1,-1,1.0
18804,18806,18805,3,-3,3.0
18803,18805,18804,1,-1,1.0
18803,18805,18803,1,-1,1.0
18803,18805,18803,1,-1,1.0
18803,18804,18803,1,-1,1.0
18803,18804,18803,2,-2,2.0
18803,18804,18803,1,-1,1.0
18803,18804,18803,1,-1,1.0
18803,18804,18803,2,-2,2.0
18803,18804,18803,1,-1,1.0
18803,18804,18803,1,-1,1.0
18803,18804,18804,1,1,1.0
18803,18804,18804,1,1,1.0
18803,18804,18804,1,1,1.0
18803,18804,18804,1,1,1.0
18803,18804,18805,2,2,-2.0
18804,18805,18805,2,2,2.0
18805,18806,18805,1,-1,1.0
18805,18806,18806,1,1,1.0
18805,18806,18806,1,1,1.0
18805,18806,18805,5,-5,5.0
18805,18806,18805,4,-4,4.0
18805,18806,18805,1,-1,1.0
18805,18806,18805,2,-2,2.0
18805,18806,18805,1,-1,1.0
18805,18806,18805,1,-1,1.0
18805,18806,18805,1,-1,1.0
18805,18806,18805,1,-1,1.0
18805,18806,18805,1,-1,1.0
18805,18806,18805,10,-10,10.0
18804,18806,18806,3,3,3.0
18805,18806,18806,1,1,1.0
18805,18806,18806,1,1,1.0
18806,18807,18806,1,-1,1.0
18806,18807,18806,8,-8,8.0
18806,18807,18805,12,-12,12.0
18805,18806,18807,27,27,-27.0
18805,18806,18807,2,2,-2.0
18805,18806,18807,1,1,-1.0
18806,18807,18806,1,-1,1.0
18805,18806,18806,2,2,2.0
18805,18806,18806,14,14,14.0
18805,18806,18806,1,1,1.0
18805,18806,18807,29,29,-29.0
18806,18807,18806,1,-1,1.0
18806,18807,18806,1,-1,1.0
18806,18807,18806,1,-1,1.0
18806,18807,18805,1,-1,1.0
18806,18807,18805,1,-1,1.0
18806,18807,18805,1,-1,1.0
18806,18807,18805,1,-1,1.0
18806,18807,18805,1,-1,1.0
18806,18807,18805,1,-1,1.0
18805,18807,18807,1,1,1.0
18805,18807,18807,1,1,1.0
18805,18807,18807,1,1,1.0
18805,18807,18807,2,2,2.0
18805,18807,18805,1,-1,1.0
18805,18807,18805,1,-1,1.0
18805,18807,18805,1,-1,1.0
18806,18807,18806,3,-3,3.0
18806,18808,18807,8,-8,8.0
18806,18808,18807,4,-4,4.0
18806,18808,18807,1,-1,1.0
18806,18808,18806,10,-10,10.0
18806,18808,18806,1,-1,1.0
18806,18807,18807,1,1,1.0
18806,18808,18806,1,-1,1.0
18806,18808,18806,1,-1,1.0
18806,18808,18806,1,-1,1.0
18806,18808,18806,1,-1,1.0
18806,18808,18806,1,-1,1.0
18806,18807,18807,1,1,1.0
18807,18808,18807,2,-2,2.0
18807,18808,18807,6,-6,6.0
18806,18807,18806,3,-3,3.0
18806,18807,18806,1,-1,1.0
18806,18807,18806,1,-1,1.0
18806,18807,18806,1,-1,1.0
18806,18807,18807,2,2,2.0
18806,18807,18807,2,2,2.0
18807,18808,18808,3,3,3.0
18807,18808,18808,1,1,1.0
18807,18808,18808,2,2,2.0
18807,18808,18808,1,1,1.0
18807,18808,18808,1,1,1.0
18807,18808,18808,1,1,1.0
18807,18808,18808,2,2,2.0
18807,18808,18808,2,2,2.0
18807,18808,18808,1,1,1.0
18807,18808,18808,10,10,10.0
18808,18809,18809,1,1,1.0
18808,18809,18809,4,4,4.0
18808,18809,18808,1,-1,1.0
18808,18809,18808,1,-1,1.0
18808,18809,18809,17,17,17.0
18808,18809,18807,1,-1,1.0
18808,18809,18807,1,-1,1.0
18808,18809,18807,1,-1,1.0
18808,18809,18807,1,-1,1.0
18808,18809,18808,1,-1,1.0
18808,18809,18808,1,-1,1.0
18808,18809,18809,1,1,1.0
18809,18810,18809,1,-1,1.0
18809,18810,18810,2,2,2.0
18809,18810,18810,3,3,3.0
18809,18810,18810,1,1,1.0
18809,18810,18810,1,1,1.0
18809,18810,18810,1,1,1.0
18809,18810,18810,1,1,1.0
18809,18810,18810,1,1,1.0
18809,18810,18810,1,1,1.0
18809,18810,18810,2,2,2.0
18809,18810,18810,2,2,2.0
18809,18810,18810,1,1,1.0
18809,18810,18810,3,3,3.0
18809,18810,18811,1,1,-1.0
18809,18810,18811,1,1,-1.0
18809,18810,18811,1,1,-1.0
18810,18811,18811,1,1,1.0
18810,18811,18811,1,1,1.0
18810,18811,18811,2,2,2.0
18810,18811,18811,4,4,4.0
18809,18811,18811,1,1,1.0
18810,18811,18811,1,1,1.0
18810,18811,18810,1,-1,1.0
18810,18811,18811,2,2,2.0
18810,18811,18810,1,-1,1.0
18810,18811,18810,1,-1,1.0
18809,18811,18811,21,21,21.0
18809,18811,18811,2,2,2.0
18809,18811,18811,1,1,1.0
18809,18811,18811,1,1,1.0
18809,18811,18811,2,2,2.0
18809,18811,18811,1,1,1.0
18809,18811,18811,1,1,1.0
18809,18811,18811,1,1,1.0
18811,18812,18812,98,98,98.0
18811,18812,18812,1,1,1.0
18811,18812,18813,1,1,-1.0
18811,18812,18813,4,4,-4.0
18811,18812,18813,2,2,-2.0
18811,18812,18812,21,21,21.0
18811,18812,18813,9,9,-9.0
18811,18812,18812,5,5,5.0
18811,18813,18813,1,1,1.0
18811,18813,18813,1,1,1.0
18811,18813,18811,1,-1,1.0
18811,18813,18813,1,1,1.0
18811,18813,18813,1,1,1.0
18811,18813,18813,4,4,4.0
18811,18813,18811,3,-3,3.0
18811,18813,18811,1,-1,1.0
18811,18813,18813,1,1,1.0
18811,18813,18811,1,-1,1.0
18811,18813,18813,1,1,1.0
18811,18813,18814,1,1,-1.0
18812,18814,18812,3,-3,3.0
18812,18814,18814,1,1,1.0
18812,18814,18812,1,-1,1.0
18811,18812,18812,1,1,1.0
18811,18813,18813,1,1,1.0
18812,18813,18812,3,-3,3.0
18812,18813,18812,3,-3,3.0
18812,18813,18812,1,-1,1.0
18812,18813,18812,2,-2,2.0
18812,18813,18812,2,-2,2.0
18812,18813,18812,3,-3,3.0
18812,18813,18812,1,-1,1.0
18812,18813,18812,1,-1,1.0
18812,18813,18812,2,-2,2.0
18812,18813,18812,1,-1,1.0
18812,18813,18812,1,-1,1.0
18812,18813,18812,1,-1,1.0
18812,18813,18812,1,-1,1.0
18812,18813,18812,2,-2,2.0
18812,18813,18812,2,-2,2.0
18812,18813,18812,1,-1,1.0
18812,18813,18812,1,-1,1.0
18812,18813,18812,2,-2,2.0
18811,18812,18812,6,6,6.0
18811,18812,18812,1,1,1.0
18811,18812,18811,2,-2,2.0
18811,18812,18812,1,1,1.0
18812,18813,18813,1,1,1.0
18812,18813,18812,1,-1,1.0
18811,18812,18812,2,2,2.0
18811,18813,18813,2,2,2.0
18812,18813,18813,4,4,4.0
18812,18814,18813,1,1,-1.0
18812,18814,18812,1,-1,1.0
18812,18813,18812,1,-1,1.0
18812,18813,18813,1,1,1.0
18812,18813,18812,1,-1,1.0
18812,18813,18813,1,1,1.0
18812,18813,18812,2,-2,2.0
18812,18813,18812,1,-1,1.0
18812,18813,18813,1,1,1.0
18812,18813,18812,2,-2,2.0
18812,18813,18813,5,5,5.0
18813,18814,18813,4,-4,4.0
18813,18814,18813,3,-3,3.0
18812,18813,18812,1,-1,1.0
18812,18813,18813,1,1,1.0
18812,18813,18813,1,1,1.0
18812,18813,18813,1,1,1.0
18812,18813,18813,1,1,1.0
18812,18813,18812,3,-3,3.0
18812,18813,18812,1,-1,1.0
18812,18813,18812,2,-2,2.0
18811,18812,18812,3,3,3.0
18812,18813,18813,1,1,1.0
18812,18813,18812,1,-1,1.0
18812,18813,18812,1,-1,1.0
18812,18813,18813,1,1,1.0
18812,18813,18812,1,-1,1.0
18812,18813,18813,1,1,1.0
18812,18813,18813,3,3,3.0
18812,18813,18813,3,3,3.0
18812,18813,18812,1,-1,1.0
18812,18813,18813,1,1,1.0
18812,18813,18813,1,1,1.0
18812,18813,18813,2,2,2.0
18812,18813,18813,3,3,3.0
18812,18814,18813,1,1,-1.0
18812,18814,18814,4,4,4.0
18813,18814,18814,3,3,3.0
18813,18814,18813,1,-1,1.0
18813,18814,18814,37,37,37.0
18813,18814,18815,4,4,-4.0
18813,18814,18815,13,13,-13.0
18813,18814,18815,6,6,-6.0
18813,18814,18815,9,9,-9.0
18813,18814,18815,1,1,-1.0
18814,18816,18814,1,-1,1.0
18814,18816,18816,1,1,1.0
18814,18816,18816,1,1,1.0
18814,18816,18814,1,-1,1.0
18815,18816,18815,1,-1,1.0
18814,18816,18816,1,1,1.0
18814,18816,18816,1,1,1.0
18814,18815,18815,2,2,2.0
18814,18815,18815,1,1,1.0
18814,18815,18815,2,2,2.0
18814,18815,18816,1,1,-1.0
18814,18816,18815,1,1,-1.0
18814,18815,18815,1,1,1.0
18814,18815,18815,2,2,2.0
18814,18815,18815,1,1,1.0
18814,18815,18815,1,1,1.0
18814,18815,18815,1,1,1.0
18814,18815,18814,1,-1,1.0
18814,18815,18815,3,3,3.0
18814,18815,18815,1,1,1.0
18814,18815,18815,1,1,1.0
18814,18815,18815,2,2,2.0
18814,18815,18815,1,1,1.0
18814,18815,18815,1,1,1.0
18814,18815,18815,1,1,1.0
18814,18815,18815,1,1,1.0
18814,18815,18815,1,1,1.0
18814,18815,18815,1,1,1.0
18814,18815,18815,2,2,2.0
18814,18815,18815,1,1,1.0
18814,18815,18815,2,2,2.0
18814,18815,18815,4,4,4.0
18814,18815,18816,4,4,-4.0
18814,18815,18816,1,1,-1.0
18814,18815,18816,2,2,-2.0
18814,18815,18816,2,2,-2.0
18814,18815,18816,5,5,-5.0
18814,18815,18816,3,3,-3.0
18814,18815,18816,6,6,-6.0
18815,18816,18815,5,-5,5.0
18815,18816,18814,1,-1,1.0
18814,18815,18814,1,-1,1.0
18814,18815,18815,1,1,1.0
18814,18815,18814,2,-2,2.0
18814,18815,18815,1,1,1.0
18814,18815,18814,2,-2,2.0
18814,18815,18814,1,-1,1.0
18814,18815,18814,6,-6,6.0
18814,18815,18814,1,-1,1.0
18813,18814,18814,1,1,1.0
18813,18814,18815,4,4,-4.0
18814,18815,18814,2,-2,2.0
18814,18815,18815,1,1,1.0
18814,18815,18815,1,1,1.0
18814,18815,18815,12,12,12.0
18815,18816,18815,1,-1,1.0
18815,18816,18816,15,15,15.0
18815,18816,18816,3,3,3.0
18816,18817,18816,1,-1,1.0
18816,18817,18816,1,-1,1.0
18816,18817,18816,1,-1,1.0
18816,18817,18816,1,-1,1.0
18816,18817,18816,1,-1,1.0
18816,18817,18817,1,1,1.0
18816,18817,18816,1,-1,1.0
18816,18817,18816,1,-1,1.0
18816,18817,18817,1,1,1.0
18816,18817,18816,2,-2,2.0
18816,18817,18816,1,-1,1.0
18816,18817,18816,1,-1,1.0
18816,18817,18816,1,-1,1.0
18815,18817,18817,1,1,1.0
18815,18816,18815,2,-2,2.0
18815,18816,18815,3,-3,3.0
18815,18816,18815,1,-1,1.0
18815,18816,18815,1,-1,1.0
18815,18816,18815,1,-1,1.0
18815,18816,18815,1,-1,1.0
18815,18816,18815,2,-2,2.0
18815,18816,18815,1,-1,1.0
18815,18816,18815,1,-1,1.0
18815,18816,18815,1,-1,1.0
18815,18816,18815,1,-1,1.0
18815,18816,18815,1,-1,1.0
18815,18816,18815,1,-1,1.0
18815,18816,18815,1,-1,1.0
18815,18816,18815,1,-1,1.0
18815,18816,18815,2,-2,2.0
18814,18815,18815,1,1,1.0
18814,18815,18815,1,1,1.0
18814,18816,18814,1,-1,1.0
18814,18815,18815,1,1,1.0
18814,18815,18815,1,1,1.0
18814,18815,18815,1,1,1.0
18814,18816,18814,6,-6,6.0
18814,18815,18814,15,-15,15.0
18814,18815,18813,25,-25,25.0
18813,18815,18815,2,2,2.0
18813,18815,18813,1,-1,1.0
18813,18815,18814,1,-1,1.0
18813,18815,18814,1,-1,1.0
18813,18815,18813,8,-8,8.0
18813,18815,18812,2,-2,2.0
18813,18815,18814,3,-3,3.0
18814,18815,18814,1,-1,1.0
18813,18815,18815,1,1,1.0
18813,18815,18815,1,1,1.0
18813,18815,18815,1,1,1.0
18813,18815,18815,1,1,1.0
18813,18815,18815,1,1,1.0
18813,18814,18814,1,1,1.0
18813,18814,18814,1,1,1.0
18812,18814,18814,1,1,1.0
18812,18814,18814,4,4,4.0
18812,18814,18814,1,1,1.0
18812,18813,18812,1,-1,1.0
18811,18812,18812,1,1,1.0
18811,18812,18812,1,1,1.0
18812,18813,18812,3,-3,3.0
18812,18813,18812,1,-1,1.0
18812,18813,18813,1,1,1.0
18812,18813,18813,1,1,1.0
18812,18813,18812,1,-1,1.0
18812,18813,18813,2,2,2.0
18812,18814,18813,3,3,-3.0
18812,18814,18813,1,1,-1.0
18812,18814,18812,1,-1,1.0
18812,18813,18812,1,-1,1.0
18812,18813,18812,1,-1,1.0
18811,18812,18812,3,3,3.0
18811,18812,18811,3,-3,3.0
18810,18811,18810,1,-1,1.0
18810,18811,18810,1,-1,1.0
18810,18811,18810,1,-1,1.0
18810,18811,18810,1,-1,1.0
18810,18811,18810,2,-2,2.0
18810,18811,18810,1,-1,1.0
18810,18811,18810,3,-3,3.0
18810,18811,18810,1,-1,1.0
18809,18811,18809,1,-1,1.0
18809,18810,18809,1,-1,1.0
18809,18810,18809,1,-1,1.0
18809,18810,18809,1,-1,1.0
18809,18810,18809,1,-1,1.0
18809,18810,18809,1,-1,1.0
18808,18809,18809,8,8,8.0
18809,18810,18809,3,-3,3.0
18809,18810,18810,16,16,16.0
18810,18811,18810,1,-1,1.0
18809,18810,18810,1,1,1.0
18809,18810,18810,1,1,1.0
18809,18810,18809,2,-2,2.0
18809,18810,18809,2,-2,2.0
18809,18810,18809,23,-23,23.0
18808,18810,18810,5,5,5.0
18809,18810,18809,2,-2,2.0
18809,18810,18809,1,-1,1.0
18809,18810,18809,1,-1,1.0
18809,18810,18809,1,-1,1.0
18809,18810,18809,1,-1,1.0
18808,18809,18809,1,1,1.0
18808,18809,18809,1,1,1.0
18808,18809,18808,2,-2,2.0
18808,18809,18808,2,-2,2.0
18808,18809,18809,1,1,1.0
18808,18809,18809,1,1,1.0
18808,18809,18810,2,2,-2.0
18808,18809,18808,2,-2,2.0
18808,18809,18808,2,-2,2.0
18808,18809,18808,1,-1,1.0
18808,18809,18809,1,1,1.0
18808,18809,18808,1,-1,1.0
18808,18809,18808,1,-1,1.0
18807,18808,18807,1,-1,1.0
18807,18808,18807,1,-1,1.0
18807,18808,18807,1,-1,1.0
18807,18808,18807,1,-1,1.0
18807,18808,18807,1,-1,1.0
18807,18808,18807,1,-1,1.0
18807,18808,18807,1,-1,1.0
18807,18808,18807,1,-1,1.0
18807,18808,18807,1,-1,1.0
18807,18808,18807,1,-1,1.0
18807,18808,18807,1,-1,1.0
18807,18808,18808,5,5,5.0
18807,18809,18807,3,-3,3.0
18807,18808,18807,1,-1,1.0
18807,18808,18807,1,-1,1.0
18806,18808,18806,11,-11,11.0
18806,18808,18806,2,-2,2.0
18806,18808,18806,2,-2,2.0
18807,18808,18808,1,1,1.0
18807,18808,18808,1,1,1.0
18808,18809,18809,1,1,1.0
18808,18809,18808,1,-1,1.0
18808,18809,18808,1,-1,1.0
18808,18809,18808,1,-1,1.0
18807,18808,18808,1,1,1.0
18807,18808,18808,1,1,1.0
18808,18809,18808,1,-1,1.0
18808,18809,18809,1,1,1.0
18806,18808,18808,1,1,1.0
18806,18808,18808,1,1,1.0
18806,18808,18806,1,-1,1.0
18806,18808,18806,1,-1,1.0
18807,18809,18807,1,-1,1.0
18807,18808,18807,2,-2,2.0
18807,18808,18807,1,-1,1.0
18807,18808,18807,1,-1,1.0
18807,18808,18808,1,1,1.0
18808,18809,18808,3,-3,3.0
18807,18808,18808,2,2,2.0
18807,18808,18808,1,1,1.0
18807,18808,18808,1,1,1.0
18808,18809,18808,1,-1,1.0
18808,18809,18809,3,3,3.0
18808,18809,18809,1,1,1.0
18808,18809,18809,1,1,1.0
18808,18809,18809,3,3,3.0
18808,18809,18809,1,1,1.0
18809,18810,18809,1,-1,1.0
18809,18810,18809,1,-1,1.0
18809,18810,18809,1,-1,1.0
18808,18809,18808,3,-3,3.0
18807,18808,18807,1,-1,1.0
18807,18808,18807,4,-4,4.0
18807,18808,18807,3,-3,3.0
18807,18808,18807,1,-1,1.0
18807,18808,18807,1,-1,1.0
18807,18808,18807,1,-1,1.0
18807,18808,18807,1,-1,1.0
18807,18808,18807,9,-9,9.0
18806,18807,18806,10,-10,10.0
18805,18807,18807,1,1,1.0
18805,18806,18805,11,-11,11.0
18804,18805,18804,7,-7,7.0
18803,18804,18803,13,-13,13.0
18803,18804,18804,1,1,1.0
18802,18803,18802,1,-1,1.0
18802,18803,18802,1,-1,1.0
18801,18803,18801,1,-1,1.0
18801,18803,18801,1,-1,1.0
18801,18803,18801,1,-1,1.0
18801,18802,18801,1,-1,1.0
18802,18803,18803,1,1,1.0
18802,18803,18803,1,1,1.0
18803,18804,18803,3,-3,3.0
18803,18804,18803,1,-1,1.0
18802,18804,18803,2,-2,2.0
18803,18804,18803,1,-1,1.0
18803,18804,18804,2,2,2.0
18804,18805,18805,1,1,1.0
18803,18805,18803,1,-1,1.0
18803,18804,18803,3,-3,3.0
18802,18803,18802,3,-3,3.0
18802,18803,18802,1,-1,1.0
18802,18803,18802,1,-1,1.0
18802,18803,18802,2,-2,2.0
18802,18803,18802,2,-2,2.0
18802,18803,18802,3,-3,3.0
18801,18802,18802,2,2,2.0
18801,18802,18801,5,-5,5.0
18801,18802,18801,3,-3,3.0
18801,18802,18801,3,-3,3.0
18800,18801,18801,1,1,1.0
18800,18801,18801,1,1,1.0
18800,18801,18800,1,-1,1.0
18800,18801,18800,1,-1,1.0
18800,18801,18800,1,-1,1.0
18800,18801,18801,1,1,1.0
18800,18801,18801,1,1,1.0
18801,18803,18801,1,-1,1.0
18801,18803,18801,6,-6,6.0
18800,18802,18802,1,1,1.0
18800,18802,18800,2,-2,2.0
18800,18801,18800,1,-1,1.0
18800,18801,18800,3,-3,3.0
18800,18801,18800,3,-3,3.0
18799,18801,18799,2,-2,2.0
18798,18800,18799,1,-1,1.0
18799,18800,18800,1,1,1.0
18799,18800,18799,2,-2,2.0
18799,18800,18798,3,-3,3.0
18799,18800,18799,2,-2,2.0
18799,18800,18799,1,-1,1.0
18799,18800,18799,1,-1,1.0
18798,18799,18799,2,2,2.0
18798,18799,18798,4,-4,4.0
18797,18798,18797,2,-2,2.0
18797,18798,18797,1,-1,1.0
18797,18798,18797,1,-1,1.0
18797,18798,18797,2,-2,2.0
18797,18798,18797,1,-1,1.0
18797,18798,18797,2,-2,2.0
18797,18798,18797,3,-3,3.0
18797,18798,18797,1,-1,1.0
18797,18798,18797,1,-1,1.0
18797,18798,18797,1,-1,1.0
18796,18798,18796,2,-2,2.0
18796,18798,18796,1,-1,1.0
18796,18798,18796,1,-1,1.0
18796,18798,18796,1,-1,1.0
18796,18797,18796,2,-2,2.0
18796,18797,18797,2,2,2.0
18796,18797,18797,1,1,1.0
18796,18797,18798,1,1,-1.0
18796,18797,18796,1,-1,1.0
18796,18797,18797,1,1,1.0
18796,18798,18797,1,1,-1.0
18797,18798,18797,1,-1,1.0
18797,18798,18797,1,-1,1.0
18797,18798,18797,1,-1,1.0
18797,18798,18797,2,-2,2.0
18797,18798,18797,5,-5,5.0
18796,18797,18796,1,-1,1.0
18796,18797,18796,1,-1,1.0
18796,18797,18796,1,-1,1.0
18796,18797,18796,1,-1,1.0
18795,18796,18796,2,2,2.0
18795,18796,18795,5,-5,5.0
18795,18796,18795,2,-2,2.0
18795,18796,18795,2,-2,2.0
18795,18796,18794,2,-2,2.0
18795,18796,18794,2,-2,2.0
18794,18796,18794,1,-1,1.0
18794,18796,18794,1,-1,1.0
18794,18796,18794,1,-1,1.0
18794,18796,18794,1,-1,1.0
18794,18796,18794,1,-1,1.0
18794,18796,18794,2,-2,2.0
18794,18796,18793,2,-2,2.0
18794,18796,18793,2,-2,2.0
18794,18796,18793,2,-2,2.0
18794,18796,18793,6,-6,6.0
18794,18796,18792,2,-2,2.0
18794,18796,18793,1,-1,1.0
18794,18796,18793,2,-2,2.0
18793,18794,18793,1,-1,1.0
18793,18794,18792,1,-1,1.0
18793,18794,18792,2,-2,2.0
18793,18794,18792,2,-2,2.0
18793,18794,18792,2,-2,2.0
18793,18794,18792,2,-2,2.0
18793,18794,18792,1,-1,1.0
18793,18794,18793,1,-1,1.0
18792,18794,18792,2,-2,2.0
18792,18794,18793,2,-2,2.0
18792,18794,18793,1,-1,1.0
18793,18794,18793,2,-2,2.0
18792,18794,18792,1,-1,1.0
18792,18794,18794,1,1,1.0
18792,18794,18792,7,-7,7.0
18792,18793,18792,2,-2,2.0
18792,18793,18791,1,-1,1.0
18792,18793,18792,2,-2,2.0
18791,18792,18792,5,5,5.0
18791,18793,18791,2,-2,2.0
18791,18792,18792,2,2,2.0
18791,18793,18791,1,-1,1.0
18792,18793,18793,1,1,1.0
18792,18793,18793,2,2,2.0
18792,18793,18792,1,-1,1.0
18792,18793,18792,1,-1,1.0
18792,18793,18793,1,1,1.0
18792,18793,18792,7,-7,7.0
18792,18793,18792,5,-5,5.0
18791,18792,18791,1,-1,1.0
18791,18792,18792,1,1,1.0
18791,18792,18792,1,1,1.0
18791,18792,18792,3,3,3.0
18791,18792,18792,2,2,2.0
18791,18792,18792,2,2,2.0
18791,18792,18792,3,3,3.0
18791,18792,18791,3,-3,3.0
18791,18792,18792,1,1,1.0
18791,18792,18792,1,1,1.0
18791,18792,18792,1,1,1.0
18792,18793,18792,1,-1,1.0
18792,18793,18793,1,1,1.0
18792,18793,18793,1,1,1.0
18792,18793,18793,1,1,1.0
18792,18793,18793,3,3,3.0
18793,18794,18793,1,-1,1.0
18793,18794,18794,1,1,1.0
18793,18794,18794,1,1,1.0
18794,18795,18794,3,-3,3.0
18793,18794,18794,1,1,1.0
18794,18795,18794,1,-1,1.0
18794,18795,18794,3,-3,3.0
18794,18795,18795,3,3,3.0
18794,18795,18795,3,3,3.0
18795,18796,18796,1,1,1.0
18795,18796,18795,5,-5,5.0
18795,18796,18795,1,-1,1.0
18795,18796,18795,1,-1,1.0
18795,18796,18795,3,-3,3.0
18794,18795,18795,1,1,1.0
18794,18795,18794,1,-1,1.0
18794,18795,18795,2,2,2.0
18794,18795,18794,2,-2,2.0
18794,18795,18795,1,1,1.0
18794,18795,18794,6,-6,6.0
18794,18795,18794,2,-2,2.0
18794,18795,18794,2,-2,2.0
18794,18795,18794,1,-1,1.0
18794,18795,18794,2,-2,2.0
18794,18795,18794,3,-3,3.0
18793,18794,18793,3,-3,3.0
18793,18794,18793,1,-1,1.0
18793,18794,18793,1,-1,1.0
18793,18794,18793,11,-11,11.0
18792,18793,18792,1,-1,1.0
18792,18793,18792,1,-1,1.0
18792,18793,18792,7,-7,7.0
18792,18793,18792,1,-1,1.0
18792,18793,18792,1,-1,1.0
18792,18793,18792,3,-3,3.0
18792,18793,18792,1,-1,1.0
18792,18793,18792,1,-1,1.0
18792,18793,18792,2,-2,2.0
18792,18793,18792,1,-1,1.0
18792,18793,18792,1,-1,1.0
18792,18793,18792,1,-1,1.0
18792,18793,18792,1,-1,1.0
18792,18793,18792,2,-2,2.0
18792,18793,18792,1,-1,1.0
18792,18793,18792,31,-31,31.0
18792,18793,18792,2,-2,2.0
18792,18793,18792,1,-1,1.0
18792,18793,18792,9,-9,9.0
18792,18793,18792,2,-2,2.0
18792,18793,18791,3,-3,3.0
18791,18792,18791,1,-1,1.0
18791,18792,18791,1,-1,1.0
18791,18792,18792,1,1,1.0
18791,18792,18792,1,1,1.0
18791,18792,18791,2,-2,2.0
18791,18792,18791,1,-1,1.0
18791,18792,18792,1,1,1.0
18790,18792,18790,1,-1,1.0
18790,18791,18790,1,-1,1.0
18790,18791,18790,1,-1,1.0
18790,18792,18790,1,-1,1.0
18790,18791,18791,1,1,1.0
18791,18792,18792,1,1,1.0
18791,18792,18792,1,1,1.0
18792,18793,18792,1,-1,1.0
18792,18793,18791,4,-4,4.0
18792,18793,18792,1,-1,1.0
18792,18793,18791,2,-2,2.0
18791,18792,18791,5,-5,5.0
18791,18792,18791,1,-1,1.0
18791,18792,18791,2,-2,2.0
18791,18792,18791,1,-1,1.0
18790,18792,18790,1,-1,1.0
18790,18791,18790,1,-1,1.0
18790,18791,18790,1,-1,1.0
18790,18791,18790,1,-1,1.0
18790,18791,18790,1,-1,1.0
18790,18791,18790,1,-1,1.0
18790,18791,18790,1,-1,1.0
18790,18791,18790,1,-1,1.0
18790,18791,18790,1,-1,1.0
18790,18791,18790,1,-1,1.0
18790,18791,18790,13,-13,13.0
18790,18791,18790,2,-2,2.0
18790,18791,18790,12,-12,12.0
18789,18790,18789,3,-3,3.0
18789,18790,18790,1,1,1.0
18789,18790,18789,1,-1,1.0
18789,18790,18788,1,-1,1.0
18789,18790,18788,1,-1,1.0
18788,18789,18788,2,-2,2.0
18788,18789,18788,1,-1,1.0
18788,18789,18788,4,-4,4.0
18788,18789,18788,1,-1,1.0
18788,18789,18788,10,-10,10.0
18788,18789,18787,1,-1,1.0
18787,18788,18787,1,-1,1.0
18787,18788,18788,2,2,2.0
18787,18789,18788,2,2,-2.0
18788,18789,18788,1,-1,1.0
18787,18789,18787,2,-2,2.0
18787,18789,18788,1,-1,1.0
18787,18789,18787,1,-1,1.0
18788,18789,18788,1,-1,1.0
18788,18789,18788,1,-1,1.0
18788,18789,18788,1,-1,1.0
18788,18789,18789,5,5,5.0
18789,18790,18789,4,-4,4.0
18789,18790,18788,10,-10,10.0
18788,18789,18788,1,-1,1.0
18788,18789,18788,1,-1,1.0
18788,18789,18788,1,-1,1.0
18788,18789,18788,1,-1,1.0
18788,18789,18788,2,-2,2.0
18788,18789,18788,3,-3,3.0
18788,18789,18788,1,-1,1.0
18788,18789,18788,1,-1,1.0
18788,18789,18788,1,-1,1.0
18788,18789,18788,1,-1,1.0
18788,18789,18788,1,-1,1.0
18787,18788,18788,1,1,1.0
18787,18788,18788,1,1,1.0
18788,18789,18788,1,-1,1.0
18788,18789,18788,1,-1,1.0
18788,18789,18788,1,-1,1.0
18788,18789,18788,1,-1,1.0
18787,18788,18788,1,1,1.0
18787,18789,18787,2,-2,2.0
18787,18788,18788,1,1,1.0
18787,18789,18787,1,-1,1.0
18787,18789,18787,1,-1,1.0
18787,18788,18787,6,-6,6.0
18786,18788,18788,1,1,1.0
18786,18787,18786,1,-1,1.0
18786,18787,18786,13,-13,13.0
18785,18786,18785,1,-1,1.0
18785,18786,18785,1,-1,1.0
18785,18786,18785,1,-1,1.0
18785,18786,18785,26,-26,26.0
18785,18786,18785,1,-1,1.0
18785,18786,18785,2,-2,2.0
18785,18786,18785,1,-1,1.0
18785,18786,18785,1,-1,1.0
18785,18786,18785,6,-6,6.0
18785,18786,18786,2,2,2.0
18785,18786,18785,1,-1,1.0
18785,18786,18786,5,5,5.0
18785,18786,18785,1,-1,1.0
18785,18786,18785,2,-2,2.0
18785,18786,18785,1,-1,1.0
18785,18786,18785,1,-1,1.0
18784,18785,18785,6,6,6.0
18785,18786,18785,2,-2,2.0
18785,18786,18785,2,-2,2.0
18785,18786,18786,2,2,2.0
18785,18786,18786,3,3,3.0
18786,18787,18786,1,-1,1.0
18786,18787,18786,1,-1,1.0
18786,18787,18787,2,2,2.0
18787,18788,18787,1,-1,1.0
18787,18788,18787,1,-1,1.0
18787,18788,18787,1,-1,1.0
18787,18788,18787,3,-3,3.0
18787,18788,18786,3,-3,3.0
18787,18788,18788,1,1,1.0
18787,18788,18788,1,1,1.0
18787,18788,18787,1,-1,1.0
18787,18788,18788,1,1,1.0
18787,18788,18787,3,-3,3.0
18787,18788,18788,1,1,1.0
18787,18788,18788,2,2,2.0
18787,18788,18788,3,3,3.0
18787,18788,18788,4,4,4.0
18787,18788,18788,1,1,1.0
18788,18789,18789,3,3,3.0
18788,18789,18789,1,1,1.0
18788,18789,18789,1,1,1.0
18788,18789,18789,1,1,1.0
18788,18789,18788,1,-1,1.0
18788,18789,18789,1,1,1.0
18788,18789,18789,1,1,1.0
18789,18790,18789,2,-2,2.0
18788,18789,18788,3,-3,3.0
18788,18789,18788,1,-1,1.0
18788,18789,18788,1,-1,1.0
18788,18789,18788,3,-3,3.0
18788,18789,18788,1,-1,1.0
18788,18789,18788,1,-1,1.0
18788,18789,18788,1,-1,1.0
18788,18789,18788,1,-1,1.0
18788,18789,18788,1,-1,1.0
18787,18788,18788,1,1,1.0
18787,18788,18788,1,1,1.0
18787,18788,18787,10,-10,10.0
18786,18787,18787,1,1,1.0
18786,18788,18786,14,-14,14.0
18786,18787,18788,1,1,-1.0
18787,18788,18787,1,-1,1.0
18787,18788,18787,1,-1,1.0
18786,18787,18787,1,1,1.0
18785,18787,18787,1,1,1.0
18786,18787,18787,1,1,1.0
18785,18787,18787,1,1,1.0
18786,18787,18787,1,1,1.0
18787,18788,18787,1,-1,1.0
18786,18787,18787,2,2,2.0
18786,18787,18786,3,-3,3.0
18785,18786,18786,1,1,1.0
18785,18786,18785,1,-1,1.0
18785,18786,18785,1,-1,1.0
18785,18786,18786,1,1,1.0
18785,18786,18786,1,1,1.0
18786,18787,18786,1,-1,1.0
18785,18786,18786,1,1,1.0
18785,18786,18786,1,1,1.0
18786,18787,18786,1,-1,1.0
18785,18786,18786,3,3,3.0
18785,18786,18786,1,1,1.0
18785,18786,18786,1,1,1.0
18785,18786,18786,1,1,1.0
18786,18787,18786,3,-3,3.0
18786,18787,18786,1,-1,1.0
18786,18787,18786,1,-1,1.0
18786,18787,18787,1,1,1.0
18787,18788,18787,3,-3,3.0
18787,18788,18786,2,-2,2.0
18786,18787,18786,1,-1,1.0
18786,18787,18785,4,-4,4.0
18786,18787,18786,1,-1,1.0
18785,18786,18785,1,-1,1.0
18785,18786,18785,1,-1,1.0
18785,18786,18785,4,-4,4.0
18785,18786,18785,7,-7,7.0
18785,18786,18786,2,2,2.0
18786,18787,18786,1,-1,1.0
18786,18787,18786,3,-3,3.0
18786,18788,18786,1,-1,1.0
18786,18788,18786,3,-3,3.0
18785,18786,18785,1,-1,1.0
18784,18785,18785,2,2,2.0
18784,18786,18786,1,1,1.0
18784,18785,18785,2,2,2.0
18784,18785,18786,1,1,-1.0
18785,18786,18785,1,-1,1.0
18785,18786,18785,1,-1,1.0
18785,18786,18786,1,1,1.0
18785,18786,18785,3,-3,3.0
18785,18786,18785,1,-1,1.0
18784,18785,18785,1,1,1.0
18784,18785,18785,1,1,1.0
18784,18785,18784,1,-1,1.0
18784,18785,18784,1,-1,1.0
18784,18785,18784,3,-3,3.0
18784,18785,18784,1,-1,1.0
18784,18785,18784,1,-1,1.0
18784,18785,18784,2,-2,2.0
18784,18785,18784,2,-2,2.0
18784,18785,18784,5,-5,5.0
18784,18785,18784,2,-2,2.0
18784,18785,18784,3,-3,3.0
18784,18785,18783,2,-2,2.0
18784,18785,18783,2,-2,2.0
18784,18785,18783,1,-1,1.0
18784,18785,18783,1,-1,1.0
18782,18783,18782,1,-1,1.0
18782,18783,18782,35,-35,35.0
18782,18783,18781,1,-1,1.0
18781,18783,18781,1,-1,1.0
18781,18783,18781,1,-1,1.0
18781,18783,18781,1,-1,1.0
18781,18783,18781,1,-1,1.0
18781,18783,18782,1,-1,1.0
18781,18783,18781,1,-1,1.0
18781,18783,18781,1,-1,1.0
18781,18783,18781,1,-1,1.0
18781,18783,18781,1,-1,1.0
18782,18784,18782,2,-2,2.0
18782,18784,18782,1,-1,1.0
18782,18784,18784,1,1,1.0
18782,18783,18783,1,1,1.0
18783,18784,18783,1,-1,1.0
18782,18784,18782,9,-9,9.0
18783,18784,18783,5,-5,5.0
18783,18784,18783,1,-1,1.0
18783,18784,18783,1,-1,1.0
18783,18784,18783,1,-1,1.0
18781,18782,18782,2,2,2.0
18781,18783,18782,1,1,-1.0
18781,18782,18781,5,-5,5.0
18781,18782,18781,10,-10,10.0
18781,18782,18780,5,-5,5.0
18781,18782,18780,20,-20,20.0
18781,18782,18780,3,-3,3.0
18781,18782,18781,2,-2,2.0
18781,18782,18779,2,-2,2.0
18781,18782,18781,1,-1,1.0
18781,18782,18781,1,-1,1.0
18781,18782,18780,3,-3,3.0
18781,18782,18779,2,-2,2.0
18781,18782,18779,7,-7,7.0
18779,18780,18780,1,1,1.0
18779,18780,18780,1,1,1.0
18779,18780,18779,3,-3,3.0
18779,18780,18779,1,-1,1.0
18779,18780,18779,1,-1,1.0
18779,18780,18779,1,-1,1.0
18779,18780,18779,1,-1,1.0
18779,18780,18779,1,-1,1.0
18779,18780,18779,1,-1,1.0
18779,18780,18779,1,-1,1.0
18779,18780,18779,1,-1,1.0
18779,18780,18779,1,-1,1.0
18779,18780,18779,3,-3,3.0
18779,18780,18778,1,-1,1.0
18779,18780,18779,2,-2,2.0
18779,18780,18779,1,-1,1.0
18779,18780,18779,1,-1,1.0
18779,18780,18779,1,-1,1.0
18779,18780,18779,1,-1,1.0
18779,18780,18778,1,-1,1.0
18779,18780,18779,2,-2,2.0
18779,18780,18778,1,-1,1.0
18779,18780,18778,1,-1,1.0
18779,18780,18778,1,-1,1.0
18779,18780,18778,1,-1,1.0
18779,18780,18778,1,-1,1.0
18779,18780,18778,1,-1,1.0
18779,18780,18778,1,-1,1.0
18779,18780,18778,1,-1,1.0
18779,18780,18778,1,-1,1.0
18778,18779,18778,1,-1,1.0
18778,18779,18778,1,-1,1.0
18778,18779,18778,1,-1,1.0
18778,18779,18778,1,-1,1.0
18778,18779,18778,1,-1,1.0
18778,18779,18778,1,-1,1.0
18778,18779,18778,2,-2,2.0
18778,18779,18778,1,-1,1.0
18778,18779,18778,1,-1,1.0
18778,18779,18779,2,2,2.0
18778,18779,18777,1,-1,1.0
18778,18779,18777,1,-1,1.0
18778,18779,18777,1,-1,1.0
18778,18779,18777,1,-1,1.0
18778,18779,18777,1,-1,1.0
18778,18779,18777,1,-1,1.0
18778,18779,18777,1,-1,1.0
18778,18779,18777,1,-1,1.0
18778,18779,18777,1,-1,1.0
18778,18779,18777,1,-1,1.0
18778,18779,18777,1,-1,1.0
18778,18779,18777,1,-1,1.0
18778,18779,18777,1,-1,1.0
18778,18779,18777,1,-1,1.0
18778,18779,18777,1,-1,1.0
18778,18779,18777,1,-1,1.0
18778,18779,18777,1,-1,1.0
18778,18779,18776,1,-1,1.0
18778,18779,18776,1,-1,1.0
18778,18779,18776,1,-1,1.0
18778,18779,18777,1,-1,1.0
18777,18778,18777,1,-1,1.0
18777,18778,18778,1,1,1.0
18777,18778,18778,4,4,4.0
18777,18778,18778,1,1,1.0
18777,18778,18778,1,1,1.0
18777,18778,18778,1,1,1.0
18777,18778,18778,1,1,1.0
18777,18778,18778,1,1,1.0
18777,18778,18778,2,2,2.0
18777,18779,18777,1,-1,1.0
18777,18779,18777,1,-1,1.0
18777,18779,18777,1,-1,1.0
18777,18779,18777,1,-1,1.0
18777,18779,18777,2,-2,2.0
18777,18779,18777,1,-1,1.0
18777,18779,18777,1,-1,1.0
18777,18779,18777,2,-2,2.0
18777,18778,18777,2,-2,2.0
18777,18778,18777,1,-1,1.0
18777,18778,18777,2,-2,2.0
18777,18778,18777,1,-1,1.0
18777,18778,18777,1,-1,1.0
18777,18778,18777,1,-1,1.0
18777,18778,18777,1,-1,1.0
18777,18778,18777,1,-1,1.0
18777,18778,18778,1,1,1.0
18777,18778,18777,2,-2,2.0
18777,18778,18778,3,3,3.0
18777,18779,18777,1,-1,1.0
18777,18779,18777,12,-12,12.0
18777,18779,18778,3,-3,3.0
18777,18779,18778,2,-2,2.0
18777,18779,18777,1,-1,1.0
18777,18779,18777,1,-1,1.0
18777,18779,18777,1,-1,1.0
18777,18779,18777,1,-1,1.0
18777,18779,18777,1,-1,1.0
18777,18779,18778,1,-1,1.0
18777,18779,18777,6,-6,6.0
18777,18779,18776,2,-2,2.0
18777,18779,18776,1,-1,1.0
18777,18779,18776,1,-1,1.0
18777,18779,18776,1,-1,1.0
18777,18779,18778,1,-1,1.0
18777,18779,18778,1,-1,1.0
18778,18779,18778,1,-1,1.0
18778,18779,18778,1,-1,1.0
18778,18779,18778,1,-1,1.0
18778,18779,18778,1,-1,1.0
18778,18779,18778,1,-1,1.0
18778,18779,18778,1,-1,1.0
18777,18779,18777,2,-2,2.0
18777,18779,18777,3,-3,3.0
18777,18779,18777,2,-2,2.0
18777,18779,18777,1,-1,1.0
18777,18779,18777,1,-1,1.0
18777,18779,18776,1,-1,1.0
18777,18778,18777,1,-1,1.0
18776,18778,18778,1,1,1.0
18776,18778,18776,1,-1,1.0
18776,18778,18778,5,5,5.0
18776,18778,18777,1,1,-1.0
18776,18778,18776,1,-1,1.0
18777,18778,18777,3,-3,3.0
18777,18778,18777,2,-2,2.0
18777,18778,18777,1,-1,1.0
18776,18777,18776,2,-2,2.0
18776,18777,18776,2,-2,2.0
18776,18777,18776,1,-1,1.0
18776,18777,18776,2,-2,2.0
18776,18777,18776,1,-1,1.0
18776,18777,18777,1,1,1.0
18776,18777,18777,3,3,3.0
18776,18777,18777,1,1,1.0
18776,18777,18777,5,5,5.0
18776,18777,18776,1,-1,1.0
18775,18776,18775,2,-2,2.0
18775,18776,18775,1,-1,1.0
18775,18776,18775,1,-1,1.0
18775,18776,18776,2,2,2.0
18775,18776,18776,1,1,1.0
18775,18777,18777,1,1,1.0
18776,18777,18777,1,1,1.0
18776,18777,18776,1,-1,1.0
18776,18777,18775,1,-1,1.0
18775,18777,18776,1,-1,1.0
18775,18777,18775,1,-1,1.0
18775,18777,18775,3,-3,3.0
18775,18777,18775,1,-1,1.0
18775,18777,18775,1,-1,1.0
18776,18777,18776,1,-1,1.0
18776,18777,18775,28,-28,28.0
18775,18776,18775,1,-1,1.0
18775,18776,18775,2,-2,2.0
18774,18776,18774,4,-4,4.0
18774,18776,18776,1,1,1.0
18775,18776,18775,1,-1,1.0
18775,18776,18775,1,-1,1.0
18775,18776,18775,1,-1,1.0
18775,18776,18774,1,-1,1.0
18775,18776,18774,1,-1,1.0
18775,18776,18774,6,-6,6.0
18774,18776,18774,2,-2,2.0
18774,18776,18774,2,-2,2.0
18774,18776,18776,3,3,3.0
18775,18776,18776,1,1,1.0
18775,18776,18775,7,-7,7.0
18775,18777,18776,1,-1,1.0
18775,18777,18776,1,-1,1.0
18775,18777,18775,27,-27,27.0
18775,18776,18776,5,5,5.0
18775,18777,18775,10,-10,10.0
18775,18777,18775,3,-3,3.0
18775,18777,18775,2,-2,2.0
18775,18777,18775,2,-2,2.0
18775,18777,18775,2,-2,2.0
18775,18776,18775,1,-1,1.0
18774,18775,18775,1,1,1.0
18774,18775,18774,1,-1,1.0
18774,18775,18774,1,-1,1.0
18774,18775,18773,1,-1,1.0
18773,18775,18773,2,-2,2.0
18773,18775,18773,5,-5,5.0
18773,18775,18775,1,1,1.0
18773,18775,18774,2,2,-2.0
18773,18775,18774,1,1,-1.0
18773,18775,18775,3,3,3.0
18773,18775,18775,2,2,2.0
18773,18775,18775,1,1,1.0
18773,18775,18773,6,-6,6.0
18773,18775,18773,2,-2,2.0
18773,18775,18773,2,-2,2.0
18773,18775,18773,1,-1,1.0
18773,18775,18773,2,-2,2.0
18773,18775,18774,2,-2,2.0
18773,18775,18773,14,-14,14.0
18773,18774,18774,1,1,1.0
18773,18774,18773,1,-1,1.0
18773,18774,18773,3,-3,3.0
18773,18774,18773,1,-1,1.0
18772,18773,18773,1,1,1.0
18772,18773,18772,5,-5,5.0
18772,18774,18772,1,-1,1.0
18772,18774,18772,1,-1,1.0
18773,18774,18773,2,-2,2.0
18772,18774,18772,5,-5,5.0
18772,18773,18772,2,-2,2.0
18772,18773,18772,5,-5,5.0
18772,18773,18773,1,1,1.0
18772,18773,18772,5,-5,5.0
18772,18773,18771,1,-1,1.0
18771,18772,18771,2,-2,2.0
18771,18772,18771,3,-3,3.0
18771,18772,18771,5,-5,5.0
18771,18772,18771,2,-2,2.0
18771,18772,18770,2,-2,2.0
18771,18772,18770,2,-2,2.0
18771,18772,18770,3,-3,3.0
18771,18772,18770,2,-2,2.0
18771,18772,18771,2,-2,2.0
18771,18772,18770,2,-2,2.0
18771,18772,18770,2,-2,2.0
18770,18771,18771,1,1,1.0
18770,18771,18770,1,-1,1.0
18770,18771,18770,1,-1,1.0
18770,18771,18770,2,-2,2.0
18770,18771,18770,1,-1,1.0
18770,18771,18770,1,-1,1.0
18770,18771,18770,1,-1,1.0
18770,18771,18771,1,1,1.0
18770,18771,18770,3,-3,3.0
18770,18771,18771,1,1,1.0
18770,18771,18770,1,-1,1.0
18770,18771,18770,1,-1,1.0
18770,18772,18770,1,-1,1.0
18770,18772,18770,1,-1,1.0
18770,18772,18770,1,-1,1.0
18770,18772,18770,1,-1,1.0
18770,18772,18770,1,-1,1.0
18770,18772,18770,1,-1,1.0
18770,18772,18772,2,2,2.0
18770,18772,18772,2,2,2.0
18770,18772,18772,1,1,1.0
18770,18772,18772,1,1,1.0
18770,18772,18771,2,2,-2.0
18770,18772,18771,1,1,-1.0
18770,18772,18771,11,11,-11.0
18771,18772,18771,2,-2,2.0
18771,18772,18770,1,-1,1.0
18771,18772,18771,2,-2,2.0
18771,18772,18770,1,-1,1.0
18771,18772,18771,1,-1,1.0
18771,18772,18771,2,-2,2.0
18771,18772,18770,3,-3,3.0
18770,18772,18772,1,1,1.0
18770,18772,18770,4,-4,4.0
18770,18772,18770,3,-3,3.0
18770,18772,18772,1,1,1.0
18770,18772,18772,1,1,1.0
18770,18772,18772,1,1,1.0
18770,18772,18770,1,-1,1.0
18770,18772,18770,5,-5,5.0
18771,18773,18771,1,-1,1.0
18771,18773,18771,1,-1,1.0
18772,18773,18772,1,-1,1.0
18771,18773,18771,5,-5,5.0
18771,18773,18771,5,-5,5.0
18771,18773,18771,1,-1,1.0
18771,18773,18771,1,-1,1.0
18771,18772,18772,1,1,1.0
18771,18772,18771,1,-1,1.0
18771,18772,18770,3,-3,3.0
18771,18772,18772,1,1,1.0
18771,18772,18771,4,-4,4.0
18771,18772,18770,6,-6,6.0
18771,18772,18771,5,-5,5.0
18771,18772,18771,2,-2,2.0
18771,18772,18770,2,-2,2.0
18770,18772,18771,1,-1,1.0
18771,18772,18771,1,-1,1.0
18770,18772,18771,1,-1,1.0
18770,18772,18770,1,-1,1.0
18771,18772,18772,2,2,2.0
18771,18773,18772,2,2,-2.0
18771,18773,18771,14,-14,14.0
18770,18772,18771,3,-3,3.0
18770,18772,18770,8,-8,8.0
18769,18771,18771,1,1,1.0
18769,18771,18769,1,-1,1.0
18769,18771,18769,2,-2,2.0
18769,18770,18769,1,-1,1.0
18769,18770,18769,1,-1,1.0
18769,18770,18770,1,1,1.0
18769,18770,18769,1,-1,1.0
18769,18770,18769,1,-1,1.0
18769,18770,18769,1,-1,1.0
18769,18770,18769,1,-1,1.0
18769,18770,18769,1,-1,1.0
18769,18770,18770,2,2,2.0
18770,18771,18770,1,-1,1.0
18770,18771,18771,1,1,1.0
18769,18771,18771,1,1,1.0
18769,18771,18769,1,-1,1.0
18769,18771,18769,1,-1,1.0
18769,18771,18771,1,1,1.0
18769,18771,18769,1,-1,1.0
18769,18771,18771,1,1,1.0
18769,18771,18771,3,3,3.0
18769,18771,18769,1,-1,1.0
18769,18771,18769,1,-1,1.0
18770,18771,18770,3,-3,3.0
18770,18771,18770,1,-1,1.0
18770,18771,18770,1,-1,1.0
18770,18771,18770,2,-2,2.0
18769,18771,18769,1,-1,1.0
18769,18770,18770,4,4,4.0
18769,18770,18770,1,1,1.0
18769,18770,18769,1,-1,1.0
18769,18770,18769,1,-1,1.0
18769,18770,18770,2,2,2.0
18769,18770,18770,3,3,3.0
18769,18770,18769,1,-1,1.0
18769,18770,18769,1,-1,1.0
18769,18770,18770,10,10,10.0
18770,18771,18770,1,-1,1.0
18769,18771,18771,1,1,1.0
18769,18771,18769,1,-1,1.0
18769,18771,18770,2,-2,2.0
18770,18771,18770,3,-3,3.0
18769,18770,18770,1,1,1.0
18769,18770,18771,4,4,-4.0
18770,18771,18770,5,-5,5.0
18770,18771,18770,1,-1,1.0
18770,18772,18772,1,1,1.0
18771,18772,18772,1,1,1.0
18771,18772,18772,6,6,6.0
18771,18773,18771,1,-1,1.0
18771,18772,18771,1,-1,1.0
18771,18772,18771,1,-1,1.0
18771,18772,18772,1,1,1.0
18771,18772,18772,1,1,1.0
18770,18772,18770,4,-4,4.0
18770,18772,18770,1,-1,1.0
18770,18772,18772,3,3,3.0
18771,18772,18772,1,1,1.0
18771,18772,18771,1,-1,1.0
18770,18771,18771,4,4,4.0
18771,18772,18771,1,-1,1.0
18771,18772,18771,1,-1,1.0
18771,18772,18773,14,14,-14.0
18771,18773,18773,1,1,1.0
18771,18773,18773,5,5,5.0
18772,18774,18772,1,-1,1.0
18772,18774,18772,1,-1,1.0
18771,18773,18773,2,2,2.0
18771,18773,18773,1,1,1.0
18771,18772,18772,1,1,1.0
18771,18772,18772,1,1,1.0
18771,18772,18772,1,1,1.0
18771,18772,18772,1,1,1.0
18771,18772,18773,2,2,-2.0
18771,18773,18771,1,-1,1.0
18772,18773,18772,10,-10,10.0
18771,18772,18771,4,-4,4.0
18771,18772,18771,1,-1,1.0
18771,18772,18771,3,-3,3.0
18771,18772,18771,2,-2,2.0
18771,18772,18771,6,-6,6.0
18771,18772,18771,4,-4,4.0
18771,18772,18771,2,-2,2.0
18771,18772,18771,2,-2,2.0
18770,18771,18770,1,-1,1.0
18770,18771,18770,1,-1,1.0
18771,18772,18771,1,-1,1.0
18771,18772,18771,2,-2,2.0
18770,18771,18771,3,3,3.0
18770,18771,18770,1,-1,1.0
18770,18771,18771,1,1,1.0
18770,18771,18771,3,3,3.0
18771,18772,18771,2,-2,2.0
18771,18772,18771,1,-1,1.0
18771,18772,18771,1,-1,1.0
18771,18772,18771,1,-1,1.0
18771,18772,18771,5,-5,5.0
18770,18772,18771,1,-1,1.0
18770,18772,18770,4,-4,4.0
18771,18772,18771,1,-1,1.0
18770,18771,18770,1,-1,1.0
18770,18771,18771,2,2,2.0
18770,18771,18771,1,1,1.0
18770,18771,18771,10,10,10.0
18770,18771,18770,18,-18,18.0
18769,18770,18770,2,2,2.0
18769,18770,18770,2,2,2.0
18769,18770,18770,1,1,1.0
18769,18770,18769,1,-1,1.0
18769,18770,18769,1,-1,1.0
18769,18770,18769,1,-1,1.0
18769,18770,18769,1,-1,1.0
18769,18770,18769,1,-1,1.0
18769,18770,18769,1,-1,1.0
18769,18770,18769,10,-10,10.0
18769,18770,18769,2,-2,2.0
18769,18770,18768,39,-39,39.0
18769,18770,18769,1,-1,1.0
18769,18770,18768,1,-1,1.0
18767,18768,18767,2,-2,2.0
18767,18768,18767,5,-5,5.0
18767,18768,18766,1,-1,1.0
18767,18768,18766,1,-1,1.0
18766,18768,18766,1,-1,1.0
18766,18768,18766,2,-2,2.0
18766,18768,18766,2,-2,2.0
18766,18768,18767,1,-1,1.0
18766,18768,18766,1,-1,1.0
18766,18768,18766,1,-1,1.0
18766,18768,18766,1,-1,1.0
18766,18768,18766,1,-1,1.0
18766,18768,18768,1,1,1.0
18766,18768,18768,1,1,1.0
18766,18768,18768,1,1,1.0
18766,18768,18768,1,1,1.0
18767,18768,18767,2,-2,2.0
18767,18768,18767,1,-1,1.0
18767,18768,18767,1,-1,1.0
18767,18768,18767,1,-1,1.0
18766,18768,18768,5,5,5.0
18766,18768,18766,1,-1,1.0
18766,18767,18766,9,-9,9.0
18766,18767,18766,1,-1,1.0
18766,18767,18766,1,-1,1.0
18766,18767,18766,1,-1,1.0
18766,18767,18766,1,-1,1.0
18766,18767,18766,1,-1,1.0
18766,18767,18766,1,-1,1.0
18766,18767,18766,1,-1,1.0
18765,18767,18767,1,1,1.0
18765,18767,18767,1,1,1.0
18765,18767,18767,1,1,1.0
18765,18767,18767,1,1,1.0
18766,18767,18766,1,-1,1.0
18766,18767,18767,1,1,1.0
18766,18767,18766,2,-2,2.0
18766,18768,18766,1,-1,1.0
18766,18768,18768,1,1,1.0
18766,18767,18767,1,1,1.0
18766,18768,18768,1,1,1.0
18767,18769,18767,1,-1,1.0
18767,18769,18769,1,1,1.0
18766,18768,18766,1,-1,1.0
18766,18768,18766,1,-1,1.0
18768,18770,18768,1,-1,1.0
18768,18770,18768,5,-5,5.0
18769,18770,18770,2,2,2.0
18769,18770,18770,2,2,2.0
18769,18770,18770,3,3,3.0
18770,18771,18771,1,1,1.0
18771,18772,18771,10,-10,10.0
18771,18772,18772,2,2,2.0
18772,18773,18772,5,-5,5.0
18772,18773,18772,9,-9,9.0
18772,18773,18772,1,-1,1.0
18772,18773,18773,1,1,1.0
18772,18773,18774,4,4,-4.0
18773,18774,18774,1,1,1.0
18773,18774,18774,1,1,1.0
18773,18774,18774,3,3,3.0
18774,18776,18774,5,-5,5.0
18774,18775,18774,1,-1,1.0
18773,18775,18773,1,-1,1.0
18773,18775,18773,1,-1,1.0
18773,18775,18773,1,-1,1.0
18773,18775,18772,11,-11,11.0
18773,18775,18772,1,-1,1.0
18773,18775,18772,1,-1,1.0
18772,18774,18772,1,-1,1.0
18772,18774,18772,6,-6,6.0
18772,18774,18772,2,-2,2.0
18772,18774,18772,3,-3,3.0
18772,18773,18772,1,-1,1.0
18772,18773,18772,15,-15,15.0
18771,18773,18773,1,1,1.0
18772,18774,18772,1,-1,1.0
18773,18774,18773,1,-1,1.0
18773,18774,18773,1,-1,1.0
18772,18774,18774,1,1,1.0
18772,18774,18772,1,-1,1.0
18772,18774,18773,1,-1,1.0
18773,18774,18773,1,-1,1.0
18773,18774,18772,2,-2,2.0
18773,18774,18773,1,-1,1.0
18772,18774,18774,3,3,3.0
18772,18774,18772,1,-1,1.0
18772,18774,18774,3,3,3.0
18773,18774,18774,1,1,1.0
18773,18774,18774,1,1,1.0
18772,18774,18774,1,1,1.0
18772,18774,18772,1,-1,1.0
18773,18775,18774,1,-1,1.0
18772,18774,18772,23,-23,23.0
18772,18774,18771,7,-7,7.0
18771,18773,18773,2,2,2.0
18771,18773,18773,1,1,1.0
18772,18773,18772,3,-3,3.0
18772,18773,18773,1,1,1.0
18772,18774,18773,2,2,-2.0
18772,18774,18772,2,-2,2.0
18772,18774,18774,1,1,1.0
18773,18774,18773,3,-3,3.0
18772,18773,18772,3,-3,3.0
18772,18773,18772,3,-3,3.0
18771,18772,18772,1,1,1.0
18771,18772,18772,1,1,1.0
18771,18772,18772,1,1,1.0
18771,18772,18771,1,-1,1.0
18771,18772,18771,3,-3,3.0
18771,18772,18771,3,-3,3.0
18771,18772,18771,1,-1,1.0
18771,18772,18771,1,-1,1.0
18770,18772,18771,4,-4,4.0
18770,18772,18772,1,1,1.0
18770,18772,18772,1,1,1.0
18771,18772,18772,12,12,12.0
18771,18773,18771,4,-4,4.0
18772,18773,18772,1,-1,1.0
18771,18772,18771,1,-1,1.0
18771,18772,18772,3,3,3.0
18771,18772,18772,1,1,1.0
18771,18772,18771,1,-1,1.0
18771,18772,18771,1,-1,1.0
18771,18772,18771,3,-3,3.0
18770,18771,18771,1,1,1.0
18770,18771,18770,1,-1,1.0
18770,18771,18770,1,-1,1.0
18770,18771,18770,1,-1,1.0
18770,18771,18770,1,-1,1.0
18770,18771,18770,1,-1,1.0
18770,18771,18770,12,-12,12.0
18769,18770,18770,1,1,1.0
18769,18771,18769,1,-1,1.0
18769,18771,18769,15,-15,15.0
18768,18769,18769,2,2,2.0
18768,18769,18769,13,13,13.0
18768,18769,18769,1,1,1.0
18768,18769,18769,1,1,1.0
18771,18772,18771,1,-1,1.0
18772,18773,18772,3,-3,3.0
18771,18773,18773,3,3,3.0
18771,18773,18773,2,2,2.0
18772,18773,18773,1,1,1.0
18772,18773,18773,1,1,1.0
18773,18774,18773,1,-1,1.0
18773,18774,18773,3,-3,3.0
18772,18773,18772,1,-1,1.0
18772,18773,18772,9,-9,9.0
18772,18773,18772,2,-2,2.0
18771,18772,18772,1,1,1.0
18771,18772,18771,3,-3,3.0
18770,18771,18771,1,1,1.0
18770,18771,18771,4,4,4.0
18771,18772,18771,2,-2,2.0
18771,18772,18771,1,-1,1.0
18770,18771,18770,10,-10,10.0
18769,18771,18769,2,-2,2.0
18769,18770,18769,1,-1,1.0
18769,18770,18771,1,1,-1.0
18769,18771,18771,1,1,1.0
18769,18771,18769,2,-2,2.0
18771,18772,18771,1,-1,1.0
18770,18771,18771,1,1,1.0
18770,18771,18771,1,1,1.0
18770,18771,18770,1,-1,1.0
18770,18771,18770,2,-2,2.0
18769,18770,18770,1,1,1.0
18769,18770,18770,1,1,1.0
18769,18771,18771,5,5,5.0
18770,18771,18771,1,1,1.0
18771,18772,18771,1,-1,1.0
18771,18772,18770,29,-29,29.0
18769,18770,18770,3,3,3.0
18769,18770,18769,2,-2,2.0
18769,18770,18769,1,-1,1.0
18769,18770,18769,1,-1,1.0
18769,18770,18769,1,-1,1.0
18769,18770,18768,23,-23,23.0
18769,18770,18768,2,-2,2.0
18767,18768,18768,1,1,1.0
18767,18768,18768,2,2,2.0
18767,18768,18768,1,1,1.0
18768,18769,18768,2,-2,2.0
18768,18770,18769,12,-12,12.0
18768,18770,18768,1,-1,1.0
18768,18769,18769,1,1,1.0
18769,18770,18769,1,-1,1.0
18769,18770,18770,5,5,5.0
18769,18770,18769,1,-1,1.0
18768,18769,18769,1,1,1.0
18768,18769,18768,1,-1,1.0
18768,18769,18769,1,1,1.0
18769,18770,18770,1,1,1.0
18769,18771,18769,1,-1,1.0
18769,18770,18770,1,1,1.0
18769,18770,18769,1,-1,1.0
18769,18770,18769,1,-1,1.0
18769,18770,18769,2,-2,2.0
18768,18769,18768,1,-1,1.0
18768,18769,18768,2,-2,2.0
18768,18769,18767,3,-3,3.0
18768,18769,18768,4,-4,4.0
18768,18769,18767,1,-1,1.0
18768,18769,18768,1,-1,1.0
18768,18769,18767,4,-4,4.0
18768,18769,18769,5,5,5.0
18768,18769,18768,1,-1,1.0
18768,18769,18768,5,-5,5.0
18768,18769,18768,5,-5,5.0
18768,18769,18768,5,-5,5.0
18768,18769,18769,2,2,2.0
18768,18769,18768,5,-5,5.0
18768,18769,18769,1,1,1.0
18768,18769,18769,3,3,3.0
18768,18770,18768,1,-1,1.0
18768,18770,18768,5,-5,5.0
18768,18769,18769,1,1,1.0
18769,18770,18770,1,1,1.0
18769,18770,18769,3,-3,3.0
18768,18769,18768,4,-4,4.0
18768,18769,18767,5,-5,5.0
18767,18768,18767,1,-1,1.0
18767,18768,18767,1,-1,1.0
18767,18768,18767,2,-2,2.0
18767,18768,18767,3,-3,3.0
18767,18768,18767,1,-1,1.0
18767,18768,18767,23,-23,23.0
18767,18768,18767,6,-6,6.0
18766,18767,18767,1,1,1.0
18766,18767,18766,5,-5,5.0
18766,18767,18766,1,-1,1.0
18766,18767,18766,1,-1,1.0
18766,18767,18766,1,-1,1.0
18766,18767,18766,1,-1,1.0
18766,18767,18766,1,-1,1.0
18766,18767,18766,1,-1,1.0
18765,18766,18766,1,1,1.0
18765,18766,18765,1,-1,1.0
18765,18766,18765,1,-1,1.0
18765,18766,18765,1,-1,1.0
18765,18766,18765,1,-1,1.0
18765,18766,18765,1,-1,1.0
18765,18766,18765,1,-1,1.0
18765,18766,18765,1,-1,1.0
18765,18766,18765,1,-1,1.0
18765,18766,18765,2,-2,2.0
18765,18766,18764,1,-1,1.0
18764,18766,18764,2,-2,2.0
18764,18765,18764,2,-2,2.0
18764,18765,18764,1,-1,1.0
18764,18765,18764,5,-5,5.0
18764,18765,18764,1,-1,1.0
18764,18765,18765,1,1,1.0
18764,18765,18765,1,1,1.0
18764,18765,18765,1,1,1.0
18764,18765,18764,1,-1,1.0
18764,18765,18764,1,-1,1.0
18764,18765,18764,4,-4,4.0
18765,18766,18765,1,-1,1.0
18764,18765,18765,1,1,1.0
18765,18767,18767,5,5,5.0
18765,18767,18765,5,-5,5.0
18765,18766,18766,1,1,1.0
18765,18766,18766,1,1,1.0
18765,18766,18766,1,1,1.0
18765,18766,18766,1,1,1.0
18766,18768,18765,5,-5,5.0
18765,18767,18765,4,-4,4.0
18764,18766,18766,5,5,5.0
18764,18766,18766,1,1,1.0
18764,18766,18766,1,1,1.0
18765,18766,18765,1,-1,1.0
18765,18766,18765,1,-1,1.0
18765,18766,18766,1,1,1.0
18765,18766,18765,2,-2,2.0
18765,18766,18766,1,1,1.0
18765,18766,18766,1,1,1.0
18765,18766,18766,1,1,1.0
18765,18766,18766,1,1,1.0
18765,18766,18766,1,1,1.0
18765,18766,18767,1,1,-1.0
18766,18768,18766,1,-1,1.0
18766,18767,18766,1,-1,1.0
18765,18766,18766,1,1,1.0
18765,18766,18765,6,-6,6.0
18764,18766,18766,1,1,1.0
18764,18765,18765,1,1,1.0
18764,18766,18764,1,-1,1.0
18764,18765,18765,1,1,1.0
18764,18766,18764,1,-1,1.0
18765,18766,18766,2,2,2.0
18765,18766,18765,1,-1,1.0
18765,18766,18765,1,-1,1.0
18764,18765,18765,1,1,1.0
18764,18765,18764,2,-2,2.0
18764,18765,18764,2,-2,2.0
18764,18765,18764,2,-2,2.0
18764,18765,18764,2,-2,2.0
18764,18765,18764,1,-1,1.0
18764,18765,18764,4,-4,4.0
18764,18765,18764,7,-7,7.0
18764,18765,18764,1,-1,1.0
18764,18765,18764,1,-1,1.0
18764,18765,18764,1,-1,1.0
18763,18764,18763,8,-8,8.0
18762,18764,18762,1,-1,1.0
18762,18764,18762,1,-1,1.0
18762,18764,18762,1,-1,1.0
18762,18764,18762,1,-1,1.0
18762,18763,18763,1,1,1.0
18762,18763,18762,2,-2,2.0
18762,18763,18763,1,1,1.0
18763,18764,18763,1,-1,1.0
18763,18764,18763,1,-1,1.0
18763,18764,18763,1,-1,1.0
18763,18764,18763,1,-1,1.0
18763,18764,18763,1,-1,1.0
18763,18764,18764,1,1,1.0
18764,18765,18764,2,-2,2.0
18764,18765,18765,1,1,1.0
18764,18766,18764,1,-1,1.0
18763,18764,18764,1,1,1.0
18764,18765,18764,1,-1,1.0
18764,18765,18763,1,-1,1.0
18764,18765,18765,1,1,1.0
18764,18765,18764,1,-1,1.0
18764,18765,18764,9,-9,9.0
18763,18764,18764,2,2,2.0
18763,18765,18763,1,-1,1.0
18763,18765,18764,2,-2,2.0
18763,18765,18765,1,1,1.0
18764,18765,18764,1,-1,1.0
18765,18766,18766,9,9,9.0
18766,18767,18766,1,-1,1.0
18766,18767,18765,4,-4,4.0
18765,18767,18765,4,-4,4.0
18767,18768,18767,1,-1,1.0
18767,18768,18768,1,1,1.0
18767,18768,18768,2,2,2.0
18767,18768,18767,2,-2,2.0
18767,18768,18767,2,-2,2.0
18765,18766,18766,5,5,5.0
18765,18766,18767,3,3,-3.0
18765,18766,18765,16,-16,16.0
18764,18766,18766,1,1,1.0
18764,18766,18766,1,1,1.0
18765,18767,18765,1,-1,1.0
18765,18767,18765,1,-1,1.0
18765,18767,18765,1,-1,1.0
18765,18767,18765,1,-1,1.0
18765,18767,18764,1,-1,1.0
18764,18766,18766,2,2,2.0
18764,18766,18765,1,1,-1.0
18764,18766,18765,1,1,-1.0
18764,18766,18764,1,-1,1.0
18764,18766,18765,2,-2,2.0
18764,18766,18765,1,-1,1.0
18764,18766,18764,1,-1,1.0
18764,18766,18764,3,-3,3.0
18765,18766,18765,1,-1,1.0
18765,18767,18765,1,-1,1.0
18765,18767,18765,2,-2,2.0
18765,18767,18765,3,-3,3.0
18766,18767,18766,1,-1,1.0
18766,18767,18765,1,-1,1.0
18766,18767,18765,1,-1,1.0
18765,18767,18765,1,-1,1.0
18765,18767,18765,1,-1,1.0
18765,18767,18765,1,-1,1.0
18765,18767,18765,9,-9,9.0
18765,18767,18764,11,-11,11.0
18765,18767,18765,3,-3,3.0
18764,18765,18765,3,3,3.0
18764,18765,18765,1,1,1.0
18764,18765,18765,1,1,1.0
18765,18766,18765,1,-1,1.0
18765,18766,18765,1,-1,1.0
18765,18766,18765,1,-1,1.0
18765,18766,18765,1,-1,1.0
18764,18765,18765,1,1,1.0
18764,18765,18765,2,2,2.0
18764,18766,18765,1,1,-1.0
18764,18766,18764,1,-1,1.0
18765,18766,18765,1,-1,1.0
18764,18766,18766,1,1,1.0
18765,18766,18766,13,13,13.0
18765,18767,18767,2,2,2.0
18766,18768,18768,1,1,1.0
18766,18767,18766,6,-6,6.0
18765,18766,18766,1,1,1.0
18765,18766,18765,1,-1,1.0
18765,18766,18765,1,-1,1.0
18765,18766,18766,3,3,3.0
18766,18767,18767,2,2,2.0
18766,18767,18766,1,-1,1.0
18765,18767,18765,9,-9,9.0
18765,18767,18767,1,1,1.0
18765,18766,18766,1,1,1.0
18765,18766,18765,1,-1,1.0
18764,18766,18764,1,-1,1.0
18764,18766,18766,1,1,1.0
18765,18766,18766,1,1,1.0
18765,18766,18765,4,-4,4.0
18765,18766,18764,1,-1,1.0
18764,18766,18766,5,5,5.0
18764,18766,18766,2,2,2.0
18765,18767,18765,1,-1,1.0
18765,18767,18765,1,-1,1.0
18765,18767,18765,1,-1,1.0
18766,18768,18766,1,-1,1.0
18767,18768,18767,1,-1,1.0
18767,18768,18768,7,7,7.0
18768,18769,18769,1,1,1.0
18768,18769,18769,1,1,1.0
18768,18769,18769,3,3,3.0
18768,18769,18769,1,1,1.0
18769,18770,18769,1,-1,1.0
18769,18770,18769,4,-4,4.0
18769,18770,18770,1,1,1.0
18769,18770,18770,1,1,1.0
18769,18770,18770,1,1,1.0
18769,18770,18770,3,3,3.0
18770,18771,18771,1,1,1.0
18770,18771,18771,1,1,1.0
18770,18771,18771,2,2,2.0
18770,18771,18771,1,1,1.0
18770,18771,18771,1,1,1.0
18770,18771,18770,1,-1,1.0
18770,18771,18771,1,1,1.0
18770,18771,18770,1,-1,1.0
18770,18771,18770,1,-1,1.0
18769,18770,18769,7,-7,7.0
18768,18769,18769,1,1,1.0
18768,18769,18769,1,1,1.0
18768,18769,18769,1,1,1.0
18769,18770,18770,2,2,2.0
18770,18771,18770,2,-2,2.0
18770,18771,18770,1,-1,1.0
18770,18771,18771,1,1,1.0
18770,18771,18770,2,-2,2.0
18770,18771,18770,1,-1,1.0
18770,18771,18771,1,1,1.0
18770,18771,18771,1,1,1.0
18770,18771,18771,1,1,1.0
18771,18772,18771,1,-1,1.0
18770,18772,18772,1,1,1.0
18771,18772,18771,1,-1,1.0
18771,18772,18770,1,-1,1.0
18771,18772,18770,6,-6,6.0
18771,18772,18771,1,-1,1.0
18770,18772,18770,1,-1,1.0
18771,18772,18771,1,-1,1.0
18771,18772,18771,1,-1,1.0
18770,18771,18770,1,-1,1.0
18770,18771,18771,4,4,4.0
18770,18772,18770,3,-3,3.0
18769,18771,18770,1,-1,1.0
18770,18772,18772,1,1,1.0
18770,18772,18770,1,-1,1.0
18771,18772,18771,1,-1,1.0
18771,18772,18772,1,1,1.0
18771,18772,18772,1,1,1.0
18771,18772,18771,1,-1,1.0
18771,18772,18771,2,-2,2.0
18771,18772,18772,1,1,1.0
18771,18772,18771,3,-3,3.0
18770,18772,18772,1,1,1.0
18771,18772,18772,3,3,3.0
18771,18772,18771,3,-3,3.0
18771,18772,18770,2,-2,2.0
18771,18772,18772,1,1,1.0
18771,18772,18771,1,-1,1.0
18771,18772,18771,1,-1,1.0
18771,18772,18771,1,-1,1.0
18771,18772,18771,1,-1,1.0
18770,18771,18770,11,-11,11.0
18769,18771,18771,1,1,1.0
18770,18771,18771,1,1,1.0
18770,18771,18770,8,-8,8.0
18770,18771,18770,1,-1,1.0
18769,18771,18770,1,-1,1.0
18769,18770,18770,3,3,3.0
18769,18770,18770,1,1,1.0
18770,18771,18771,1,1,1.0
18770,18771,18771,2,2,2.0
18770,18772,18770,1,-1,1.0
18771,18772,18772,6,6,6.0
18771,18772,18773,6,6,-6.0
18772,18773,18772,1,-1,1.0
18772,18773,18772,1,-1,1.0
18772,18773,18773,1,1,1.0
18771,18772,18772,1,1,1.0
18771,18772,18772,3,3,3.0
18771,18772,18772,1,1,1.0
18771,18772,18772,1,1,1.0
18772,18773,18772,1,-1,1.0
18772,18773,18772,1,-1,1.0
18772,18773,18773,1,1,1.0
18772,18773,18772,1,-1,1.0
18772,18773,18772,1,-1,1.0
18772,18773,18773,3,3,3.0
18772,18773,18774,12,12,-12.0
18773,18774,18774,1,1,1.0
18773,18774,18773,1,-1,1.0
18773,18775,18774,4,-4,4.0
18773,18775,18774,1,-1,1.0
18773,18775,18775,4,4,4.0
18773,18775,18775,1,1,1.0
18773,18775,18775,1,1,1.0
18773,18775,18775,1,1,1.0
18773,18775,18775,1,1,1.0
18773,18775,18775,2,2,2.0
18773,18775,18774,1,1,-1.0
18773,18774,18773,2,-2,2.0
18773,18774,18774,1,1,1.0
18772,18774,18772,25,-25,25.0
18771,18772,18772,1,1,1.0
18771,18773,18773,1,1,1.0
18771,18772,18771,12,-12,12.0
18770,18772,18772,14,14,14.0
18770,18772,18771,2,2,-2.0
18770,18772,18771,1,1,-1.0
18771,18772,18772,2,2,2.0
18771,18772,18772,2,2,2.0
18771,18772,18773,3,3,-3.0
18771,18772,18772,1,1,1.0
18771,18773,18773,3,3,3.0
18771,18772,18772,1,1,1.0
18772,18773,18772,1,-1,1.0
18772,18773,18772,1,-1,1.0
18772,18773,18772,1,-1,1.0
18771,18773,18771,8,-8,8.0
18771,18773,18771,2,-2,2.0
18772,18773,18773,2,2,2.0
18772,18773,18773,1,1,1.0
18772,18773,18773,3,3,3.0
18772,18774,18773,2,2,-2.0
18772,18773,18772,1,-1,1.0
18772,18773,18773,2,2,2.0
18772,18773,18772,1,-1,1.0
18772,18773,18773,1,1,1.0
18772,18773,18773,2,2,2.0
18772,18773,18773,2,2,2.0
18773,18774,18774,3,3,3.0
18773,18774,18774,1,1,1.0
18773,18774,18774,4,4,4.0
18774,18775,18774,1,-1,1.0
18774,18775,18775,1,1,1.0
18774,18775,18775,1,1,1.0
18774,18775,18775,1,1,1.0
18774,18775,18775,1,1,1.0
18774,18775,18775,2,2,2.0
18774,18775,18775,1,1,1.0
18774,18775,18775,1,1,1.0
18774,18775,18775,3,3,3.0
18774,18775,18775,1,1,1.0
18774,18775,18775,1,1,1.0
18774,18775,18774,1,-1,1.0
18774,18775,18775,1,1,1.0
18774,18776,18776,1,1,1.0
18775,18776,18776,1,1,1.0
18775,18776,18775,1,-1,1.0
18775,18776,18776,2,2,2.0
18775,18776,18776,1,1,1.0
18775,18776,18776,1,1,1.0
18775,18776,18775,1,-1,1.0
18775,18776,18776,5,5,5.0
18776,18777,18776,4,-4,4.0
18776,18777,18777,1,1,1.0
18776,18777,18777,2,2,2.0
18776,18777,18776,6,-6,6.0
18776,18777,18777,3,3,3.0
18776,18777,18777,1,1,1.0
18776,18777,18777,1,1,1.0
18776,18777,18777,1,1,1.0
18776,18777,18777,10,10,10.0
18776,18777,18777,5,5,5.0
18776,18777,18777,8,8,8.0
18776,18777,18777,1,1,1.0
18776,18777,18777,1,1,1.0
18776,18777,18777,1,1,1.0
18776,18777,18777,1,1,1.0
18776,18777,18777,1,1,1.0
18776,18777,18777,2,2,2.0
18776,18777,18777,1,1,1.0
18776,18777,18777,1,1,1.0
18776,18777,18777,3,3,3.0
18777,18778,18778,2,2,2.0
18777,18778,18778,4,4,4.0
18777,18778,18778,1,1,1.0
18777,18778,18778,4,4,4.0
18777,18779,18779,2,2,2.0
18778,18779,18779,1,1,1.0
18778,18779,18778,1,-1,1.0
18777,18779,18777,1,-1,1.0
18777,18779,18779,1,1,1.0
18777,18779,18779,1,1,1.0
18778,18779,18778,1,-1,1.0
18778,18779,18778,2,-2,2.0
18777,18778,18778,1,1,1.0
18777,18778,18778,3,3,3.0
18777,18779,18778,1,1,-1.0
18777,18778,18778,2,2,2.0
18777,18778,18778,1,1,1.0
18777,18778,18778,1,1,1.0
18777,18778,18777,1,-1,1.0
18777,18778,18777,2,-2,2.0
18777,18778,18777,1,-1,1.0
18777,18778,18777,2,-2,2.0
18777,18778,18777,3,-3,3.0
18777,18778,18777,1,-1,1.0
18776,18777,18777,1,1,1.0
18776,18777,18777,1,1,1.0
18776,18777,18777,1,1,1.0
18776,18777,18776,2,-2,2.0
18776,18777,18776,2,-2,2.0
18776,18777,18776,1,-1,1.0
18776,18777,18776,1,-1,1.0
18776,18777,18776,3,-3,3.0
18776,18777,18777,1,1,1.0
18775,18777,18777,1,1,1.0
18775,18776,18776,2,2,2.0
18775,18776,18777,1,1,-1.0
18775,18776,18775,7,-7,7.0
18775,18776,18776,1,1,1.0
18775,18776,18777,2,2,-2.0
18775,18776,18776,1,1,1.0
18776,18777,18776,1,-1,1.0
18776,18777,18777,1,1,1.0
18776,18777,18777,2,2,2.0
18776,18777,18777,2,2,2.0
18776,18777,18777,1,1,1.0
18776,18778,18776,1,-1,1.0
18776,18777,18776,9,-9,9.0
18775,18777,18777,1,1,1.0
18775,18777,18777,1,1,1.0
18775,18776,18776,1,1,1.0
18775,18776,18776,1,1,1.0
18776,18777,18776,1,-1,1.0
18775,18776,18775,2,-2,2.0
18775,18776,18776,1,1,1.0
18776,18777,18777,4,4,4.0
18775,18777,18777,4,4,4.0
18775,18776,18776,4,4,4.0
18775,18777,18777,4,4,4.0
18776,18777,18777,4,4,4.0
18776,18778,18776,1,-1,1.0
18775,18777,18777,1,1,1.0
18775,18777,18777,4,4,4.0
18776,18777,18777,1,1,1.0
18776,18777,18777,4,4,4.0
18776,18777,18777,1,1,1.0
18776,18777,18777,4,4,4.0
18776,18778,18776,1,-1,1.0
18776,18777,18777,3,3,3.0
18776,18777,18776,2,-2,2.0
18776,18777,18777,3,3,3.0
18776,18777,18776,1,-1,1.0
18775,18776,18775,1,-1,1.0
18775,18776,18775,1,-1,1.0
18775,18776,18775,20,-20,20.0
18774,18775,18774,1,-1,1.0
18774,18775,18774,12,-12,12.0
18773,18774,18774,1,1,1.0
18773,18774,18773,5,-5,5.0
18773,18774,18773,1,-1,1.0
18773,18774,18772,14,-14,14.0
18773,18774,18773,15,-15,15.0
18773,18774,18773,1,-1,1.0
18772,18774,18773,1,-1,1.0
18773,18774,18773,1,-1,1.0
18772,18774,18772,3,-3,3.0
18772,18774,18774,3,3,3.0
18772,18773,18773,1,1,1.0
18773,18774,18774,1,1,1.0
18774,18775,18775,1,1,1.0
18775,18776,18775,1,-1,1.0
18774,18776,18776,1,1,1.0
18774,18775,18774,4,-4,4.0
18774,18775,18774,5,-5,5.0
18774,18775,18773,9,-9,9.0
18773,18775,18775,1,1,1.0
18774,18775,18774,1,-1,1.0
18774,18775,18774,1,-1,1.0
18774,18775,18775,1,1,1.0
18774,18775,18775,1,1,1.0
18774,18775,18775,1,1,1.0
18774,18775,18775,1,1,1.0
18775,18776,18775,1,-1,1.0
18774,18776,18776,1,1,1.0
18773,18775,18775,1,1,1.0
18775,18776,18775,1,-1,1.0
18774,18775,18775,1,1,1.0
18775,18776,18775,1,-1,1.0
18775,18776,18775,1,-1,1.0
18774,18776,18774,1,-1,1.0
18774,18775,18774,1,-1,1.0
18773,18775,18774,1,-1,1.0
18773,18774,18774,1,1,1.0
18773,18775,18773,5,-5,5.0
18773,18774,18774,1,1,1.0
18774,18775,18774,2,-2,2.0
18774,18775,18775,1,1,1.0
18774,18775,18774,1,-1,1.0
18773,18774,18773,2,-2,2.0
18773,18774,18773,1,-1,1.0
18772,18774,18772,1,-1,1.0
18772,18773,18773,3,3,3.0
18772,18774,18772,1,-1,1.0
18772,18774,18772,7,-7,7.0
18773,18774,18773,1,-1,1.0
18773,18774,18773,2,-2,2.0
18773,18774,18773,1,-1,1.0
18772,18773,18773,2,2,2.0
18772,18773,18773,1,1,1.0
18772,18773,18772,5,-5,5.0
18772,18773,18772,5,-5,5.0
18772,18773,18773,1,1,1.0
18772,18773,18773,1,1,1.0
18772,18773,18772,1,-1,1.0
18772,18774,18772,1,-1,1.0
18772,18774,18772,1,-1,1.0
18772,18773,18772,1,-1,1.0
18772,18773,18773,1,1,1.0
18772,18773,18772,1,-1,1.0
18772,18773,18772,4,-4,4.0
18772,18773,18771,1,-1,1.0
18772,18773,18772,1,-1,1.0
18772,18773,18772,2,-2,2.0
18771,18772,18772,1,1,1.0
18772,18773,18773,2,2,2.0
18773,18774,18774,5,5,5.0
18774,18775,18774,5,-5,5.0
18774,18775,18773,6,-6,6.0
18773,18774,18773,1,-1,1.0
18772,18774,18774,3,3,3.0
18772,18773,18772,2,-2,2.0
18771,18772,18772,1,1,1.0
18771,18772,18771,2,-2,2.0
18771,18772,18771,3,-3,3.0
18771,18772,18771,3,-3,3.0
18771,18772,18771,1,-1,1.0
18771,18772,18771,1,-1,1.0
18770,18771,18771,1,1,1.0
18770,18771,18770,32,-32,32.0
18770,18771,18769,2,-2,2.0
18769,18770,18769,1,-1,1.0
18768,18769,18769,5,5,5.0
18768,18769,18768,1,-1,1.0
18768,18769,18769,1,1,1.0
18768,18769,18768,1,-1,1.0
18768,18769,18768,1,-1,1.0
18769,18770,18769,1,-1,1.0
18769,18770,18770,1,1,1.0
18769,18770,18769,1,-1,1.0
18769,18770,18769,2,-2,2.0
18768,18770,18770,2,2,2.0
18768,18770,18768,1,-1,1.0
18768,18769,18768,1,-1,1.0
18768,18769,18768,2,-2,2.0
18768,18769,18768,1,-1,1.0
18768,18769,18768,1,-1,1.0
18768,18769,18768,6,-6,6.0
18768,18769,18768,1,-1,1.0
18768,18769,18768,1,-1,1.0
18768,18769,18768,1,-1,1.0
18768,18769,18768,1,-1,1.0
18768,18769,18768,1,-1,1.0
18768,18769,18768,1,-1,1.0
18768,18769,18768,3,-3,3.0
18767,18768,18767,1,-1,1.0
18767,18768,18768,1,1,1.0
18767,18768,18768,1,1,1.0
18767,18768,18767,1,-1,1.0
18767,18768,18767,3,-3,3.0
18767,18768,18768,1,1,1.0
18767,18768,18768,1,1,1.0
18767,18768,18768,1,1,1.0
18767,18768,18768,1,1,1.0
18767,18768,18768,1,1,1.0
18767,18768,18768,1,1,1.0
18768,18769,18768,2,-2,2.0
18768,18769,18768,2,-2,2.0
18767,18768,18768,1,1,1.0
18767,18768,18769,1,1,-1.0
18767,18768,18767,1,-1,1.0
18767,18768,18767,2,-2,2.0
18767,18768,18767,1,-1,1.0
18767,18768,18767,1,-1,1.0
18767,18768,18767,1,-1,1.0
18767,18768,18767,1,-1,1.0
18766,18767,18767,4,4,4.0
18766,18767,18767,1,1,1.0
18766,18768,18768,4,4,4.0
18767,18769,18767,2,-2,2.0
18767,18769,18767,2,-2,2.0
18767,18768,18767,1,-1,1.0
18766,18768,18767,2,-2,2.0
18766,18768,18767,1,-1,1.0
18766,18768,18766,5,-5,5.0
18766,18768,18766,1,-1,1.0
18766,18767,18767,2,2,2.0
18766,18767,18767,1,1,1.0
18766,18767,18767,1,1,1.0
18767,18768,18767,1,-1,1.0
18767,18768,18767,1,-1,1.0
18766,18767,18767,1,1,1.0
18766,18767,18766,1,-1,1.0
18766,18767,18766,1,-1,1.0
18766,18767,18766,1,-1,1.0
18766,18767,18766,1,-1,1.0
18766,18767,18766,1,-1,1.0
18766,18767,18766,1,-1,1.0
18766,18767,18766,1,-1,1.0
18766,18767,18766,1,-1,1.0
18766,18767,18766,1,-1,1.0
18766,18767,18766,1,-1,1.0
18766,18767,18766,1,-1,1.0
18766,18767,18765,2,-2,2.0
18765,18767,18765,1,-1,1.0
18765,18767,18765,1,-1,1.0
18765,18767,18765,1,-1,1.0
18765,18766,18766,1,1,1.0
18765,18766,18765,2,-2,2.0
18765,18766,18766,1,1,1.0
18765,18766,18766,1,1,1.0
18765,18766,18766,1,1,1.0
18765,18766,18765,1,-1,1.0
18765,18766,18765,3,-3,3.0
18764,18765,18765,1,1,1.0
18764,18765,18765,1,1,1.0
18764,18765,18765,1,1,1.0
18764,18765,18764,5,-5,5.0
18764,18765,18765,3,3,3.0
18764,18765,18765,3,3,3.0
18764,18765,18765,1,1,1.0
18764,18765,18764,1,-1,1.0
18764,18765,18764,2,-2,2.0
18764,18765,18764,1,-1,1.0
18764,18765,18764,1,-1,1.0
18764,18765,18764,2,-2,2.0
18764,18765,18764,1,-1,1.0
18764,18765,18764,2,-2,2.0
18764,18765,18764,1,-1,1.0
18764,18765,18764,1,-1,1.0
18764,18765,18764,1,-1,1.0
18764,18765,18764,5,-5,5.0
18763,18764,18763,1,-1,1.0
18763,18764,18763,2,-2,2.0
18763,18764,18763,1,-1,1.0
18763,18764,18763,2,-2,2.0
18763,18764,18764,1,1,1.0
18763,18764,18763,1,-1,1.0
18763,18764,18764,1,1,1.0
18763,18764,18764,1,1,1.0
18764,18765,18764,1,-1,1.0
18764,18765,18764,2,-2,2.0
18764,18765,18763,1,-1,1.0
18764,18765,18764,1,-1,1.0
18764,18765,18764,1,-1,1.0
18764,18765,18764,1,-1,1.0
18763,18764,18763,2,-2,2.0
18763,18764,18763,2,-2,2.0
18763,18764,18763,1,-1,1.0
18763,18764,18763,1,-1,1.0
18763,18764,18763,2,-2,2.0
18763,18764,18763,1,-1,1.0
18762,18763,18763,1,1,1.0
18762,18763,18762,2,-2,2.0
18762,18763,18762,1,-1,1.0
18762,18763,18762,1,-1,1.0
18762,18763,18762,1,-1,1.0
18762,18763,18762,1,-1,1.0
18762,18763,18762,1,-1,1.0
18762,18763,18762,1,-1,1.0
18762,18763,18762,2,-2,2.0
18762,18763,18762,1,-1,1.0
18762,18763,18762,2,-2,2.0
18762,18763,18762,2,-2,2.0
18762,18763,18762,1,-1,1.0
18762,18763,18762,2,-2,2.0
18762,18763,18762,2,-2,2.0
18762,18763,18763,1,1,1.0
18762,18763,18763,1,1,1.0
18762,18763,18762,3,-3,3.0
18762,18763,18763,2,2,2.0
18762,18763,18762,1,-1,1.0
18762,18763,18763,2,2,2.0
18763,18764,18763,1,-1,1.0
18762,18763,18762,1,-1,1.0
18762,18763,18763,1,1,1.0
18762,18763,18763,1,1,1.0
18763,18764,18763,1,-1,1.0
18763,18764,18763,1,-1,1.0
18763,18764,18763,1,-1,1.0
18763,18764,18762,9,-9,9.0
18762,18764,18764,3,3,3.0
18762,18764,18764,2,2,2.0
18762,18763,18762,1,-1,1.0
18762,18763,18763,1,1,1.0
18762,18763,18763,1,1,1.0
18762,18763,18763,2,2,2.0
18762,18763,18763,2,2,2.0
18763,18764,18763,1,-1,1.0
18762,18763,18763,1,1,1.0
18763,18764,18764,1,1,1.0
18763,18764,18764,1,1,1.0
18764,18765,18764,1,-1,1.0
18763,18765,18765,5,5,5.0
18764,18765,18765,1,1,1.0
18763,18765,18765,1,1,1.0
18764,18765,18765,1,1,1.0
18764,18765,18764,1,-1,1.0
18764,18765,18764,2,-2,2.0
18764,18765,18764,2,-2,2.0
18763,18764,18764,1,1,1.0
18763,18764,18763,1,-1,1.0
18763,18764,18763,9,-9,9.0
18762,18763,18763,1,1,1.0
18762,18764,18764,1,1,1.0
18763,18764,18764,2,2,2.0
18763,18764,18764,1,1,1.0
18764,18765,18764,1,-1,1.0
18764,18765,18764,1,-1,1.0
18764,18765,18765,3,3,3.0
18764,18765,18765,2,2,2.0
18764,18765,18765,1,1,1.0
18764,18765,18765,1,1,1.0
18764,18765,18765,2,2,2.0
18765,18766,18766,2,2,2.0
18765,18766,18766,2,2,2.0
18765,18766,18766,1,1,1.0
18765,18766,18766,1,1,1.0
18765,18766,18766,1,1,1.0
18765,18766,18766,1,1,1.0
18766,18767,18766,1,-1,1.0
18766,18767,18766,1,-1,1.0
18766,18767,18767,1,1,1.0
18767,18768,18768,1,1,1.0
18768,18769,18769,1,1,1.0
18768,18769,18769,5,5,5.0
18768,18769,18768,1,-1,1.0
18768,18769,18768,1,-1,1.0
18768,18769,18768,1,-1,1.0
18768,18769,18769,1,1,1.0
18769,18770,18770,1,1,1.0
18767,18768,18768,1,1,1.0
18767,18768,18768,2,2,2.0
18767,18769,18767,10,-10,10.0
18767,18769,18767,3,-3,3.0
18767,18769,18768,2,-2,2.0
18766,18768,18768,3,3,3.0
18766,18768,18768,1,1,1.0
18766,18768,18767,1,1,-1.0
18767,18768,18768,1,1,1.0
18767,18768,18768,2,2,2.0
18767,18769,18767,10,-10,10.0
18767,18768,18767,1,-1,1.0
18767,18768,18767,10,-10,10.0
18766,18768,18766,1,-1,1.0
18767,18768,18768,2,2,2.0
18768,18769,18768,12,-12,12.0
18767,18768,18767,4,-4,4.0
18766,18767,18766,1,-1,1.0
18766,18767,18767,1,1,1.0
18766,18767,18768,1,1,-1.0
18767,18768,18767,2,-2,2.0
18767,18768,18767,3,-3,3.0
18767,18768,18767,2,-2,2.0
18766,18768,18768,1,1,1.0
18767,18768,18768,1,1,1.0
18766,18768,18768,1,1,1.0
18768,18769,18768,1,-1,1.0
18768,18769,18769,6,6,6.0
18769,18770,18769,1,-1,1.0
18769,18770,18770,2,2,2.0
18769,18770,18769,1,-1,1.0
18769,18770,18769,1,-1,1.0
18769,18770,18770,1,1,1.0
18769,18770,18769,1,-1,1.0
18769,18770,18769,1,-1,1.0
18769,18770,18769,3,-3,3.0
18768,18769,18769,1,1,1.0
18768,18769,18769,1,1,1.0
18768,18769,18768,1,-1,1.0
18768,18769,18768,3,-3,3.0
18768,18769,18768,3,-3,3.0
18768,18769,18768,1,-1,1.0
18768,18769,18768,2,-2,2.0
18768,18769,18768,1,-1,1.0
18767,18768,18767,1,-1,1.0
18767,18768,18767,1,-1,1.0
18766,18768,18767,1,-1,1.0
18767,18768,18768,1,1,1.0
18767,18768,18767,2,-2,2.0
18767,18768,18768,1,1,1.0
18768,18769,18769,1,1,1.0
18768,18769,18769,2,2,2.0
18768,18769,18769,2,2,2.0
18768,18769,18769,1,1,1.0
18768,18769,18769,1,1,1.0
18768,18769,18769,1,1,1.0
18768,18769,18769,1,1,1.0
18769,18770,18769,1,-1,1.0
18768,18769,18768,5,-5,5.0
18767,18768,18767,2,-2,2.0
18767,18768,18767,1,-1,1.0
18766,18768,18768,1,1,1.0
18766,18768,18768,2,2,2.0
18767,18768,18767,1,-1,1.0
18767,18768,18767,1,-1,1.0
18767,18768,18767,2,-2,2.0
18766,18767,18766,10,-10,10.0
18765,18767,18767,2,2,2.0
18765,18767,18767,1,1,1.0
18766,18767,18766,1,-1,1.0
18766,18767,18766,1,-1,1.0
18765,18766,18766,1,1,1.0
18765,18766,18766,1,1,1.0
18765,18766,18765,6,-6,6.0
18765,18766,18765,1,-1,1.0
18765,18766,18766,1,1,1.0
18766,18767,18766,1,-1,1.0
18766,18767,18765,1,-1,1.0
18765,18766,18765,2,-2,2.0
18765,18766,18765,1,-1,1.0
18765,18766,18765,1,-1,1.0
18765,18766,18765,1,-1,1.0
18765,18766,18765,1,-1,1.0
18765,18766,18765,1,-1,1.0
18765,18766,18765,1,-1,1.0
18765,18766,18766,3,3,3.0
18765,18767,18765,2,-2,2.0
18765,18767,18765,4,-4,4.0
18764,18766,18766,1,1,1.0
18764,18766,18764,1,-1,1.0
18767,18768,18768,2,2,2.0
18768,18769,18768,1,-1,1.0
18767,18769,18769,1,1,1.0
18767,18768,18768,1,1,1.0
18767,18769,18768,1,1,-1.0
18767,18769,18768,1,1,-1.0
18767,18768,18768,1,1,1.0
18767,18768,18768,1,1,1.0
18767,18768,18767,9,-9,9.0
18766,18768,18768,1,1,1.0
18768,18769,18768,1,-1,1.0
18768,18769,18768,1,-1,1.0
18767,18768,18768,1,1,1.0
18768,18769,18768,1,-1,1.0
18768,18769,18769,5,5,5.0
18768,18769,18769,5,5,5.0
18768,18769,18769,1,1,1.0
18768,18769,18770,4,4,-4.0
18768,18769,18769,1,1,1.0
18768,18769,18768,1,-1,1.0
18768,18770,18770,1,1,1.0
18768,18769,18769,1,1,1.0
18768,18769,18770,4,4,-4.0
18769,18770,18769,1,-1,1.0
18768,18770,18768,5,-5,5.0
18768,18770,18769,1,-1,1.0
18769,18770,18770,1,1,1.0
18770,18771,18771,1,1,1.0
18770,18771,18771,1,1,1.0
18770,18771,18770,1,-1,1.0
18770,18771,18770,1,-1,1.0
18770,18771,18770,22,-22,22.0
18769,18770,18770,1,1,1.0
18769,18770,18769,1,-1,1.0
18769,18770,18769,1,-1,1.0
18768,18769,18769,1,1,1.0
18768,18769,18768,2,-2,2.0
18767,18768,18768,1,1,1.0
18767,18768,18768,2,2,2.0
18768,18769,18768,1,-1,1.0
18767,18768,18768,1,1,1.0
18767,18768,18767,2,-2,2.0
18767,18768,18767,2,-2,2.0
18767,18768,18767,1,-1,1.0
18767,18768,18767,2,-2,2.0
18766,18767,18767,1,1,1.0
18766,18767,18766,2,-2,2.0
18766,18767,18766,1,-1,1.0
18766,18767,18766,1,-1,1.0
18766,18767,18766,4,-4,4.0
18765,18766,18766,3,3,3.0
18765,18766,18765,1,-1,1.0
18765,18766,18765,3,-3,3.0
18765,18766,18765,1,-1,1.0
18765,18766,18765,2,-2,2.0
18764,18765,18764,2,-2,2.0
18764,18765,18765,1,1,1.0
18764,18765,18765,1,1,1.0
18765,18766,18766,1,1,1.0
18765,18766,18766,1,1,1.0
18765,18766,18766,1,1,1.0
18765,18766,18766,7,7,7.0
18765,18766,18766,1,1,1.0
18765,18766,18765,1,-1,1.0
18765,18766,18766,1,1,1.0
18765,18766,18766,1,1,1.0
18765,18766,18766,1,1,1.0
18766,18767,18767,2,2,2.0
18766,18767,18767,1,1,1.0
18766,18767,18767,2,2,2.0
18767,18768,18768,4,4,4.0
18768,18769,18769,1,1,1.0
18768,18769,18770,2,2,-2.0
18768,18769,18768,1,-1,1.0
18767,18768,18767,1,-1,1.0
18767,18768,18767,3,-3,3.0
18767,18768,18767,3,-3,3.0
18766,18768,18767,1,-1,1.0
18766,18767,18767,1,1,1.0
18766,18767,18766,2,-2,2.0
18766,18767,18766,4,-4,4.0
18765,18766,18766,1,1,1.0
18765,18766,18766,3,3,3.0
18765,18766,18766,5,5,5.0
18768,18769,18768,1,-1,1.0
18768,18769,18768,1,-1,1.0
18767,18769,18768,1,-1,1.0
18768,18769,18768,3,-3,3.0
18768,18769,18768,1,-1,1.0
18768,18769,18768,14,-14,14.0
18767,18768,18768,1,1,1.0
18768,18769,18769,1,1,1.0
18768,18769,18769,1,1,1.0
18768,18769,18768,1,-1,1.0
18767,18768,18768,1,1,1.0
18768,18769,18769,1,1,1.0
18768,18769,18769,1,1,1.0
18768,18769,18769,1,1,1.0
18769,18770,18769,6,-6,6.0
18769,18770,18768,8,-8,8.0
18768,18769,18768,2,-2,2.0
18768,18769,18768,1,-1,1.0
18768,18769,18768,1,-1,1.0
18768,18769,18768,1,-1,1.0
18768,18770,18770,2,2,2.0
18768,18770,18768,2,-2,2.0
18769,18770,18769,1,-1,1.0
18768,18769,18769,2,2,2.0
18768,18769,18769,1,1,1.0
18768,18769,18769,1,1,1.0
18768,18769,18769,4,4,4.0
18768,18769,18769,1,1,1.0
18768,18769,18769,1,1,1.0
18768,18769,18769,1,1,1.0
18768,18769,18769,2,2,2.0
18768,18769,18769,1,1,1.0
18769,18770,18770,1,1,1.0
18769,18770,18770,5,5,5.0
18769,18771,18769,2,-2,2.0
18770,18771,18770,1,-1,1.0
18770,18771,18770,11,-11,11.0
18770,18771,18770,7,-7,7.0
18770,18771,18771,8,8,8.0
18771,18772,18772,3,3,3.0
18771,18772,18771,2,-2,2.0
18771,18772,18772,1,1,1.0
18771,18772,18772,1,1,1.0
18771,18772,18772,1,1,1.0
18771,18772,18772,2,2,2.0
18771,18772,18772,1,1,1.0
18771,18772,18773,4,4,-4.0
18771,18773,18773,1,1,1.0
18771,18772,18772,1,1,1.0
18771,18773,18772,1,1,-1.0
18772,18773,18772,2,-2,2.0
18772,18773,18772,2,-2,2.0
18771,18772,18772,1,1,1.0
18771,18772,18772,1,1,1.0
18771,18772,18772,4,4,4.0
18771,18772,18771,2,-2,2.0
18771,18772,18771,3,-3,3.0
18770,18771,18771,1,1,1.0
18770,18771,18770,2,-2,2.0
18770,18771,18770,2,-2,2.0
18770,18771,18770,2,-2,2.0
18769,18770,18770,3,3,3.0
18769,18770,18769,3,-3,3.0
18768,18769,18768,16,-16,16.0
18767,18768,18767,6,-6,6.0
18767,18768,18767,3,-3,3.0
18766,18767,18766,9,-9,9.0
18765,18767,18766,2,-2,2.0
18766,18767,18766,3,-3,3.0
18766,18767,18766,2,-2,2.0
18765,18766,18765,10,-10,10.0
18764,18766,18764,1,-1,1.0
18764,18766,18765,2,-2,2.0
18764,18766,18765,1,-1,1.0
18764,18766,18765,1,-1,1.0
18764,18766,18765,1,-1,1.0
18764,18765,18764,5,-5,5.0
18763,18765,18765,2,2,2.0
18763,18765,18765,1,1,1.0
18763,18765,18765,1,1,1.0
18763,18765,18765,1,1,1.0
18764,18765,18764,4,-4,4.0
18763,18765,18763,5,-5,5.0
18763,18764,18763,1,-1,1.0
18763,18764,18763,1,-1,1.0
18763,18764,18763,4,-4,4.0
18763,18764,18764,1,1,1.0
18763,18764,18764,3,3,3.0
18763,18764,18763,1,-1,1.0
18763,18764,18763,1,-1,1.0
18763,18764,18764,6,6,6.0
18763,18765,18763,5,-5,5.0
18763,18765,18763,1,-1,1.0
18763,18764,18763,1,-1,1.0
18763,18764,18763,5,-5,5.0
18762,18764,18762,5,-5,5.0
18762,18764,18762,1,-1,1.0
18762,18764,18762,1,-1,1.0
18762,18764,18762,1,-1,1.0
18762,18764,18762,5,-5,5.0
18762,18764,18763,2,-2,2.0
18762,18764,18764,1,1,1.0
18763,18764,18763,1,-1,1.0
18763,18764,18763,1,-1,1.0
18763,18764,18763,5,-5,5.0
18763,18764,18763,1,-1,1.0
18763,18764,18764,3,3,3.0
18763,18764,18763,1,-1,1.0
18763,18764,18764,1,1,1.0
18763,18764,18764,1,1,1.0
18763,18764,18764,1,1,1.0
18763,18764,18763,5,-5,5.0
18763,18764,18763,2,-2,2.0
18763,18764,18763,1,-1,1.0
18763,18764,18763,1,-1,1.0
18763,18764,18763,1,-1,1.0
18763,18764,18763,1,-1,1.0
18763,18764,18763,1,-1,1.0
18763,18764,18763,1,-1,1.0
18763,18764,18763,1,-1,1.0
18763,18764,18763,1,-1,1.0
18763,18764,18763,1,-1,1.0
18763,18764,18763,2,-2,2.0
18763,18764,18763,3,-3,3.0
18763,18764,18762,3,-3,3.0
18762,18763,18762,1,-1,1.0
18762,18763,18762,1,-1,1.0
18762,18763,18762,5,-5,5.0
18762,18763,18762,3,-3,3.0
18762,18763,18762,2,-2,2.0
18762,18763,18762,1,-1,1.0
18762,18763,18762,1,-1,1.0
18762,18763,18762,1,-1,1.0
18762,18763,18762,6,-6,6.0
18762,18763,18762,4,-4,4.0
18762,18763,18762,6,-6,6.0
18762,18763,18762,1,-1,1.0
18762,18763,18762,1,-1,1.0
18762,18763,18762,1,-1,1.0
18762,18763,18762,1,-1,1.0
18762,18763,18762,2,-2,2.0
18762,18763,18762,1,-1,1.0
18762,18763,18762,3,-3,3.0
18762,18763,18762,1,-1,1.0
18762,18763,18762,1,-1,1.0
18762,18763,18761,1,-1,1.0
18762,18763,18761,1,-1,1.0
18761,18762,18761,1,-1,1.0
18761,18762,18761,5,-5,5.0
18761,18762,18761,4,-4,4.0
18761,18762,18760,1,-1,1.0
18761,18762,18760,5,-5,5.0
18761,18762,18760,1,-1,1.0
18761,18762,18760,1,-1,1.0
18761,18762,18760,1,-1,1.0
18761,18762,18760,1,-1,1.0
18761,18762,18760,5,-5,5.0
18761,18762,18760,1,-1,1.0
18761,18762,18760,1,-1,1.0
18761,18762,18760,1,-1,1.0
18761,18762,18760,1,-1,1.0
18761,18762,18760,1,-1,1.0
18761,18762,18762,5,5,5.0
18761,18762,18762,2,2,2.0
18761,18762,18762,3,3,3.0
18761,18762,18761,3,-3,3.0
18761,18762,18762,1,1,1.0
18761,18762,18762,1,1,1.0
18761,18762,18762,1,1,1.0
18761,18762,18761,3,-3,3.0
18761,18762,18762,1,1,1.0
18761,18762,18762,1,1,1.0
18761,18762,18762,1,1,1.0
18761,18762,18761,3,-3,3.0
18761,18762,18762,1,1,1.0
18761,18762,18762,1,1,1.0
18761,18762,18762,1,1,1.0
18761,18762,18762,1,1,1.0
18761,18762,18761,1,-1,1.0
18761,18762,18761,1,-1,1.0
18761,18762,18761,1,-1,1.0
18761,18762,18760,1,-1,1.0
18761,18762,18760,1,-1,1.0
18761,18762,18760,1,-1,1.0
18761,18762,18760,1,-1,1.0
18760,18762,18760,1,-1,1.0
18760,18762,18760,1,-1,1.0
18760,18762,18762,5,5,5.0
18760,18762,18761,1,1,-1.0
18761,18763,18761,1,-1,1.0
18761,18763,18761,1,-1,1.0
18761,18763,18761,1,-1,1.0
18761,18763,18761,1,-1,1.0
18761,18763,18761,1,-1,1.0
18761,18763,18760,1,-1,1.0
18761,18763,18760,1,-1,1.0
18761,18763,18760,1,-1,1.0
18761,18763,18760,1,-1,1.0
18761,18763,18762,1,-1,1.0
18761,18763,18763,6,6,6.0
18761,18763,18761,1,-1,1.0
18761,18763,18761,1,-1,1.0
18761,18763,18761,1,-1,1.0
18761,18763,18761,1,-1,1.0
18761,18763,18761,4,-4,4.0
18761,18763,18763,1,1,1.0
18761,18763,18763,1,1,1.0
18762,18763,18762,1,-1,1.0
18762,18763,18762,1,-1,1.0
18762,18763,18761,4,-4,4.0
18762,18763,18763,3,3,3.0
18761,18763,18762,5,5,-5.0
18761,18763,18762,1,1,-1.0
18762,18763,18762,1,-1,1.0
18762,18763,18762,1,-1,1.0
18762,18763,18762,3,-3,3.0
18762,18764,18762,1,-1,1.0
18762,18764,18762,4,-4,4.0
18763,18764,18764,10,10,10.0
18763,18765,18765,1,1,1.0
18763,18765,18764,1,1,-1.0
18763,18764,18763,1,-1,1.0
18763,18764,18763,1,-1,1.0
18762,18763,18762,2,-2,2.0
18762,18763,18763,1,1,1.0
18762,18763,18762,2,-2,2.0
18761,18762,18762,1,1,1.0
18761,18762,18761,1,-1,1.0
18761,18762,18761,2,-2,2.0
18761,18762,18761,1,-1,1.0
18760,18762,18761,1,-1,1.0
18759,18761,18761,1,1,1.0
18759,18761,18761,1,1,1.0
18761,18762,18761,2,-2,2.0
18761,18763,18761,1,-1,1.0
18762,18763,18762,2,-2,2.0
18762,18763,18762,1,-1,1.0
18762,18763,18762,1,-1,1.0
18762,18763,18762,1,-1,1.0
18761,18762,18761,4,-4,4.0
18761,18762,18761,2,-2,2.0
18761,18762,18761,1,-1,1.0
18760,18761,18761,1,1,1.0
18760,18761,18760,1,-1,1.0
18760,18761,18760,1,-1,1.0
18760,18761,18760,2,-2,2.0
18760,18761,18760,1,-1,1.0
18760,18761,18760,1,-1,1.0
18760,18761,18759,1,-1,1.0
18760,18761,18759,4,-4,4.0
18760,18761,18759,1,-1,1.0
18760,18761,18759,1,-1,1.0
18760,18761,18760,4,-4,4.0
18760,18761,18759,1,-1,1.0
18760,18761,18759,1,-1,1.0
18760,18761,18759,44,-44,44.0
18760,18761,18758,1,-1,1.0
18760,18761,18758,1,-1,1.0
18760,18761,18758,16,-16,16.0
18760,18761,18758,3,-3,3.0
18760,18761,18758,1,-1,1.0
18760,18761,18758,1,-1,1.0
18760,18761,18758,1,-1,1.0
18758,18759,18758,1,-1,1.0
18758,18759,18758,1,-1,1.0
18758,18759,18758,1,-1,1.0
18758,18759,18758,1,-1,1.0
18758,18759,18759,1,1,1.0
18758,18759,18758,1,-1,1.0
18758,18759,18758,1,-1,1.0
18758,18759,18759,1,1,1.0
18758,18759,18760,2,2,-2.0
18758,18759,18758,1,-1,1.0
18758,18759,18758,1,-1,1.0
18758,18759,18758,1,-1,1.0
18758,18759,18758,1,-1,1.0
18758,18760,18758,1,-1,1.0
18758,18760,18758,1,-1,1.0
18758,18760,18758,1,-1,1.0
18758,18760,18758,1,-1,1.0
18758,18760,18758,1,-1,1.0
18758,18760,18758,1,-1,1.0
18758,18760,18758,1,-1,1.0
18758,18760,18760,1,1,1.0
18758,18760,18758,1,-1,1.0
18758,18760,18758,1,-1,1.0
18758,18760,18758,1,-1,1.0
18758,18760,18758,1,-1,1.0
18758,18760,18758,1,-1,1.0
18758,18760,18758,1,-1,1.0
18758,18760,18758,1,-1,1.0
18758,18760,18758,1,-1,1.0
18758,18760,18758,2,-2,2.0
18758,18760,18758,1,-1,1.0
18758,18760,18760,4,4,4.0
18758,18760,18760,2,2,2.0
18758,18760,18760,2,2,2.0
18758,18760,18760,1,1,1.0
18758,18760,18760,1,1,1.0
18758,18760,18760,1,1,1.0
18758,18760,18759,1,1,-1.0
18759,18761,18759,1,-1,1.0
18759,18761,18761,1,1,1.0
18759,18761,18759,3,-3,3.0
18760,18761,18760,1,-1,1.0
18760,18761,18760,2,-2,2.0
18759,18761,18759,2,-2,2.0
18759,18761,18761,1,1,1.0
18759,18760,18759,1,-1,1.0
18758,18760,18760,1,1,1.0
18758,18759,18759,1,1,1.0
18757,18759,18759,1,1,1.0
18757,18758,18757,10,-10,10.0
18757,18758,18757,3,-3,3.0
18757,18758,18757,3,-3,3.0
18757,18758,18757,2,-2,2.0
18757,18758,18757,1,-1,1.0
18757,18758,18757,1,-1,1.0
18757,18758,18756,1,-1,1.0
18756,18758,18756,1,-1,1.0
18756,18758,18758,2,2,2.0
18756,18758,18758,1,1,1.0
18756,18758,18757,3,3,-3.0
18756,18758,18758,1,1,1.0
18756,18758,18758,1,1,1.0
18757,18758,18757,2,-2,2.0
18757,18758,18756,1,-1,1.0
18757,18758,18758,1,1,1.0
18757,18758,18758,2,2,2.0
18758,18759,18758,1,-1,1.0
18758,18759,18759,1,1,1.0
18758,18760,18758,1,-1,1.0
18758,18760,18758,1,-1,1.0
18758,18760,18758,1,-1,1.0
18758,18760,18758,2,-2,2.0
18758,18760,18758,1,-1,1.0
18759,18760,18759,1,-1,1.0
18759,18760,18759,1,-1,1.0
18759,18760,18759,1,-1,1.0
18759,18760,18758,3,-3,3.0
18758,18759,18759,9,9,9.0
18759,18760,18760,2,2,2.0
18760,18761,18761,14,14,14.0
18760,18762,18760,4,-4,4.0
18761,18762,18762,1,1,1.0
18759,18761,18761,1,1,1.0
18759,18760,18760,1,1,1.0
18760,18761,18760,1,-1,1.0
18759,18760,18760,1,1,1.0
18760,18761,18760,1,-1,1.0
18760,18761,18760,1,-1,1.0
18759,18761,18759,3,-3,3.0
18759,18761,18759,1,-1,1.0
18759,18761,18760,1,-1,1.0
18759,18761,18760,1,-1,1.0
18760,18761,18761,1,1,1.0
18760,18761,18760,1,-1,1.0
18761,18762,18762,3,3,3.0
18761,18763,18762,1,1,-1.0
18762,18763,18763,1,1,1.0
18762,18764,18764,3,3,3.0
18761,18763,18763,1,1,1.0
18762,18763,18762,1,-1,1.0
18761,18762,18761,1,-1,1.0
18762,18763,18763,1,1,1.0
18762,18763,18762,1,-1,1.0
18762,18763,18762,1,-1,1.0
18761,18763,18763,4,4,4.0
18762,18763,18763,1,1,1.0
18762,18763,18763,2,2,2.0
18761,18762,18761,1,-1,1.0
18761,18762,18761,1,-1,1.0
18761,18762,18761,1,-1,1.0
18761,18762,18761,1,-1,1.0
18761,18762,18761,1,-1,1.0
18760,18761,18761,3,3,3.0
18760,18761,18760,3,-3,3.0
18759,18760,18759,1,-1,1.0
18759,18760,18760,1,1,1.0
18759,18760,18759,3,-3,3.0
18758,18759,18758,2,-2,2.0
18758,18759,18758,1,-1,1.0
18758,18759,18758,1,-1,1.0
18758,18759,18758,8,-8,8.0
18758,18759,18758,1,-1,1.0
18757,18758,18758,1,1,1.0
18757,18758,18758,3,3,3.0
18757,18758,18758,1,1,1.0
18757,18758,18758,4,4,4.0
18758,18759,18758,3,-3,3.0
18758,18759,18758,1,-1,1.0
18758,18759,18759,1,1,1.0
18759,18760,18760,1,1,1.0
18759,18760,18760,2,2,2.0
18759,18760,18760,1,1,1.0
18759,18760,18760,1,1,1.0
18759,18760,18759,2,-2,2.0
18758,18760,18760,1,1,1.0
18758,18760,18759,1,1,-1.0
18759,18760,18759,1,-1,1.0
18759,18760,18759,1,-1,1.0
18759,18760,18759,2,-2,2.0
18758,18759,18759,2,2,2.0
18758,18759,18758,2,-2,2.0
18758,18759,18757,1,-1,1.0
18758,18759,18757,2,-2,2.0
18758,18759,18757,1,-1,1.0
18758,18759,18757,1,-1,1.0
18756,18757,18756,1,-1,1.0
18756,18758,18756,1,-1,1.0
18756,18757,18756,1,-1,1.0
18756,18757,18756,1,-1,1.0
18756,18757,18756,3,-3,3.0
18756,18757,18756,2,-2,2.0
18756,18757,18756,1,-1,1.0
18756,18757,18757,1,1,1.0
18756,18757,18756,1,-1,1.0
18756,18757,18756,16,-16,16.0
18756,18757,18756,1,-1,1.0
18755,18756,18756,1,1,1.0
18755,18756,18755,1,-1,1.0
18755,18756,18755,2,-2,2.0
18755,18756,18755,7,-7,7.0
18755,18756,18755,1,-1,1.0
18755,18756,18755,1,-1,1.0
18755,18756,18755,1,-1,1.0
18755,18756,18755,3,-3,3.0
18755,18756,18755,1,-1,1.0
18755,18756,18755,1,-1,1.0
18755,18756,18755,1,-1,1.0
18755,18756,18756,3,3,3.0
18755,18756,18755,2,-2,2.0
18755,18756,18755,3,-3,3.0
18755,18756,18755,1,-1,1.0
18755,18756,18755,1,-1,1.0
18755,18756,18755,2,-2,2.0
18755,18756,18756,1,1,1.0
18755,18756,18755,3,-3,3.0
18756,18757,18756,1,-1,1.0
18756,18757,18757,1,1,1.0
18756,18758,18756,1,-1,1.0
18756,18758,18756,1,-1,1.0
18757,18759,18757,1,-1,1.0
18757,18759,18757,1,-1,1.0
18757,18759,18757,3,-3,3.0
18758,18759,18757,1,-1,1.0
18758,18759,18759,1,1,1.0
18757,18759,18759,1,1,1.0
18758,18759,18759,1,1,1.0
18757,18759,18757,9,-9,9.0
18756,18758,18758,1,1,1.0
18756,18757,18757,1,1,1.0
18756,18757,18757,3,3,3.0
18757,18758,18758,2,2,2.0
18757,18759,18757,12,-12,12.0
18757,18758,18757,1,-1,1.0
18757,18758,18757,1,-1,1.0
18757,18758,18757,1,-1,1.0
18757,18758,18757,1,-1,1.0
18757,18758,18758,3,3,3.0
18757,18758,18758,1,1,1.0
18757,18758,18757,2,-2,2.0
18757,18758,18758,1,1,1.0
18757,18758,18757,1,-1,1.0
18757,18758,18757,3,-3,3.0
18757,18758,18757,1,-1,1.0
18756,18757,18757,1,1,1.0
18756,18757,18757,1,1,1.0
18756,18757,18756,5,-5,5.0
18756,18757,18756,13,-13,13.0
18756,18757,18755,8,-8,8.0
18755,18756,18756,2,2,2.0
18755,18756,18756,1,1,1.0
18755,18757,18755,1,-1,1.0
18755,18757,18755,17,-17,17.0
18754,18755,18755,3,3,3.0
18754,18755,18755,1,1,1.0
18754,18755,18755,1,1,1.0
18754,18755,18755,2,2,2.0
18754,18755,18755,2,2,2.0
18755,18757,18755,1,-1,1.0
18755,18757,18755,1,-1,1.0
18755,18756,18755,3,-3,3.0
18755,18756,18755,1,-1,1.0
18754,18755,18754,1,-1,1.0
18754,18755,18755,3,3,3.0
18754,18755,18754,3,-3,3.0
18754,18755,18754,26,-26,26.0
18753,18754,18753,1,-1,1.0
18753,18754,18753,1,-1,1.0
18753,18754,18753,1,-1,1.0
18753,18754,18753,1,-1,1.0
18753,18754,18753,1,-1,1.0
18753,18754,18753,1,-1,1.0
18753,18754,18753,2,-2,2.0
18753,18754,18753,1,-1,1.0
18753,18754,18753,1,-1,1.0
18753,18754,18753,1,-1,1.0
18753,18754,18754,14,14,14.0
18753,18754,18753,2,-2,2.0
18753,18754,18754,1,1,1.0
18753,18754,18753,1,-1,1.0
18753,18754,18754,1,1,1.0
18753,18754,18754,1,1,1.0
18753,18754,18753,1,-1,1.0
18753,18754,18754,1,1,1.0
18753,18754,18753,2,-2,2.0
18753,18754,18754,1,1,1.0
18753,18754,18754,3,3,3.0
18753,18754,18753,1,-1,1.0
18753,18755,18753,4,-4,4.0
18753,18755,18753,1,-1,1.0
18753,18754,18753,1,-1,1.0
18753,18754,18753,1,-1,1.0
18753,18754,18753,1,-1,1.0
18753,18754,18753,1,-1,1.0
18753,18754,18753,1,-1,1.0
18753,18755,18755,1,1,1.0
18753,18755,18755,1,1,1.0
18753,18755,18755,1,1,1.0
18753,18755,18755,1,1,1.0
18754,18755,18755,1,1,1.0
18754,18756,18754,1,-1,1.0
18754,18756,18754,5,-5,5.0
18754,18756,18756,1,1,1.0
18754,18756,18754,1,-1,1.0
18754,18755,18755,1,1,1.0
18754,18755,18755,1,1,1.0
18754,18755,18756,1,1,-1.0
18755,18756,18755,1,-1,1.0
18755,18756,18755,1,-1,1.0
18755,18756,18755,1,-1,1.0
18755,18756,18755,2,-2,2.0
18755,18756,18755,1,-1,1.0
18754,18755,18754,1,-1,1.0
18754,18755,18754,1,-1,1.0
18754,18755,18755,1,1,1.0
18753,18755,18755,1,1,1.0
18753,18755,18755,1,1,1.0
18753,18754,18753,1,-1,1.0
18753,18754,18753,1,-1,1.0
18753,18754,18753,1,-1,1.0
18752,18754,18753,2,-2,2.0
18752,18754,18752,100,-100,100.0
18752,18754,18752,52,-52,52.0
18752,18754,18751,1,-1,1.0
18752,18754,18751,19,-19,19.0
18752,18754,18751,2,-2,2.0
18752,18754,18751,38,-38,38.0
18752,18754,18750,1,-1,1.0
18750,18751,18751,4,4,4.0
18750,18751,18751,1,1,1.0
18750,18751,18751,1,1,1.0
18750,18751,18750,1,-1,1.0
18750,18751,18750,1,-1,1.0
18750,18751,18750,5,-5,5.0
18750,18751,18750,9,-9,9.0
18750,18751,18750,1,-1,1.0
18750,18751,18750,1,-1,1.0
18750,18751,18750,1,-1,1.0
18750,18751,18750,6,-6,6.0
18750,18751,18750,6,-6,6.0
18750,18751,18750,1,-1,1.0
18750,18751,18750,6,-6,6.0
18750,18751,18750,1,-1,1.0
18750,18751,18750,1,-1,1.0
18750,18751,18751,1,1,1.0
18750,18751,18750,1,-1,1.0
18750,18751,18750,1,-1,1.0
18750,18751,18750,6,-6,6.0
18750,18751,18751,2,2,2.0
18750,18751,18751,1,1,1.0
18750,18751,18751,2,2,2.0
18750,18751,18751,1,1,1.0
18750,18751,18751,1,1,1.0
18751,18752,18751,1,-1,1.0
18751,18752,18751,1,-1,1.0
18751,18752,18751,1,-1,1.0
18750,18751,18751,1,1,1.0
18750,18751,18750,20,-20,20.0
18750,18751,18750,19,-19,19.0
18749,18751,18751,1,1,1.0
18749,18751,18751,1,1,1.0
18750,18751,18751,1,1,1.0
18750,18751,18750,5,-5,5.0
18750,18751,18751,9,9,9.0
18751,18752,18751,5,-5,5.0
18751,18752,18751,1,-1,1.0
18751,18752,18751,1,-1,1.0
18751,18752,18751,1,-1,1.0
18751,18752,18751,1,-1,1.0
18751,18752,18751,1,-1,1.0
18751,18752,18752,2,2,2.0
18751,18752,18751,1,-1,1.0
18751,18752,18751,2,-2,2.0
18750,18751,18751,3,3,3.0
18750,18751,18751,2,2,2.0
18750,18752,18750,4,-4,4.0
18750,18752,18750,2,-2,2.0
18750,18751,18751,1,1,1.0
18751,18752,18752,10,10,10.0
18751,18753,18753,1,1,1.0
18752,18753,18753,1,1,1.0
18752,18753,18753,1,1,1.0
18752,18754,18752,3,-3,3.0
18752,18754,18753,8,-8,8.0
18752,18754,18753,1,-1,1.0
18752,18754,18754,1,1,1.0
18752,18753,18753,1,1,1.0
18753,18754,18753,1,-1,1.0
18753,18754,18753,1,-1,1.0
18751,18752,18752,1,1,1.0
18751,18752,18752,1,1,1.0
18751,18752,18753,4,4,-4.0
18752,18753,18753,2,2,2.0
18753,18754,18754,1,1,1.0
18754,18755,18754,1,-1,1.0
18753,18754,18754,1,1,1.0
18753,18754,18754,1,1,1.0
18753,18754,18754,2,2,2.0
18754,18755,18755,2,2,2.0
18754,18755,18755,1,1,1.0
18754,18755,18755,2,2,2.0
18754,18755,18755,6,6,6.0
18754,18755,18755,1,1,1.0
18754,18755,18755,2,2,2.0
18754,18755,18755,1,1,1.0
18754,18755,18755,1,1,1.0
18754,18755,18755,1,1,1.0
18754,18755,18755,1,1,1.0
18754,18755,18755,2,2,2.0
18754,18755,18755,1,1,1.0
18754,18755,18755,2,2,2.0
18755,18756,18756,1,1,1.0
18755,18756,18756,1,1,1.0
18755,18756,18756,1,1,1.0
18756,18757,18756,1,-1,1.0
18756,18757,18756,1,-1,1.0
18756,18757,18757,1,1,1.0
18756,18757,18757,1,1,1.0
18756,18757,18757,1,1,1.0
18756,18758,18758,1,1,1.0
18756,18758,18758,1,1,1.0
18756,18758,18758,1,1,1.0
18756,18758,18758,1,1,1.0
18756,18758,18756,1,-1,1.0
18756,18758,18758,1,1,1.0
18756,18758,18758,1,1,1.0
18757,18758,18757,1,-1,1.0
18757,18758,18758,4,4,4.0
18757,18758,18757,1,-1,1.0
18757,18758,18757,2,-2,2.0
18757,18758,18758,1,1,1.0
18757,18759,18758,1,1,-1.0
18758,18759,18758,2,-2,2.0
18758,18759,18759,1,1,1.0
18758,18759,18758,2,-2,2.0
18758,18759,18759,3,3,3.0
18758,18759,18759,2,2,2.0
18759,18760,18760,1,1,1.0
18759,18760,18760,1,1,1.0
18759,18760,18760,1,1,1.0
18759,18760,18760,1,1,1.0
18759,18760,18760,2,2,2.0
18759,18760,18760,2,2,2.0
18759,18760,18760,1,1,1.0
18760,18761,18761,1,1,1.0
18760,18761,18761,3,3,3.0
18760,18761,18761,1,1,1.0
18760,18761,18761,1,1,1.0
18760,18761,18760,1,-1,1.0
18760,18761,18760,1,-1,1.0
18760,18761,18760,1,-1,1.0
18760,18761,18760,2,-2,2.0
18760,18761,18760,1,-1,1.0
18759,18760,18760,1,1,1.0
18759,18760,18761,1,1,-1.0
18760,18761,18760,2,-2,2.0
18760,18761,18761,4,4,4.0
18760,18761,18760,2,-2,2.0
18759,18761,18759,2,-2,2.0
18760,18761,18760,1,-1,1.0
18759,18760,18759,1,-1,1.0
18759,18760,18759,4,-4,4.0
18759,18760,18758,3,-3,3.0
18758,18759,18758,4,-4,4.0
18757,18758,18758,2,2,2.0
18757,18758,18758,2,2,2.0
18758,18759,18759,1,1,1.0
18758,18759,18759,1,1,1.0
18759,18760,18759,2,-2,2.0
18759,18760,18760,1,1,1.0
18759,18760,18760,1,1,1.0
18760,18761,18760,1,-1,1.0
18760,18761,18759,1,-1,1.0
18759,18760,18759,1,-1,1.0
18758,18759,18758,2,-2,2.0
18757,18759,18757,3,-3,3.0
18757,18759,18759,1,1,1.0
18757,18759,18759,1,1,1.0
18757,18759,18758,6,6,-6.0
18757,18758,18757,3,-3,3.0
18757,18758,18758,4,4,4.0
18757,18758,18759,2,2,-2.0
18757,18758,18758,1,1,1.0
18757,18758,18757,1,-1,1.0
18757,18758,18757,1,-1,1.0
18757,18758,18757,1,-1,1.0
18756,18757,18757,2,2,2.0
18756,18758,18756,16,-16,16.0
18755,18756,18755,3,-3,3.0
18754,18755,18754,1,-1,1.0
18754,18755,18755,1,1,1.0
18754,18755,18755,2,2,2.0
18754,18755,18755,1,1,1.0
18754,18755,18755,1,1,1.0
18754,18755,18755,1,1,1.0
18754,18755,18755,1,1,1.0
18754,18755,18754,2,-2,2.0
18754,18755,18755,11,11,11.0
18754,18755,18754,15,-15,15.0
18753,18755,18753,2,-2,2.0
18754,18755,18755,2,2,2.0
18754,18755,18755,2,2,2.0
18754,18755,18755,1,1,1.0
18754,18755,18755,2,2,2.0
18756,18757,18756,2,-2,2.0
18756,18757,18756,1,-1,1.0
18756,18757,18756,1,-1,1.0
18756,18757,18756,1,-1,1.0
18756,18757,18756,1,-1,1.0
18756,18757,18756,1,-1,1.0
18756,18757,18755,1,-1,1.0
18754,18755,18754,5,-5,5.0
18753,18754,18753,1,-1,1.0
18752,18753,18753,1,1,1.0
18753,18754,18753,1,-1,1.0
18752,18753,18752,2,-2,2.0
18752,18753,18752,1,-1,1.0
18752,18753,18752,2,-2,2.0
18752,18753,18752,1,-1,1.0
18752,18753,18753,1,1,1.0
18752,18753,18753,1,1,1.0
18753,18754,18754,4,4,4.0
18754,18755,18755,1,1,1.0
18754,18755,18755,2,2,2.0
18754,18755,18754,1,-1,1.0
18754,18755,18755,1,1,1.0
18754,18755,18755,2,2,2.0
18754,18755,18754,1,-1,1.0
18754,18755,18755,1,1,1.0
18754,18755,18755,1,1,1.0
18754,18755,18755,1,1,1.0
18754,18755,18755,3,3,3.0
18754,18755,18755,1,1,1.0
18754,18755,18755,1,1,1.0
18755,18756,18755,2,-2,2.0
18755,18756,18755,1,-1,1.0
18755,18756,18756,1,1,1.0
18756,18757,18757,2,2,2.0
18757,18758,18757,1,-1,1.0
18757,18758,18758,1,1,1.0
18757,18758,18758,1,1,1.0
18757,18758,18758,1,1,1.0
18757,18758,18757,1,-1,1.0
18755,18757,18757,1,1,1.0
18756,18758,18758,2,2,2.0
18756,18757,18757,1,1,1.0
18756,18757,18756,1,-1,1.0
18756,18757,18756,3,-3,3.0
18756,18757,18757,1,1,1.0
18756,18757,18757,2,2,2.0
18756,18757,18757,1,1,1.0
18756,18757,18757,1,1,1.0
18756,18757,18757,7,7,7.0
18757,18759,18759,1,1,1.0
18758,18759,18758,2,-2,2.0
18757,18759,18759,2,2,2.0
18758,18759,18759,1,1,1.0
18758,18760,18759,2,2,-2.0
18758,18759,18758,1,-1,1.0
18758,18759,18759,3,3,3.0
18758,18759,18758,1,-1,1.0
18758,18759,18758,3,-3,3.0
18758,18759,18758,1,-1,1.0
18757,18759,18758,3,-3,3.0
18758,18759,18759,3,3,3.0
18758,18759,18758,1,-1,1.0
18758,18759,18759,1,1,1.0
18758,18759,18759,2,2,2.0
18758,18759,18758,10,-10,10.0
18758,18759,18757,1,-1,1.0
18758,18759,18758,1,-1,1.0
18758,18759,18758,1,-1,1.0
18758,18759,18758,1,-1,1.0
18757,18759,18757,1,-1,1.0
18757,18759,18757,1,-1,1.0
18757,18758,18758,1,1,1.0
18757,18758,18758,1,1,1.0
18757,18758,18758,1,1,1.0
18757,18759,18757,2,-2,2.0
18758,18759,18758,1,-1,1.0
18758,18759,18758,1,-1,1.0
18757,18758,18757,2,-2,2.0
18757,18758,18757,4,-4,4.0
18756,18757,18757,1,1,1.0
18757,18758,18757,1,-1,1.0
18757,18758,18757,2,-2,2.0
18757,18758,18757,2,-2,2.0
18757,18758,18757,1,-1,1.0
18757,18758,18757,1,-1,1.0
18757,18758,18757,2,-2,2.0
18757,18758,18757,2,-2,2.0
18757,18758,18757,1,-1,1.0
18756,18757,18757,1,1,1.0
18756,18757,18757,1,1,1.0
18756,18757,18757,1,1,1.0
18757,18758,18757,3,-3,3.0
18756,18757,18757,2,2,2.0
18756,18757,18756,1,-1,1.0
18756,18757,18756,2,-2,2.0
18756,18757,18756,1,-1,1.0
18756,18757,18756,2,-2,2.0
18755,18756,18756,1,1,1.0
18755,18756,18755,2,-2,2.0
18755,18756,18755,1,-1,1.0
18755,18756,18755,1,-1,1.0
18755,18756,18755,1,-1,1.0
18755,18756,18755,3,-3,3.0
18755,18756,18754,16,-16,16.0
18753,18755,18753,1,-1,1.0
18753,18754,18753,1,-1,1.0
18753,18754,18754,1,1,1.0
18753,18754,18754,3,3,3.0
18753,18754,18754,2,2,2.0
18753,18755,18753,3,-3,3.0
18753,18754,18753,1,-1,1.0
18753,18755,18754,4,-4,4.0
18753,18754,18753,5,-5,5.0
18752,18753,18752,1,-1,1.0
18752,18753,18752,2,-2,2.0
18752,18753,18752,4,-4,4.0
18752,18753,18752,15,-15,15.0
18751,18752,18751,1,-1,1.0
18751,18752,18751,1,-1,1.0
18751,18752,18752,1,1,1.0
18751,18752,18752,1,1,1.0
18751,18752,18753,1,1,-1.0
18751,18753,18753,1,1,1.0
18753,18754,18753,6,-6,6.0
18751,18752,18751,1,-1,1.0
18751,18752,18752,1,1,1.0
18751,18752,18751,1,-1,1.0
18751,18752,18752,1,1,1.0
18751,18752,18752,1,1,1.0
18752,18753,18752,1,-1,1.0
18752,18753,18751,1,-1,1.0
18751,18752,18751,4,-4,4.0
18751,18752,18751,1,-1,1.0
18751,18752,18751,1,-1,1.0
18751,18752,18751,2,-2,2.0
18751,18752,18751,1,-1,1.0
18751,18752,18751,4,-4,4.0
18751,18752,18751,5,-5,5.0
18751,18752,18752,2,2,2.0
18751,18752,18751,2,-2,2.0
18751,18752,18751,2,-2,2.0
18752,18753,18752,1,-1,1.0
18751,18753,18753,1,1,1.0
18752,18753,18753,1,1,1.0
18752,18753,18752,1,-1,1.0
18752,18753,18753,1,1,1.0
18752,18753,18753,1,1,1.0
18753,18754,18753,3,-3,3.0
18753,18754,18754,3,3,3.0
18753,18754,18754,1,1,1.0
18753,18755,18755,1,1,1.0
18754,18755,18755,1,1,1.0
18754,18755,18755,2,2,2.0
18755,18756,18755,1,-1,1.0
18755,18756,18755,1,-1,1.0
18753,18755,18755,1,1,1.0
18753,18754,18754,3,3,3.0
18753,18754,18753,1,-1,1.0
18753,18754,18753,4,-4,4.0
18752,18753,18753,1,1,1.0
18752,18753,18753,1,1,1.0
18752,18753,18752,8,-8,8.0
18751,18752,18752,1,1,1.0
18751,18752,18752,1,1,1.0
18751,18752,18752,2,2,2.0
18751,18752,18751,3,-3,3.0
18751,18752,18751,1,-1,1.0
18751,18752,18751,1,-1,1.0
18751,18752,18751,1,-1,1.0
18751,18752,18751,1,-1,1.0
18751,18752,18751,1,-1,1.0
18751,18752,18751,2,-2,2.0
18751,18752,18751,2,-2,2.0
18751,18752,18751,1,-1,1.0
18751,18752,18751,57,-57,57.0
18751,18752,18751,1,-1,1.0
18751,18752,18751,2,-2,2.0
18751,18752,18751,2,-2,2.0
18751,18752,18751,1,-1,1.0
18751,18752,18750,1,-1,1.0
18751,18752,18750,1,-1,1.0
18751,18752,18750,1,-1,1.0
18751,18752,18750,1,-1,1.0
18751,18752,18750,1,-1,1.0
18751,18752,18750,7,-7,7.0
18751,18752,18750,1,-1,1.0
18751,18752,18750,1,-1,1.0
18751,18752,18750,1,-1,1.0
18751,18752,18750,2,-2,2.0
18751,18752,18750,2,-2,2.0
18749,18750,18750,1,1,1.0
18749,18750,18749,1,-1,1.0
18749,18750,18749,1,-1,1.0
18749,18751,18749,4,-4,4.0
18749,18751,18749,1,-1,1.0
18749,18751,18749,5,-5,5.0
18749,18751,18749,3,-3,3.0
18749,18751,18749,1,-1,1.0
18749,18750,18750,1,1,1.0
18749,18750,18749,4,-4,4.0
18749,18750,18749,1,-1,1.0
18749,18750,18749,2,-2,2.0
18749,18750,18749,1,-1,1.0
18749,18750,18749,1,-1,1.0
18749,18750,18749,1,-1,1.0
18749,18750,18749,1,-1,1.0
18749,18750,18749,1,-1,1.0
18749,18750,18749,1,-1,1.0
18749,18750,18750,1,1,1.0
18749,18750,18750,1,1,1.0
18749,18750,18749,2,-2,2.0
18749,18750,18749,1,-1,1.0
18749,18750,18749,1,-1,1.0
18748,18750,18749,1,-1,1.0
18748,18750,18749,1,-1,1.0
18749,18750,18749,1,-1,1.0
18748,18750,18750,1,1,1.0
18749,18750,18750,1,1,1.0
18749,18750,18749,1,-1,1.0
18748,18749,18749,1,1,1.0
18748,18749,18749,1,1,1.0
18748,18749,18749,1,1,1.0
18748,18749,18748,40,-40,40.0
18747,18749,18747,1,-1,1.0
18747,18749,18747,5,-5,5.0
18747,18749,18747,1,-1,1.0
18747,18749,18748,1,-1,1.0
18747,18749,18748,1,-1,1.0
18748,18749,18748,9,-9,9.0
18748,18749,18747,1,-1,1.0
18748,18749,18747,3,-3,3.0
18748,18749,18747,9,-9,9.0
18748,18749,18746,1,-1,1.0
18746,18748,18746,1,-1,1.0
18746,18748,18748,2,2,2.0
18746,18747,18746,3,-3,3.0
18746,18747,18746,3,-3,3.0
18746,18747,18747,2,2,2.0
18746,18748,18746,1,-1,1.0
18746,18748,18747,1,-1,1.0
18746,18748,18748,4,4,4.0
18746,18748,18747,2,2,-2.0
18746,18748,18746,2,-2,2.0
18746,18748,18748,3,3,3.0
18746,18748,18748,2,2,2.0
18746,18748,18748,2,2,2.0
18746,18748,18748,1,1,1.0
18746,18748,18748,1,1,1.0
18746,18748,18748,1,1,1.0
18746,18748,18748,31,31,31.0
18746,18748,18749,2,2,-2.0
18746,18748,18748,1,1,1.0
18748,18749,18748,1,-1,1.0
18747,18749,18747,1,-1,1.0
18747,18748,18747,3,-3,3.0
18747,18748,18748,1,1,1.0
18747,18748,18748,1,1,1.0
18747,18748,18747,4,-4,4.0
18747,18748,18748,1,1,1.0
18748,18749,18749,1,1,1.0
18748,18749,18749,1,1,1.0
18748,18749,18748,20,-20,20.0
18747,18748,18748,2,2,2.0
18747,18749,18747,1,-1,1.0
18747,18748,18747,1,-1,1.0
18747,18748,18747,2,-2,2.0
18747,18748,18748,4,4,4.0
18747,18748,18747,1,-1,1.0
18747,18748,18747,1,-1,1.0
18747,18748,18747,1,-1,1.0
18747,18748,18747,3,-3,3.0
18747,18748,18747,1,-1,1.0
18747,18748,18747,2,-2,2.0
18747,18748,18747,4,-4,4.0
18747,18748,18747,1,-1,1.0
18747,18748,18747,1,-1,1.0
18747,18748,18747,1,-1,1.0
18746,18747,18747,1,1,1.0
18746,18747,18746,1,-1,1.0
18746,18747,18747,2,2,2.0
18746,18747,18748,1,1,-1.0
18746,18747,18747,1,1,1.0
18746,18747,18747,2,2,2.0
18746,18747,18747,1,1,1.0
18746,18747,18746,1,-1,1.0
18746,18747,18747,3,3,3.0
18746,18748,18746,5,-5,5.0
18746,18748,18746,5,-5,5.0
18746,18748,18747,1,-1,1.0
18746,18748,18747,1,-1,1.0
18746,18747,18747,1,1,1.0
18746,18747,18746,3,-3,3.0
18746,18747,18746,1,-1,1.0
18746,18747,18746,2,-2,2.0
18746,18747,18746,1,-1,1.0
18746,18747,18746,1,-1,1.0
18746,18747,18746,2,-2,2.0
18746,18747,18746,1,-1,1.0
18746,18747,18747,1,1,1.0
18746,18747,18746,1,-1,1.0
18746,18747,18746,1,-1,1.0
18746,18747,18746,6,-6,6.0
18746,18747,18746,6,-6,6.0
18746,18747,18746,1,-1,1.0
18746,18747,18747,1,1,1.0
18746,18747,18746,1,-1,1.0
18746,18747,18746,1,-1,1.0
18746,18747,18746,1,-1,1.0
18746,18747,18746,2,-2,2.0
18746,18747,18746,2,-2,2.0
18746,18747,18747,1,1,1.0
18746,18747,18747,2,2,2.0
18747,18748,18747,1,-1,1.0
18747,18748,18747,1,-1,1.0
18747,18748,18747,1,-1,1.0
18747,18748,18747,1,-1,1.0
18747,18748,18747,1,-1,1.0
18747,18748,18747,1,-1,1.0
18747,18748,18748,1,1,1.0
18747,18748,18748,9,9,9.0
18747,18748,18748,1,1,1.0
18748,18749,18748,1,-1,1.0
18748,18749,18749,2,2,2.0
18748,18749,18749,1,1,1.0
18749,18750,18749,1,-1,1.0
18749,18750,18749,2,-2,2.0
18749,18750,18749,1,-1,1.0
18749,18750,18749,1,-1,1.0
18749,18750,18749,1,-1,1.0
18749,18750,18749,3,-3,3.0
18749,18750,18749,1,-1,1.0
18747,18749,18749,1,1,1.0
18748,18750,18750,1,1,1.0
18748,18750,18748,3,-3,3.0
18748,18750,18748,1,-1,1.0
18748,18749,18749,1,1,1.0
18748,18750,18748,1,-1,1.0
18748,18750,18748,1,-1,1.0
18748,18750,18748,1,-1,1.0
18748,18750,18748,1,-1,1.0
18748,18750,18749,1,-1,1.0
18747,18748,18747,1,-1,1.0
18747,18748,18747,1,-1,1.0
18747,18748,18748,1,1,1.0
18748,18749,18748,8,-8,8.0
18747,18748,18748,1,1,1.0
18747,18748,18747,1,-1,1.0
18747,18748,18747,1,-1,1.0
18747,18748,18747,1,-1,1.0
18747,18748,18747,1,-1,1.0
18747,18748,18747,1,-1,1.0
18746,18747,18747,1,1,1.0
18746,18748,18748,1,1,1.0
18746,18747,18746,1,-1,1.0
18746,18747,18746,1,-1,1.0
18746,18747,18747,1,1,1.0
18746,18747,18747,1,1,1.0
18746,18747,18746,1,-1,1.0
18746,18747,18747,5,5,5.0
18746,18748,18746,1,-1,1.0
18746,18748,18746,1,-1,1.0
18747,18748,18747,2,-2,2.0
18746,18748,18746,1,-1,1.0
18746,18748,18748,1,1,1.0
18746,18748,18747,2,2,-2.0
18747,18748,18748,1,1,1.0
18747,18748,18748,1,1,1.0
18747,18748,18747,7,-7,7.0
18746,18747,18747,1,1,1.0
18746,18747,18746,2,-2,2.0
18746,18747,18746,2,-2,2.0
18746,18747,18746,2,-2,2.0
18746,18747,18746,9,-9,9.0
18745,18746,18745,1,-1,1.0
18745,18746,18745,1,-1,1.0
18745,18746,18745,1,-1,1.0
18745,18746,18745,1,-1,1.0
18745,18746,18745,9,-9,9.0
18744,18745,18744,3,-3,3.0
18744,18745,18744,1,-1,1.0
18744,18745,18744,2,-2,2.0
18744,18745,18744,1,-1,1.0
18744,18745,18744,2,-2,2.0
18744,18745,18744,1,-1,1.0
18744,18745,18745,3,3,3.0
18744,18745,18745,3,3,3.0
18744,18745,18745,1,1,1.0
18745,18746,18745,2,-2,2.0
18744,18746,18744,3,-3,3.0
18744,18746,18744,23,-23,23.0
18744,18746,18744,1,-1,1.0
18744,18746,18744,1,-1,1.0
18746,18747,18746,2,-2,2.0
18745,18746,18746,1,1,1.0
18745,18746,18745,1,-1,1.0
18745,18746,18745,1,-1,1.0
18745,18746,18745,5,-5,5.0
18745,18746,18745,1,-1,1.0
18745,18746,18745,1,-1,1.0
18745,18746,18745,1,-1,1.0
18744,18745,18745,1,1,1.0
18745,18746,18746,1,1,1.0
18745,18746,18746,1,1,1.0
18745,18746,18746,3,3,3.0
18746,18747,18747,2,2,2.0
18747,18748,18748,1,1,1.0
18747,18748,18748,2,2,2.0
18747,18748,18748,1,1,1.0
18747,18748,18748,2,2,2.0
18747,18748,18748,8,8,8.0
18747,18748,18748,2,2,2.0
18747,18748,18748,2,2,2.0
18747,18748,18748,1,1,1.0
18747,18748,18748,2,2,2.0
18747,18748,18748,1,1,1.0
18748,18749,18748,1,-1,1.0
18748,18749,18748,1,-1,1.0
18748,18749,18748,1,-1,1.0
18747,18748,18747,2,-2,2.0
18747,18748,18747,1,-1,1.0
18747,18748,18747,1,-1,1.0
18746,18747,18747,1,1,1.0
18746,18748,18748,2,2,2.0
18746,18747,18747,1,1,1.0
18746,18748,18746,1,-1,1.0
18747,18748,18748,1,1,1.0
18747,18748,18748,1,1,1.0
18747,18748,18748,2,2,2.0
18747,18748,18748,2,2,2.0
18747,18748,18748,1,1,1.0
18747,18748,18748,1,1,1.0
18747,18748,18748,1,1,1.0
18747,18748,18748,1,1,1.0
18748,18749,18749,1,1,1.0
18748,18749,18749,3,3,3.0
18749,18750,18749,2,-2,2.0
18748,18749,18749,1,1,1.0
18748,18749,18749,1,1,1.0
18748,18749,18749,1,1,1.0
18748,18749,18749,1,1,1.0
18747,18749,18749,2,2,2.0
18747,18748,18748,1,1,1.0
18747,18748,18747,1,-1,1.0
18747,18748,18747,1,-1,1.0
18747,18748,18747,3,-3,3.0
18746,18747,18746,2,-2,2.0
18746,18747,18747,1,1,1.0
18747,18748,18748,1,1,1.0
18747,18749,18747,3,-3,3.0
18748,18749,18749,11,11,11.0
18749,18750,18749,4,-4,4.0
18749,18750,18750,1,1,1.0
18748,18749,18749,1,1,1.0
18749,18750,18749,2,-2,2.0
18748,18749,18748,3,-3,3.0
18748,18749,18748,1,-1,1.0
18747,18748,18748,3,3,3.0
18748,18749,18749,6,6,6.0
18748,18749,18748,1,-1,1.0
18748,18749,18748,1,-1,1.0
18747,18748,18747,1,-1,1.0
18747,18748,18747,3,-3,3.0
18747,18748,18747,1,-1,1.0
18747,18748,18747,1,-1,1.0
18747,18748,18747,2,-2,2.0
18747,18748,18747,3,-3,3.0
18747,18748,18747,1,-1,1.0
18746,18747,18746,2,-2,2.0
18746,18747,18746,1,-1,1.0
18746,18747,18746,1,-1,1.0
18746,18747,18747,1,1,1.0
18746,18747,18747,1,1,1.0
18746,18747,18747,1,1,1.0
18746,18747,18746,1,-1,1.0
18746,18747,18747,1,1,1.0
18746,18747,18746,1,-1,1.0
18746,18747,18746,1,-1,1.0
18746,18747,18747,1,1,1.0
18748,18749,18749,2,2,2.0
18749,18750,18750,2,2,2.0
18749,18750,18750,2,2,2.0
18749,18750,18750,1,1,1.0
18749,18750,18750,1,1,1.0
18749,18750,18750,2,2,2.0
18749,18750,18750,2,2,2.0
18749,18750,18750,2,2,2.0
18749,18750,18750,1,1,1.0
18749,18750,18750,2,2,2.0
18749,18750,18750,1,1,1.0
18750,18751,18750,1,-1,1.0
18749,18750,18749,1,-1,1.0
18748,18749,18749,1,1,1.0
18748,18749,18748,1,-1,1.0
18748,18749,18749,1,1,1.0
18750,18751,18751,1,1,1.0
18750,18751,18751,2,2,2.0
18750,18751,18751,2,2,2.0
18750,18751,18751,1,1,1.0
18750,18751,18751,1,1,1.0
18751,18753,18751,2,-2,2.0
18750,18751,18751,1,1,1.0
18751,18752,18751,2,-2,2.0
18751,18752,18751,2,-2,2.0
18750,18751,18750,1,-1,1.0
18750,18751,18750,1,-1,1.0
18750,18751,18750,1,-1,1.0
18749,18750,18749,2,-2,2.0
18748,18749,18749,1,1,1.0
18748,18749,18748,2,-2,2.0
18748,18749,18748,1,-1,1.0
18748,18749,18748,1,-1,1.0
18748,18749,18748,9,-9,9.0
18748,18749,18748,3,-3,3.0
18748,18749,18748,1,-1,1.0
18748,18749,18748,4,-4,4.0
18748,18749,18748,1,-1,1.0
18748,18749,18748,5,-5,5.0
18748,18749,18749,2,2,2.0
18749,18750,18749,5,-5,5.0
18749,18750,18749,1,-1,1.0
18749,18750,18750,1,1,1.0
18749,18750,18749,1,-1,1.0
18749,18750,18749,3,-3,3.0
18748,18749,18749,1,1,1.0
18748,18749,18749,1,1,1.0
18748,18749,18749,1,1,1.0
18748,18749,18749,1,1,1.0
18749,18750,18750,1,1,1.0
18749,18750,18750,1,1,1.0
18749,18750,18750,3,3,3.0
18750,18751,18751,5,5,5.0
18750,18751,18750,1,-1,1.0
18750,18751,18751,1,1,1.0
18750,18751,18751,5,5,5.0
18750,18751,18751,1,1,1.0
18750,18751,18751,1,1,1.0
18751,18752,18752,1,1,1.0
18751,18752,18752,1,1,1.0
18751,18752,18752,1,1,1.0
18751,18752,18751,1,-1,1.0
18751,18752,18751,13,-13,13.0
18750,18751,18751,2,2,2.0
18750,18751,18751,3,3,3.0
18751,18752,18752,4,4,4.0
18752,18753,18752,3,-3,3.0
18751,18753,18753,1,1,1.0
18751,18753,18753,2,2,2.0
18751,18752,18752,2,2,2.0
18752,18753,18753,2,2,2.0
18752,18753,18753,2,2,2.0
18752,18753,18753,6,6,6.0
18753,18754,18754,3,3,3.0
18753,18755,18755,2,2,2.0
18753,18755,18754,1,1,-1.0
18754,18755,18754,1,-1,1.0
18754,18755,18753,9,-9,9.0
18753,18755,18755,1,1,1.0
18753,18755,18753,2,-2,2.0
18753,18755,18753,1,-1,1.0
18754,18755,18754,1,-1,1.0
18753,18755,18753,2,-2,2.0
18752,18754,18754,2,2,2.0
18752,18754,18754,1,1,1.0
18753,18754,18753,3,-3,3.0
18753,18754,18752,3,-3,3.0
18753,18754,18753,1,-1,1.0
18753,18754,18753,3,-3,3.0
18753,18754,18753,4,-4,4.0
18753,18754,18752,2,-2,2.0
18753,18754,18752,1,-1,1.0
18751,18753,18753,1,1,1.0
18752,18753,18753,1,1,1.0
18752,18753,18753,2,2,2.0
18752,18753,18753,1,1,1.0
18752,18753,18752,2,-2,2.0
18752,18753,18752,1,-1,1.0
18751,18752,18751,2,-2,2.0
18750,18751,18750,2,-2,2.0
18750,18751,18750,1,-1,1.0
18750,18751,18751,1,1,1.0
18750,18751,18750,2,-2,2.0
18750,18751,18750,4,-4,4.0
18749,18750,18749,1,-1,1.0
18749,18750,18749,1,-1,1.0
18749,18750,18749,1,-1,1.0
18749,18750,18749,2,-2,2.0
18748,18749,18749,5,5,5.0
18748,18749,18750,7,7,-7.0
18748,18750,18750,1,1,1.0
18749,18750,18749,1,-1,1.0
18749,18750,18750,5,5,5.0
18749,18751,18749,1,-1,1.0
18750,18751,18750,1,-1,1.0
18750,18751,18750,5,-5,5.0
18750,18751,18750,4,-4,4.0
18749,18750,18749,1,-1,1.0
18748,18749,18749,1,1,1.0
18748,18750,18748,3,-3,3.0
18749,18750,18748,1,-1,1.0
18749,18750,18750,22,22,22.0
18748,18750,18748,1,-1,1.0
18748,18749,18748,1,-1,1.0
18748,18749,18748,1,-1,1.0
18748,18749,18748,1,-1,1.0
18748,18749,18748,1,-1,1.0
18748,18749,18748,7,-7,7.0
18747,18748,18747,27,-27,27.0
18746,18747,18747,1,1,1.0
18746,18747,18746,1,-1,1.0
18746,18747,18747,1,1,1.0
18746,18747,18747,1,1,1.0
18746,18747,18747,1,1,1.0
18746,18748,18746,1,-1,1.0
18746,18748,18747,1,-1,1.0
18746,18747,18746,1,-1,1.0
18746,18747,18746,1,-1,1.0
18746,18747,18746,1,-1,1.0
18746,18747,18746,20,-20,20.0
18745,18746,18745,3,-3,3.0
18745,18746,18745,3,-3,3.0
18745,18746,18745,2,-2,2.0
18744,18745,18744,1,-1,1.0
18744,18745,18744,1,-1,1.0
18744,18745,18745,1,1,1.0
18744,18745,18744,2,-2,2.0
18744,18745,18744,1,-1,1.0
18744,18745,18744,1,-1,1.0
18744,18745,18744,1,-1,1.0
18744,18745,18744,1,-1,1.0
18744,18745,18745,1,1,1.0
18744,18745,18744,1,-1,1.0
18744,18745,18744,1,-1,1.0
18744,18745,18745,1,1,1.0
18744,18745,18745,2,2,2.0
18746,18747,18747,3,3,3.0
18747,18749,18748,1,1,-1.0
18748,18749,18749,1,1,1.0
18748,18750,18750,1,1,1.0
18748,18750,18750,3,3,3.0
18748,18749,18748,3,-3,3.0
18748,18749,18748,1,-1,1.0
18748,18749,18749,1,1,1.0
18748,18749,18748,1,-1,1.0
18748,18749,18748,1,-1,1.0
18748,18749,18747,4,-4,4.0
18748,18749,18748,3,-3,3.0
18748,18749,18748,1,-1,1.0
18747,18749,18748,1,-1,1.0
18748,18749,18748,1,-1,1.0
18748,18749,18748,3,-3,3.0
18748,18749,18748,1,-1,1.0
18747,18749,18749,1,1,1.0
18747,18748,18747,1,-1,1.0
18747,18748,18748,1,1,1.0
18747,18749,18747,2,-2,2.0
18747,18749,18747,1,-1,1.0
18748,18749,18749,1,1,1.0
18748,18749,18749,1,1,1.0
18748,18749,18749,1,1,1.0
18749,18750,18749,1,-1,1.0
18749,18750,18750,2,2,2.0
18749,18750,18750,5,5,5.0
18749,18750,18750,1,1,1.0
18749,18750,18750,2,2,2.0
18749,18750,18750,2,2,2.0
18749,18750,18750,1,1,1.0
18750,18751,18750,1,-1,1.0
18750,18751,18751,5,5,5.0
18750,18751,18751,1,1,1.0
18750,18751,18751,1,1,1.0
18750,18751,18750,3,-3,3.0
18749,18750,18750,1,1,1.0
18749,18750,18749,1,-1,1.0
18748,18750,18750,1,1,1.0
18748,18750,18749,1,1,-1.0
18749,18750,18750,2,2,2.0
18749,18750,18750,1,1,1.0
18750,18751,18751,1,1,1.0
18751,18752,18752,1,1,1.0
18752,18753,18753,1,1,1.0
18752,18753,18752,1,-1,1.0
18752,18753,18753,4,4,4.0
18753,18754,18753,1,-1,1.0
18753,18754,18752,1,-1,1.0
18752,18754,18752,18,-18,18.0
18751,18753,18753,4,4,4.0
18752,18753,18752,1,-1,1.0
18751,18752,18751,1,-1,1.0
18752,18753,18753,1,1,1.0
18752,18753,18753,1,1,1.0
18752,18754,18754,1,1,1.0
18752,18753,18753,1,1,1.0
18752,18753,18753,1,1,1.0
18752,18753,18752,2,-2,2.0
18752,18753,18752,2,-2,2.0
18751,18753,18751,1,-1,1.0
18751,18752,18752,1,1,1.0
18751,18752,18752,2,2,2.0
18752,18753,18753,6,6,6.0
18753,18754,18753,2,-2,2.0
18753,18754,18753,1,-1,1.0
18753,18754,18753,1,-1,1.0
18753,18754,18753,1,-1,1.0
18753,18754,18754,2,2,2.0
18753,18754,18754,7,7,7.0
18753,18755,18754,3,3,-3.0
18753,18755,18753,1,-1,1.0
18753,18755,18754,1,-1,1.0
18754,18755,18755,1,1,1.0
18754,18755,18755,2,2,2.0
18754,18755,18755,2,2,2.0
18754,18755,18755,2,2,2.0
18754,18755,18755,3,3,3.0
18755,18756,18756,2,2,2.0
18755,18756,18756,1,1,1.0
18754,18756,18755,1,1,-1.0
18754,18756,18755,1,1,-1.0
18754,18756,18756,4,4,4.0
18754,18756,18756,4,4,4.0
18754,18756,18756,1,1,1.0
18755,18756,18756,2,2,2.0
18755,18756,18756,1,1,1.0
18755,18756,18756,1,1,1.0
18756,18757,18757,4,4,4.0
18756,18757,18758,1,1,-1.0
18756,18758,18758,1,1,1.0
18756,18758,18758,1,1,1.0
18756,18758,18758,1,1,1.0
18756,18758,18758,1,1,1.0
18756,18758,18758,1,1,1.0
18756,18758,18758,1,1,1.0
18757,18758,18757,1,-1,1.0
18756,18758,18758,1,1,1.0
18756,18757,18757,2,2,2.0
18756,18757,18758,3,3,-3.0
18756,18757,18757,2,2,2.0
18756,18757,18757,2,2,2.0
18756,18757,18757,1,1,1.0
18757,18758,18757,3,-3,3.0
18757,18758,18758,1,1,1.0
18757,18758,18758,1,1,1.0
18757,18758,18758,1,1,1.0
18757,18758,18758,3,3,3.0
18757,18758,18758,1,1,1.0
18757,18758,18758,1,1,1.0
18757,18758,18758,1,1,1.0
18757,18758,18758,1,1,1.0
18757,18758,18758,1,1,1.0
18757,18758,18758,1,1,1.0
18757,18758,18758,1,1,1.0
18757,18758,18758,1,1,1.0
18757,18758,18758,1,1,1.0
18757,18758,18757,1,-1,1.0
18757,18758,18757,5,-5,5.0
18756,18757,18756,2,-2,2.0
18756,18757,18755,3,-3,3.0
18755,18756,18755,1,-1,1.0
18755,18756,18755,5,-5,5.0
18755,18757,18755,5,-5,5.0
18755,18757,18757,1,1,1.0
18756,18757,18757,1,1,1.0
18756,18757,18757,1,1,1.0
18756,18757,18757,3,3,3.0
18757,18758,18758,1,1,1.0
18757,18758,18758,1,1,1.0
18757,18758,18758,1,1,1.0
18757,18758,18758,1,1,1.0
18757,18758,18758,2,2,2.0
18757,18758,18758,5,5,5.0
18758,18759,18758,1,-1,1.0
18758,18759,18758,1,-1,1.0
18758,18759,18759,2,2,2.0
18758,18759,18759,1,1,1.0
18758,18759,18759,1,1,1.0
18758,18759,18759,1,1,1.0
18758,18760,18760,1,1,1.0
18758,18760,18760,1,1,1.0
18758,18760,18760,1,1,1.0
18758,18760,18760,1,1,1.0
18758,18759,18759,2,2,2.0
18758,18759,18760,2,2,-2.0
18758,18759,18758,2,-2,2.0
18758,18759,18758,1,-1,1.0
18757,18759,18759,1,1,1.0
18757,18759,18757,2,-2,2.0
18758,18759,18759,5,5,5.0
18758,18760,18758,1,-1,1.0
18757,18759,18759,4,4,4.0
18757,18758,18758,2,2,2.0
18758,18759,18758,1,-1,1.0
18757,18759,18759,5,5,5.0
18757,18758,18758,3,3,3.0
18757,18758,18758,1,1,1.0
18757,18758,18759,2,2,-2.0
18757,18759,18758,1,1,-1.0
18758,18759,18758,1,-1,1.0
18758,18759,18758,6,-6,6.0
18758,18759,18758,1,-1,1.0
18758,18759,18758,2,-2,2.0
18758,18759,18758,1,-1,1.0
18758,18759,18758,2,-2,2.0
18758,18759,18758,1,-1,1.0
18757,18758,18758,1,1,1.0
18757,18758,18758,1,1,1.0
18757,18758,18758,1,1,1.0
18758,18759,18758,5,-5,5.0
18758,18759,18758,1,-1,1.0
18757,18758,18758,1,1,1.0
18757,18759,18758,1,1,-1.0
18757,18759,18758,2,2,-2.0
18757,18758,18758,1,1,1.0
18758,18759,18758,1,-1,1.0
18758,18759,18759,5,5,5.0
18758,18759,18758,1,-1,1.0
18757,18759,18757,6,-6,6.0
18757,18758,18757,6,-6,6.0
18757,18758,18757,5,-5,5.0
18757,18758,18758,1,1,1.0
18757,18758,18758,1,1,1.0
18758,18759,18758,5,-5,5.0
18757,18759,18758,5,-5,5.0
18758,18759,18758,1,-1,1.0
18758,18759,18759,1,1,1.0
18758,18759,18759,1,1,1.0
18758,18759,18759,7,7,7.0
18758,18760,18758,4,-4,4.0
18757,18758,18757,3,-3,3.0
18757,18758,18758,1,1,1.0
18757,18758,18757,6,-6,6.0
18757,18758,18757,1,-1,1.0
18757,18758,18757,16,-16,16.0
18757,18758,18757,1,-1,1.0
18756,18757,18756,6,-6,6.0
18756,18757,18757,1,1,1.0
18756,18757,18756,6,-6,6.0
18755,18756,18755,1,-1,1.0
18755,18756,18755,1,-1,1.0
18755,18756,18756,3,3,3.0
18755,18756,18756,1,1,1.0
18755,18756,18755,8,-8,8.0
18755,18756,18755,1,-1,1.0
18754,18755,18755,5,5,5.0
18754,18755,18755,1,1,1.0
18754,18755,18755,1,1,1.0
18754,18755,18754,2,-2,2.0
18754,18755,18754,1,-1,1.0
18754,18755,18754,1,-1,1.0
18754,18755,18754,1,-1,1.0
18753,18754,18754,2,2,2.0
18753,18755,18753,1,-1,1.0
18753,18755,18754,1,-1,1.0
18753,18755,18754,1,-1,1.0
18753,18755,18754,1,-1,1.0
18753,18754,18754,2,2,2.0
18753,18754,18753,5,-5,5.0
18753,18754,18753,5,-5,5.0
18753,18754,18753,2,-2,2.0
18753,18754,18754,1,1,1.0
18753,18754,18754,3,3,3.0
18754,18755,18755,1,1,1.0
18754,18755,18755,17,17,17.0
18755,18756,18756,1,1,1.0
18755,18757,18755,1,-1,1.0
18756,18757,18756,1,-1,1.0
18755,18757,18757,1,1,1.0
18755,18757,18757,1,1,1.0
18755,18757,18757,5,5,5.0
18756,18757,18756,1,-1,1.0
18755,18756,18756,1,1,1.0
18755,18756,18755,7,-7,7.0
18754,18755,18754,1,-1,1.0
18753,18754,18754,1,1,1.0
18753,18754,18753,3,-3,3.0
18753,18754,18753,1,-1,1.0
18753,18754,18753,2,-2,2.0
18752,18753,18753,1,1,1.0
18752,18753,18753,2,2,2.0
18752,18753,18752,12,-12,12.0
18751,18753,18751,1,-1,1.0
18751,18752,18751,1,-1,1.0
18751,18752,18752,1,1,1.0
18751,18752,18752,1,1,1.0
18751,18752,18752,2,2,2.0
18751,18752,18752,1,1,1.0
18752,18753,18752,1,-1,1.0
18752,18753,18752,1,-1,1.0
18751,18752,18752,1,1,1.0
18751,18752,18751,1,-1,1.0
18751,18753,18752,1,-1,1.0
18751,18752,18751,2,-2,2.0
18751,18752,18751,1,-1,1.0
18750,18752,18750,1,-1,1.0
18750,18752,18750,1,-1,1.0
18751,18753,18751,1,-1,1.0
18752,18753,18752,1,-1,1.0
18752,18753,18753,1,1,1.0
18752,18753,18753,1,1,1.0
18752,18753,18753,1,1,1.0
18753,18754,18754,1,1,1.0
18753,18754,18754,1,1,1.0
18754,18755,18755,1,1,1.0
18754,18755,18755,1,1,1.0
18755,18756,18756,5,5,5.0
18756,18757,18756,1,-1,1.0
18755,18756,18756,1,1,1.0
18755,18756,18757,14,14,-14.0
18756,18757,18756,1,-1,1.0
18756,18757,18756,2,-2,2.0
18756,18757,18756,1,-1,1.0
18756,18757,18756,1,-1,1.0
18755,18756,18755,1,-1,1.0
18755,18756,18755,3,-3,3.0
18755,18756,18755,1,-1,1.0
18754,18755,18754,1,-1,1.0
18753,18755,18753,6,-6,6.0
18753,18755,18753,1,-1,1.0
18753,18754,18754,1,1,1.0
18755,18756,18756,1,1,1.0
18755,18756,18756,2,2,2.0
18755,18756,18756,3,3,3.0
18755,18756,18756,1,1,1.0
18755,18756,18756,1,1,1.0
18755,18756,18756,1,1,1.0
18756,18757,18757,1,1,1.0
18756,18757,18756,1,-1,1.0
18756,18757,18756,1,-1,1.0
18755,18756,18756,1,1,1.0
18755,18756,18755,1,-1,1.0
18754,18756,18755,1,-1,1.0
18755,18756,18756,1,1,1.0
18755,18756,18755,1,-1,1.0
18754,18755,18755,1,1,1.0
18754,18755,18755,2,2,2.0
18754,18755,18756,3,3,-3.0
18755,18756,18755,3,-3,3.0
18754,18755,18754,3,-3,3.0
18753,18754,18754,1,1,1.0
18753,18754,18753,1,-1,1.0
18753,18754,18753,2,-2,2.0
18752,18753,18752,5,-5,5.0
18752,18753,18752,1,-1,1.0
18752,18753,18752,3,-3,3.0
18751,18752,18751,10,-10,10.0
18751,18752,18751,1,-1,1.0
18750,18752,18752,5,5,5.0
18751,18752,18751,1,-1,1.0
18750,18752,18750,5,-5,5.0
18750,18751,18750,2,-2,2.0
18750,18751,18750,2,-2,2.0
18750,18751,18750,12,-12,12.0
18749,18750,18749,2,-2,2.0
18749,18750,18748,3,-3,3.0
18748,18750,18748,1,-1,1.0
18748,18749,18749,1,1,1.0
18748,18749,18748,1,-1,1.0
18748,18749,18749,1,1,1.0
18748,18750,18750,1,1,1.0
18748,18750,18750,1,1,1.0
18748,18750,18748,3,-3,3.0
18748,18750,18748,1,-1,1.0
18748,18749,18748,2,-2,2.0
18747,18749,18749,1,1,1.0
18748,18749,18748,1,-1,1.0
18747,18748,18748,1,1,1.0
18747,18748,18749,1,1,-1.0
18748,18749,18748,5,-5,5.0
18748,18749,18748,1,-1,1.0
18748,18749,18747,4,-4,4.0
18748,18749,18748,3,-3,3.0
18747,18749,18748,1,-1,1.0
18749,18751,18749,3,-3,3.0
18750,18751,18751,3,3,3.0
18749,18751,18749,5,-5,5.0
18749,18750,18750,1,1,1.0
18749,18750,18750,1,1,1.0
18749,18750,18750,1,1,1.0
18750,18751,18751,1,1,1.0
18750,18751,18751,1,1,1.0
18752,18753,18752,1,-1,1.0
18751,18752,18752,1,1,1.0
18751,18752,18752,1,1,1.0
18751,18752,18751,1,-1,1.0
18751,18752,18752,2,2,2.0
18751,18752,18752,1,1,1.0
18752,18753,18753,1,1,1.0
18753,18754,18754,1,1,1.0
18753,18754,18754,1,1,1.0
18753,18754,18754,1,1,1.0
18753,18754,18753,1,-1,1.0
18752,18753,18753,1,1,1.0
18752,18753,18752,1,-1,1.0
18752,18753,18752,1,-1,1.0
18752,18753,18752,4,-4,4.0
18752,18753,18753,1,1,1.0
18753,18754,18754,1,1,1.0
18753,18754,18754,4,4,4.0
18754,18755,18754,2,-2,2.0
18753,18754,18754,5,5,5.0
18753,18754,18753,2,-2,2.0
18753,18754,18753,1,-1,1.0
18752,18753,18752,3,-3,3.0
18751,18752,18751,1,-1,1.0
18751,18752,18751,1,-1,1.0
18751,18752,18751,1,-1,1.0
18750,18751,18750,3,-3,3.0
18750,18751,18750,3,-3,3.0
18749,18750,18749,1,-1,1.0
18749,18750,18749,2,-2,2.0
18749,18750,18749,1,-1,1.0
18749,18750,18749,1,-1,1.0
18749,18750,18749,3,-3,3.0
18749,18750,18749,1,-1,1.0
18749,18750,18749,1,-1,1.0
18749,18750,18748,1,-1,1.0
18748,18749,18748,1,-1,1.0
18748,18749,18749,2,2,2.0
18748,18750,18748,2,-2,2.0
18748,18749,18748,14,-14,14.0
18748,18749,18748,4,-4,4.0
18748,18749,18747,1,-1,1.0
18748,18749,18749,1,1,1.0
18748,18749,18749,2,2,2.0
18749,18750,18750,1,1,1.0
18748,18749,18748,1,-1,1.0
18748,18749,18748,1,-1,1.0
18747,18748,18748,1,1,1.0
18747,18748,18748,2,2,2.0
18747,18748,18747,31,-31,31.0
18746,18747,18746,3,-3,3.0
18746,18747,18746,1,-1,1.0
18746,18747,18746,1,-1,1.0
18746,18747,18746,3,-3,3.0
18746,18747,18746,8,-8,8.0
18746,18747,18746,1,-1,1.0
18746,18747,18746,1,-1,1.0
18746,18747,18746,1,-1,1.0
18745,18746,18746,1,1,1.0
18745,18746,18745,2,-2,2.0
18745,18746,18745,1,-1,1.0
18745,18746,18745,1,-1,1.0
18745,18746,18745,1,-1,1.0
18745,18746,18745,1,-1,1.0
18745,18746,18745,1,-1,1.0
18745,18746,18745,1,-1,1.0
18745,18746,18745,1,-1,1.0
18745,18746,18746,1,1,1.0
18745,18746,18745,5,-5,5.0
18745,18746,18745,1,-1,1.0
18745,18746,18746,1,1,1.0
18745,18746,18746,1,1,1.0
18745,18746,18746,1,1,1.0
18745,18747,18745,14,-14,14.0
18745,18746,18745,1,-1,1.0
18745,18746,18746,1,1,1.0
18745,18746,18745,2,-2,2.0
18745,18746,18746,1,1,1.0
18745,18746,18746,1,1,1.0
18746,18747,18746,1,-1,1.0
18746,18747,18747,1,1,1.0
18746,18747,18747,2,2,2.0
18746,18748,18746,1,-1,1.0
18748,18749,18749,3,3,3.0
18748,18749,18749,1,1,1.0
18748,18749,18749,1,1,1.0
18748,18749,18749,2,2,2.0
18748,18749,18749,2,2,2.0
18748,18749,18748,2,-2,2.0
18748,18749,18748,1,-1,1.0
18747,18748,18748,1,1,1.0
18748,18749,18748,1,-1,1.0
18747,18748,18747,1,-1,1.0
18747,18748,18747,1,-1,1.0
18747,18748,18747,20,-20,20.0
18746,18747,18746,1,-1,1.0
18746,18747,18746,1,-1,1.0
18746,18747,18746,2,-2,2.0
18745,18747,18747,2,2,2.0
18745,18747,18745,1,-1,1.0
18745,18747,18745,1,-1,1.0
18745,18746,18745,5,-5,5.0
18745,18746,18745,5,-5,5.0
18745,18746,18745,1,-1,1.0
18745,18746,18745,2,-2,2.0
18745,18746,18744,3,-3,3.0
18745,18746,18745,2,-2,2.0
18745,18746,18744,1,-1,1.0
18745,18746,18744,1,-1,1.0
18745,18746,18744,1,-1,1.0
18744,18746,18744,3,-3,3.0
18744,18746,18744,1,-1,1.0
18744,18746,18744,3,-3,3.0
18744,18746,18744,1,-1,1.0
18744,18746,18744,1,-1,1.0
18744,18746,18744,1,-1,1.0
18744,18745,18744,1,-1,1.0
18744,18745,18744,1,-1,1.0
18744,18745,18744,1,-1,1.0
18744,18745,18744,2,-2,2.0
18744,18745,18744,3,-3,3.0
18744,18745,18744,1,-1,1.0
18744,18745,18743,1,-1,1.0
18744,18745,18744,1,-1,1.0
18744,18745,18743,4,-4,4.0
18744,18745,18743,2,-2,2.0
18744,18745,18743,3,-3,3.0
18743,18745,18743,2,-2,2.0
18743,18745,18743,1,-1,1.0
18743,18745,18743,1,-1,1.0
18743,18745,18743,4,-4,4.0
18743,18745,18743,4,-4,4.0
18743,18745,18743,1,-1,1.0
18743,18745,18745,1,1,1.0
18744,18746,18744,1,-1,1.0
18744,18746,18744,1,-1,1.0
18744,18745,18744,5,-5,5.0
18744,18745,18744,1,-1,1.0
18744,18745,18744,1,-1,1.0
18744,18745,18744,10,-10,10.0
18744,18745,18744,5,-5,5.0
18744,18745,18745,1,1,1.0
18744,18746,18746,1,1,1.0
18746,18748,18746,2,-2,2.0
18747,18748,18747,1,-1,1.0
18748,18749,18748,1,-1,1.0
18748,18749,18749,1,1,1.0
18748,18749,18749,1,1,1.0
18749,18750,18750,1,1,1.0
18749,18750,18750,2,2,2.0
18749,18750,18750,1,1,1.0
18749,18750,18750,1,1,1.0
18749,18750,18750,1,1,1.0
18749,18750,18750,3,3,3.0
18749,18750,18750,4,4,4.0
18749,18750,18750,13,13,13.0
18749,18750,18751,1,1,-1.0
18749,18750,18751,1,1,-1.0
18750,18751,18750,2,-2,2.0
18750,18751,18751,1,1,1.0
18751,18752,18751,4,-4,4.0
18751,18752,18750,6,-6,6.0
18751,18752,18752,1,1,1.0
18751,18752,18751,4,-4,4.0
18751,18752,18752,1,1,1.0
18751,18752,18751,1,-1,1.0
18750,18751,18751,1,1,1.0
18750,18751,18751,1,1,1.0
18750,18751,18751,1,1,1.0
18750,18751,18751,1,1,1.0
18751,18752,18751,2,-2,2.0
18751,18752,18751,1,-1,1.0
18751,18752,18751,2,-2,2.0
18751,18752,18751,1,-1,1.0
18751,18752,18751,1,-1,1.0
18751,18752,18751,2,-2,2.0
18751,18752,18752,3,3,3.0
18751,18752,18752,1,1,1.0
18751,18752,18752,1,1,1.0
18751,18752,18752,1,1,1.0
18751,18752,18752,1,1,1.0
18751,18752,18752,1,1,1.0
18752,18753,18752,4,-4,4.0
18752,18753,18752,1,-1,1.0
18752,18753,18752,1,-1,1.0
18751,18752,18751,1,-1,1.0
18751,18752,18751,1,-1,1.0
18751,18752,18751,3,-3,3.0
18751,18752,18751,4,-4,4.0
18751,18752,18751,3,-3,3.0
18751,18752,18751,1,-1,1.0
18750,18752,18750,1,-1,1.0
18751,18752,18751,1,-1,1.0
18750,18752,18750,1,-1,1.0
18751,18752,18751,2,-2,2.0
18750,18752,18751,2,-2,2.0
18751,18752,18751,1,-1,1.0
18751,18752,18751,2,-2,2.0
18750,18751,18750,1,-1,1.0
18750,18751,18750,1,-1,1.0
18750,18751,18750,1,-1,1.0
18750,18751,18750,8,-8,8.0
18750,18751,18750,1,-1,1.0
18749,18751,18751,1,1,1.0
18750,18751,18750,1,-1,1.0
18750,18751,18750,1,-1,1.0
18749,18750,18749,4,-4,4.0
18748,18749,18748,4,-4,4.0
18748,18749,18749,1,1,1.0
18749,18750,18749,1,-1,1.0
18748,18749,18749,1,1,1.0
18748,18749,18748,1,-1,1.0
18748,18749,18748,1,-1,1.0
18748,18749,18748,1,-1,1.0
18747,18748,18747,3,-3,3.0
18746,18747,18747,6,6,6.0
18746,18748,18746,3,-3,3.0
18746,18748,18746,1,-1,1.0
18746,18747,18746,2,-2,2.0
18746,18747,18746,5,-5,5.0
18745,18746,18745,7,-7,7.0
18744,18746,18744,25,-25,25.0
18743,18744,18744,1,1,1.0
18743,18744,18744,1,1,1.0
18743,18744,18744,1,1,1.0
18744,18745,18744,1,-1,1.0
18744,18745,18745,1,1,1.0
18745,18746,18746,1,1,1.0
18745,18746,18745,5,-5,5.0
18744,18746,18744,1,-1,1.0
18744,18745,18745,1,1,1.0
18744,18745,18745,1,1,1.0
18745,18746,18745,1,-1,1.0
18745,18746,18746,2,2,2.0
18745,18746,18745,1,-1,1.0
18745,18746,18745,1,-1,1.0
18744,18745,18745,1,1,1.0
18744,18745,18745,1,1,1.0
18744,18745,18745,2,2,2.0
18744,18745,18745,1,1,1.0
18744,18745,18746,1,1,-1.0
18744,18745,18746,1,1,-1.0
18745,18746,18745,1,-1,1.0
18744,18745,18745,1,1,1.0
18744,18745,18745,1,1,1.0
18744,18745,18744,10,-10,10.0
18744,18745,18744,2,-2,2.0
18743,18744,18743,2,-2,2.0
18743,18744,18743,8,-8,8.0
18742,18743,18743,6,6,6.0
18742,18743,18743,1,1,1.0
18742,18743,18743,1,1,1.0
18742,18743,18743,1,1,1.0
18743,18744,18744,1,1,1.0
18743,18744,18744,1,1,1.0
18743,18744,18744,1,1,1.0
18743,18744,18743,1,-1,1.0
18743,18744,18743,1,-1,1.0
18743,18744,18743,5,-5,5.0
18742,18744,18744,2,2,2.0
18743,18744,18743,1,-1,1.0
18743,18744,18743,1,-1,1.0
18743,18744,18743,1,-1,1.0
18742,18743,18742,1,-1,1.0
18742,18743,18742,1,-1,1.0
18742,18743,18742,1,-1,1.0
18742,18743,18742,1,-1,1.0
18742,18743,18742,1,-1,1.0
18742,18743,18742,4,-4,4.0
18742,18743,18742,2,-2,2.0
18742,18743,18743,1,1,1.0
18742,18743,18743,1,1,1.0
18742,18743,18743,1,1,1.0
18742,18743,18742,7,-7,7.0
18741,18742,18742,1,1,1.0
18741,18742,18741,1,-1,1.0
18741,18742,18741,1,-1,1.0
18741,18742,18741,1,-1,1.0
18741,18742,18741,1,-1,1.0
18741,18742,18741,1,-1,1.0
18741,18742,18741,1,-1,1.0
18741,18742,18741,43,-43,43.0
18741,18742,18740,1,-1,1.0
18740,18741,18740,1,-1,1.0
18740,18741,18740,1,-1,1.0
18740,18741,18740,1,-1,1.0
18740,18741,18740,1,-1,1.0
18740,18741,18740,1,-1,1.0
18740,18741,18740,1,-1,1.0
18740,18741,18740,1,-1,1.0
18740,18741,18740,1,-1,1.0
18740,18741,18740,3,-3,3.0
18740,18741,18740,6,-6,6.0
18740,18741,18740,1,-1,1.0
18740,18741,18740,1,-1,1.0
18740,18741,18740,1,-1,1.0
18740,18741,18740,3,-3,3.0
18740,18741,18740,1,-1,1.0
18740,18741,18740,1,-1,1.0
18740,18741,18740,1,-1,1.0
18740,18741,18740,3,-3,3.0
18740,18741,18740,1,-1,1.0
18740,18741,18741,5,5,5.0
18740,18741,18740,2,-2,2.0
18740,18741,18740,2,-2,2.0
18740,18741,18740,3,-3,3.0
18740,18741,18740,1,-1,1.0
18740,18741,18739,1,-1,1.0
18740,18741,18739,1,-1,1.0
18740,18741,18739,1,-1,1.0
18739,18740,18739,1,-1,1.0
18739,18740,18739,2,-2,2.0
18739,18740,18739,3,-3,3.0
18739,18740,18739,1,-1,1.0
18739,18740,18739,4,-4,4.0
18739,18740,18738,1,-1,1.0
18739,18740,18739,1,-1,1.0
18739,18740,18739,1,-1,1.0
18739,18740,18739,1,-1,1.0
18739,18740,18738,9,-9,9.0
18739,18740,18738,2,-2,2.0
18739,18740,18738,1,-1,1.0
18739,18740,18738,1,-1,1.0
18739,18740,18738,1,-1,1.0
18739,18740,18738,1,-1,1.0
18739,18740,18738,1,-1,1.0
18739,18740,18738,1,-1,1.0
18739,18740,18738,18,-18,18.0
18739,18740,18737,6,-6,6.0
18739,18740,18737,1,-1,1.0
18739,18740,18737,1,-1,1.0
18737,18738,18737,10,-10,10.0
18737,18738,18737,1,-1,1.0
18737,18738,18737,1,-1,1.0
18737,18738,18736,1,-1,1.0
18737,18738,18737,1,-1,1.0
18737,18738,18737,4,-4,4.0
18737,18738,18737,5,-5,5.0
18737,18738,18737,1,-1,1.0
18737,18738,18737,1,-1,1.0
18737,18738,18738,7,7,7.0
18737,18738,18739,3,3,-3.0
18737,18738,18738,1,1,1.0
18737,18738,18738,3,3,3.0
18737,18738,18737,1,-1,1.0
18738,18739,18738,1,-1,1.0
18738,18739,18738,1,-1,1.0
18738,18739,18738,1,-1,1.0
18738,18739,18738,1,-1,1.0
18738,18739,18739,5,5,5.0
18738,18739,18739,3,3,3.0
18738,18739,18739,2,2,2.0
18738,18739,18738,2,-2,2.0
18738,18739,18739,2,2,2.0
18738,18739,18738,1,-1,1.0
18738,18739,18739,1,1,1.0
18738,18739,18738,1,-1,1.0
18738,18739,18738,1,-1,1.0
18738,18739,18738,1,-1,1.0
18738,18739,18738,1,-1,1.0
18738,18739,18738,3,-3,3.0
18738,18739,18738,2,-2,2.0
18738,18739,18738,1,-1,1.0
18738,18739,18738,3,-3,3.0
18738,18739,18738,1,-1,1.0
18738,18739,18738,2,-2,2.0
18738,18739,18738,1,-1,1.0
18738,18739,18738,2,-2,2.0
18738,18739,18737,1,-1,1.0
18738,18739,18738,1,-1,1.0
18738,18739,18738,1,-1,1.0
18738,18739,18738,1,-1,1.0
18738,18739,18738,1,-1,1.0
18738,18739,18737,1,-1,1.0
18738,18739,18737,1,-1,1.0
18738,18739,18737,1,-1,1.0
18738,18739,18738,1,-1,1.0
18738,18739,18738,1,-1,1.0
18738,18739,18738,1,-1,1.0
18738,18739,18737,1,-1,1.0
18738,18739,18738,1,-1,1.0
18738,18739,18738,1,-1,1.0
18738,18739,18738,1,-1,1.0
18738,18739,18737,1,-1,1.0
18738,18739,18738,2,-2,2.0
18738,18739,18738,1,-1,1.0
18738,18739,18738,1,-1,1.0
18738,18739,18739,9,9,9.0
18738,18739,18739,1,1,1.0
18739,18740,18739,1,-1,1.0
18739,18740,18739,5,-5,5.0
18739,18740,18739,1,-1,1.0
18739,18740,18739,2,-2,2.0
18739,18740,18740,1,1,1.0
18740,18741,18741,1,1,1.0
18740,18741,18741,6,6,6.0
18741,18742,18741,1,-1,1.0
18741,18742,18740,1,-1,1.0
18741,18742,18740,1,-1,1.0
18741,18742,18740,1,-1,1.0
18740,18741,18740,1,-1,1.0
18740,18741,18740,1,-1,1.0
18740,18741,18740,1,-1,1.0
18740,18741,18741,4,4,4.0
18740,18741,18740,23,-23,23.0
18740,18741,18740,1,-1,1.0
18740,18741,18740,8,-8,8.0
18740,18741,18740,2,-2,2.0
18739,18740,18739,5,-5,5.0
18739,18740,18739,1,-1,1.0
18739,18740,18740,1,1,1.0
18740,18741,18740,1,-1,1.0
18739,18741,18739,17,-17,17.0
18738,18739,18740,1,1,-1.0
18738,18740,18738,1,-1,1.0
18738,18740,18738,1,-1,1.0
18739,18740,18740,1,1,1.0
18739,18740,18740,3,3,3.0
18740,18742,18740,2,-2,2.0
18740,18741,18740,21,-21,21.0
18739,18740,18739,3,-3,3.0
18738,18740,18738,1,-1,1.0
18738,18740,18738,1,-1,1.0
18738,18740,18740,1,1,1.0
18738,18740,18740,1,1,1.0
18739,18740,18740,1,1,1.0
18739,18740,18739,1,-1,1.0
18739,18740,18739,1,-1,1.0
18739,18740,18739,1,-1,1.0
18739,18740,18739,4,-4,4.0
18738,18739,18738,1,-1,1.0
18738,18739,18738,2,-2,2.0
18738,18739,18738,3,-3,3.0
18738,18739,18738,3,-3,3.0
18738,18739,18738,1,-1,1.0
18738,18739,18738,3,-3,3.0
18737,18738,18738,1,1,1.0
18737,18738,18738,1,1,1.0
18737,18738,18737,2,-2,2.0
18737,18738,18738,1,1,1.0
18737,18738,18738,2,2,2.0
18737,18738,18738,1,1,1.0
18737,18738,18738,1,1,1.0
18737,18738,18738,1,1,1.0
18737,18738,18737,2,-2,2.0
18737,18738,18737,1,-1,1.0
18737,18738,18737,1,-1,1.0
18737,18738,18737,1,-1,1.0
18737,18738,18737,1,-1,1.0
18737,18738,18737,1,-1,1.0
18737,18738,18737,1,-1,1.0
18737,18738,18737,1,-1,1.0
18736,18737,18737,1,1,1.0
18736,18737,18737,1,1,1.0
18736,18737,18737,1,1,1.0
18736,18737,18737,1,1,1.0
18736,18737,18737,1,1,1.0
18736,18737,18737,1,1,1.0
18736,18737,18737,3,3,3.0
18737,18738,18738,1,1,1.0
18738,18739,18738,1,-1,1.0
18737,18738,18738,1,1,1.0
18737,18738,18737,1,-1,1.0
18737,18738,18737,3,-3,3.0
18736,18737,18736,1,-1,1.0
18736,18737,18736,1,-1,1.0
18736,18737,18736,1,-1,1.0
18736,18737,18736,1,-1,1.0
18736,18737,18736,1,-1,1.0
18736,18737,18736,18,-18,18.0
18736,18737,18736,1,-1,1.0
18735,18736,18736,4,4,4.0
18735,18736,18735,1,-1,1.0
18735,18736,18735,5,-5,5.0
18735,18736,18735,2,-2,2.0
18735,18736,18735,1,-1,1.0
18735,18736,18736,10,10,10.0
18735,18736,18735,2,-2,2.0
18735,18736,18735,4,-4,4.0
18735,18736,18735,1,-1,1.0
18735,18736,18735,1,-1,1.0
18735,18736,18735,1,-1,1.0
18735,18736,18736,2,2,2.0
18735,18736,18735,1,-1,1.0
18735,18736,18736,1,1,1.0
18735,18736,18736,3,3,3.0
18735,18736,18736,2,2,2.0
18735,18737,18737,3,3,3.0
18735,18737,18735,1,-1,1.0
18735,18737,18737,1,1,1.0
18735,18737,18735,1,-1,1.0
18735,18736,18735,1,-1,1.0
18735,18736,18735,1,-1,1.0
18735,18736,18735,1,-1,1.0
18735,18736,18735,1,-1,1.0
18735,18736,18735,1,-1,1.0
18735,18736,18735,1,-1,1.0
18735,18736,18736,5,5,5.0
18735,18736,18736,1,1,1.0
18735,18737,18735,1,-1,1.0
18736,18737,18736,1,-1,1.0
18736,18737,18737,1,1,1.0
18736,18737,18737,2,2,2.0
18737,18738,18737,1,-1,1.0
18736,18738,18736,1,-1,1.0
18736,18737,18736,1,-1,1.0
18736,18737,18736,2,-2,2.0
18735,18737,18737,1,1,1.0
18737,18738,18738,1,1,1.0
18737,18738,18738,1,1,1.0
18737,18738,18738,1,1,1.0
18738,18739,18738,1,-1,1.0
18738,18739,18738,1,-1,1.0
18738,18739,18738,1,-1,1.0
18738,18739,18738,1,-1,1.0
18738,18739,18738,1,-1,1.0
18737,18739,18739,1,1,1.0
18738,18739,18738,1,-1,1.0
18738,18739,18739,1,1,1.0
18738,18739,18738,1,-1,1.0
18738,18739,18738,1,-1,1.0
18738,18739,18738,1,-1,1.0
18738,18739,18738,6,-6,6.0
18737,18739,18739,2,2,2.0
18738,18739,18739,1,1,1.0
18738,18739,18739,1,1,1.0
18738,18739,18738,1,-1,1.0
18738,18739,18738,5,-5,5.0
18737,18739,18739,5,5,5.0
18737,18738,18737,12,-12,12.0
18736,18738,18738,1,1,1.0
18737,18738,18737,2,-2,2.0
18737,18738,18737,1,-1,1.0
18737,18738,18737,1,-1,1.0
18736,18738,18738,1,1,1.0
18737,18738,18737,1,-1,1.0
18737,18738,18738,2,2,2.0
18737,18738,18738,2,2,2.0
18737,18738,18738,2,2,2.0
18737,18738,18738,1,1,1.0
18738,18739,18739,1,1,1.0
18739,18740,18739,10,-10,10.0
18739,18740,18739,1,-1,1.0
18738,18740,18738,1,-1,1.0
18738,18740,18738,7,-7,7.0
18737,18739,18737,1,-1,1.0
18737,18739,18737,1,-1,1.0
18737,18739,18737,1,-1,1.0
18737,18739,18737,1,-1,1.0
18738,18739,18738,1,-1,1.0
18738,18739,18738,2,-2,2.0
18737,18738,18737,2,-2,2.0
18737,18738,18737,1,-1,1.0
18737,18738,18736,2,-2,2.0
18736,18738,18736,1,-1,1.0
18736,18738,18738,1,1,1.0
18738,18740,18738,1,-1,1.0
18738,18740,18738,1,-1,1.0
18739,18740,18740,1,1,1.0
18739,18740,18740,2,2,2.0
18738,18739,18738,1,-1,1.0
18737,18738,18737,2,-2,2.0
18736,18738,18737,1,-1,1.0
18736,18737,18737,2,2,2.0
18736,18737,18738,1,1,-1.0
18736,18738,18738,1,1,1.0
18737,18738,18737,1,-1,1.0
18737,18738,18737,1,-1,1.0
18736,18737,18737,1,1,1.0
18736,18737,18737,1,1,1.0
18736,18737,18736,1,-1,1.0
18736,18737,18736,2,-2,2.0
18736,18737,18736,2,-2,2.0
18736,18737,18736,9,-9,9.0
18735,18736,18736,1,1,1.0
18735,18736,18736,1,1,1.0
18736,18737,18737,2,2,2.0
18736,18737,18737,1,1,1.0
18736,18737,18737,1,1,1.0
18736,18737,18737,2,2,2.0
18736,18737,18737,1,1,1.0
18737,18739,18737,2,-2,2.0
18737,18738,18738,1,1,1.0
18738,18740,18738,2,-2,2.0
18738,18740,18738,1,-1,1.0
18738,18740,18738,1,-1,1.0
18739,18740,18739,1,-1,1.0
18739,18740,18740,2,2,2.0
18739,18740,18739,1,-1,1.0
18739,18740,18740,9,9,9.0
18739,18740,18740,1,1,1.0
18740,18741,18741,2,2,2.0
18740,18741,18741,2,2,2.0
18740,18741,18741,2,2,2.0
18740,18741,18741,2,2,2.0
18741,18742,18742,1,1,1.0
18741,18742,18742,1,1,1.0
18741,18742,18742,1,1,1.0
18741,18742,18742,1,1,1.0
18741,18742,18742,1,1,1.0
18741,18742,18742,1,1,1.0
18741,18742,18742,1,1,1.0
18741,18742,18741,1,-1,1.0
18740,18741,18741,1,1,1.0
18740,18742,18742,5,5,5.0
18740,18741,18741,1,1,1.0
18740,18742,18742,1,1,1.0
18740,18741,18741,1,1,1.0
18740,18741,18741,5,5,5.0
18740,18741,18740,2,-2,2.0
18740,18741,18740,2,-2,2.0
18740,18741,18740,1,-1,1.0
18739,18741,18741,1,1,1.0
18739,18741,18741,1,1,1.0
18740,18741,18741,1,1,1.0
18740,18741,18741,9,9,9.0
18741,18742,18741,1,-1,1.0
18741,18742,18741,1,-1,1.0
18740,18741,18741,1,1,1.0
18740,18741,18741,1,1,1.0
18740,18741,18741,1,1,1.0
18740,18741,18740,2,-2,2.0
18739,18740,18740,1,1,1.0
18739,18741,18739,1,-1,1.0
18739,18741,18739,1,-1,1.0
18741,18742,18741,1,-1,1.0
18741,18742,18742,1,1,1.0
18741,18742,18742,1,1,1.0
18741,18742,18742,13,13,13.0
18742,18743,18743,1,1,1.0
18742,18743,18743,1,1,1.0
18743,18744,18744,2,2,2.0
18743,18744,18744,1,1,1.0
18743,18745,18744,2,2,-2.0
18742,18744,18744,1,1,1.0
18743,18745,18745,5,5,5.0
18743,18745,18745,1,1,1.0
18744,18745,18745,1,1,1.0
18744,18745,18744,1,-1,1.0
18744,18745,18744,1,-1,1.0
18744,18745,18745,1,1,1.0
18744,18745,18745,3,3,3.0
18744,18746,18745,1,1,-1.0
18744,18746,18746,4,4,4.0
18744,18746,18745,1,1,-1.0
18744,18745,18745,2,2,2.0
18744,18745,18745,1,1,1.0
18744,18745,18745,1,1,1.0
18744,18745,18745,1,1,1.0
18744,18745,18746,1,1,-1.0
18744,18746,18746,5,5,5.0
18744,18746,18744,1,-1,1.0
18745,18746,18746,1,1,1.0
18744,18746,18746,2,2,2.0
18744,18746,18746,5,5,5.0
18744,18745,18744,1,-1,1.0
18744,18745,18744,1,-1,1.0
18744,18745,18744,1,-1,1.0
18744,18745,18744,3,-3,3.0
18744,18745,18744,2,-2,2.0
18743,18744,18743,1,-1,1.0
18743,18744,18743,2,-2,2.0
18743,18744,18743,1,-1,1.0
18742,18744,18742,1,-1,1.0
18742,18743,18743,1,1,1.0
18742,18744,18744,3,3,3.0
18742,18744,18742,1,-1,1.0
18742,18744,18744,1,1,1.0
18742,18743,18742,1,-1,1.0
18742,18743,18743,1,1,1.0
18742,18743,18742,7,-7,7.0
18741,18742,18741,2,-2,2.0
18741,18742,18741,1,-1,1.0
18740,18742,18742,1,1,1.0
18740,18742,18741,2,2,-2.0
18740,18741,18741,1,1,1.0
18740,18741,18740,9,-9,9.0
18740,18741,18741,1,1,1.0
18741,18742,18742,1,1,1.0
18741,18742,18741,1,-1,1.0
18741,18742,18742,1,1,1.0
18742,18743,18742,1,-1,1.0
18741,18743,18741,9,-9,9.0
18740,18741,18740,1,-1,1.0
18740,18741,18739,2,-2,2.0
18740,18741,18739,1,-1,1.0
18739,18740,18739,1,-1,1.0
18739,18740,18739,1,-1,1.0
18738,18739,18739,1,1,1.0
18738,18739,18739,2,2,2.0
18738,18739,18739,1,1,1.0
18738,18739,18739,1,1,1.0
18738,18739,18739,2,2,2.0
18739,18741,18739,1,-1,1.0
18739,18740,18739,1,-1,1.0
18739,18740,18738,4,-4,4.0
18739,18740,18739,5,-5,5.0
18739,18740,18740,2,2,2.0
18741,18742,18742,1,1,1.0
18741,18743,18742,2,2,-2.0
18741,18743,18743,5,5,5.0
18741,18742,18741,3,-3,3.0
18740,18741,18741,1,1,1.0
18740,18741,18741,1,1,1.0
18740,18742,18741,1,1,-1.0
18740,18741,18741,1,1,1.0
18740,18741,18740,1,-1,1.0
18740,18741,18740,2,-2,2.0
18739,18741,18740,2,-2,2.0
18740,18741,18741,10,10,10.0
18740,18741,18742,5,5,-5.0
18739,18740,18740,1,1,1.0
18739,18740,18741,4,4,-4.0
18739,18740,18740,1,1,1.0
18739,18740,18740,1,1,1.0
18739,18740,18740,1,1,1.0
18739,18740,18739,1,-1,1.0
18739,18740,18739,1,-1,1.0
18739,18740,18739,1,-1,1.0
18739,18740,18739,6,-6,6.0
18739,18740,18739,1,-1,1.0
18738,18739,18738,4,-4,4.0
18738,18739,18738,2,-2,2.0
18738,18739,18738,2,-2,2.0
18738,18739,18738,3,-3,3.0
18738,18739,18738,1,-1,1.0
18737,18738,18738,1,1,1.0
18738,18739,18739,1,1,1.0
18738,18739,18738,1,-1,1.0
18737,18738,18738,5,5,5.0
18737,18738,18738,1,1,1.0
18737,18739,18737,1,-1,1.0
18737,18739,18737,1,-1,1.0
18737,18739,18738,1,-1,1.0
18737,18738,18737,11,-11,11.0
18736,18737,18736,2,-2,2.0
18736,18737,18736,4,-4,4.0
18736,18737,18736,1,-1,1.0
18736,18737,18736,3,-3,3.0
18736,18737,18736,9,-9,9.0
18736,18737,18736,1,-1,1.0
18736,18737,18736,4,-4,4.0
18736,18737,18736,2,-2,2.0
18735,18736,18736,1,1,1.0
18735,18736,18736,1,1,1.0
18735,18736,18736,1,1,1.0
18737,18738,18738,1,1,1.0
18737,18738,18737,4,-4,4.0
18736,18738,18738,1,1,1.0
18736,18737,18737,1,1,1.0
18736,18737,18737,1,1,1.0
18736,18737,18738,1,1,-1.0
18736,18738,18738,1,1,1.0
18736,18738,18736,2,-2,2.0
18737,18738,18737,1,-1,1.0
18736,18737,18736,3,-3,3.0
18735,18736,18736,1,1,1.0
18735,18737,18735,3,-3,3.0
18735,18736,18735,1,-1,1.0
18735,18736,18735,1,-1,1.0
18735,18736,18735,2,-2,2.0
18735,18736,18735,2,-2,2.0
18735,18736,18735,2,-2,2.0
18735,18736,18735,2,-2,2.0
18735,18736,18736,1,1,1.0
18735,18736,18735,1,-1,1.0
18735,18736,18735,1,-1,1.0
18735,18736,18736,1,1,1.0
18735,18737,18735,2,-2,2.0
18735,18736,18736,1,1,1.0
18736,18737,18737,1,1,1.0
18736,18737,18737,1,1,1.0
18737,18738,18738,1,1,1.0
18738,18739,18738,1,-1,1.0
18737,18739,18737,3,-3,3.0
18737,18738,18738,1,1,1.0
18738,18740,18738,1,-1,1.0
18738,18740,18738,2,-2,2.0
18738,18739,18738,3,-3,3.0
18738,18739,18738,3,-3,3.0
18739,18740,18740,2,2,2.0
18739,18740,18741,1,1,-1.0
18740,18741,18740,1,-1,1.0
18740,18742,18740,10,-10,10.0
18740,18741,18740,1,-1,1.0
18739,18740,18740,1,1,1.0
18740,18741,18741,5,5,5.0
18740,18741,18740,8,-8,8.0
18739,18741,18740,1,-1,1.0
18739,18741,18741,1,1,1.0
18740,18741,18740,1,-1,1.0
18740,18741,18740,1,-1,1.0
18739,18740,18739,7,-7,7.0
18738,18739,18738,1,-1,1.0
18738,18739,18738,1,-1,1.0
18737,18738,18737,1,-1,1.0
18738,18739,18738,1,-1,1.0
18738,18739,18738,1,-1,1.0
18737,18738,18738,1,1,1.0
18737,18738,18738,1,1,1.0
18738,18739,18738,1,-1,1.0
18737,18739,18737,3,-3,3.0
18737,18739,18737,1,-1,1.0
18737,18739,18737,1,-1,1.0
18738,18739,18739,1,1,1.0
18738,18739,18739,1,1,1.0
18737,18738,18738,2,2,2.0
18737,18738,18738,1,1,1.0
18738,18739,18739,1,1,1.0
18738,18739,18738,2,-2,2.0
18738,18739,18738,1,-1,1.0
18738,18739,18739,1,1,1.0
18738,18739,18738,1,-1,1.0
18738,18739,18739,1,1,1.0
18738,18739,18739,2,2,2.0
18738,18739,18739,2,2,2.0
18738,18739,18739,1,1,1.0
18738,18739,18738,2,-2,2.0
18738,18739,18738,2,-2,2.0
18738,18739,18738,3,-3,3.0
18737,18738,18738,1,1,1.0
18737,18738,18738,9,9,9.0
18737,18738,18738,1,1,1.0
18737,18739,18739,3,3,3.0
18737,18739,18737,1,-1,1.0
18738,18739,18738,1,-1,1.0
18738,18739,18738,2,-2,2.0
18737,18738,18738,1,1,1.0
18737,18738,18738,1,1,1.0
18739,18740,18740,2,2,2.0
18739,18740,18740,1,1,1.0
18739,18740,18740,2,2,2.0
18739,18741,18739,1,-1,1.0
18738,18739,18739,2,2,2.0
18738,18739,18739,2,2,2.0
18739,18740,18740,1,1,1.0
18739,18740,18740,1,1,1.0
18740,18741,18740,1,-1,1.0
18740,18741,18741,2,2,2.0
18741,18742,18741,1,-1,1.0
18741,18742,18742,2,2,2.0
18741,18742,18741,1,-1,1.0
18740,18741,18741,1,1,1.0
18741,18742,18741,1,-1,1.0
18741,18742,18741,2,-2,2.0
18740,18742,18742,1,1,1.0
18740,18742,18741,1,1,-1.0
18740,18742,18742,1,1,1.0
18741,18742,18742,1,1,1.0
18741,18742,18742,3,3,3.0
18741,18742,18742,2,2,2.0
18742,18743,18743,2,2,2.0
18742,18743,18743,1,1,1.0
18743,18744,18744,11,11,11.0
18743,18744,18744,4,4,4.0
18743,18744,18745,2,2,-2.0
18743,18745,18745,1,1,1.0
18743,18745,18745,2,2,2.0
18743,18745,18745,1,1,1.0
18744,18745,18744,2,-2,2.0
18744,18745,18744,3,-3,3.0
18742,18744,18744,2,2,2.0
18742,18744,18744,17,17,17.0
18742,18744,18744,5,5,5.0
18743,18744,18744,1,1,1.0
18743,18744,18743,2,-2,2.0
18742,18744,18744,1,1,1.0
18743,18744,18743,1,-1,1.0
18743,18744,18743,6,-6,6.0
18741,18742,18742,1,1,1.0
18741,18743,18741,1,-1,1.0
18743,18744,18744,1,1,1.0
18743,18744,18743,9,-9,9.0
18742,18743,18742,2,-2,2.0
18741,18742,18742,1,1,1.0
18741,18742,18742,2,2,2.0
18741,18743,18743,2,2,2.0
18741,18743,18743,2,2,2.0
18741,18743,18742,4,4,-4.0
18741,18742,18742,5,5,5.0
18741,18742,18742,2,2,2.0
18741,18742,18742,1,1,1.0
18741,18742,18742,1,1,1.0
18742,18743,18743,1,1,1.0
18743,18744,18743,3,-3,3.0
18743,18744,18744,1,1,1.0
18744,18745,18745,1,1,1.0
18744,18745,18745,2,2,2.0
18744,18745,18745,1,1,1.0
18744,18745,18745,3,3,3.0
18744,18745,18745,1,1,1.0
18744,18745,18745,3,3,3.0
18744,18745,18745,1,1,1.0
18745,18746,18745,1,-1,1.0
18745,18746,18745,1,-1,1.0
18745,18746,18744,9,-9,9.0
18745,18746,18745,1,-1,1.0
18745,18746,18745,1,-1,1.0
18745,18746,18746,1,1,1.0
18745,18746,18746,1,1,1.0
18745,18746,18746,1,1,1.0
18745,18746,18746,1,1,1.0
18745,18746,18745,1,-1,1.0
18745,18746,18746,1,1,1.0
18745,18746,18746,2,2,2.0
18745,18746,18746,1,1,1.0
18745,18746,18746,17,17,17.0
18746,18747,18746,5,-5,5.0
18746,18747,18746,1,-1,1.0
18745,18747,18747,1,1,1.0
18746,18747,18747,5,5,5.0
18746,18747,18747,1,1,1.0
18746,18747,18747,1,1,1.0
18746,18747,18747,3,3,3.0
18746,18747,18747,2,2,2.0
18746,18747,18747,1,1,1.0
18746,18747,18747,2,2,2.0
18747,18748,18747,1,-1,1.0
18747,18748,18747,1,-1,1.0
18747,18748,18747,1,-1,1.0
18747,18748,18748,1,1,1.0
18747,18748,18748,2,2,2.0
18747,18748,18747,1,-1,1.0
18747,18748,18747,4,-4,4.0
18747,18748,18747,3,-3,3.0
18747,18748,18747,8,-8,8.0
18747,18748,18746,2,-2,2.0
18747,18748,18746,1,-1,1.0
18747,18748,18746,1,-1,1.0
18745,18746,18746,1,1,1.0
18745,18746,18746,1,1,1.0
18746,18747,18747,1,1,1.0
18746,18747,18746,3,-3,3.0
18746,18748,18748,1,1,1.0
18747,18748,18748,2,2,2.0
18747,18748,18748,1,1,1.0
18747,18748,18748,2,2,2.0
18747,18748,18748,1,1,1.0
18747,18748,18748,1,1,1.0
18747,18748,18748,1,1,1.0
18747,18748,18748,1,1,1.0
18747,18748,18748,1,1,1.0
18747,18748,18748,1,1,1.0
18747,18748,18748,1,1,1.0
18747,18748,18747,2,-2,2.0
18748,18749,18748,1,-1,1.0
18748,18749,18748,1,-1,1.0
18747,18748,18748,2,2,2.0
18747,18749,18749,3,3,3.0
18747,18749,18749,1,1,1.0
18747,18748,18748,15,15,15.0
18747,18748,18749,13,13,-13.0
18747,18748,18748,3,3,3.0
18747,18748,18749,2,2,-2.0
18747,18748,18748,1,1,1.0
18747,18748,18747,1,-1,1.0
18747,18748,18747,1,-1,1.0
18747,18748,18747,2,-2,2.0
18746,18747,18747,2,2,2.0
18746,18747,18746,1,-1,1.0
18745,18747,18747,18,18,18.0
18745,18747,18748,11,11,-11.0
18746,18747,18747,2,2,2.0
18746,18748,18748,1,1,1.0
18747,18748,18748,5,5,5.0
18747,18748,18748,5,5,5.0
18747,18748,18748,1,1,1.0
18747,18748,18748,4,4,4.0
18747,18748,18748,1,1,1.0
18747,18748,18748,1,1,1.0
18747,18748,18748,2,2,2.0
18747,18748,18747,3,-3,3.0
18746,18747,18747,2,2,2.0
18745,18747,18747,1,1,1.0
18746,18747,18747,2,2,2.0
18745,18747,18747,2,2,2.0
18746,18747,18747,4,4,4.0
18746,18747,18747,1,1,1.0
18746,18747,18747,1,1,1.0
18746,18747,18748,28,28,-28.0
18746,18747,18748,29,29,-29.0
18746,18747,18748,1,1,-1.0
18746,18747,18748,1,1,-1.0
18746,18748,18746,1,-1,1.0
18747,18748,18747,2,-2,2.0
18746,18747,18747,1,1,1.0
18747,18748,18747,1,-1,1.0
18747,18748,18747,1,-1,1.0
18747,18748,18748,2,2,2.0
18747,18748,18748,3,3,3.0
18748,18749,18749,1,1,1.0
18748,18749,18749,1,1,1.0
18748,18749,18749,1,1,1.0
18748,18750,18750,1,1,1.0
18749,18750,18750,1,1,1.0
18749,18750,18750,2,2,2.0
18749,18750,18750,2,2,2.0
18749,18750,18750,1,1,1.0
18749,18750,18750,1,1,1.0
18749,18750,18750,1,1,1.0
18749,18750,18750,5,5,5.0
18749,18750,18750,2,2,2.0
18749,18751,18751,5,5,5.0
18750,18751,18750,1,-1,1.0
18750,18751,18750,1,-1,1.0
18750,18751,18750,1,-1,1.0
18750,18751,18750,1,-1,1.0
18750,18751,18749,1,-1,1.0
18750,18751,18751,2,2,2.0
18750,18751,18751,1,1,1.0
18750,18751,18750,2,-2,2.0
18750,18751,18751,1,1,1.0
18750,18751,18751,1,1,1.0
18750,18752,18752,1,1,1.0
18750,18752,18752,1,1,1.0
18750,18752,18752,1,1,1.0
18750,18751,18751,2,2,2.0
18750,18751,18752,3,3,-3.0
18750,18752,18752,1,1,1.0
18750,18752,18750,1,-1,1.0
18750,18751,18751,1,1,1.0
18751,18752,18752,2,2,2.0
18751,18752,18752,2,2,2.0
18751,18752,18751,5,-5,5.0
18750,18751,18751,1,1,1.0
18750,18751,18752,4,4,-4.0
18750,18751,18751,2,2,2.0
18750,18751,18751,2,2,2.0
18750,18751,18750,2,-2,2.0
18750,18751,18750,1,-1,1.0
18750,18751,18750,1,-1,1.0
18750,18751,18750,2,-2,2.0
18748,18750,18750,2,2,2.0
18748,18750,18750,5,5,5.0
18749,18750,18750,5,5,5.0
18749,18750,18750,5,5,5.0
18749,18750,18749,2,-2,2.0
18748,18749,18749,5,5,5.0
18748,18749,18749,1,1,1.0
18748,18749,18749,5,5,5.0
18748,18749,18749,1,1,1.0
18748,18749,18749,1,1,1.0
18748,18749,18749,5,5,5.0
18748,18749,18748,3,-3,3.0
18748,18749,18749,1,1,1.0
18748,18749,18748,4,-4,4.0
18748,18749,18748,2,-2,2.0
18748,18749,18748,1,-1,1.0
18748,18749,18748,1,-1,1.0
18747,18748,18747,2,-2,2.0
18747,18748,18747,2,-2,2.0
18747,18748,18747,2,-2,2.0
18747,18748,18746,1,-1,1.0
18746,18747,18747,1,1,1.0
18746,18747,18746,1,-1,1.0
18746,18747,18746,1,-1,1.0
18746,18747,18746,1,-1,1.0
18745,18747,18747,3,3,3.0
18746,18748,18748,1,1,1.0
18747,18748,18747,1,-1,1.0
18747,18748,18748,1,1,1.0
18747,18749,18747,1,-1,1.0
18748,18749,18749,5,5,5.0
18748,18749,18748,1,-1,1.0
18748,18749,18748,1,-1,1.0
18747,18748,18748,1,1,1.0
18747,18748,18749,4,4,-4.0
18747,18748,18747,1,-1,1.0
18747,18748,18748,1,1,1.0
18747,18748,18748,2,2,2.0
18747,18748,18749,3,3,-3.0
18747,18749,18747,1,-1,1.0
18748,18749,18749,5,5,5.0
18748,18749,18748,1,-1,1.0
18748,18749,18749,4,4,4.0
18748,18749,18749,1,1,1.0
18749,18750,18749,1,-1,1.0
18748,18749,18749,1,1,1.0
18749,18750,18749,1,-1,1.0
18749,18750,18749,2,-2,2.0
18748,18749,18748,2,-2,2.0
18747,18748,18748,1,1,1.0
18748,18749,18749,1,1,1.0
18749,18750,18750,1,1,1.0
18749,18750,18749,1,-1,1.0
18749,18750,18749,1,-1,1.0
18749,18750,18750,2,2,2.0
18749,18750,18750,2,2,2.0
18749,18750,18750,1,1,1.0
18749,18751,18750,2,2,-2.0
18748,18750,18750,1,1,1.0
18748,18750,18749,1,1,-1.0
18749,18750,18749,5,-5,5.0
18748,18749,18748,1,-1,1.0
18748,18749,18748,4,-4,4.0
18748,18749,18748,7,-7,7.0
18747,18748,18748,1,1,1.0
18747,18748,18748,1,1,1.0
18747,18748,18748,1,1,1.0
18747,18748,18748,1,1,1.0
18748,18749,18749,1,1,1.0
18748,18749,18749,1,1,1.0
18749,18750,18749,1,-1,1.0
18748,18750,18748,3,-3,3.0
18748,18749,18749,2,2,2.0
18748,18749,18749,1,1,1.0
18748,18749,18749,2,2,2.0
18748,18749,18748,10,-10,10.0
18747,18748,18747,11,-11,11.0
18747,18748,18747,2,-2,2.0
18746,18747,18746,1,-1,1.0
18746,18747,18747,1,1,1.0
18746,18747,18746,1,-1,1.0
18746,18747,18746,1,-1,1.0
18746,18747,18746,1,-1,1.0
18746,18747,18746,2,-2,2.0
18746,18747,18746,1,-1,1.0
18746,18747,18746,1,-1,1.0
18746,18747,18746,1,-1,1.0
18746,18747,18746,9,-9,9.0
18746,18747,18746,5,-5,5.0
18746,18747,18747,1,1,1.0
18746,18747,18747,1,1,1.0
18746,18747,18747,1,1,1.0
18746,18747,18747,1,1,1.0
18746,18747,18747,1,1,1.0
18746,18747,18747,2,2,2.0
18746,18747,18747,1,1,1.0
18747,18748,18747,2,-2,2.0
18747,18748,18748,2,2,2.0
18748,18749,18749,1,1,1.0
18749,18750,18749,1,-1,1.0
18748,18750,18748,1,-1,1.0
18747,18749,18747,1,-1,1.0
18748,18749,18748,1,-1,1.0
18747,18749,18749,1,1,1.0
18747,18749,18747,1,-1,1.0
18749,18750,18749,1,-1,1.0
18749,18750,18750,3,3,3.0
18749,18750,18750,7,7,7.0
18750,18751,18751,1,1,1.0
18750,18751,18750,1,-1,1.0
18750,18751,18750,9,-9,9.0
18749,18750,18750,5,5,5.0
18750,18751,18751,2,2,2.0
18750,18751,18751,5,5,5.0
18750,18751,18751,1,1,1.0
18750,18751,18751,1,1,1.0
18750,18751,18751,1,1,1.0
18750,18751,18751,1,1,1.0
18750,18751,18750,1,-1,1.0
18750,18751,18751,2,2,2.0
18750,18751,18751,1,1,1.0
18750,18751,18751,1,1,1.0
18750,18751,18751,1,1,1.0
18750,18751,18751,1,1,1.0
18750,18752,18752,1,1,1.0
18750,18752,18752,5,5,5.0
18750,18752,18751,1,1,-1.0
18751,18752,18751,1,-1,1.0
18751,18752,18751,2,-2,2.0
18751,18752,18751,3,-3,3.0
18751,18752,18750,2,-2,2.0
18751,18752,18751,3,-3,3.0
18751,18752,18750,2,-2,2.0
18750,18751,18750,5,-5,5.0
18750,18751,18750,5,-5,5.0
18750,18751,18750,5,-5,5.0
18750,18751,18750,5,-5,5.0
18750,18751,18751,1,1,1.0
18750,18751,18751,1,1,1.0
18750,18751,18751,1,1,1.0
18751,18752,18751,3,-3,3.0
18751,18752,18751,1,-1,1.0
18750,18751,18751,1,1,1.0
18750,18751,18751,1,1,1.0
18750,18752,18752,5,5,5.0
18751,18752,18752,3,3,3.0
18751,18752,18752,1,1,1.0
18751,18752,18752,3,3,3.0
18751,18752,18752,1,1,1.0
18751,18752,18752,1,1,1.0
18751,18752,18752,1,1,1.0
18752,18753,18753,3,3,3.0
18752,18753,18753,1,1,1.0
18752,18753,18753,2,2,2.0
18752,18753,18753,1,1,1.0
18752,18753,18753,1,1,1.0
18752,18753,18753,2,2,2.0
18752,18753,18753,2,2,2.0
18752,18753,18753,6,6,6.0
18753,18754,18754,5,5,5.0
18753,18754,18754,2,2,2.0
18753,18755,18754,3,3,-3.0
18753,18755,18755,17,17,17.0
18753,18755,18755,1,1,1.0
18753,18755,18755,1,1,1.0
18753,18755,18755,1,1,1.0
18753,18755,18753,1,-1,1.0
18752,18754,18754,5,5,5.0
18753,18754,18754,1,1,1.0
18753,18754,18754,5,5,5.0
18753,18754,18754,1,1,1.0
18753,18754,18754,1,1,1.0
18753,18754,18754,1,1,1.0
18753,18754,18754,5,5,5.0
18753,18754,18754,1,1,1.0
18753,18754,18754,2,2,2.0
18753,18754,18754,1,1,1.0
18753,18754,18753,1,-1,1.0
18753,18754,18753,1,-1,1.0
18753,18754,18754,1,1,1.0
18753,18754,18753,5,-5,5.0
18753,18754,18753,5,-5,5.0
18752,18753,18753,1,1,1.0
18752,18753,18753,1,1,1.0
18752,18753,18753,1,1,1.0
18752,18753,18753,1,1,1.0
18752,18753,18752,1,-1,1.0
18752,18753,18753,1,1,1.0
18752,18753,18753,2,2,2.0
18752,18753,18753,3,3,3.0
18752,18753,18753,2,2,2.0
18752,18753,18753,1,1,1.0
18752,18753,18753,1,1,1.0
18752,18753,18753,1,1,1.0
18752,18753,18753,1,1,1.0
18752,18753,18753,1,1,1.0
18752,18753,18753,2,2,2.0
18752,18753,18753,1,1,1.0
18752,18753,18753,1,1,1.0
18752,18753,18753,1,1,1.0
18752,18753,18753,1,1,1.0
18753,18754,18753,1,-1,1.0
18753,18754,18754,4,4,4.0
18753,18754,18754,1,1,1.0
18753,18754,18754,1,1,1.0
18753,18754,18754,1,1,1.0
18753,18754,18754,2,2,2.0
18753,18754,18754,2,2,2.0
18753,18754,18754,1,1,1.0
18753,18754,18754,1,1,1.0
18754,18755,18754,1,-1,1.0
18754,18755,18754,2,-2,2.0
18753,18754,18754,1,1,1.0
18753,18754,18754,1,1,1.0
18753,18754,18754,1,1,1.0
18754,18755,18755,2,2,2.0
18754,18755,18754,1,-1,1.0
18754,18755,18755,1,1,1.0
18754,18755,18754,1,-1,1.0
18754,18755,18755,1,1,1.0
18753,18755,18755,4,4,4.0
18754,18755,18755,3,3,3.0
18754,18755,18755,2,2,2.0
18753,18754,18753,2,-2,2.0
18753,18754,18753,2,-2,2.0
18753,18754,18753,1,-1,1.0
18753,18754,18753,1,-1,1.0
18753,18754,18753,9,-9,9.0
18753,18754,18753,1,-1,1.0
18753,18754,18753,1,-1,1.0
18753,18754,18753,1,-1,1.0
18752,18754,18753,1,-1,1.0
18752,18754,18752,1,-1,1.0
18752,18754,18752,1,-1,1.0
18752,18754,18752,1,-1,1.0
18752,18754,18752,1,-1,1.0
18752,18754,18754,1,1,1.0
18752,18754,18754,7,7,7.0
18752,18754,18752,1,-1,1.0
18752,18753,18753,1,1,1.0
18753,18754,18754,1,1,1.0
18754,18755,18754,1,-1,1.0
18754,18755,18754,1,-1,1.0
18752,18754,18754,2,2,2.0
18752,18753,18753,1,1,1.0
18752,18753,18753,1,1,1.0
18753,18754,18754,3,3,3.0
18753,18754,18755,3,3,-3.0
18753,18754,18753,1,-1,1.0
18753,18754,18753,3,-3,3.0
18753,18754,18753,1,-1,1.0
18753,18754,18753,4,-4,4.0
18753,18754,18753,2,-2,2.0
18752,18753,18753,5,5,5.0
18752,18753,18752,1,-1,1.0
18752,18753,18752,1,-1,1.0
18752,18753,18752,1,-1,1.0
18752,18753,18752,1,-1,1.0
18752,18753,18752,1,-1,1.0
18751,18752,18751,1,-1,1.0
18750,18752,18751,1,-1,1.0
18751,18752,18751,1,-1,1.0
18751,18752,18752,1,1,1.0
18752,18753,18752,1,-1,1.0
18751,18752,18752,1,1,1.0
18752,18753,18753,3,3,3.0
18752,18753,18753,1,1,1.0
18752,18753,18753,1,1,1.0
18753,18754,18753,1,-1,1.0
18753,18754,18752,5,-5,5.0
18753,18754,18753,4,-4,4.0
18753,18754,18754,1,1,1.0
18753,18754,18753,2,-2,2.0
18753,18754,18753,2,-2,2.0
18753,18754,18754,2,2,2.0
18753,18754,18754,2,2,2.0
18753,18755,18753,1,-1,1.0
18753,18755,18753,1,-1,1.0
18753,18755,18754,1,-1,1.0
18754,18755,18755,3,3,3.0
18754,18755,18755,1,1,1.0
18754,18755,18755,1,1,1.0
18754,18755,18755,5,5,5.0
18754,18755,18755,1,1,1.0
18754,18756,18754,1,-1,1.0
18754,18755,18755,1,1,1.0
18754,18756,18756,3,3,3.0
18754,18756,18756,9,9,9.0
18755,18756,18756,1,1,1.0
18755,18756,18755,1,-1,1.0
18754,18756,18754,1,-1,1.0
18754,18755,18755,2,2,2.0
18754,18756,18756,1,1,1.0
18755,18756,18755,5,-5,5.0
18754,18756,18756,1,1,1.0
18754,18756,18756,2,2,2.0
18754,18756,18756,2,2,2.0
18754,18756,18754,1,-1,1.0
18754,18756,18756,1,1,1.0
18755,18756,18755,1,-1,1.0
18755,18756,18755,1,-1,1.0
18754,18756,18755,1,-1,1.0
18754,18755,18755,1,1,1.0
18754,18755,18755,1,1,1.0
18754,18755,18755,2,2,2.0
18754,18755,18755,1,1,1.0
18754,18755,18755,1,1,1.0
18754,18755,18755,1,1,1.0
18755,18756,18756,1,1,1.0
18755,18756,18756,1,1,1.0
18755,18756,18756,1,1,1.0
18755,18756,18756,1,1,1.0
18755,18756,18756,1,1,1.0
18756,18757,18757,13,13,13.0
18757,18758,18758,3,3,3.0
18757,18758,18758,4,4,4.0
18757,18758,18758,1,1,1.0
18757,18758,18758,1,1,1.0
18757,18758,18758,1,1,1.0
18757,18758,18758,1,1,1.0
18757,18758,18758,1,1,1.0
18756,18758,18758,1,1,1.0
18756,18758,18758,1,1,1.0
18756,18758,18758,1,1,1.0
18756,18758,18758,1,1,1.0
18756,18758,18756,1,-1,1.0
18756,18758,18757,1,-1,1.0
18756,18758,18758,2,2,2.0
18756,18757,18757,1,1,1.0
18756,18757,18757,1,1,1.0
18756,18757,18757,1,1,1.0
18756,18758,18758,5,5,5.0
18757,18758,18758,1,1,1.0
18757,18758,18758,5,5,5.0
18757,18758,18758,1,1,1.0
18758,18759,18759,5,5,5.0
18758,18759,18758,1,-1,1.0
18758,18759,18759,1,1,1.0
18758,18759,18759,1,1,1.0
18758,18759,18759,1,1,1.0
18758,18759,18759,1,1,1.0
18758,18759,18759,2,2,2.0
18758,18759,18759,4,4,4.0
18758,18760,18760,1,1,1.0
18758,18760,18760,1,1,1.0
18758,18760,18760,1,1,1.0
18758,18760,18760,1,1,1.0
18759,18760,18760,2,2,2.0
18759,18760,18759,1,-1,1.0
18758,18759,18759,1,1,1.0
18758,18759,18759,1,1,1.0
18759,18760,18759,1,-1,1.0
18758,18760,18760,1,1,1.0
18759,18760,18759,1,-1,1.0
18759,18760,18760,1,1,1.0
18759,18760,18759,2,-2,2.0
18759,18760,18759,2,-2,2.0
18759,18760,18759,1,-1,1.0
18758,18759,18758,2,-2,2.0
18758,18759,18758,1,-1,1.0
18758,18759,18758,1,-1,1.0
18758,18759,18758,3,-3,3.0
18758,18759,18758,1,-1,1.0
18758,18759,18758,2,-2,2.0
18758,18759,18758,2,-2,2.0
18758,18759,18758,1,-1,1.0
18757,18758,18758,1,1,1.0
18757,18758,18758,1,1,1.0
18757,18758,18758,1,1,1.0
18757,18758,18758,5,5,5.0
18757,18759,18758,1,1,-1.0
18757,18759,18759,5,5,5.0
18757,18758,18758,17,17,17.0
18758,18759,18759,5,5,5.0
18758,18759,18759,1,1,1.0
18758,18759,18759,1,1,1.0
18758,18759,18758,6,-6,6.0
18758,18759,18759,1,1,1.0
18758,18759,18758,1,-1,1.0
18758,18759,18758,19,-19,19.0
18757,18758,18758,1,1,1.0
18758,18759,18758,3,-3,3.0
18757,18758,18758,3,3,3.0
18757,18758,18758,1,1,1.0
18758,18759,18758,1,-1,1.0
18758,18759,18758,2,-2,2.0
18758,18759,18759,2,2,2.0
18758,18759,18759,2,2,2.0
18758,18759,18759,1,1,1.0
18758,18760,18758,1,-1,1.0
18759,18760,18759,1,-1,1.0
18759,18760,18759,1,-1,1.0
18758,18759,18758,1,-1,1.0
18758,18759,18759,1,1,1.0
18758,18759,18758,1,-1,1.0
18758,18759,18758,1,-1,1.0
18758,18759,18758,1,-1,1.0
18757,18758,18757,3,-3,3.0
18757,18758,18757,1,-1,1.0
18757,18758,18757,2,-2,2.0
18756,18758,18758,1,1,1.0
18756,18758,18758,1,1,1.0
18756,18758,18757,1,1,-1.0
18757,18758,18758,1,1,1.0
18757,18758,18757,1,-1,1.0
18757,18758,18757,8,-8,8.0
18756,18757,18757,1,1,1.0
18756,18757,18757,2,2,2.0
18756,18757,18757,1,1,1.0
18756,18757,18757,4,4,4.0
18756,18757,18756,2,-2,2.0
18756,18757,18756,1,-1,1.0
18756,18757,18756,1,-1,1.0
18756,18757,18756,1,-1,1.0
18755,18756,18756,1,1,1.0
18755,18756,18756,1,1,1.0
18756,18757,18757,1,1,1.0
18756,18757,18757,2,2,2.0
18756,18757,18757,2,2,2.0
18756,18757,18757,1,1,1.0
18757,18758,18757,1,-1,1.0
18757,18758,18758,1,1,1.0
18757,18758,18757,1,-1,1.0
18757,18758,18757,2,-2,2.0
18756,18758,18756,1,-1,1.0
18756,18758,18758,1,1,1.0
18756,18758,18756,1,-1,1.0
18756,18757,18757,1,1,1.0
18756,18757,18757,1,1,1.0
18756,18757,18757,1,1,1.0
18756,18757,18757,1,1,1.0
18756,18757,18757,2,2,2.0
18756,18758,18758,2,2,2.0
18757,18758,18758,1,1,1.0
18757,18758,18757,1,-1,1.0
18757,18758,18758,3,3,3.0
18757,18758,18758,2,2,2.0
18758,18759,18758,1,-1,1.0
18758,18759,18758,1,-1,1.0
18758,18759,18759,1,1,1.0
18758,18759,18758,1,-1,1.0
18758,18759,18758,1,-1,1.0
18758,18759,18758,2,-2,2.0
18758,18759,18758,1,-1,1.0
18758,18759,18758,1,-1,1.0
18758,18759,18758,1,-1,1.0
18758,18759,18758,1,-1,1.0
18757,18758,18757,2,-2,2.0
18757,18759,18757,1,-1,1.0
18758,18759,18759,1,1,1.0
18758,18759,18759,1,1,1.0
18758,18759,18759,1,1,1.0
18758,18759,18759,1,1,1.0
18758,18759,18759,1,1,1.0
18758,18759,18759,1,1,1.0
18758,18759,18759,1,1,1.0
18759,18760,18758,2,-2,2.0
18759,18760,18759,1,-1,1.0
18759,18760,18760,10,10,10.0
18759,18760,18760,3,3,3.0
18759,18760,18760,10,10,10.0
18760,18761,18761,2,2,2.0
18760,18761,18761,2,2,2.0
18760,18761,18761,2,2,2.0
18760,18761,18761,2,2,2.0
18760,18761,18761,1,1,1.0
18760,18762,18761,1,1,-1.0
18760,18762,18762,1,1,1.0
18760,18762,18762,1,1,1.0
18760,18762,18762,16,16,16.0
18761,18762,18762,1,1,1.0
18761,18762,18762,3,3,3.0
18761,18762,18762,2,2,2.0
18761,18762,18762,1,1,1.0
18761,18762,18762,1,1,1.0
18761,18762,18762,15,15,15.0
18762,18763,18762,1,-1,1.0
18762,18763,18762,2,-2,2.0
18762,18763,18763,1,1,1.0
18762,18763,18763,1,1,1.0
18761,18762,18762,1,1,1.0
18761,18762,18762,1,1,1.0
18761,18762,18762,1,1,1.0
18761,18762,18762,1,1,1.0
18762,18763,18763,1,1,1.0
18762,18763,18762,3,-3,3.0
18762,18763,18763,1,1,1.0
18762,18763,18763,2,2,2.0
18762,18763,18763,1,1,1.0
18762,18763,18762,1,-1,1.0
18762,18763,18762,1,-1,1.0
18762,18763,18763,13,13,13.0
18762,18763,18763,2,2,2.0
18762,18763,18763,1,1,1.0
18762,18763,18763,2,2,2.0
18762,18763,18764,1,1,-1.0
18763,18764,18764,1,1,1.0
18763,18764,18764,4,4,4.0
18763,18764,18763,8,-8,8.0
18763,18764,18763,1,-1,1.0
18763,18764,18763,1,-1,1.0
18763,18764,18763,1,-1,1.0
18763,18764,18763,1,-1,1.0
18762,18764,18764,1,1,1.0
18762,18763,18763,3,3,3.0
18762,18763,18763,1,1,1.0
18762,18763,18763,1,1,1.0
18762,18763,18763,1,1,1.0
18762,18763,18763,2,2,2.0
18762,18763,18763,2,2,2.0
18762,18763,18763,2,2,2.0
18762,18763,18763,1,1,1.0
18762,18763,18763,2,2,2.0
18762,18763,18763,1,1,1.0
18762,18763,18763,1,1,1.0
18762,18763,18763,1,1,1.0
18763,18764,18763,4,-4,4.0
18763,18764,18762,36,-36,36.0
18763,18764,18763,2,-2,2.0
18762,18763,18763,1,1,1.0
18762,18763,18763,4,4,4.0
18762,18763,18764,1,1,-1.0
18762,18763,18763,1,1,1.0
18762,18764,18764,6,6,6.0
18763,18764,18764,1,1,1.0
18763,18764,18763,1,-1,1.0
18763,18764,18763,1,-1,1.0
18763,18764,18763,1,-1,1.0
18763,18764,18763,1,-1,1.0
18763,18764,18763,1,-1,1.0
18763,18764,18764,15,15,15.0
18763,18764,18763,1,-1,1.0
18763,18764,18764,2,2,2.0
18763,18764,18763,2,-2,2.0
18762,18763,18763,1,1,1.0
18762,18763,18762,1,-1,1.0
18762,18763,18763,2,2,2.0
18762,18763,18763,1,1,1.0
18762,18763,18763,2,2,2.0
18762,18763,18763,2,2,2.0
18763,18764,18763,1,-1,1.0
18763,18764,18764,1,1,1.0
18763,18764,18764,2,2,2.0
18763,18764,18764,2,2,2.0
18764,18765,18764,1,-1,1.0
18763,18765,18765,1,1,1.0
18763,18765,18765,1,1,1.0
18763,18765,18765,1,1,1.0
18763,18765,18765,2,2,2.0
18763,18765,18765,1,1,1.0
18763,18765,18765,4,4,4.0
18763,18764,18763,1,-1,1.0
18763,18764,18764,1,1,1.0
18762,18764,18764,5,5,5.0
18762,18764,18764,2,2,2.0
18763,18765,18763,2,-2,2.0
18763,18764,18763,1,-1,1.0
18763,18764,18763,2,-2,2.0
18763,18764,18762,8,-8,8.0
18762,18764,18762,1,-1,1.0
18762,18764,18762,1,-1,1.0
18762,18764,18763,1,-1,1.0
18762,18763,18762,1,-1,1.0
18762,18763,18762,9,-9,9.0
18762,18763,18761,3,-3,3.0
18762,18763,18761,1,-1,1.0
18762,18763,18762,1,-1,1.0
18762,18763,18763,1,1,1.0
18761,18763,18761,7,-7,7.0
18761,18763,18763,1,1,1.0
18761,18762,18761,2,-2,2.0
18761,18762,18762,1,1,1.0
18761,18762,18762,5,5,5.0
18761,18762,18761,1,-1,1.0
18762,18763,18763,1,1,1.0
18762,18764,18764,1,1,1.0
18762,18763,18762,2,-2,2.0
18762,18763,18762,1,-1,1.0
18762,18763,18763,1,1,1.0
18763,18764,18763,1,-1,1.0
18763,18764,18763,1,-1,1.0
18762,18763,18762,2,-2,2.0
18762,18763,18762,2,-2,2.0
18762,18764,18762,1,-1,1.0
18762,18763,18763,1,1,1.0
18762,18764,18762,1,-1,1.0
18763,18764,18764,1,1,1.0
18763,18764,18764,1,1,1.0
18763,18764,18764,1,1,1.0
18763,18764,18764,1,1,1.0
18763,18764,18764,1,1,1.0
18763,18764,18764,1,1,1.0
18763,18764,18764,1,1,1.0
18763,18764,18764,1,1,1.0
18764,18765,18765,3,3,3.0
18764,18765,18765,3,3,3.0
18764,18765,18765,1,1,1.0
18764,18765,18765,21,21,21.0
18765,18766,18766,2,2,2.0
18765,18766,18766,1,1,1.0
18765,18766,18766,1,1,1.0
18765,18766,18766,1,1,1.0
18765,18766,18766,1,1,1.0
18765,18766,18766,1,1,1.0
18765,18766,18766,1,1,1.0
18765,18766,18766,1,1,1.0
18765,18766,18766,1,1,1.0
18764,18766,18764,1,-1,1.0
18765,18766,18766,7,7,7.0
18766,18767,18766,1,-1,1.0
18766,18767,18766,1,-1,1.0
18766,18767,18766,1,-1,1.0
18766,18767,18767,5,5,5.0
18766,18767,18767,1,1,1.0
18766,18767,18767,1,1,1.0
18766,18767,18766,3,-3,3.0
18766,18767,18766,2,-2,2.0
18766,18767,18766,1,-1,1.0
18765,18766,18766,1,1,1.0
18765,18766,18766,2,2,2.0
18765,18766,18766,4,4,4.0
18765,18766,18766,1,1,1.0
18765,18766,18766,5,5,5.0
18765,18766,18765,1,-1,1.0
18765,18766,18765,1,-1,1.0
18765,18766,18765,1,-1,1.0
18765,18766,18765,1,-1,1.0
18765,18766,18765,2,-2,2.0
18764,18765,18764,1,-1,1.0
18764,18766,18766,1,1,1.0
18764,18766,18764,1,-1,1.0
18764,18766,18766,5,5,5.0
18765,18766,18765,3,-3,3.0
18764,18765,18765,1,1,1.0
18765,18766,18765,1,-1,1.0
18765,18766,18765,1,-1,1.0
18765,18766,18766,1,1,1.0
18765,18766,18766,4,4,4.0
18765,18766,18767,1,1,-1.0
18765,18767,18767,1,1,1.0
18765,18767,18767,1,1,1.0
18765,18767,18767,1,1,1.0
18765,18767,18767,1,1,1.0
18765,18766,18765,1,-1,1.0
18765,18766,18766,1,1,1.0
18766,18767,18766,1,-1,1.0
18766,18767,18766,1,-1,1.0
18766,18767,18767,6,6,6.0
18766,18767,18767,1,1,1.0
18766,18768,18768,3,3,3.0
18766,18768,18768,1,1,1.0
18766,18767,18767,3,3,3.0
18766,18767,18768,1,1,-1.0
18767,18768,18767,1,-1,1.0
18766,18768,18766,3,-3,3.0
18766,18767,18767,2,2,2.0
18766,18767,18766,5,-5,5.0
18765,18767,18767,1,1,1.0
18766,18767,18767,1,1,1.0
18766,18767,18767,1,1,1.0
18766,18767,18766,1,-1,1.0
18766,18767,18767,1,1,1.0
18766,18767,18766,1,-1,1.0
18765,18767,18767,5,5,5.0
18765,18766,18766,1,1,1.0
18765,18766,18766,1,1,1.0
18765,18766,18766,1,1,1.0
18765,18766,18766,1,1,1.0
18765,18767,18766,1,1,-1.0
18765,18766,18765,1,-1,1.0
18765,18766,18765,1,-1,1.0
18765,18766,18765,3,-3,3.0
18765,18766,18765,3,-3,3.0
18765,18766,18765,5,-5,5.0
18765,18766,18765,1,-1,1.0
18764,18765,18764,1,-1,1.0
18764,18765,18764,1,-1,1.0
18764,18765,18765,3,3,3.0
18764,18765,18765,1,1,1.0
18765,18766,18765,1,-1,1.0
18764,18765,18765,1,1,1.0
18764,18765,18765,1,1,1.0
18765,18766,18765,1,-1,1.0
18764,18766,18766,3,3,3.0
18764,18766,18765,1,1,-1.0
18764,18766,18764,5,-5,5.0
18764,18766,18765,1,-1,1.0
18764,18766,18765,1,-1,1.0
18764,18766,18764,5,-5,5.0
18764,18766,18764,5,-5,5.0
18764,18766,18764,4,-4,4.0
18764,18766,18764,2,-2,2.0
18764,18766,18764,2,-2,2.0
18764,18766,18764,1,-1,1.0
18763,18765,18763,5,-5,5.0
18763,18765,18764,1,-1,1.0
18763,18765,18764,1,-1,1.0
18763,18765,18763,1,-1,1.0
18763,18764,18764,1,1,1.0
18763,18764,18764,1,1,1.0
18763,18764,18764,1,1,1.0
18764,18765,18765,2,2,2.0
18763,18764,18764,2,2,2.0
18763,18765,18765,9,9,9.0
18765,18766,18765,2,-2,2.0
18764,18765,18765,1,1,1.0
18764,18765,18764,1,-1,1.0
18762,18763,18763,3,3,3.0
18762,18763,18763,8,8,8.0
18762,18763,18763,5,5,5.0
18762,18763,18762,1,-1,1.0
18762,18763,18762,1,-1,1.0
18761,18762,18762,3,3,3.0
18761,18762,18762,1,1,1.0
18761,18762,18762,1,1,1.0
18761,18762,18762,1,1,1.0
18761,18762,18762,1,1,1.0
18761,18763,18761,5,-5,5.0
18761,18763,18761,1,-1,1.0
18761,18763,18761,1,-1,1.0
18760,18762,18760,1,-1,1.0
18760,18762,18760,1,-1,1.0
18761,18763,18761,1,-1,1.0
18761,18762,18762,1,1,1.0
18760,18762,18760,5,-5,5.0
18760,18761,18760,1,-1,1.0
18760,18761,18760,1,-1,1.0
18760,18761,18761,2,2,2.0
18760,18761,18761,1,1,1.0
18760,18761,18761,1,1,1.0
18761,18762,18762,1,1,1.0
18761,18762,18762,1,1,1.0
18761,18763,18763,7,7,7.0
18762,18763,18762,1,-1,1.0
18761,18762,18761,1,-1,1.0
18760,18761,18761,1,1,1.0
18760,18761,18761,1,1,1.0
18761,18762,18761,1,-1,1.0
18760,18762,18760,1,-1,1.0
18760,18762,18761,1,-1,1.0
18760,18761,18760,1,-1,1.0
18760,18761,18761,1,1,1.0
18761,18762,18761,1,-1,1.0
18761,18762,18761,1,-1,1.0
18761,18762,18761,1,-1,1.0
18761,18762,18761,4,-4,4.0
18761,18762,18761,1,-1,1.0
18761,18762,18761,1,-1,1.0
18761,18762,18761,1,-1,1.0
18760,18761,18760,1,-1,1.0
18760,18761,18761,1,1,1.0
18760,18761,18761,1,1,1.0
18760,18761,18761,1,1,1.0
18761,18762,18762,1,1,1.0
18761,18763,18761,1,-1,1.0
18761,18763,18761,1,-1,1.0
18761,18763,18761,1,-1,1.0
18761,18763,18761,1,-1,1.0
18761,18762,18762,1,1,1.0
18761,18762,18761,1,-1,1.0
18761,18762,18762,1,1,1.0
18761,18762,18762,1,1,1.0
18761,18763,18761,1,-1,1.0
18761,18762,18761,1,-1,1.0
18761,18762,18761,1,-1,1.0
18761,18762,18761,1,-1,1.0
18760,18761,18760,1,-1,1.0
18760,18761,18761,2,2,2.0
18761,18762,18761,1,-1,1.0
18761,18763,18761,1,-1,1.0
18761,18762,18762,1,1,1.0
18761,18762,18762,1,1,1.0
18761,18762,18761,3,-3,3.0
18761,18762,18761,1,-1,1.0
18761,18762,18761,1,-1,1.0
18760,18761,18760,3,-3,3.0
18760,18761,18760,1,-1,1.0
18760,18761,18760,1,-1,1.0
18760,18761,18760,3,-3,3.0
18760,18761,18760,1,-1,1.0
18760,18761,18760,1,-1,1.0
18760,18761,18760,1,-1,1.0
18760,18761,18760,1,-1,1.0
18760,18761,18760,2,-2,2.0
18760,18761,18760,1,-1,1.0
18760,18761,18760,2,-2,2.0
18760,18761,18760,4,-4,4.0
18759,18761,18759,1,-1,1.0
18759,18761,18759,1,-1,1.0
18760,18761,18761,1,1,1.0
18760,18762,18762,1,1,1.0
18761,18762,18761,1,-1,1.0
18760,18761,18760,1,-1,1.0
18759,18760,18759,1,-1,1.0
18759,18760,18759,3,-3,3.0
18758,18760,18760,1,1,1.0
18759,18760,18759,1,-1,1.0
18758,18759,18758,1,-1,1.0
18758,18759,18758,2,-2,2.0
18758,18759,18758,1,-1,1.0
18758,18759,18758,1,-1,1.0
18757,18758,18758,1,1,1.0
18757,18759,18757,1,-1,1.0
18757,18759,18757,1,-1,1.0
18757,18759,18757,1,-1,1.0
18757,18758,18757,4,-4,4.0
18757,18758,18757,5,-5,5.0
18757,18758,18757,2,-2,2.0
18757,18758,18757,1,-1,1.0
18757,18758,18757,1,-1,1.0
18757,18758,18757,5,-5,5.0
18757,18758,18757,1,-1,1.0
18757,18758,18757,4,-4,4.0
18756,18757,18756,1,-1,1.0
18756,18757,18756,1,-1,1.0
18756,18757,18756,1,-1,1.0
18756,18757,18756,1,-1,1.0
18756,18757,18756,1,-1,1.0
18756,18757,18757,9,9,9.0
18757,18758,18758,1,1,1.0
18757,18758,18758,1,1,1.0
18757,18758,18758,1,1,1.0
18758,18759,18758,1,-1,1.0
18758,18759,18757,3,-3,3.0
18758,18759,18759,1,1,1.0
18758,18759,18758,1,-1,1.0
18758,18759,18759,2,2,2.0
18758,18759,18759,2,2,2.0
18759,18760,18759,1,-1,1.0
18759,18760,18758,9,-9,9.0
18758,18759,18759,4,4,4.0
18758,18759,18758,1,-1,1.0
18758,18759,18758,5,-5,5.0
18758,18759,18758,1,-1,1.0
18758,18759,18759,2,2,2.0
18758,18760,18758,2,-2,2.0
18758,18759,18758,1,-1,1.0
18758,18759,18758,1,-1,1.0
18757,18758,18758,1,1,1.0
18758,18759,18758,1,-1,1.0
18758,18759,18758,1,-1,1.0
18758,18759,18758,1,-1,1.0
18758,18759,18758,2,-2,2.0
18758,18759,18758,1,-1,1.0
18757,18758,18757,6,-6,6.0
18757,18758,18757,1,-1,1.0
18756,18757,18757,1,1,1.0
18756,18757,18757,1,1,1.0
18756,18758,18757,1,1,-1.0
18757,18758,18757,10,-10,10.0
18757,18758,18758,3,3,3.0
18757,18758,18757,1,-1,1.0
18757,18758,18758,4,4,4.0
18757,18758,18758,3,3,3.0
18757,18758,18758,2,2,2.0
18757,18758,18758,3,3,3.0
18758,18759,18759,2,2,2.0
18759,18760,18759,1,-1,1.0
18759,18760,18759,1,-1,1.0
18759,18760,18759,1,-1,1.0
18759,18760,18758,19,-19,19.0
18759,18760,18758,9,-9,9.0
18759,18760,18758,5,-5,5.0
18758,18759,18758,5,-5,5.0
18758,18759,18758,1,-1,1.0
18758,18759,18758,2,-2,2.0
18757,18759,18757,4,-4,4.0
18757,18759,18759,3,3,3.0
18758,18759,18758,2,-2,2.0
18758,18759,18758,1,-1,1.0
18758,18759,18758,1,-1,1.0
18758,18759,18758,1,-1,1.0
18757,18758,18758,1,1,1.0
18757,18759,18758,1,1,-1.0
18758,18759,18758,1,-1,1.0
18758,18759,18759,1,1,1.0
18758,18759,18759,1,1,1.0
18758,18759,18758,1,-1,1.0
18758,18759,18758,1,-1,1.0
18757,18758,18758,1,1,1.0
18758,18759,18758,1,-1,1.0
18757,18758,18758,7,7,7.0
18757,18758,18758,2,2,2.0
18757,18758,18758,3,3,3.0
18757,18758,18758,3,3,3.0
18757,18758,18758,1,1,1.0
18758,18759,18759,2,2,2.0
18757,18758,18758,1,1,1.0
18757,18758,18757,5,-5,5.0
18757,18758,18756,4,-4,4.0
18757,18758,18756,2,-2,2.0
18757,18758,18756,9,-9,9.0
18757,18758,18756,11,-11,11.0
18756,18757,18756,1,-1,1.0
18756,18757,18757,4,4,4.0
18756,18758,18756,1,-1,1.0
18756,18758,18758,1,1,1.0
18756,18758,18756,2,-2,2.0
18756,18758,18756,3,-3,3.0
18756,18758,18756,7,-7,7.0
18756,18757,18757,1,1,1.0
18756,18758,18756,1,-1,1.0
18756,18758,18758,3,3,3.0
18757,18758,18757,1,-1,1.0
18756,18757,18757,1,1,1.0
18756,18758,18756,1,-1,1.0
18756,18757,18756,1,-1,1.0
18756,18757,18756,1,-1,1.0
18756,18757,18756,1,-1,1.0
18755,18756,18755,1,-1,1.0
18755,18756,18755,1,-1,1.0
18755,18756,18755,1,-1,1.0
18755,18756,18755,2,-2,2.0
18755,18756,18755,1,-1,1.0
18755,18756,18755,1,-1,1.0
18754,18755,18754,1,-1,1.0
18754,18755,18754,5,-5,5.0
18754,18755,18755,5,5,5.0
18754,18756,18755,1,1,-1.0
18755,18756,18755,1,-1,1.0
18755,18756,18755,1,-1,1.0
18755,18756,18755,1,-1,1.0
18755,18756,18755,1,-1,1.0
18755,18756,18756,2,2,2.0
18755,18756,18756,8,8,8.0
18756,18757,18757,1,1,1.0
18756,18757,18758,1,1,-1.0
18756,18758,18756,13,-13,13.0
18756,18758,18756,16,-16,16.0
18756,18758,18756,1,-1,1.0
18756,18758,18756,3,-3,3.0
18757,18758,18758,2,2,2.0
18757,18759,18757,5,-5,5.0
18757,18758,18758,1,1,1.0
18757,18758,18758,1,1,1.0
18757,18758,18757,3,-3,3.0
18757,18758,18757,1,-1,1.0
18757,18758,18757,1,-1,1.0
18757,18758,18758,4,4,4.0
18757,18758,18759,1,1,-1.0
18758,18759,18759,1,1,1.0
18758,18759,18759,1,1,1.0
18758,18759,18759,1,1,1.0
18759,18760,18759,1,-1,1.0
18759,18760,18760,10,10,10.0
18760,18761,18761,4,4,4.0
18760,18762,18760,1,-1,1.0
18760,18761,18760,1,-1,1.0
18759,18761,18759,1,-1,1.0
18760,18761,18761,1,1,1.0
18760,18761,18761,1,1,1.0
18760,18761,18761,2,2,2.0
18761,18762,18761,1,-1,1.0
18761,18762,18762,1,1,1.0
18761,18762,18762,1,1,1.0
18761,18762,18763,1,1,-1.0
18762,18763,18762,1,-1,1.0
18762,18763,18762,1,-1,1.0
18762,18763,18762,1,-1,1.0
18762,18763,18763,1,1,1.0
18762,18763,18763,1,1,1.0
18762,18763,18762,1,-1,1.0
18762,18763,18762,1,-1,1.0
18761,18762,18762,1,1,1.0
18761,18762,18762,2,2,2.0
18761,18762,18761,1,-1,1.0
18761,18762,18761,2,-2,2.0
18760,18761,18761,1,1,1.0
18760,18761,18761,1,1,1.0
18760,18761,18760,1,-1,1.0
18760,18761,18760,2,-2,2.0
18760,18761,18760,1,-1,1.0
18759,18761,18759,1,-1,1.0
18759,18761,18759,1,-1,1.0
18760,18761,18760,2,-2,2.0
18760,18761,18759,1,-1,1.0
18760,18761,18760,1,-1,1.0
18760,18761,18760,5,-5,5.0
18759,18760,18759,1,-1,1.0
18759,18760,18758,2,-2,2.0
18759,18760,18760,1,1,1.0
18759,18760,18760,1,1,1.0
18759,18760,18760,1,1,1.0
18760,18761,18760,1,-1,1.0
18759,18760,18759,1,-1,1.0
18758,18759,18758,2,-2,2.0
18758,18759,18758,2,-2,2.0
18757,18758,18757,1,-1,1.0
18756,18757,18757,1,1,1.0
18756,18757,18757,1,1,1.0
18757,18758,18757,1,-1,1.0
18757,18758,18757,2,-2,2.0
18756,18757,18756,2,-2,2.0
18756,18757,18756,1,-1,1.0
18755,18756,18756,3,3,3.0
18755,18756,18755,2,-2,2.0
18755,18756,18755,4,-4,4.0
18755,18756,18755,2,-2,2.0
18754,18755,18754,3,-3,3.0
18753,18754,18753,1,-1,1.0
18753,18754,18753,1,-1,1.0
18753,18754,18753,1,-1,1.0
18753,18754,18753,1,-1,1.0
18753,18754,18753,2,-2,2.0
18753,18754,18753,2,-2,2.0
18753,18754,18753,7,-7,7.0
18753,18754,18753,8,-8,8.0
18753,18754,18753,1,-1,1.0
18753,18754,18753,1,-1,1.0
18753,18754,18754,2,2,2.0
18754,18756,18754,1,-1,1.0
18754,18756,18754,1,-1,1.0
18754,18756,18754,5,-5,5.0
18754,18755,18754,1,-1,1.0
18754,18756,18754,8,-8,8.0
18754,18755,18754,1,-1,1.0
18754,18755,18754,1,-1,1.0
18754,18755,18755,1,1,1.0
18754,18755,18754,1,-1,1.0
18754,18755,18755,1,1,1.0
18754,18755,18755,3,3,3.0
18754,18755,18756,5,5,-5.0
18755,18756,18756,1,1,1.0
18756,18757,18757,1,1,1.0
18756,18757,18757,1,1,1.0
18757,18758,18758,3,3,3.0
18757,18758,18757,2,-2,2.0
18756,18757,18756,1,-1,1.0
18755,18756,18755,1,-1,1.0
18755,18756,18755,2,-2,2.0
18755,18756,18754,1,-1,1.0
18755,18756,18756,1,1,1.0
18755,18757,18755,1,-1,1.0
18755,18757,18755,1,-1,1.0
18755,18757,18754,1,-1,1.0
18754,18756,18754,1,-1,1.0
18754,18756,18754,1,-1,1.0
18754,18756,18754,1,-1,1.0
18754,18756,18754,1,-1,1.0
18754,18756,18754,1,-1,1.0
18754,18756,18754,1,-1,1.0
18754,18756,18754,1,-1,1.0
18755,18756,18755,1,-1,1.0
18756,18757,18757,2,2,2.0
18756,18757,18757,1,1,1.0
18756,18757,18757,2,2,2.0
18756,18757,18757,2,2,2.0
18757,18758,18757,1,-1,1.0
18757,18758,18758,2,2,2.0
18757,18758,18758,2,2,2.0
18757,18758,18758,2,2,2.0
18758,18759,18759,4,4,4.0
18758,18759,18759,1,1,1.0
18758,18759,18759,1,1,1.0
18758,18759,18758,1,-1,1.0
18758,18759,18758,1,-1,1.0
18757,18759,18757,6,-6,6.0
18758,18759,18759,1,1,1.0
18759,18760,18759,2,-2,2.0
18759,18760,18759,1,-1,1.0
18759,18760,18759,1,-1,1.0
18759,18760,18759,1,-1,1.0
18758,18759,18758,3,-3,3.0
18757,18759,18759,2,2,2.0
18757,18758,18758,5,5,5.0
18759,18760,18759,2,-2,2.0
18757,18759,18759,1,1,1.0
18758,18759,18759,1,1,1.0
18758,18759,18758,1,-1,1.0
18757,18758,18757,1,-1,1.0
18757,18758,18757,1,-1,1.0
18757,18758,18757,1,-1,1.0
18757,18758,18757,1,-1,1.0
18757,18758,18757,1,-1,1.0
18756,18757,18756,1,-1,1.0
18755,18757,18755,1,-1,1.0
18755,18757,18756,1,-1,1.0
18757,18759,18757,1,-1,1.0
18756,18757,18757,2,2,2.0
18756,18757,18756,1,-1,1.0
18756,18757,18756,1,-1,1.0
18756,18757,18756,1,-1,1.0
18756,18757,18756,1,-1,1.0
18756,18757,18756,1,-1,1.0
18756,18757,18756,1,-1,1.0
18755,18756,18756,1,1,1.0
18755,18756,18755,3,-3,3.0
18754,18756,18754,1,-1,1.0
18754,18756,18754,1,-1,1.0
18754,18756,18754,12,-12,12.0
18754,18755,18754,1,-1,1.0
18753,18755,18753,4,-4,4.0
18753,18755,18753,2,-2,2.0
18753,18755,18753,1,-1,1.0
18753,18755,18755,2,2,2.0
18754,18756,18754,1,-1,1.0
18754,18755,18755,1,1,1.0
18755,18757,18755,1,-1,1.0
18755,18757,18755,6,-6,6.0
18754,18755,18755,1,1,1.0
18754,18755,18754,1,-1,1.0
18754,18755,18754,5,-5,5.0
18753,18755,18753,1,-1,1.0
18753,18754,18753,2,-2,2.0
18753,18754,18754,5,5,5.0
18753,18754,18753,2,-2,2.0
18753,18754,18753,1,-1,1.0
18752,18754,18754,2,2,2.0
18753,18754,18753,2,-2,2.0
18753,18754,18753,2,-2,2.0
18753,18754,18753,1,-1,1.0
18753,18755,18753,1,-1,1.0
18753,18754,18753,1,-1,1.0
18753,18754,18753,3,-3,3.0
18753,18754,18752,2,-2,2.0
18753,18754,18752,1,-1,1.0
18752,18754,18753,1,-1,1.0
18752,18754,18753,2,-2,2.0
18753,18754,18753,1,-1,1.0
18753,18754,18753,1,-1,1.0
18752,18754,18753,1,-1,1.0
18753,18754,18753,2,-2,2.0
18753,18754,18752,3,-3,3.0
18753,18754,18753,2,-2,2.0
18753,18754,18752,3,-3,3.0
18753,18754,18753,1,-1,1.0
18752,18753,18752,1,-1,1.0
18752,18753,18752,1,-1,1.0
18752,18753,18752,1,-1,1.0
18752,18753,18752,3,-3,3.0
18752,18753,18752,1,-1,1.0
18752,18753,18752,1,-1,1.0
18752,18753,18752,1,-1,1.0
18752,18753,18752,1,-1,1.0
18752,18753,18753,3,3,3.0
18752,18753,18753,1,1,1.0
18752,18753,18752,6,-6,6.0
18752,18753,18751,9,-9,9.0
18752,18753,18751,18,-18,18.0
18751,18752,18752,3,3,3.0
18751,18753,18751,2,-2,2.0
18751,18752,18752,1,1,1.0
18752,18753,18753,1,1,1.0
18753,18754,18753,1,-1,1.0
18753,18754,18754,2,2,2.0
18753,18755,18753,1,-1,1.0
18753,18754,18754,1,1,1.0
18752,18754,18754,3,3,3.0
18753,18754,18753,1,-1,1.0
18753,18754,18753,3,-3,3.0
18753,18754,18753,3,-3,3.0
18751,18752,18752,2,2,2.0
18752,18754,18752,1,-1,1.0
18753,18754,18754,2,2,2.0
18753,18755,18754,1,1,-1.0
18754,18755,18755,1,1,1.0
18754,18755,18755,1,1,1.0
18754,18755,18755,15,15,15.0
18755,18756,18755,1,-1,1.0
18755,18756,18756,1,1,1.0
18755,18756,18756,5,5,5.0
18755,18756,18756,4,4,4.0
18755,18756,18756,1,1,1.0
18755,18756,18756,1,1,1.0
18755,18756,18756,3,3,3.0
18755,18756,18756,11,11,11.0
18755,18756,18756,3,3,3.0
18755,18756,18756,8,8,8.0
18756,18757,18757,2,2,2.0
18756,18757,18757,1,1,1.0
18756,18757,18757,1,1,1.0
18756,18757,18756,2,-2,2.0
18756,18757,18756,1,-1,1.0
18756,18757,18756,1,-1,1.0
18756,18757,18756,3,-3,3.0
18756,18757,18755,2,-2,2.0
18756,18757,18755,1,-1,1.0
18756,18757,18756,2,-2,2.0
18756,18757,18757,1,1,1.0
18757,18758,18757,1,-1,1.0
18757,18758,18757,2,-2,2.0
18757,18758,18758,1,1,1.0
18757,18758,18757,2,-2,2.0
18757,18758,18757,1,-1,1.0
18756,18757,18757,4,4,4.0
18756,18757,18756,1,-1,1.0
18756,18757,18756,1,-1,1.0
18755,18756,18756,1,1,1.0
18755,18756,18756,1,1,1.0
18756,18757,18756,5,-5,5.0
18755,18756,18756,1,1,1.0
18756,18757,18757,1,1,1.0
18757,18758,18758,1,1,1.0
18757,18758,18758,1,1,1.0
18757,18758,18758,1,1,1.0
18757,18758,18758,1,1,1.0
18757,18758,18758,1,1,1.0
18757,18758,18757,5,-5,5.0
18756,18758,18756,1,-1,1.0
18756,18758,18758,1,1,1.0
18757,18758,18758,1,1,1.0
18757,18758,18757,1,-1,1.0
18756,18757,18757,2,2,2.0
18756,18758,18756,1,-1,1.0
18756,18758,18756,7,-7,7.0
18756,18758,18756,1,-1,1.0
18756,18758,18756,1,-1,1.0
18756,18758,18755,1,-1,1.0
18756,18758,18755,1,-1,1.0
18756,18758,18755,1,-1,1.0
18756,18757,18756,12,-12,12.0
18756,18757,18757,1,1,1.0
18756,18758,18756,14,-14,14.0
18756,18757,18756,1,-1,1.0
18756,18757,18756,1,-1,1.0
18756,18757,18756,1,-1,1.0
18755,18757,18757,7,7,7.0
18757,18758,18757,1,-1,1.0
18757,18758,18757,2,-2,2.0
18755,18756,18755,3,-3,3.0
18755,18756,18755,1,-1,1.0
18755,18756,18755,2,-2,2.0
18755,18756,18755,1,-1,1.0
18755,18756,18755,1,-1,1.0
18755,18756,18756,2,2,2.0
18755,18756,18755,1,-1,1.0
18755,18756,18755,1,-1,1.0
18755,18756,18755,1,-1,1.0
18755,18756,18755,3,-3,3.0
18754,18756,18754,1,-1,1.0
18754,18756,18754,1,-1,1.0
18754,18755,18754,1,-1,1.0
18754,18755,18755,2,2,2.0
18754,18755,18754,3,-3,3.0
18753,18755,18753,2,-2,2.0
18753,18754,18753,1,-1,1.0
18753,18754,18753,1,-1,1.0
18753,18754,18753,1,-1,1.0
18753,18754,18753,1,-1,1.0
18753,18754,18753,3,-3,3.0
18752,18753,18752,1,-1,1.0
18752,18753,18752,1,-1,1.0
18752,18753,18752,5,-5,5.0
18752,18753,18753,1,1,1.0
18752,18753,18752,1,-1,1.0
18752,18753,18752,1,-1,1.0
18752,18753,18752,1,-1,1.0
18752,18753,18752,1,-1,1.0
18752,18753,18752,1,-1,1.0
18752,18753,18752,1,-1,1.0
18752,18753,18752,2,-2,2.0
18751,18753,18753,1,1,1.0
18751,18753,18751,1,-1,1.0
18751,18752,18752,1,1,1.0
18751,18752,18752,1,1,1.0
18751,18752,18751,1,-1,1.0
18751,18752,18752,2,2,2.0
18751,18752,18751,3,-3,3.0
18751,18752,18751,1,-1,1.0
18751,18752,18751,1,-1,1.0
18751,18752,18751,2,-2,2.0
18751,18752,18751,1,-1,1.0
18750,18751,18750,2,-2,2.0
18750,18751,18750,1,-1,1.0
18750,18751,18750,1,-1,1.0
18750,18751,18750,1,-1,1.0
18750,18751,18750,1,-1,1.0
18750,18751,18750,1,-1,1.0
18750,18751,18750,1,-1,1.0
18750,18751,18750,1,-1,1.0
18750,18751,18750,1,-1,1.0
18750,18751,18751,5,5,5.0
18750,18751,18751,5,5,5.0
18750,18751,18751,1,1,1.0
18750,18751,18750,1,-1,1.0
18750,18751,18750,1,-1,1.0
18750,18751,18750,1,-1,1.0
18750,18751,18750,3,-3,3.0
18750,18751,18750,3,-3,3.0
18750,18751,18750,2,-2,2.0
18750,18751,18750,1,-1,1.0
18750,18751,18750,11,-11,11.0
18749,18750,18750,2,2,2.0
18749,18750,18750,1,1,1.0
18749,18750,18749,2,-2,2.0
18749,18750,18749,2,-2,2.0
18749,18750,18749,1,-1,1.0
18749,18750,18749,1,-1,1.0
18749,18750,18749,1,-1,1.0
18749,18750,18750,1,1,1.0
18749,18750,18750,1,1,1.0
18749,18750,18749,1,-1,1.0
18748,18750,18748,1,-1,1.0
18748,18749,18748,1,-1,1.0
18748,18750,18748,1,-1,1.0
18748,18750,18748,1,-1,1.0
18748,18749,18748,1,-1,1.0
18748,18749,18748,4,-4,4.0
18748,18749,18748,1,-1,1.0
18748,18749,18749,1,1,1.0
18748,18750,18749,1,1,-1.0
18749,18750,18749,2,-2,2.0
18749,18750,18749,1,-1,1.0
18749,18750,18749,1,-1,1.0
18749,18750,18749,1,-1,1.0
18749,18750,18749,1,-1,1.0
18749,18750,18749,1,-1,1.0
18749,18750,18750,3,3,3.0
18749,18750,18750,3,3,3.0
18749,18750,18750,2,2,2.0
18750,18751,18750,1,-1,1.0
18749,18750,18750,1,1,1.0
18749,18750,18749,2,-2,2.0
18748,18749,18748,1,-1,1.0
18748,18749,18748,2,-2,2.0
18747,18748,18748,1,1,1.0
18747,18748,18748,3,3,3.0
18747,18748,18748,1,1,1.0
18747,18748,18748,1,1,1.0
18748,18749,18748,1,-1,1.0
18749,18750,18749,1,-1,1.0
18749,18750,18750,1,1,1.0
18748,18749,18748,1,-1,1.0
18748,18749,18748,1,-1,1.0
18748,18749,18748,1,-1,1.0
18749,18750,18749,1,-1,1.0
18749,18750,18749,2,-2,2.0
18748,18750,18748,2,-2,2.0
18748,18750,18748,2,-2,2.0
18748,18750,18747,16,-16,16.0
18747,18748,18748,1,1,1.0
18747,18748,18748,1,1,1.0
18748,18749,18748,1,-1,1.0
18747,18748,18748,7,7,7.0
18748,18749,18748,1,-1,1.0
18747,18748,18748,1,1,1.0
18748,18749,18749,6,6,6.0
18748,18749,18749,1,1,1.0
18748,18750,18748,14,-14,14.0
18748,18750,18749,1,-1,1.0
18748,18750,18748,1,-1,1.0
18748,18749,18748,1,-1,1.0
18747,18748,18748,1,1,1.0
18747,18749,18747,1,-1,1.0
18747,18748,18747,1,-1,1.0
18747,18749,18748,1,-1,1.0
18747,18749,18748,2,-2,2.0
18748,18749,18749,1,1,1.0
18748,18749,18749,1,1,1.0
18748,18749,18749,2,2,2.0
18748,18749,18749,1,1,1.0
18748,18749,18749,2,2,2.0
18748,18750,18749,1,1,-1.0
18749,18750,18750,12,12,12.0
18749,18751,18751,1,1,1.0
18749,18751,18751,3,3,3.0
18750,18751,18750,1,-1,1.0
18748,18750,18750,1,1,1.0
18749,18750,18750,1,1,1.0
18748,18750,18750,1,1,1.0
18748,18749,18748,1,-1,1.0
18748,18749,18748,1,-1,1.0
18747,18748,18747,2,-2,2.0
18747,18748,18747,1,-1,1.0
18747,18748,18747,3,-3,3.0
18747,18748,18747,1,-1,1.0
18747,18748,18746,1,-1,1.0
18746,18747,18746,1,-1,1.0
18747,18748,18747,2,-2,2.0
18747,18748,18748,1,1,1.0
18748,18750,18748,1,-1,1.0
18748,18750,18748,1,-1,1.0
18748,18749,18748,1,-1,1.0
18747,18748,18748,1,1,1.0
18747,18748,18748,2,2,2.0
18747,18748,18748,2,2,2.0
18747,18748,18748,1,1,1.0
18747,18748,18748,1,1,1.0
18747,18748,18748,1,1,1.0
18747,18748,18748,1,1,1.0
18747,18748,18748,1,1,1.0
18747,18748,18748,1,1,1.0
18747,18748,18748,1,1,1.0
18747,18748,18748,1,1,1.0
18747,18748,18748,2,2,2.0
18748,18749,18748,1,-1,1.0
18748,18749,18748,4,-4,4.0
18748,18749,18747,11,-11,11.0
18748,18749,18748,1,-1,1.0
18748,18749,18749,1,1,1.0
18748,18749,18749,3,3,3.0
18748,18749,18749,1,1,1.0
18748,18749,18749,2,2,2.0
18748,18749,18748,1,-1,1.0
18747,18748,18747,1,-1,1.0
18747,18748,18747,2,-2,2.0
18746,18748,18748,1,1,1.0
18747,18748,18747,1,-1,1.0
18746,18748,18748,14,14,14.0
18746,18748,18749,3,3,-3.0
18746,18748,18747,13,13,-13.0
18746,18748,18746,5,-5,5.0
18746,18748,18746,1,-1,1.0
18746,18747,18746,2,-2,2.0
18746,18747,18746,1,-1,1.0
18746,18747,18746,1,-1,1.0
18746,18747,18747,2,2,2.0
18746,18747,18747,12,12,12.0
18746,18747,18747,1,1,1.0
18746,18747,18747,7,7,7.0
18745,18747,18745,1,-1,1.0
18745,18747,18745,2,-2,2.0
18745,18747,18745,2,-2,2.0
18745,18747,18745,1,-1,1.0
18745,18747,18745,1,-1,1.0
18745,18747,18745,1,-1,1.0
18745,18747,18745,1,-1,1.0
18745,18747,18745,1,-1,1.0
18745,18747,18746,1,-1,1.0
18745,18746,18746,1,1,1.0
18745,18746,18746,1,1,1.0
18746,18747,18746,1,-1,1.0
18746,18747,18746,4,-4,4.0
18746,18747,18747,4,4,4.0
18747,18748,18748,1,1,1.0
18746,18747,18746,1,-1,1.0
18746,18747,18746,1,-1,1.0
18745,18747,18746,1,-1,1.0
18745,18747,18747,1,1,1.0
18745,18746,18745,5,-5,5.0
18745,18746,18744,7,-7,7.0
18744,18746,18744,1,-1,1.0
18744,18746,18744,1,-1,1.0
18745,18746,18745,2,-2,2.0
18745,18746,18744,1,-1,1.0
18745,18746,18745,1,-1,1.0
18745,18746,18745,1,-1,1.0
18745,18746,18745,2,-2,2.0
18744,18746,18744,1,-1,1.0
18744,18746,18744,3,-3,3.0
18744,18746,18744,1,-1,1.0
18744,18746,18744,3,-3,3.0
18744,18746,18744,1,-1,1.0
18744,18746,18744,1,-1,1.0
18743,18744,18744,1,1,1.0
18744,18745,18744,1,-1,1.0
18744,18745,18744,1,-1,1.0
18743,18744,18744,2,2,2.0
18743,18744,18743,5,-5,5.0
18743,18744,18744,7,7,7.0
18744,18745,18745,3,3,3.0
18744,18745,18745,1,1,1.0
18744,18745,18745,1,1,1.0
18745,18746,18745,1,-1,1.0
18744,18746,18746,1,1,1.0
18745,18747,18747,1,1,1.0
18746,18747,18746,1,-1,1.0
18745,18747,18746,1,-1,1.0
18745,18747,18746,1,-1,1.0
18745,18747,18746,1,-1,1.0
18745,18747,18746,1,-1,1.0
18745,18747,18746,7,-7,7.0
18746,18747,18746,1,-1,1.0
18746,18747,18747,2,2,2.0
18746,18747,18747,1,1,1.0
18746,18747,18747,2,2,2.0
18746,18747,18747,1,1,1.0
18746,18747,18747,1,1,1.0
18746,18747,18747,1,1,1.0
18746,18747,18747,2,2,2.0
18746,18747,18747,1,1,1.0
18746,18747,18746,1,-1,1.0
18746,18747,18747,1,1,1.0
18746,18747,18746,2,-2,2.0
18746,18747,18747,8,8,8.0
18747,18748,18747,1,-1,1.0
18747,18748,18748,1,1,1.0
18747,18748,18748,1,1,1.0
18747,18748,18747,2,-2,2.0
18747,18748,18748,1,1,1.0
18747,18748,18747,1,-1,1.0
18747,18748,18748,16,16,16.0
18747,18748,18747,1,-1,1.0
18747,18748,18747,2,-2,2.0
18747,18748,18748,1,1,1.0
18747,18748,18748,1,1,1.0
18747,18748,18748,1,1,1.0
18747,18748,18747,2,-2,2.0
18747,18748,18747,2,-2,2.0
18747,18748,18747,1,-1,1.0
18747,18748,18747,1,-1,1.0
18747,18748,18747,2,-2,2.0
18746,18748,18746,11,-11,11.0
18746,18748,18745,2,-2,2.0
18744,18746,18746,2,2,2.0
18744,18745,18745,1,1,1.0
18744,18745,18745,1,1,1.0
18744,18745,18744,1,-1,1.0
18744,18745,18744,1,-1,1.0
18744,18745,18744,1,-1,1.0
18744,18745,18745,1,1,1.0
18744,18745,18744,8,-8,8.0
18743,18744,18744,1,1,1.0
18743,18744,18743,1,-1,1.0
18743,18744,18743,1,-1,1.0
18743,18744,18744,1,1,1.0
18743,18744,18743,1,-1,1.0
18743,18744,18744,1,1,1.0
18743,18744,18743,1,-1,1.0
18743,18744,18743,3,-3,3.0
18743,18744,18744,2,2,2.0
18743,18744,18743,7,-7,7.0
18742,18743,18743,1,1,1.0
18743,18744,18744,1,1,1.0
18743,18744,18744,1,1,1.0
18743,18744,18744,1,1,1.0
18743,18745,18743,8,-8,8.0
18743,18745,18742,2,-2,2.0
18743,18745,18742,1,-1,1.0
18743,18744,18743,1,-1,1.0
18743,18745,18743,1,-1,1.0
18744,18745,18744,1,-1,1.0
18744,18745,18744,1,-1,1.0
18744,18745,18744,1,-1,1.0
18743,18744,18744,1,1,1.0
18743,18744,18743,1,-1,1.0
18743,18744,18743,1,-1,1.0
18743,18744,18744,1,1,1.0
18743,18744,18743,1,-1,1.0
18742,18744,18742,1,-1,1.0
18743,18744,18744,1,1,1.0
18743,18744,18743,2,-2,2.0
18743,18744,18742,1,-1,1.0
18743,18744,18743,2,-2,2.0
18743,18744,18744,1,1,1.0
18744,18745,18745,3,3,3.0
18744,18745,18745,4,4,4.0
18745,18746,18745,2,-2,2.0
18745,18746,18745,1,-1,1.0
18745,18746,18745,1,-1,1.0
18745,18747,18745,1,-1,1.0
18745,18746,18745,4,-4,4.0
18744,18745,18745,1,1,1.0
18744,18745,18744,1,-1,1.0
18743,18744,18743,1,-1,1.0
18743,18744,18744,4,4,4.0
18743,18745,18745,1,1,1.0
18743,18745,18744,1,1,-1.0
18743,18744,18744,2,2,2.0
18743,18744,18744,1,1,1.0
18744,18745,18745,1,1,1.0
18744,18745,18745,1,1,1.0
18744,18745,18744,2,-2,2.0
18744,18746,18746,1,1,1.0
18744,18746,18746,1,1,1.0
18743,18745,18745,1,1,1.0
18744,18745,18745,4,4,4.0
18745,18746,18745,5,-5,5.0
18745,18746,18744,13,-13,13.0
18745,18746,18745,2,-2,2.0
18744,18745,18744,1,-1,1.0
18744,18745,18744,1,-1,1.0
18743,18745,18745,1,1,1.0
18745,18746,18745,2,-2,2.0
18744,18745,18744,1,-1,1.0
18744,18745,18744,1,-1,1.0
18744,18745,18744,2,-2,2.0
18744,18745,18744,5,-5,5.0
18744,18745,18744,1,-1,1.0
18743,18745,18743,1,-1,1.0
18743,18745,18743,1,-1,1.0
18743,18745,18743,1,-1,1.0
18743,18744,18743,1,-1,1.0
18743,18744,18743,2,-2,2.0
18743,18744,18743,2,-2,2.0
18743,18744,18744,2,2,2.0
18743,18744,18744,3,3,3.0
18743,18744,18744,2,2,2.0
18744,18745,18744,1,-1,1.0
18743,18744,18744,1,1,1.0
18743,18744,18744,1,1,1.0
18743,18744,18743,1,-1,1.0
18743,18744,18744,1,1,1.0
18743,18744,18743,3,-3,3.0
18743,18744,18744,1,1,1.0
18744,18745,18745,1,1,1.0
18744,18745,18745,5,5,5.0
18745,18746,18746,2,2,2.0
18744,18745,18744,1,-1,1.0
18743,18745,18745,1,1,1.0
18743,18745,18745,1,1,1.0
18744,18745,18744,1,-1,1.0
18744,18745,18744,1,-1,1.0
18744,18745,18744,1,-1,1.0
18744,18745,18744,1,-1,1.0
18743,18744,18743,3,-3,3.0
18743,18744,18743,1,-1,1.0
18744,18745,18744,2,-2,2.0
18744,18745,18744,1,-1,1.0
18744,18745,18744,2,-2,2.0
18743,18744,18743,1,-1,1.0
18743,18744,18743,1,-1,1.0
18743,18744,18744,1,1,1.0
18744,18745,18744,1,-1,1.0
18744,18745,18744,1,-1,1.0
18744,18745,18744,1,-1,1.0
18743,18744,18743,1,-1,1.0
18743,18744,18743,2,-2,2.0
18742,18744,18742,3,-3,3.0
18742,18744,18742,1,-1,1.0
18742,18744,18744,1,1,1.0
18742,18744,18744,1,1,1.0
18743,18744,18744,2,2,2.0
18743,18744,18744,2,2,2.0
18743,18744,18744,2,2,2.0
18743,18744,18744,1,1,1.0
18743,18744,18744,2,2,2.0
18743,18744,18744,1,1,1.0
18743,18744,18744,1,1,1.0
18745,18746,18745,1,-1,1.0
18745,18746,18744,3,-3,3.0
18745,18746,18745,1,-1,1.0
18745,18746,18745,1,-1,1.0
18745,18746,18745,1,-1,1.0
18744,18746,18746,3,3,3.0
18744,18746,18746,1,1,1.0
18744,18746,18746,1,1,1.0
18744,18745,18745,3,3,3.0
18744,18745,18744,1,-1,1.0
18744,18745,18744,1,-1,1.0
18744,18745,18745,1,1,1.0
18745,18746,18746,1,1,1.0
18745,18747,18745,1,-1,1.0
18746,18747,18747,1,1,1.0
18746,18747,18747,1,1,1.0
18746,18747,18747,11,11,11.0
18746,18747,18747,1,1,1.0
18746,18748,18747,3,3,-3.0
18746,18747,18746,4,-4,4.0
18745,18746,18746,1,1,1.0
18746,18747,18746,2,-2,2.0
18746,18747,18745,7,-7,7.0
18744,18745,18745,2,2,2.0
18744,18745,18745,1,1,1.0
18744,18745,18744,1,-1,1.0
18743,18744,18743,3,-3,3.0
18743,18744,18743,3,-3,3.0
18742,18743,18742,1,-1,1.0
18742,18743,18743,2,2,2.0
18742,18743,18743,1,1,1.0
18742,18743,18743,1,1,1.0
18742,18743,18742,1,-1,1.0
18742,18743,18742,1,-1,1.0
18742,18743,18743,1,1,1.0
18742,18744,18744,1,1,1.0
18743,18745,18745,3,3,3.0
18743,18744,18743,1,-1,1.0
18743,18744,18743,1,-1,1.0
18742,18743,18742,1,-1,1.0
18742,18743,18742,3,-3,3.0
18742,18743,18742,2,-2,2.0
18742,18743,18742,3,-3,3.0
18742,18743,18742,2,-2,2.0
18742,18743,18742,1,-1,1.0
18742,18743,18742,16,-16,16.0
18741,18743,18742,1,-1,1.0
18741,18743,18742,1,-1,1.0
18741,18743,18742,1,-1,1.0
18741,18742,18742,1,1,1.0
18741,18743,18742,1,1,-1.0
18741,18742,18742,1,1,1.0
18741,18743,18742,1,1,-1.0
18741,18743,18742,1,1,-1.0
18741,18743,18742,1,1,-1.0
18741,18743,18742,1,1,-1.0
18741,18743,18742,1,1,-1.0
18741,18743,18742,1,1,-1.0
18742,18743,18743,3,3,3.0
18742,18743,18743,2,2,2.0
18742,18743,18743,2,2,2.0
18742,18743,18743,1,1,1.0
18742,18743,18743,1,1,1.0
18742,18743,18743,2,2,2.0
18742,18743,18743,1,1,1.0
18742,18743,18743,1,1,1.0
18742,18743,18743,1,1,1.0
18742,18743,18742,1,-1,1.0
18741,18743,18741,17,-17,17.0
18741,18742,18741,1,-1,1.0
18741,18742,18741,1,-1,1.0
18741,18742,18741,1,-1,1.0
18740,18742,18741,2,-2,2.0
18740,18741,18741,1,1,1.0
18740,18741,18741,1,1,1.0
18740,18741,18741,1,1,1.0
18740,18741,18740,1,-1,1.0
18740,18741,18740,2,-2,2.0
18740,18741,18740,1,-1,1.0
18740,18741,18740,1,-1,1.0
18740,18741,18740,2,-2,2.0
18740,18741,18740,1,-1,1.0
18740,18741,18740,2,-2,2.0
18740,18741,18740,1,-1,1.0
18740,18741,18740,1,-1,1.0
18740,18741,18740,1,-1,1.0
18740,18741,18740,22,-22,22.0
18739,18740,18739,6,-6,6.0
18739,18740,18739,2,-2,2.0
18739,18740,18739,4,-4,4.0
18739,18740,18739,4,-4,4.0
18739,18740,18739,1,-1,1.0
18739,18740,18739,1,-1,1.0
18739,18740,18739,1,-1,1.0
18739,18740,18739,17,-17,17.0
18739,18740,18738,1,-1,1.0
18739,18740,18738,1,-1,1.0
18739,18740,18738,1,-1,1.0
18739,18740,18738,1,-1,1.0
18739,18740,18738,1,-1,1.0
18739,18740,18738,1,-1,1.0
18739,18740,18738,1,-1,1.0
18739,18740,18738,1,-1,1.0
18737,18738,18737,1,-1,1.0
18737,18738,18737,2,-2,2.0
18737,18738,18738,1,1,1.0
18737,18738,18738,1,1,1.0
18737,18738,18738,6,6,6.0
18737,18738,18739,1,1,-1.0
18738,18740,18738,2,-2,2.0
18738,18740,18738,1,-1,1.0
18739,18740,18740,1,1,1.0
18739,18741,18741,3,3,3.0
18740,18741,18740,5,-5,5.0
18740,18742,18740,6,-6,6.0
18740,18742,18740,4,-4,4.0
18741,18743,18743,1,1,1.0
18741,18743,18743,2,2,2.0
18741,18743,18741,2,-2,2.0
18741,18742,18741,2,-2,2.0
18741,18742,18740,3,-3,3.0
18741,18743,18743,5,5,5.0
18742,18743,18742,1,-1,1.0
18742,18743,18742,6,-6,6.0
18741,18743,18741,1,-1,1.0
18741,18743,18743,3,3,3.0
18742,18743,18743,1,1,1.0
18741,18743,18741,9,-9,9.0
18741,18743,18740,13,-13,13.0
18740,18741,18740,1,-1,1.0
18739,18740,18740,4,4,4.0
18739,18740,18741,3,3,-3.0
18739,18740,18740,3,3,3.0
18739,18740,18739,3,-3,3.0
18739,18740,18739,4,-4,4.0
18738,18739,18738,1,-1,1.0
18738,18739,18738,1,-1,1.0
18738,18739,18738,1,-1,1.0
18738,18739,18738,1,-1,1.0
18738,18739,18738,3,-3,3.0
18738,18739,18738,1,-1,1.0
18738,18739,18738,1,-1,1.0
18738,18739,18738,3,-3,3.0
18738,18739,18738,1,-1,1.0
18737,18738,18737,1,-1,1.0
18737,18738,18737,1,-1,1.0
18737,18738,18738,1,1,1.0
18737,18738,18738,2,2,2.0
18737,18738,18738,2,2,2.0
18737,18738,18737,1,-1,1.0
18737,18738,18737,3,-3,3.0
18737,18738,18737,10,-10,10.0
18737,18738,18738,2,2,2.0
18737,18739,18737,10,-10,10.0
18737,18738,18737,3,-3,3.0
18736,18737,18737,2,2,2.0
18736,18737,18736,2,-2,2.0
18736,18737,18736,3,-3,3.0
18736,18737,18736,1,-1,1.0
18736,18737,18736,7,-7,7.0
18736,18737,18735,1,-1,1.0
18735,18737,18735,2,-2,2.0
18735,18737,18735,1,-1,1.0
18735,18737,18735,5,-5,5.0
18735,18737,18735,1,-1,1.0
18735,18737,18735,2,-2,2.0
18735,18737,18735,1,-1,1.0
18735,18737,18735,2,-2,2.0
18735,18737,18735,1,-1,1.0
18735,18737,18735,1,-1,1.0
18735,18737,18735,1,-1,1.0
18735,18737,18735,1,-1,1.0
18735,18737,18735,1,-1,1.0
18735,18737,18735,1,-1,1.0
18735,18737,18735,1,-1,1.0
18735,18737,18735,1,-1,1.0
18735,18737,18735,1,-1,1.0
18735,18737,18735,1,-1,1.0
18735,18737,18735,1,-1,1.0
18735,18737,18735,1,-1,1.0
18735,18737,18735,1,-1,1.0
18735,18737,18735,1,-1,1.0
18735,18737,18735,1,-1,1.0
18735,18737,18735,1,-1,1.0
18735,18737,18735,1,-1,1.0
18735,18736,18735,1,-1,1.0
18735,18736,18735,1,-1,1.0
18735,18736,18735,1,-1,1.0
18735,18736,18735,1,-1,1.0
18735,18736,18735,2,-2,2.0
18735,18736,18735,2,-2,2.0
18735,18736,18735,1,-1,1.0
18735,18736,18735,1,-1,1.0
18735,18736,18735,2,-2,2.0
18735,18736,18735,1,-1,1.0
18735,18736,18735,2,-2,2.0
18735,18736,18735,3,-3,3.0
18735,18736,18735,2,-2,2.0
18735,18736,18735,2,-2,2.0
18735,18736,18736,1,1,1.0
18735,18736,18736,3,3,3.0
18735,18736,18734,1,-1,1.0
18735,18736,18734,2,-2,2.0
18735,18736,18734,1,-1,1.0
18735,18736,18735,2,-2,2.0
18735,18736,18735,1,-1,1.0
18735,18736,18736,2,2,2.0
18735,18736,18734,6,-6,6.0
18735,18736,18734,1,-1,1.0
18735,18736,18734,1,-1,1.0
18735,18736,18734,1,-1,1.0
18735,18736,18735,7,-7,7.0
18735,18736,18735,8,-8,8.0
18735,18736,18734,1,-1,1.0
18735,18736,18734,1,-1,1.0
18735,18736,18734,1,-1,1.0
18735,18736,18734,1,-1,1.0
18735,18736,18734,1,-1,1.0
18735,18736,18733,2,-2,2.0
18735,18736,18733,1,-1,1.0
18735,18736,18733,1,-1,1.0
18735,18736,18733,3,-3,3.0
18735,18736,18733,1,-1,1.0
18735,18736,18733,2,-2,2.0
18735,18736,18733,1,-1,1.0
18735,18736,18733,1,-1,1.0
18735,18736,18733,1,-1,1.0
18735,18736,18733,1,-1,1.0
18735,18736,18733,2,-2,2.0
18735,18736,18733,4,-4,4.0
18735,18736,18732,1,-1,1.0
18735,18736,18732,1,-1,1.0
18735,18736,18732,1,-1,1.0
18735,18736,18733,3,-3,3.0
18735,18736,18732,1,-1,1.0
18735,18736,18733,2,-2,2.0
18735,18736,18733,2,-2,2.0
18735,18736,18732,3,-3,3.0
18735,18736,18732,7,-7,7.0
18732,18734,18732,1,-1,1.0
18732,18734,18732,1,-1,1.0
18732,18734,18732,1,-1,1.0
18732,18734,18732,3,-3,3.0
18732,18734,18731,1,-1,1.0
18732,18734,18731,1,-1,1.0
18732,18734,18731,1,-1,1.0
18732,18734,18731,1,-1,1.0
18732,18734,18731,7,-7,7.0
18732,18734,18731,3,-3,3.0
18732,18734,18731,1,-1,1.0
18732,18734,18731,1,-1,1.0
18732,18734,18730,1,-1,1.0
18732,18734,18732,3,-3,3.0
18732,18734,18731,2,-2,2.0
18732,18734,18733,1,-1,1.0
18732,18734,18732,1,-1,1.0
18732,18734,18732,1,-1,1.0
18732,18734,18732,2,-2,2.0
18732,18734,18732,1,-1,1.0
18732,18734,18732,4,-4,4.0
18732,18734,18731,3,-3,3.0
18732,18734,18732,1,-1,1.0
18732,18734,18732,1,-1,1.0
18732,18734,18733,1,-1,1.0
18732,18734,18732,2,-2,2.0
18732,18734,18732,1,-1,1.0
18732,18734,18732,1,-1,1.0
18732,18734,18732,1,-1,1.0
18732,18734,18732,2,-2,2.0
18732,18734,18732,1,-1,1.0
18732,18734,18732,1,-1,1.0
18732,18734,18732,1,-1,1.0
18732,18734,18732,1,-1,1.0
18732,18734,18732,1,-1,1.0
18732,18734,18732,1,-1,1.0
18732,18734,18732,1,-1,1.0
18732,18734,18732,1,-1,1.0
18732,18734,18732,1,-1,1.0
18732,18734,18732,1,-1,1.0
18732,18734,18732,1,-1,1.0
18732,18734,18732,2,-2,2.0
18732,18734,18732,7,-7,7.0
18732,18734,18731,1,-1,1.0
18732,18734,18732,4,-4,4.0
18732,18733,18732,1,-1,1.0
18732,18733,18732,5,-5,5.0
18732,18733,18731,1,-1,1.0
18732,18733,18731,4,-4,4.0
18731,18733,18733,2,2,2.0
18732,18733,18733,3,3,3.0
18732,18734,18732,1,-1,1.0
18732,18734,18732,3,-3,3.0
18732,18734,18734,1,1,1.0
18732,18734,18732,1,-1,1.0
18732,18734,18732,2,-2,2.0
18732,18734,18732,1,-1,1.0
18732,18734,18732,4,-4,4.0
18732,18734,18732,2,-2,2.0
18732,18734,18733,1,-1,1.0
18732,18734,18733,1,-1,1.0
18731,18733,18731,1,-1,1.0
18731,18733,18733,3,3,3.0
18731,18733,18731,1,-1,1.0
18731,18733,18731,3,-3,3.0
18731,18733,18733,1,1,1.0
18731,18733,18733,1,1,1.0
18731,18733,18733,4,4,4.0
18733,18735,18733,2,-2,2.0
18733,18734,18733,1,-1,1.0
18732,18734,18734,1,1,1.0
18733,18735,18735,3,3,3.0
18733,18735,18735,3,3,3.0
18733,18735,18735,3,3,3.0
18734,18735,18734,8,-8,8.0
18734,18735,18733,6,-6,6.0
18734,18735,18733,1,-1,1.0
18733,18735,18733,10,-10,10.0
18733,18735,18733,1,-1,1.0
18733,18735,18734,1,-1,1.0
18733,18735,18733,5,-5,5.0
18733,18735,18733,4,-4,4.0
18733,18735,18734,2,-2,2.0
18733,18735,18734,2,-2,2.0
18733,18734,18733,1,-1,1.0
18733,18734,18734,1,1,1.0
18733,18735,18733,3,-3,3.0
18733,18735,18733,1,-1,1.0
18734,18735,18735,1,1,1.0
18734,18736,18734,1,-1,1.0
18734,18736,18735,1,-1,1.0
18734,18735,18734,1,-1,1.0
18734,18735,18735,6,6,6.0
18734,18736,18734,1,-1,1.0
18734,18736,18736,1,1,1.0
18734,18735,18735,2,2,2.0
18734,18735,18735,1,1,1.0
18734,18735,18735,1,1,1.0
18734,18735,18735,1,1,1.0
18734,18735,18735,2,2,2.0
18734,18735,18735,2,2,2.0
18734,18735,18735,1,1,1.0
18735,18736,18735,2,-2,2.0
18734,18735,18735,1,1,1.0
18734,18735,18734,1,-1,1.0
18734,18735,18734,1,-1,1.0
18734,18735,18733,1,-1,1.0
18733,18735,18733,1,-1,1.0
18733,18735,18733,1,-1,1.0
18733,18735,18733,3,-3,3.0
18733,18735,18733,10,-10,10.0
18733,18734,18734,1,1,1.0
18733,18735,18733,1,-1,1.0
18733,18734,18733,3,-3,3.0
18732,18733,18733,1,1,1.0
18732,18733,18733,6,6,6.0
18733,18734,18734,1,1,1.0
18733,18734,18734,1,1,1.0
18734,18735,18734,1,-1,1.0
18734,18735,18735,7,7,7.0
18735,18736,18736,1,1,1.0
18736,18737,18736,1,-1,1.0
18735,18736,18736,1,1,1.0
18735,18736,18736,1,1,1.0
18735,18736,18735,1,-1,1.0
18734,18736,18735,2,-2,2.0
18734,18735,18734,1,-1,1.0
18733,18734,18734,2,2,2.0
18733,18734,18733,1,-1,1.0
18733,18734,18733,1,-1,1.0
18733,18734,18733,1,-1,1.0
18732,18734,18732,1,-1,1.0
18732,18733,18733,2,2,2.0
18733,18734,18733,1,-1,1.0
18733,18734,18734,1,1,1.0
18733,18734,18735,4,4,-4.0
18733,18734,18733,2,-2,2.0
18733,18734,18733,3,-3,3.0
18732,18733,18733,1,1,1.0
18732,18733,18732,2,-2,2.0
18732,18733,18732,2,-2,2.0
18732,18733,18732,1,-1,1.0
18732,18733,18732,1,-1,1.0
18732,18733,18732,1,-1,1.0
18732,18733,18732,3,-3,3.0
18732,18733,18732,1,-1,1.0
18732,18733,18732,1,-1,1.0
18732,18733,18732,1,-1,1.0
18732,18733,18732,1,-1,1.0
18732,18733,18732,2,-2,2.0
18731,18732,18731,1,-1,1.0
18731,18732,18731,2,-2,2.0
18731,18732,18731,1,-1,1.0
18731,18732,18731,4,-4,4.0
18731,18732,18731,1,-1,1.0
18731,18732,18731,1,-1,1.0
18731,18732,18731,5,-5,5.0
18731,18732,18731,2,-2,2.0
18731,18732,18731,1,-1,1.0
18731,18732,18731,1,-1,1.0
18731,18732,18730,3,-3,3.0
18730,18732,18730,1,-1,1.0
18730,18732,18730,1,-1,1.0
18730,18731,18731,4,4,4.0
18731,18732,18731,1,-1,1.0
18731,18732,18731,1,-1,1.0
18731,18732,18731,1,-1,1.0
18731,18732,18731,1,-1,1.0
18731,18732,18731,1,-1,1.0
18731,18732,18731,1,-1,1.0
18731,18732,18731,1,-1,1.0
18731,18732,18731,1,-1,1.0
18731,18732,18731,2,-2,2.0
18731,18732,18730,2,-2,2.0
18731,18732,18730,1,-1,1.0
18731,18732,18730,1,-1,1.0
18731,18732,18730,1,-1,1.0
18731,18732,18731,2,-2,2.0
18731,18732,18730,1,-1,1.0
18730,18731,18730,1,-1,1.0
18730,18731,18730,2,-2,2.0
18730,18731,18730,1,-1,1.0
18730,18731,18730,6,-6,6.0
18730,18731,18730,6,-6,6.0
18730,18731,18730,1,-1,1.0
18730,18731,18730,1,-1,1.0
18730,18731,18730,1,-1,1.0
18730,18731,18730,1,-1,1.0
18730,18731,18730,1,-1,1.0
18730,18731,18730,2,-2,2.0
18730,18731,18730,2,-2,2.0
18730,18731,18730,1,-1,1.0
18730,18731,18730,1,-1,1.0
18730,18731,18730,1,-1,1.0
18730,18731,18730,4,-4,4.0
18730,18731,18730,1,-1,1.0
18730,18731,18730,1,-1,1.0
18729,18730,18729,1,-1,1.0
18729,18730,18729,1,-1,1.0
18729,18730,18728,1,-1,1.0
18729,18730,18728,6,-6,6.0
18729,18730,18728,1,-1,1.0
18729,18730,18728,1,-1,1.0
18729,18730,18728,2,-2,2.0
18729,18730,18728,1,-1,1.0
18728,18729,18728,1,-1,1.0
18728,18729,18728,1,-1,1.0
18728,18729,18728,6,-6,6.0
18728,18729,18728,3,-3,3.0
18728,18729,18728,1,-1,1.0
18728,18729,18727,2,-2,2.0
18728,18729,18728,4,-4,4.0
18728,18729,18728,1,-1,1.0
18728,18729,18728,2,-2,2.0
18728,18729,18728,2,-2,2.0
18728,18729,18728,1,-1,1.0
18728,18729,18727,1,-1,1.0
18728,18729,18727,1,-1,1.0
18728,18729,18727,6,-6,6.0
18728,18729,18727,3,-3,3.0
18728,18729,18727,2,-2,2.0
18728,18729,18727,2,-2,2.0
18728,18729,18728,2,-2,2.0
18728,18729,18728,1,-1,1.0
18728,18729,18727,1,-1,1.0
18728,18729,18727,2,-2,2.0
18728,18729,18728,1,-1,1.0
18728,18729,18727,1,-1,1.0
18728,18729,18727,1,-1,1.0
18728,18729,18728,1,-1,1.0
18728,18729,18727,1,-1,1.0
18728,18729,18728,1,-1,1.0
18728,18729,18728,1,-1,1.0
18728,18729,18727,2,-2,2.0
18728,18729,18727,1,-1,1.0
18728,18729,18728,2,-2,2.0
18728,18729,18728,1,-1,1.0
18727,18728,18727,1,-1,1.0
18727,18728,18727,4,-4,4.0
18727,18728,18726,1,-1,1.0
18727,18728,18726,1,-1,1.0
18727,18728,18726,1,-1,1.0
18727,18728,18726,2,-2,2.0
18727,18728,18727,2,-2,2.0
18727,18728,18727,2,-2,2.0
18727,18728,18726,2,-2,2.0
18726,18727,18726,1,-1,1.0
18726,18727,18726,2,-2,2.0
18726,18727,18726,2,-2,2.0
18726,18727,18726,3,-3,3.0
18726,18727,18726,3,-3,3.0
18726,18727,18726,1,-1,1.0
18726,18727,18726,5,-5,5.0
18726,18727,18725,5,-5,5.0
18725,18727,18726,1,-1,1.0
18725,18727,18727,1,1,1.0
18725,18727,18726,1,1,-1.0
18725,18727,18726,1,1,-1.0
18725,18727,18725,1,-1,1.0
18725,18727,18726,1,-1,1.0
18725,18727,18726,1,-1,1.0
18726,18727,18726,1,-1,1.0
18726,18727,18725,1,-1,1.0
18726,18727,18725,5,-5,5.0
18726,18727,18725,5,-5,5.0
18726,18727,18727,1,1,1.0
18726,18727,18727,1,1,1.0
18726,18727,18726,2,-2,2.0
18725,18727,18727,4,4,4.0
18725,18727,18727,1,1,1.0
18725,18727,18728,1,1,-1.0
18725,18727,18727,1,1,1.0
18725,18727,18726,1,1,-1.0
18726,18728,18728,1,1,1.0
18726,18728,18726,4,-4,4.0
18726,18728,18726,4,-4,4.0
18725,18727,18727,1,1,1.0
18725,18727,18725,1,-1,1.0
18725,18727,18727,5,5,5.0
18725,18727,18726,1,1,-1.0
18725,18727,18726,2,2,-2.0
18725,18727,18726,1,1,-1.0
18725,18727,18727,2,2,2.0
18725,18727,18727,1,1,1.0
18725,18727,18728,1,1,-1.0
18725,18727,18728,1,1,-1.0
18725,18727,18728,1,1,-1.0
18727,18728,18728,1,1,1.0
18727,18728,18728,1,1,1.0
18727,18728,18728,1,1,1.0
18727,18728,18728,1,1,1.0
18727,18728,18728,1,1,1.0
18727,18728,18728,3,3,3.0
18727,18728,18729,1,1,-1.0
18727,18728,18729,1,1,-1.0
18727,18728,18729,1,1,-1.0
18727,18729,18727,1,-1,1.0
18727,18729,18727,1,-1,1.0
18727,18728,18728,1,1,1.0
18727,18728,18728,1,1,1.0
18727,18728,18727,1,-1,1.0
18727,18728,18726,1,-1,1.0
18726,18728,18726,1,-1,1.0
18726,18728,18728,1,1,1.0
18726,18728,18726,1,-1,1.0
18726,18728,18726,1,-1,1.0
18726,18728,18728,1,1,1.0
18726,18728,18728,1,1,1.0
18727,18729,18727,2,-2,2.0
18727,18728,18727,1,-1,1.0
18726,18727,18727,1,1,1.0
18728,18729,18729,3,3,3.0
18728,18729,18729,4,4,4.0
18728,18730,18728,6,-6,6.0
18727,18729,18727,5,-5,5.0
18727,18729,18727,1,-1,1.0
18727,18729,18727,1,-1,1.0
18727,18729,18727,1,-1,1.0
18727,18729,18728,1,-1,1.0
18727,18729,18727,1,-1,1.0
18727,18729,18727,1,-1,1.0
18727,18728,18728,2,2,2.0
18727,18729,18728,1,1,-1.0
18728,18729,18729,7,7,7.0
18729,18730,18730,7,7,7.0
18729,18731,18729,4,-4,4.0
18728,18730,18729,5,-5,5.0
18729,18730,18729,1,-1,1.0
18729,18730,18729,2,-2,2.0
18729,18730,18729,2,-2,2.0
18728,18729,18728,1,-1,1.0
18728,18729,18728,1,-1,1.0
18728,18729,18728,4,-4,4.0
18727,18728,18727,1,-1,1.0
18727,18728,18728,1,1,1.0
18727,18728,18729,3,3,-3.0
18727,18728,18727,3,-3,3.0
18727,18728,18727,1,-1,1.0
18727,18728,18727,1,-1,1.0
18727,18728,18727,1,-1,1.0
18727,18728,18727,1,-1,1.0
18727,18728,18727,1,-1,1.0
18727,18728,18727,1,-1,1.0
18727,18728,18727,1,-1,1.0
18727,18728,18727,1,-1,1.0
18727,18728,18727,1,-1,1.0
18727,18728,18727,1,-1,1.0
18727,18728,18727,1,-1,1.0
18727,18728,18727,1,-1,1.0
18727,18728,18727,1,-1,1.0
18727,18728,18727,8,-8,8.0
18726,18727,18726,1,-1,1.0
18726,18727,18726,1,-1,1.0
18725,18726,18725,3,-3,3.0
18725,18726,18726,1,1,1.0
18725,18726,18725,1,-1,1.0
18724,18725,18724,10,-10,10.0
18724,18725,18724,1,-1,1.0
18723,18724,18724,2,2,2.0
18723,18725,18723,1,-1,1.0
18723,18725,18723,1,-1,1.0
18723,18725,18723,1,-1,1.0
18723,18725,18723,1,-1,1.0
18723,18725,18723,1,-1,1.0
18723,18725,18723,1,-1,1.0
18723,18725,18723,1,-1,1.0
18723,18725,18723,1,-1,1.0
18723,18725,18723,2,-2,2.0
18723,18724,18723,1,-1,1.0
18723,18724,18723,1,-1,1.0
18723,18724,18723,1,-1,1.0
18723,18724,18723,1,-1,1.0
18723,18724,18723,1,-1,1.0
18723,18724,18724,4,4,4.0
18723,18724,18724,1,1,1.0
18724,18725,18724,1,-1,1.0
18724,18725,18725,1,1,1.0
18724,18725,18724,2,-2,2.0
18723,18725,18724,1,-1,1.0
18723,18724,18723,4,-4,4.0
18723,18724,18724,1,1,1.0
18723,18724,18723,1,-1,1.0
18723,18724,18723,1,-1,1.0
18723,18724,18723,2,-2,2.0
18723,18724,18724,3,3,3.0
18723,18724,18723,1,-1,1.0
18723,18724,18723,2,-2,2.0
18723,18724,18724,1,1,1.0
18723,18724,18724,5,5,5.0
18724,18725,18725,2,2,2.0
18724,18726,18724,3,-3,3.0
18725,18726,18726,3,3,3.0
18725,18726,18726,1,1,1.0
18725,18726,18726,3,3,3.0
18725,18727,18725,1,-1,1.0
18725,18727,18725,1,-1,1.0
18725,18727,18725,1,-1,1.0
18725,18726,18726,1,1,1.0
18726,18727,18727,15,15,15.0
18726,18727,18727,1,1,1.0
18727,18728,18727,2,-2,2.0
18727,18728,18728,1,1,1.0
18727,18728,18727,1,-1,1.0
18727,18728,18727,1,-1,1.0
18727,18728,18727,1,-1,1.0
18727,18728,18727,2,-2,2.0
18727,18728,18727,1,-1,1.0
18727,18728,18727,1,-1,1.0
18727,18728,18727,1,-1,1.0
18727,18728,18727,2,-2,2.0
18727,18728,18727,1,-1,1.0
18727,18728,18727,1,-1,1.0
18727,18728,18727,1,-1,1.0
18726,18727,18727,1,1,1.0
18726,18727,18726,2,-2,2.0
18726,18727,18727,1,1,1.0
18727,18728,18728,3,3,3.0
18728,18729,18729,1,1,1.0
18728,18729,18728,1,-1,1.0
18728,18729,18728,1,-1,1.0
18728,18729,18728,1,-1,1.0
18728,18729,18728,1,-1,1.0
18728,18729,18728,5,-5,5.0
18726,18728,18728,2,2,2.0
18727,18728,18727,1,-1,1.0
18727,18728,18726,1,-1,1.0
18726,18728,18726,2,-2,2.0
18727,18728,18727,1,-1,1.0
18727,18728,18728,2,2,2.0
18727,18729,18727,2,-2,2.0
18727,18728,18728,4,4,4.0
18727,18728,18728,1,1,1.0
18728,18729,18728,1,-1,1.0
18728,18729,18728,1,-1,1.0
18728,18729,18728,5,-5,5.0
18728,18729,18728,1,-1,1.0
18728,18729,18728,1,-1,1.0
18728,18729,18728,1,-1,1.0
18727,18728,18728,2,2,2.0
18727,18728,18728,1,1,1.0
18727,18728,18727,1,-1,1.0
18726,18728,18728,4,4,4.0
18727,18728,18728,3,3,3.0
18726,18727,18726,1,-1,1.0
18725,18726,18725,1,-1,1.0
18725,18726,18725,1,-1,1.0
18725,18726,18725,1,-1,1.0
18725,18726,18725,1,-1,1.0
18725,18726,18725,1,-1,1.0
18725,18726,18726,4,4,4.0
18725,18726,18725,1,-1,1.0
18725,18726,18726,1,1,1.0
18725,18726,18726,1,1,1.0
18726,18727,18726,1,-1,1.0
18725,18726,18726,2,2,2.0
18725,18726,18726,2,2,2.0
18725,18727,18726,1,1,-1.0
18725,18726,18725,2,-2,2.0
18725,18726,18725,1,-1,1.0
18725,18726,18725,1,-1,1.0
18724,18725,18725,1,1,1.0
18724,18725,18725,1,1,1.0
18725,18726,18725,1,-1,1.0
18725,18726,18725,3,-3,3.0
18725,18726,18726,4,4,4.0
18726,18727,18726,1,-1,1.0
18726,18727,18727,1,1,1.0
18726,18728,18726,2,-2,2.0
18726,18728,18726,1,-1,1.0
18726,18728,18727,1,-1,1.0
18727,18728,18727,1,-1,1.0
18727,18728,18727,1,-1,1.0
18727,18728,18726,2,-2,2.0
18727,18728,18726,1,-1,1.0
18727,18728,18726,1,-1,1.0
18727,18728,18726,1,-1,1.0
18726,18727,18726,10,-10,10.0
18726,18727,18726,2,-2,2.0
18726,18727,18726,2,-2,2.0
18726,18727,18726,2,-2,2.0
18726,18727,18726,1,-1,1.0
18725,18726,18725,1,-1,1.0
18724,18725,18725,1,1,1.0
18724,18725,18724,1,-1,1.0
18724,18725,18725,1,1,1.0
18724,18725,18724,1,-1,1.0
18724,18725,18725,2,2,2.0
18724,18725,18724,3,-3,3.0
18723,18724,18724,1,1,1.0
18723,18724,18724,3,3,3.0
18724,18725,18724,1,-1,1.0
18723,18724,18724,2,2,2.0
18723,18725,18723,1,-1,1.0
18724,18725,18725,5,5,5.0
18724,18725,18725,1,1,1.0
18724,18725,18725,1,1,1.0
18724,18725,18725,1,1,1.0
18724,18725,18725,1,1,1.0
18724,18725,18725,1,1,1.0
18724,18725,18725,1,1,1.0
18724,18725,18725,1,1,1.0
18724,18725,18725,2,2,2.0
18724,18725,18725,1,1,1.0
18725,18726,18725,1,-1,1.0
18724,18726,18726,1,1,1.0
18724,18726,18726,1,1,1.0
18724,18726,18724,1,-1,1.0
18724,18726,18725,1,-1,1.0
18724,18725,18724,1,-1,1.0
18724,18725,18724,1,-1,1.0
18724,18725,18724,3,-3,3.0
18724,18725,18724,1,-1,1.0
18724,18725,18724,4,-4,4.0
18723,18724,18723,1,-1,1.0
18723,18724,18723,1,-1,1.0
18723,18724,18723,1,-1,1.0
18723,18724,18723,1,-1,1.0
18723,18724,18723,1,-1,1.0
18723,18724,18723,3,-3,3.0
18723,18724,18723,1,-1,1.0
18723,18724,18723,2,-2,2.0
18723,18724,18723,1,-1,1.0
18723,18724,18723,1,-1,1.0
18723,18724,18723,2,-2,2.0
18723,18724,18723,5,-5,5.0
18723,18724,18723,2,-2,2.0
18723,18724,18723,2,-2,2.0
18723,18724,18723,1,-1,1.0
18723,18724,18723,1,-1,1.0
18723,18724,18723,2,-2,2.0
18723,18724,18723,1,-1,1.0
18722,18724,18723,1,-1,1.0
18722,18724,18723,1,-1,1.0
18722,18724,18723,1,-1,1.0
18722,18724,18723,1,-1,1.0
18722,18724,18723,1,-1,1.0
18722,18724,18723,1,-1,1.0
18722,18723,18722,1,-1,1.0
18722,18723,18722,4,-4,4.0
18722,18723,18722,3,-3,3.0
18722,18723,18722,4,-4,4.0
18722,18723,18722,1,-1,1.0
18722,18723,18722,1,-1,1.0
18722,18723,18722,1,-1,1.0
18722,18723,18722,1,-1,1.0
18722,18723,18722,5,-5,5.0
18722,18723,18722,2,-2,2.0
18722,18723,18721,1,-1,1.0
18722,18723,18721,1,-1,1.0
18722,18723,18721,1,-1,1.0
18722,18723,18721,1,-1,1.0
18721,18722,18721,4,-4,4.0
18721,18722,18721,1,-1,1.0
18721,18722,18721,1,-1,1.0
18721,18722,18721,1,-1,1.0
18721,18722,18721,4,-4,4.0
18721,18722,18720,13,-13,13.0
18720,18721,18720,3,-3,3.0
18720,18721,18720,5,-5,5.0
18720,18721,18720,2,-2,2.0
18720,18721,18720,1,-1,1.0
18720,18721,18721,1,1,1.0
18720,18721,18721,1,1,1.0
18720,18721,18721,1,1,1.0
18720,18722,18720,2,-2,2.0
18721,18723,18721,1,-1,1.0
18721,18723,18721,5,-5,5.0
18721,18722,18722,1,1,1.0
18721,18722,18722,1,1,1.0
18721,18723,18721,1,-1,1.0
18721,18723,18721,1,-1,1.0
18722,18723,18723,1,1,1.0
18723,18725,18724,14,14,-14.0
18724,18726,18724,2,-2,2.0
18724,18725,18724,1,-1,1.0
18724,18725,18724,1,-1,1.0
18722,18724,18722,1,-1,1.0
18723,18724,18723,1,-1,1.0
18723,18724,18722,9,-9,9.0
18723,18724,18724,2,2,2.0
18724,18725,18724,1,-1,1.0
18724,18725,18724,1,-1,1.0
18724,18725,18725,1,1,1.0
18724,18725,18725,1,1,1.0
18724,18725,18725,1,1,1.0
18722,18724,18724,2,2,2.0
18722,18724,18722,1,-1,1.0
18722,18724,18724,4,4,4.0
18722,18724,18724,4,4,4.0
18724,18726,18725,13,13,-13.0
18725,18727,18725,1,-1,1.0
18725,18727,18727,2,2,2.0
18725,18727,18725,1,-1,1.0
18724,18726,18726,1,1,1.0
18724,18726,18725,1,1,-1.0
18724,18726,18724,1,-1,1.0
18723,18725,18725,15,15,15.0
18724,18725,18724,1,-1,1.0
18723,18725,18723,1,-1,1.0
18723,18724,18723,1,-1,1.0
18723,18724,18723,1,-1,1.0
18723,18724,18724,1,1,1.0
18724,18725,18725,1,1,1.0
18725,18726,18725,1,-1,1.0
18725,18726,18724,1,-1,1.0
18724,18725,18724,1,-1,1.0
18724,18725,18725,1,1,1.0
18725,18726,18725,1,-1,1.0
18725,18726,18725,4,-4,4.0
18724,18726,18724,1,-1,1.0
18725,18726,18726,1,1,1.0
18725,18726,18725,1,-1,1.0
18725,18726,18725,1,-1,1.0
18724,18725,18725,1,1,1.0
18724,18725,18724,2,-2,2.0
18724,18725,18724,1,-1,1.0
18724,18725,18724,1,-1,1.0
18724,18725,18724,1,-1,1.0
18724,18725,18724,1,-1,1.0
18723,18724,18724,1,1,1.0
18723,18724,18723,2,-2,2.0
18723,18724,18723,1,-1,1.0
18723,18724,18723,1,-1,1.0
18723,18724,18723,1,-1,1.0
18722,18723,18722,2,-2,2.0
18722,18723,18722,3,-3,3.0
18721,18722,18721,2,-2,2.0
18721,18722,18722,1,1,1.0
18722,18723,18722,1,-1,1.0
18722,18723,18722,1,-1,1.0
18721,18722,18722,2,2,2.0
18721,18723,18721,1,-1,1.0
18723,18724,18723,2,-2,2.0
18723,18724,18723,2,-2,2.0
18723,18724,18723,1,-1,1.0
18723,18724,18722,2,-2,2.0
18723,18724,18723,2,-2,2.0
18723,18724,18723,1,-1,1.0
18723,18724,18723,1,-1,1.0
18723,18724,18723,1,-1,1.0
18723,18724,18722,2,-2,2.0
18722,18724,18722,2,-2,2.0
18722,18724,18723,2,-2,2.0
18722,18724,18722,1,-1,1.0
18722,18724,18722,1,-1,1.0
18723,18724,18724,1,1,1.0
18723,18724,18723,1,-1,1.0
18723,18724,18724,1,1,1.0
18723,18725,18723,1,-1,1.0
18723,18725,18725,1,1,1.0
18723,18725,18723,1,-1,1.0
18723,18725,18723,1,-1,1.0
18723,18725,18723,9,-9,9.0
18722,18723,18722,2,-2,2.0
18721,18722,18722,1,1,1.0
18721,18722,18721,1,-1,1.0
18721,18722,18721,2,-2,2.0
18721,18722,18721,1,-1,1.0
18720,18721,18720,2,-2,2.0
18720,18721,18720,1,-1,1.0
18720,18721,18720,1,-1,1.0
18720,18721,18719,1,-1,1.0
18720,18721,18719,3,-3,3.0
18720,18721,18719,3,-3,3.0
18720,18721,18719,2,-2,2.0
18718,18719,18718,1,-1,1.0
18718,18719,18718,1,-1,1.0
18718,18719,18719,6,6,6.0
18718,18719,18719,1,1,1.0
18718,18719,18720,4,4,-4.0
18718,18719,18720,3,3,-3.0
18718,18719,18720,2,2,-2.0
18718,18719,18719,1,1,1.0
18718,18719,18720,1,1,-1.0
18718,18719,18720,1,1,-1.0
18718,18719,18719,1,1,1.0
18718,18719,18720,1,1,-1.0
18718,18719,18720,1,1,-1.0
18718,18719,18720,1,1,-1.0
18719,18721,18719,1,-1,1.0
18719,18721,18719,3,-3,3.0
18719,18721,18720,1,-1,1.0
18719,18721,18721,2,2,2.0
18719,18721,18719,2,-2,2.0
18719,18721,18719,1,-1,1.0
18719,18721,18719,1,-1,1.0
18719,18721,18720,1,-1,1.0
18719,18720,18719,1,-1,1.0
18719,18721,18719,2,-2,2.0
18719,18721,18719,1,-1,1.0
18719,18721,18719,8,-8,8.0
18719,18721,18719,1,-1,1.0
18719,18721,18720,1,-1,1.0
18719,18721,18721,1,1,1.0
18719,18721,18719,2,-2,2.0
18720,18721,18720,4,-4,4.0
18719,18721,18719,1,-1,1.0
18719,18721,18719,1,-1,1.0
18719,18721,18719,1,-1,1.0
18720,18721,18721,1,1,1.0
18720,18721,18721,1,1,1.0
18720,18721,18720,1,-1,1.0
18719,18720,18719,1,-1,1.0
18719,18720,18719,1,-1,1.0
18719,18720,18719,4,-4,4.0
18719,18720,18719,2,-2,2.0
18719,18720,18719,1,-1,1.0
18718,18719,18718,1,-1,1.0
18718,18719,18718,1,-1,1.0
18718,18719,18718,1,-1,1.0
18718,18719,18718,1,-1,1.0
18718,18719,18718,2,-2,2.0
18718,18719,18718,1,-1,1.0
18718,18719,18718,1,-1,1.0
18718,18719,18719,1,1,1.0
18718,18719,18718,1,-1,1.0
18718,18719,18718,1,-1,1.0
18718,18719,18718,1,-1,1.0
18718,18719,18718,1,-1,1.0
18718,18719,18718,1,-1,1.0
18718,18719,18718,1,-1,1.0
18719,18720,18720,2,2,2.0
18719,18720,18720,2,2,2.0
18719,18720,18720,2,2,2.0
18720,18722,18720,5,-5,5.0
18720,18721,18720,1,-1,1.0
18720,18721,18720,1,-1,1.0
18720,18722,18720,3,-3,3.0
18720,18721,18720,2,-2,2.0
18719,18720,18720,1,1,1.0
18719,18721,18721,2,2,2.0
18719,18721,18719,1,-1,1.0
18720,18721,18720,2,-2,2.0
18720,18721,18720,2,-2,2.0
18720,18721,18720,2,-2,2.0
18720,18721,18719,1,-1,1.0
18720,18721,18720,2,-2,2.0
18720,18721,18720,2,-2,2.0
18720,18721,18721,1,1,1.0
18720,18721,18721,1,1,1.0
18720,18721,18721,2,2,2.0
18720,18721,18720,1,-1,1.0
18720,18721,18720,1,-1,1.0
18720,18721,18720,1,-1,1.0
18719,18720,18720,5,5,5.0
18720,18721,18720,1,-1,1.0
18720,18721,18720,1,-1,1.0
18719,18720,18719,2,-2,2.0
18718,18720,18720,1,1,1.0
18719,18721,18719,2,-2,2.0
18719,18721,18719,1,-1,1.0
18719,18721,18719,1,-1,1.0
18719,18720,18719,1,-1,1.0
18719,18720,18720,1,1,1.0
18720,18721,18721,1,1,1.0
18721,18722,18722,3,3,3.0
18721,18723,18722,1,1,-1.0
18722,18723,18723,2,2,2.0
18722,18723,18724,3,3,-3.0
18722,18724,18723,1,1,-1.0
18722,18724,18723,2,2,-2.0
18723,18724,18724,1,1,1.0
18722,18724,18724,3,3,3.0
18722,18724,18722,1,-1,1.0
18722,18723,18722,2,-2,2.0
18722,18723,18722,2,-2,2.0
18723,18724,18724,5,5,5.0
18724,18725,18725,1,1,1.0
18724,18726,18726,1,1,1.0
18724,18726,18726,1,1,1.0
18723,18725,18725,1,1,1.0
18724,18725,18725,1,1,1.0
18724,18725,18725,1,1,1.0
18725,18726,18725,1,-1,1.0
18725,18726,18726,1,1,1.0
18725,18726,18726,1,1,1.0
18725,18726,18726,1,1,1.0
18725,18726,18726,1,1,1.0
18725,18726,18726,1,1,1.0
18725,18726,18726,4,4,4.0
18725,18726,18726,4,4,4.0
18726,18727,18727,1,1,1.0
18726,18727,18727,9,9,9.0
18726,18727,18727,1,1,1.0
18726,18727,18727,1,1,1.0
18726,18727,18727,1,1,1.0
18726,18727,18727,3,3,3.0
18726,18727,18726,3,-3,3.0
18726,18727,18726,8,-8,8.0
18726,18727,18725,2,-2,2.0
18726,18727,18726,1,-1,1.0
18725,18726,18725,1,-1,1.0
18725,18726,18725,1,-1,1.0
18724,18725,18725,4,4,4.0
18723,18725,18723,2,-2,2.0
18723,18725,18725,1,1,1.0
18724,18725,18724,1,-1,1.0
18723,18724,18724,1,1,1.0
18723,18725,18725,1,1,1.0
18724,18725,18724,1,-1,1.0
18723,18724,18723,1,-1,1.0
18723,18724,18724,1,1,1.0
18723,18724,18723,3,-3,3.0
18721,18722,18722,1,1,1.0
18721,18723,18722,1,1,-1.0
18721,18722,18722,1,1,1.0
18722,18723,18723,1,1,1.0
18723,18724,18723,1,-1,1.0
18722,18723,18722,1,-1,1.0
18721,18722,18722,1,1,1.0
18721,18722,18721,1,-1,1.0
18721,18722,18721,1,-1,1.0
18721,18722,18721,2,-2,2.0
18721,18722,18721,14,-14,14.0
18721,18722,18722,2,2,2.0
18721,18722,18722,3,3,3.0
18722,18723,18722,1,-1,1.0
18722,18723,18723,1,1,1.0
18722,18723,18722,1,-1,1.0
18722,18723,18722,1,-1,1.0
18722,18723,18722,1,-1,1.0
18722,18723,18722,3,-3,3.0
18720,18721,18720,1,-1,1.0
18719,18720,18720,1,1,1.0
18720,18722,18720,1,-1,1.0
18720,18721,18720,1,-1,1.0
18720,18721,18720,1,-1,1.0
18720,18721,18720,1,-1,1.0
18720,18721,18720,1,-1,1.0
18720,18721,18720,1,-1,1.0
18720,18721,18720,1,-1,1.0
18720,18721,18720,1,-1,1.0
18720,18721,18720,1,-1,1.0
18720,18721,18720,2,-2,2.0
18719,18721,18719,1,-1,1.0
18719,18721,18719,1,-1,1.0
18720,18721,18720,1,-1,1.0
18719,18721,18720,1,-1,1.0
18720,18721,18721,1,1,1.0
18720,18721,18720,1,-1,1.0
18720,18721,18720,1,-1,1.0
18720,18721,18720,1,-1,1.0
18720,18721,18720,1,-1,1.0
18719,18720,18719,1,-1,1.0
18719,18720,18719,1,-1,1.0
18719,18720,18719,1,-1,1.0
18719,18720,18719,1,-1,1.0
18719,18720,18719,2,-2,2.0
18719,18720,18719,1,-1,1.0
18718,18719,18719,1,1,1.0
18719,18721,18719,1,-1,1.0
18719,18720,18719,2,-2,2.0
18719,18720,18719,1,-1,1.0
18719,18720,18719,3,-3,3.0
18719,18720,18719,1,-1,1.0
18719,18720,18719,1,-1,1.0
18718,18719,18718,1,-1,1.0
18718,18719,18718,1,-1,1.0
18718,18719,18718,1,-1,1.0
18718,18719,18718,1,-1,1.0
18718,18719,18718,1,-1,1.0
18718,18719,18718,3,-3,3.0
18718,18719,18718,1,-1,1.0
18718,18719,18718,5,-5,5.0
18718,18719,18718,2,-2,2.0
18718,18719,18718,1,-1,1.0
18718,18719,18718,5,-5,5.0
18718,18719,18718,1,-1,1.0
18718,18719,18718,1,-1,1.0
18718,18719,18718,1,-1,1.0
18718,18719,18718,1,-1,1.0
18718,18719,18718,2,-2,2.0
18718,18719,18718,1,-1,1.0
18718,18719,18718,1,-1,1.0
18718,18719,18718,1,-1,1.0
18718,18719,18718,1,-1,1.0
18718,18719,18718,1,-1,1.0
18718,18719,18718,1,-1,1.0
18718,18719,18718,1,-1,1.0
18718,18719,18719,1,1,1.0
18717,18719,18719,1,1,1.0
18717,18718,18717,1,-1,1.0
18717,18718,18717,1,-1,1.0
18717,18718,18717,1,-1,1.0
18717,18718,18717,5,-5,5.0
18717,18718,18716,8,-8,8.0
18717,18718,18716,1,-1,1.0
18716,18718,18716,4,-4,4.0
18716,18718,18716,4,-4,4.0
18716,18718,18717,1,-1,1.0
18716,18718,18716,1,-1,1.0
18716,18718,18716,1,-1,1.0
18716,18717,18716,1,-1,1.0
18716,18717,18717,1,1,1.0
18717,18718,18717,1,-1,1.0
18716,18718,18717,2,-2,2.0
18716,18717,18716,1,-1,1.0
18716,18717,18716,1,-1,1.0
18716,18717,18715,1,-1,1.0
18715,18717,18715,1,-1,1.0
18715,18717,18715,1,-1,1.0
18715,18716,18715,1,-1,1.0
18715,18716,18716,1,1,1.0
18715,18716,18716,1,1,1.0
18715,18716,18716,1,1,1.0
18715,18717,18717,1,1,1.0
18716,18717,18717,2,2,2.0
18716,18718,18716,2,-2,2.0
18716,18718,18718,2,2,2.0
18716,18718,18718,1,1,1.0
18717,18719,18718,1,1,-1.0
18717,18719,18717,4,-4,4.0
18717,18719,18717,2,-2,2.0
18717,18718,18718,1,1,1.0
18717,18718,18717,1,-1,1.0
18717,18719,18717,4,-4,4.0
18717,18718,18717,8,-8,8.0
18717,18718,18717,4,-4,4.0
18717,18718,18718,2,2,2.0
18717,18719,18717,1,-1,1.0
18717,18718,18717,2,-2,2.0
18716,18718,18716,1,-1,1.0
18716,18718,18718,5,5,5.0
18716,18718,18717,1,1,-1.0
18716,18717,18717,3,3,3.0
18717,18719,18717,4,-4,4.0
18717,18718,18718,1,1,1.0
18717,18718,18717,1,-1,1.0
18716,18717,18717,3,3,3.0
18716,18717,18717,1,1,1.0
18716,18717,18716,1,-1,1.0
18716,18717,18716,1,-1,1.0
18716,18717,18717,4,4,4.0
18716,18717,18717,10,10,10.0
18717,18718,18718,3,3,3.0
18717,18718,18719,1,1,-1.0
18717,18719,18719,2,2,2.0
18718,18719,18718,1,-1,1.0
18718,18719,18717,1,-1,1.0
18718,18719,18717,1,-1,1.0
18717,18718,18717,1,-1,1.0
18717,18718,18717,1,-1,1.0
18716,18717,18716,1,-1,1.0
18716,18717,18717,4,4,4.0
18717,18718,18718,1,1,1.0
18718,18719,18718,1,-1,1.0
18718,18719,18719,3,3,3.0
18718,18719,18719,1,1,1.0
18718,18719,18719,1,1,1.0
18718,18719,18719,1,1,1.0
18718,18719,18719,9,9,9.0
18718,18719,18719,1,1,1.0
18718,18719,18719,5,5,5.0
18719,18720,18719,1,-1,1.0
18718,18719,18719,1,1,1.0
18718,18720,18719,1,1,-1.0
18718,18719,18719,1,1,1.0
18719,18720,18720,1,1,1.0
18719,18720,18720,1,1,1.0
18719,18720,18720,3,3,3.0
18719,18720,18720,1,1,1.0
18719,18720,18720,1,1,1.0
18719,18720,18719,1,-1,1.0
18719,18720,18719,1,-1,1.0
18719,18720,18719,3,-3,3.0
18719,18720,18719,1,-1,1.0
18718,18719,18719,1,1,1.0
18718,18719,18718,4,-4,4.0
18718,18719,18718,5,-5,5.0
18718,18719,18718,3,-3,3.0
18717,18718,18717,1,-1,1.0
18717,18718,18717,1,-1,1.0
18717,18718,18717,1,-1,1.0
18717,18718,18717,1,-1,1.0
18716,18718,18716,1,-1,1.0
18716,18718,18718,4,4,4.0
18717,18718,18718,1,1,1.0
18717,18718,18718,1,1,1.0
18717,18718,18717,1,-1,1.0
18716,18718,18716,1,-1,1.0
18716,18718,18716,1,-1,1.0
18716,18718,18716,1,-1,1.0
18716,18718,18718,2,2,2.0
18717,18718,18717,1,-1,1.0
18717,18718,18718,1,1,1.0
18717,18718,18718,2,2,2.0
18717,18718,18718,1,1,1.0
18718,18719,18719,1,1,1.0
18718,18719,18719,2,2,2.0
18718,18719,18719,1,1,1.0
18719,18720,18720,1,1,1.0
18719,18720,18720,1,1,1.0
18719,18720,18720,5,5,5.0
18719,18720,18720,1,1,1.0
18720,18721,18721,2,2,2.0
18720,18721,18721,2,2,2.0
18720,18722,18721,1,1,-1.0
18720,18722,18721,1,1,-1.0
18720,18722,18721,1,1,-1.0
18720,18722,18721,1,1,-1.0
18720,18722,18721,1,1,-1.0
18720,18722,18721,1,1,-1.0
18720,18722,18721,1,1,-1.0
18720,18722,18722,1,1,1.0
18720,18722,18721,1,1,-1.0
18721,18722,18722,3,3,3.0
18722,18723,18723,1,1,1.0
18722,18723,18723,1,1,1.0
18722,18723,18723,7,7,7.0
18722,18723,18723,2,2,2.0
18722,18723,18723,1,1,1.0
18722,18724,18722,3,-3,3.0
18723,18724,18723,1,-1,1.0
18722,18724,18724,1,1,1.0
18723,18724,18724,1,1,1.0
18723,18724,18724,1,1,1.0
18723,18724,18724,1,1,1.0
18723,18724,18724,5,5,5.0
18724,18725,18724,4,-4,4.0
18723,18724,18723,1,-1,1.0
18721,18722,18722,1,1,1.0
18721,18722,18723,2,2,-2.0
18722,18723,18723,1,1,1.0
18722,18723,18723,1,1,1.0
18722,18723,18723,1,1,1.0
18722,18724,18724,4,4,4.0
18721,18723,18723,1,1,1.0
18722,18723,18722,2,-2,2.0
18721,18722,18722,2,2,2.0
18721,18722,18722,1,1,1.0
18721,18722,18721,1,-1,1.0
18721,18722,18721,1,-1,1.0
18720,18721,18721,2,2,2.0
18720,18721,18721,1,1,1.0
18720,18721,18721,1,1,1.0
18721,18722,18721,3,-3,3.0
18721,18722,18722,1,1,1.0
18721,18723,18721,1,-1,1.0
18721,18723,18721,1,-1,1.0
18720,18721,18721,1,1,1.0
18720,18721,18721,1,1,1.0
18720,18721,18721,4,4,4.0
18721,18722,18721,2,-2,2.0
18720,18721,18720,1,-1,1.0
18720,18721,18720,1,-1,1.0
18720,18721,18720,1,-1,1.0
18720,18721,18720,1,-1,1.0
18720,18721,18720,2,-2,2.0
18719,18721,18721,1,1,1.0
18719,18721,18721,1,1,1.0
18721,18722,18721,1,-1,1.0
18721,18722,18722,1,1,1.0
18722,18723,18722,1,-1,1.0
18722,18723,18723,2,2,2.0
18723,18724,18723,1,-1,1.0
18722,18724,18724,1,1,1.0
18723,18724,18724,1,1,1.0
18723,18724,18724,1,1,1.0
18723,18724,18724,1,1,1.0
18723,18724,18724,1,1,1.0
18723,18724,18724,1,1,1.0
18723,18724,18724,1,1,1.0
18724,18725,18724,1,-1,1.0
18723,18724,18724,5,5,5.0
18723,18724,18725,28,28,-28.0
18724,18726,18726,1,1,1.0
18724,18725,18724,1,-1,1.0
18724,18725,18725,1,1,1.0
18724,18725,18725,2,2,2.0
18724,18725,18724,1,-1,1.0
18723,18724,18723,1,-1,1.0
18723,18724,18723,7,-7,7.0
18721,18722,18722,1,1,1.0
18721,18722,18722,1,1,1.0
18722,18723,18722,1,-1,1.0
18722,18723,18722,1,-1,1.0
18722,18723,18723,1,1,1.0
18722,18723,18723,1,1,1.0
18723,18724,18723,1,-1,1.0
18722,18723,18722,1,-1,1.0
18722,18723,18722,2,-2,2.0
18721,18722,18722,1,1,1.0
18722,18723,18722,1,-1,1.0
18722,18723,18722,1,-1,1.0
18722,18723,18722,2,-2,2.0
18721,18723,18721,1,-1,1.0
18721,18722,18722,2,2,2.0
18721,18722,18721,9,-9,9.0
18720,18721,18720,1,-1,1.0
18721,18722,18722,7,7,7.0
18721,18722,18722,2,2,2.0
18722,18723,18722,1,-1,1.0
18722,18723,18723,11,11,11.0
18722,18723,18723,3,3,3.0
18722,18723,18722,3,-3,3.0
18722,18723,18723,2,2,2.0
18723,18724,18724,2,2,2.0
18723,18724,18724,1,1,1.0
18724,18725,18725,2,2,2.0
18724,18725,18724,1,-1,1.0
18724,18725,18724,1,-1,1.0
18723,18725,18725,1,1,1.0
18723,18725,18723,6,-6,6.0
18723,18725,18723,1,-1,1.0
18723,18725,18724,4,-4,4.0
18723,18725,18723,1,-1,1.0
18724,18725,18725,3,3,3.0
18724,18725,18725,1,1,1.0
18724,18725,18725,1,1,1.0
18724,18725,18725,5,5,5.0
18724,18725,18725,2,2,2.0
18724,18725,18725,3,3,3.0
18724,18725,18725,1,1,1.0
18724,18725,18725,1,1,1.0
18724,18725,18725,1,1,1.0
18724,18725,18725,1,1,1.0
18724,18725,18725,1,1,1.0
18724,18725,18725,3,3,3.0
18724,18725,18725,1,1,1.0
18724,18725,18725,1,1,1.0
18724,18725,18725,2,2,2.0
18724,18725,18725,1,1,1.0
18724,18725,18725,1,1,1.0
18724,18725,18725,1,1,1.0
18724,18725,18725,1,1,1.0
18724,18725,18726,1,1,-1.0
18724,18725,18725,2,2,2.0
18724,18726,18726,1,1,1.0
18725,18726,18726,2,2,2.0
18726,18727,18727,2,2,2.0
18726,18727,18727,1,1,1.0
18726,18727,18727,1,1,1.0
18726,18727,18727,4,4,4.0
18726,18728,18726,1,-1,1.0
18727,18728,18727,1,-1,1.0
18727,18728,18728,2,2,2.0
18727,18728,18728,1,1,1.0
18727,18728,18728,1,1,1.0
18727,18728,18728,2,2,2.0
18727,18728,18728,3,3,3.0
18727,18728,18728,1,1,1.0
18727,18728,18728,1,1,1.0
18727,18728,18728,2,2,2.0
18727,18728,18728,1,1,1.0
18728,18729,18729,1,1,1.0
18728,18729,18729,1,1,1.0
18728,18729,18729,1,1,1.0
18728,18729,18728,1,-1,1.0
18727,18728,18728,3,3,3.0
18727,18728,18729,2,2,-2.0
18727,18729,18728,1,1,-1.0
18727,18728,18728,1,1,1.0
18727,18728,18728,1,1,1.0
18727,18728,18728,2,2,2.0
18727,18728,18727,1,-1,1.0
18727,18728,18728,3,3,3.0
18729,18730,18730,1,1,1.0
18729,18730,18730,1,1,1.0
18729,18730,18730,1,1,1.0
18729,18730,18730,1,1,1.0
18729,18730,18730,2,2,2.0
18730,18731,18730,1,-1,1.0
18730,18731,18730,1,-1,1.0
18730,18731,18731,1,1,1.0
18730,18731,18731,1,1,1.0
18730,18731,18731,1,1,1.0
18730,18731,18731,1,1,1.0
18730,18731,18731,1,1,1.0
18730,18731,18732,1,1,-1.0
18730,18731,18732,1,1,-1.0
18730,18731,18731,2,2,2.0
18730,18731,18732,1,1,-1.0
18730,18731,18732,1,1,-1.0
18730,18731,18732,1,1,-1.0
18731,18732,18732,1,1,1.0
18731,18732,18732,1,1,1.0
18731,18732,18732,4,4,4.0
18730,18732,18732,1,1,1.0
18730,18732,18732,1,1,1.0
18730,18732,18732,1,1,1.0
18730,18732,18732,1,1,1.0
18730,18732,18732,1,1,1.0
18730,18732,18732,1,1,1.0
18730,18732,18731,2,2,-2.0
18730,18731,18731,1,1,1.0
18730,18731,18731,1,1,1.0
18730,18731,18730,1,-1,1.0
18730,18731,18730,2,-2,2.0
18730,18731,18730,1,-1,1.0
18730,18731,18730,22,-22,22.0
18728,18729,18729,3,3,3.0
18728,18729,18729,1,1,1.0
18728,18729,18729,1,1,1.0
18729,18730,18729,1,-1,1.0
18729,18730,18729,1,-1,1.0
18729,18730,18729,1,-1,1.0
18729,18730,18728,1,-1,1.0
18729,18730,18728,1,-1,1.0
18729,18730,18728,1,-1,1.0
18728,18730,18728,1,-1,1.0
18728,18730,18728,1,-1,1.0
18728,18730,18728,1,-1,1.0
18728,18729,18729,1,1,1.0
18728,18729,18729,1,1,1.0
18730,18731,18730,2,-2,2.0
18730,18732,18731,1,-1,1.0
18730,18732,18732,1,1,1.0
18730,18732,18731,1,1,-1.0
18730,18732,18731,2,2,-2.0
18730,18731,18731,1,1,1.0
18730,18731,18731,1,1,1.0
18730,18731,18731,1,1,1.0
18730,18732,18731,1,1,-1.0
18730,18731,18731,1,1,1.0
18730,18731,18731,2,2,2.0
18730,18731,18731,1,1,1.0
18730,18731,18731,1,1,1.0
18730,18732,18731,1,1,-1.0
18730,18732,18732,1,1,1.0
18731,18732,18731,2,-2,2.0
18731,18732,18731,1,-1,1.0
18730,18731,18731,3,3,3.0
18730,18731,18730,4,-4,4.0
18729,18730,18730,2,2,2.0
18729,18731,18730,1,1,-1.0
18730,18731,18731,3,3,3.0
18730,18731,18731,1,1,1.0
18730,18732,18730,1,-1,1.0
18730,18731,18730,1,-1,1.0
18730,18731,18731,1,1,1.0
18730,18731,18731,2,2,2.0
18731,18732,18732,1,1,1.0
18731,18732,18732,4,4,4.0
18731,18732,18732,4,4,4.0
18731,18732,18732,1,1,1.0
18731,18732,18732,1,1,1.0
18731,18732,18732,2,2,2.0
18731,18732,18732,1,1,1.0
18731,18732,18732,2,2,2.0
18731,18733,18732,1,1,-1.0
18731,18733,18732,1,1,-1.0
18731,18733,18732,1,1,-1.0
18731,18732,18732,2,2,2.0
18731,18732,18732,2,2,2.0
18731,18732,18731,1,-1,1.0
18731,18732,18731,6,-6,6.0
18730,18731,18731,1,1,1.0
18731,18732,18731,2,-2,2.0
18730,18731,18731,4,4,4.0
18730,18731,18731,2,2,2.0
18730,18732,18732,3,3,3.0
18731,18733,18733,1,1,1.0
18731,18732,18732,1,1,1.0
18731,18733,18733,10,10,10.0
18733,18734,18733,1,-1,1.0
18733,18734,18733,1,-1,1.0
18732,18733,18733,1,1,1.0
18732,18733,18733,1,1,1.0
18732,18733,18733,1,1,1.0
18732,18733,18733,1,1,1.0
18732,18733,18733,1,1,1.0
18732,18733,18733,3,3,3.0
18732,18733,18733,2,2,2.0
18732,18733,18732,4,-4,4.0
18732,18733,18731,1,-1,1.0
18732,18733,18733,1,1,1.0
18732,18733,18733,6,6,6.0
18732,18733,18732,4,-4,4.0
18731,18732,18732,2,2,2.0
18731,18732,18732,1,1,1.0
18731,18732,18731,3,-3,3.0
18731,18732,18731,10,-10,10.0
18730,18731,18730,2,-2,2.0
18730,18731,18730,2,-2,2.0
18730,18731,18730,1,-1,1.0
18730,18731,18731,2,2,2.0
18730,18731,18731,1,1,1.0
18728,18730,18730,1,1,1.0
18728,18730,18730,1,1,1.0
18728,18729,18728,1,-1,1.0
18727,18728,18728,1,1,1.0
18727,18728,18728,1,1,1.0
18727,18728,18727,1,-1,1.0
18727,18728,18727,1,-1,1.0
18726,18728,18728,2,2,2.0
18727,18728,18727,1,-1,1.0
18727,18728,18727,1,-1,1.0
18726,18727,18727,5,5,5.0
18726,18727,18726,1,-1,1.0
18725,18727,18725,1,-1,1.0
18725,18726,18725,5,-5,5.0
18725,18726,18725,1,-1,1.0
18725,18726,18725,1,-1,1.0
18724,18725,18725,1,1,1.0
18724,18725,18725,1,1,1.0
18723,18724,18723,1,-1,1.0
18721,18723,18721,1,-1,1.0
18721,18723,18721,1,-1,1.0
18721,18723,18721,1,-1,1.0
18721,18723,18721,1,-1,1.0
18721,18723,18721,1,-1,1.0
18721,18723,18721,1,-1,1.0
18721,18723,18723,1,1,1.0
18721,18723,18723,1,1,1.0
18721,18722,18722,1,1,1.0
18721,18723,18722,1,1,-1.0
18721,18723,18723,1,1,1.0
18721,18723,18723,1,1,1.0
18722,18723,18722,1,-1,1.0
18722,18723,18721,1,-1,1.0
18722,18723,18722,1,-1,1.0
18722,18723,18722,2,-2,2.0
18721,18723,18721,1,-1,1.0
18721,18723,18721,1,-1,1.0
18722,18723,18722,1,-1,1.0
18722,18723,18722,1,-1,1.0
18722,18723,18722,1,-1,1.0
18722,18723,18722,8,-8,8.0
18722,18723,18721,3,-3,3.0
18722,18723,18721,3,-3,3.0
18722,18723,18721,1,-1,1.0
18722,18723,18721,2,-2,2.0
18720,18722,18722,5,5,5.0
18720,18721,18720,3,-3,3.0
18719,18720,18719,2,-2,2.0
18719,18720,18719,1,-1,1.0
18719,18720,18718,1,-1,1.0
18719,18720,18720,1,1,1.0
18719,18720,18720,1,1,1.0
18719,18720,18719,2,-2,2.0
18718,18719,18719,1,1,1.0
18718,18719,18719,1,1,1.0
18718,18719,18718,1,-1,1.0
18718,18719,18718,2,-2,2.0
18718,18719,18718,1,-1,1.0
18718,18719,18718,3,-3,3.0
18718,18719,18718,3,-3,3.0
18718,18719,18718,1,-1,1.0
18717,18718,18718,1,1,1.0
18717,18718,18717,1,-1,1.0
18717,18718,18717,1,-1,1.0
18717,18719,18717,2,-2,2.0
18717,18719,18717,1,-1,1.0
18718,18719,18718,2,-2,2.0
18718,18719,18718,1,-1,1.0
18718,18719,18718,2,-2,2.0
18718,18719,18718,1,-1,1.0
18718,18719,18718,1,-1,1.0
18717,18718,18718,1,1,1.0
18717,18718,18717,1,-1,1.0
18718,18719,18718,1,-1,1.0
18717,18718,18717,6,-6,6.0
18716,18717,18717,1,1,1.0
18716,18717,18717,3,3,3.0
18717,18718,18717,10,-10,10.0
18717,18718,18717,2,-2,2.0
18716,18717,18716,1,-1,1.0
18716,18717,18716,8,-8,8.0
18715,18716,18715,4,-4,4.0
18715,18716,18715,2,-2,2.0
18715,18716,18715,2,-2,2.0
18715,18716,18714,6,-6,6.0
18715,18716,18715,1,-1,1.0
18715,18716,18715,1,-1,1.0
18715,18716,18714,5,-5,5.0
18715,18716,18715,1,-1,1.0
18715,18716,18715,1,-1,1.0
18715,18716,18714,5,-5,5.0
18715,18716,18715,1,-1,1.0
18715,18716,18715,3,-3,3.0
18715,18716,18714,1,-1,1.0
18714,18716,18714,2,-2,2.0
18714,18716,18714,1,-1,1.0
18714,18716,18714,1,-1,1.0
18714,18716,18714,1,-1,1.0
18714,18716,18714,1,-1,1.0
18714,18716,18714,2,-2,2.0
18714,18716,18714,1,-1,1.0
18714,18716,18714,1,-1,1.0
18714,18716,18714,1,-1,1.0
18714,18716,18714,1,-1,1.0
18714,18716,18714,1,-1,1.0
18714,18716,18715,1,-1,1.0
18714,18716,18715,1,-1,1.0
18715,18716,18715,1,-1,1.0
18715,18716,18715,1,-1,1.0
18714,18716,18716,1,1,1.0
18714,18715,18715,1,1,1.0
18714,18715,18715,1,1,1.0
18714,18715,18715,1,1,1.0
18714,18715,18714,1,-1,1.0
18713,18714,18713,3,-3,3.0
18713,18715,18713,4,-4,4.0
18713,18715,18713,4,-4,4.0
18713,18715,18713,1,-1,1.0
18713,18715,18713,1,-1,1.0
18713,18714,18713,1,-1,1.0
18713,18714,18713,4,-4,4.0
18713,18714,18713,1,-1,1.0
18713,18714,18713,2,-2,2.0
18712,18713,18713,1,1,1.0
18712,18713,18713,1,1,1.0
18712,18713,18713,1,1,1.0
18713,18714,18713,1,-1,1.0
18713,18714,18713,1,-1,1.0
18712,18713,18712,2,-2,2.0
18712,18713,18712,2,-2,2.0
18712,18713,18712,1,-1,1.0
18712,18713,18712,3,-3,3.0
18712,18713,18712,1,-1,1.0
18712,18713,18712,1,-1,1.0
18712,18713,18712,1,-1,1.0
18712,18713,18712,1,-1,1.0
18712,18713,18712,3,-3,3.0
18711,18712,18711,4,-4,4.0
18711,18712,18711,7,-7,7.0
18711,18712,18710,3,-3,3.0
18711,18712,18711,1,-1,1.0
18711,18712,18712,1,1,1.0
18711,18712,18711,1,-1,1.0
18711,18712,18711,1,-1,1.0
18711,18712,18711,1,-1,1.0
18711,18712,18711,1,-1,1.0
18711,18712,18711,1,-1,1.0
18711,18712,18711,1,-1,1.0
18711,18712,18710,9,-9,9.0
18710,18712,18710,1,-1,1.0
18710,18712,18710,1,-1,1.0
18710,18712,18710,1,-1,1.0
18710,18712,18712,1,1,1.0
18711,18712,18712,1,1,1.0
18711,18712,18712,1,1,1.0
18711,18712,18712,1,1,1.0
18711,18713,18711,1,-1,1.0
18711,18713,18711,1,-1,1.0
18711,18712,18712,1,1,1.0
18711,18712,18711,1,-1,1.0
18711,18712,18711,10,-10,10.0
18711,18712,18711,1,-1,1.0
18711,18712,18711,10,-10,10.0
18711,18712,18711,10,-10,10.0
18711,18712,18711,9,-9,9.0
18711,18712,18711,1,-1,1.0
18710,18712,18710,2,-2,2.0
18710,18711,18710,1,-1,1.0
18710,18711,18710,1,-1,1.0
18710,18711,18710,1,-1,1.0
18710,18711,18710,1,-1,1.0
18710,18711,18710,4,-4,4.0
18710,18711,18710,1,-1,1.0
18710,18711,18710,1,-1,1.0
18710,18711,18710,1,-1,1.0
18710,18711,18710,1,-1,1.0
18710,18711,18710,3,-3,3.0
18710,18711,18711,1,1,1.0
18710,18711,18711,1,1,1.0
18710,18711,18711,1,1,1.0
18710,18711,18711,2,2,2.0
18710,18711,18711,1,1,1.0
18710,18711,18711,1,1,1.0
18710,18711,18710,3,-3,3.0
18710,18711,18710,5,-5,5.0
18710,18711,18710,3,-3,3.0
18710,18711,18710,5,-5,5.0
18710,18711,18710,2,-2,2.0
18710,18711,18710,8,-8,8.0
18709,18710,18709,1,-1,1.0
18709,18710,18710,1,1,1.0
18709,18710,18709,5,-5,5.0
18709,18710,18709,2,-2,2.0
18709,18710,18709,3,-3,3.0
18709,18710,18709,1,-1,1.0
18709,18710,18709,1,-1,1.0
18709,18710,18709,3,-3,3.0
18709,18710,18709,1,-1,1.0
18709,18710,18709,1,-1,1.0
18709,18710,18709,1,-1,1.0
18709,18710,18709,1,-1,1.0
18709,18710,18708,1,-1,1.0
18709,18710,18708,1,-1,1.0
18709,18710,18708,1,-1,1.0
18709,18710,18708,1,-1,1.0
18708,18710,18708,1,-1,1.0
18708,18710,18709,2,-2,2.0
18708,18710,18708,1,-1,1.0
18708,18710,18708,1,-1,1.0
18708,18710,18708,1,-1,1.0
18708,18710,18708,1,-1,1.0
18708,18710,18708,1,-1,1.0
18708,18710,18708,1,-1,1.0
18708,18710,18708,1,-1,1.0
18708,18709,18708,1,-1,1.0
18708,18709,18708,1,-1,1.0
18708,18709,18708,1,-1,1.0
18708,18709,18708,2,-2,2.0
18708,18709,18708,2,-2,2.0
18708,18709,18709,2,2,2.0
18708,18709,18708,1,-1,1.0
18708,18709,18708,2,-2,2.0
18708,18709,18708,2,-2,2.0
18708,18709,18708,2,-2,2.0
18708,18709,18708,1,-1,1.0
18708,18709,18708,2,-2,2.0
18708,18710,18710,5,5,5.0
18708,18710,18710,3,3,3.0
18708,18710,18710,3,3,3.0
18708,18710,18710,1,1,1.0
18708,18710,18710,2,2,2.0
18709,18711,18711,1,1,1.0
18709,18711,18711,1,1,1.0
18710,18711,18710,1,-1,1.0
18710,18711,18711,1,1,1.0
18710,18711,18711,11,11,11.0
18710,18711,18711,1,1,1.0
18710,18711,18711,1,1,1.0
18711,18712,18711,1,-1,1.0
18710,18712,18712,1,1,1.0
18710,18712,18712,1,1,1.0
18711,18712,18711,2,-2,2.0
18711,18712,18711,1,-1,1.0
18711,18712,18711,2,-2,2.0
18711,18712,18711,3,-3,3.0
18711,18712,18711,1,-1,1.0
18711,18712,18711,1,-1,1.0
18710,18711,18711,1,1,1.0
18710,18711,18711,6,6,6.0
18710,18711,18710,2,-2,2.0
18710,18712,18711,6,-6,6.0
18710,18712,18710,1,-1,1.0
18710,18712,18710,1,-1,1.0
18710,18712,18710,1,-1,1.0
18710,18712,18710,1,-1,1.0
18710,18712,18710,1,-1,1.0
18710,18712,18710,1,-1,1.0
18710,18712,18710,1,-1,1.0
18710,18712,18710,1,-1,1.0
18710,18712,18710,1,-1,1.0
18710,18712,18709,1,-1,1.0
18709,18710,18710,6,6,6.0
18711,18712,18712,1,1,1.0
18711,18712,18712,2,2,2.0
18711,18712,18712,2,2,2.0
18711,18712,18712,1,1,1.0
18711,18712,18712,1,1,1.0
18711,18712,18712,1,1,1.0
18711,18712,18712,1,1,1.0
18711,18712,18712,1,1,1.0
18711,18712,18711,1,-1,1.0
18711,18712,18711,1,-1,1.0
18711,18712,18711,1,-1,1.0
18711,18712,18711,1,-1,1.0
18711,18712,18712,1,1,1.0
18712,18714,18714,2,2,2.0
18712,18714,18712,1,-1,1.0
18712,18713,18712,1,-1,1.0
18711,18712,18711,1,-1,1.0
18710,18712,18712,1,1,1.0
18711,18712,18711,1,-1,1.0
18711,18712,18710,1,-1,1.0
18713,18714,18713,1,-1,1.0
18713,18714,18712,9,-9,9.0
18712,18714,18712,1,-1,1.0
18712,18714,18712,1,-1,1.0
18713,18714,18714,1,1,1.0
18713,18714,18714,1,1,1.0
18713,18715,18715,3,3,3.0
18713,18715,18715,1,1,1.0
18714,18715,18714,1,-1,1.0
18714,18715,18715,2,2,2.0
18714,18715,18715,3,3,3.0
18714,18715,18715,1,1,1.0
18714,18715,18715,1,1,1.0
18714,18715,18715,1,1,1.0
18714,18715,18715,2,2,2.0
18715,18716,18716,1,1,1.0
18715,18717,18717,2,2,2.0
18716,18717,18716,3,-3,3.0
18716,18717,18715,2,-2,2.0
18715,18716,18716,3,3,3.0
18716,18717,18716,2,-2,2.0
18716,18717,18716,1,-1,1.0
18715,18716,18716,1,1,1.0
18715,18716,18715,4,-4,4.0
18714,18715,18715,1,1,1.0
18715,18716,18715,1,-1,1.0
18715,18716,18715,1,-1,1.0
18715,18716,18716,5,5,5.0
18716,18717,18716,1,-1,1.0
18716,18717,18717,2,2,2.0
18716,18717,18717,1,1,1.0
18716,18717,18717,1,1,1.0
18717,18718,18718,1,1,1.0
18718,18719,18718,1,-1,1.0
18718,18719,18719,1,1,1.0
18718,18719,18719,2,2,2.0
18718,18719,18718,6,-6,6.0
18717,18718,18718,1,1,1.0
18717,18718,18718,3,3,3.0
18717,18718,18718,3,3,3.0
18717,18718,18718,1,1,1.0
18718,18719,18719,1,1,1.0
18719,18720,18720,2,2,2.0
18719,18720,18720,2,2,2.0
18719,18720,18720,1,1,1.0
18719,18720,18720,1,1,1.0
18719,18721,18719,2,-2,2.0
18719,18720,18720,1,1,1.0
18720,18721,18721,1,1,1.0
18720,18721,18720,2,-2,2.0
18720,18721,18720,2,-2,2.0
18720,18721,18720,8,-8,8.0
18720,18721,18720,2,-2,2.0
18719,18721,18721,2,2,2.0
18719,18721,18719,1,-1,1.0
18720,18722,18720,5,-5,5.0
18720,18721,18720,1,-1,1.0
18719,18720,18720,3,3,3.0
18719,18720,18720,1,1,1.0
18719,18720,18720,4,4,4.0
18719,18720,18720,1,1,1.0
18719,18720,18720,1,1,1.0
18719,18720,18720,1,1,1.0
18719,18720,18720,2,2,2.0
18719,18720,18720,1,1,1.0
18720,18721,18721,1,1,1.0
18721,18722,18721,3,-3,3.0
18721,18722,18720,11,-11,11.0
18720,18721,18720,2,-2,2.0
18720,18721,18720,2,-2,2.0
18720,18721,18720,1,-1,1.0
18720,18721,18719,1,-1,1.0
18720,18721,18721,1,1,1.0
18719,18721,18719,2,-2,2.0
18719,18721,18719,6,-6,6.0
18719,18721,18720,8,-8,8.0
18719,18721,18719,2,-2,2.0
18719,18721,18719,2,-2,2.0
18719,18721,18719,7,-7,7.0
18719,18721,18718,3,-3,3.0
18719,18720,18720,1,1,1.0
18721,18722,18722,4,4,4.0
18722,18723,18722,1,-1,1.0
18722,18723,18723,4,4,4.0
18723,18724,18724,1,1,1.0
18722,18724,18724,1,1,1.0
18723,18724,18723,2,-2,2.0
18722,18723,18723,1,1,1.0
18723,18724,18724,2,2,2.0
18723,18725,18723,1,-1,1.0
18724,18725,18725,1,1,1.0
18724,18725,18724,1,-1,1.0
18724,18725,18724,1,-1,1.0
18724,18725,18724,2,-2,2.0
18723,18724,18724,17,17,17.0
18724,18725,18725,1,1,1.0
18724,18725,18725,1,1,1.0
18724,18725,18725,1,1,1.0
18724,18725,18725,1,1,1.0
18724,18725,18725,1,1,1.0
18724,18725,18725,1,1,1.0
18724,18725,18725,1,1,1.0
18723,18724,18724,1,1,1.0
18723,18724,18724,1,1,1.0
18723,18724,18725,1,1,-1.0
18723,18725,18725,1,1,1.0
18724,18725,18725,1,1,1.0
18724,18725,18725,1,1,1.0
18724,18725,18725,1,1,1.0
18724,18725,18725,1,1,1.0
18725,18726,18725,1,-1,1.0
18724,18725,18725,9,9,9.0
18724,18725,18726,3,3,-3.0
18724,18726,18726,1,1,1.0
18724,18726,18726,1,1,1.0
18724,18726,18726,1,1,1.0
18724,18726,18726,1,1,1.0
18725,18726,18725,1,-1,1.0
18724,18726,18726,2,2,2.0
18724,18725,18725,1,1,1.0
18724,18725,18724,2,-2,2.0
18724,18725,18724,1,-1,1.0
18723,18725,18725,2,2,2.0
18723,18725,18723,1,-1,1.0
18723,18724,18723,3,-3,3.0
18723,18724,18723,2,-2,2.0
18723,18724,18723,1,-1,1.0
18723,18724,18723,1,-1,1.0
18723,18724,18724,1,1,1.0
18723,18724,18724,1,1,1.0
18724,18725,18724,1,-1,1.0
18723,18724,18723,1,-1,1.0
18722,18723,18723,1,1,1.0
18722,18724,18722,1,-1,1.0
18723,18724,18724,1,1,1.0
18723,18724,18723,1,-1,1.0
18722,18724,18724,1,1,1.0
18722,18723,18722,1,-1,1.0
18722,18723,18722,1,-1,1.0
18722,18723,18722,2,-2,2.0
18722,18723,18722,1,-1,1.0
18722,18723,18722,2,-2,2.0
18720,18722,18720,6,-6,6.0
18720,18722,18720,1,-1,1.0
18718,18720,18720,1,1,1.0
18719,18721,18719,1,-1,1.0
18719,18720,18719,1,-1,1.0
18719,18720,18719,1,-1,1.0
18719,18720,18719,1,-1,1.0
18718,18719,18719,10,10,10.0
18718,18719,18720,2,2,-2.0
18718,18719,18719,1,1,1.0
18718,18719,18719,1,1,1.0
18719,18720,18720,1,1,1.0
18719,18720,18719,1,-1,1.0
18719,18720,18719,3,-3,3.0
18719,18720,18719,4,-4,4.0
18718,18719,18718,2,-2,2.0
18718,18719,18718,2,-2,2.0
18718,18719,18718,2,-2,2.0
18717,18718,18717,1,-1,1.0
18717,18718,18717,1,-1,1.0
18717,18718,18717,1,-1,1.0
18716,18717,18717,1,1,1.0
18716,18717,18717,1,1,1.0
18716,18718,18716,1,-1,1.0
18716,18718,18716,1,-1,1.0
18716,18718,18716,1,-1,1.0
18717,18718,18717,1,-1,1.0
18716,18717,18717,1,1,1.0
18716,18717,18717,1,1,1.0
18717,18718,18717,1,-1,1.0
18717,18718,18717,2,-2,2.0
18717,18718,18718,2,2,2.0
18717,18718,18718,1,1,1.0
18717,18718,18718,1,1,1.0
18718,18719,18719,1,1,1.0
18719,18720,18719,1,-1,1.0
18719,18720,18719,1,-1,1.0
18719,18720,18720,1,1,1.0
18719,18720,18720,1,1,1.0
18719,18720,18720,1,1,1.0
18719,18720,18720,1,1,1.0
18720,18721,18720,1,-1,1.0
18719,18720,18719,2,-2,2.0
18719,18720,18720,2,2,2.0
18720,18721,18721,1,1,1.0
18720,18721,18721,1,1,1.0
18722,18723,18723,1,1,1.0
18722,18723,18722,1,-1,1.0
18722,18723,18723,1,1,1.0
18722,18723,18723,1,1,1.0
18722,18723,18723,1,1,1.0
18722,18723,18723,1,1,1.0
18722,18723,18723,1,1,1.0
18722,18723,18723,1,1,1.0
18722,18723,18722,1,-1,1.0
18722,18723,18723,2,2,2.0
18722,18723,18723,3,3,3.0
18722,18724,18724,1,1,1.0
18723,18724,18723,2,-2,2.0
18722,18723,18723,1,1,1.0
18722,18724,18724,1,1,1.0
18723,18724,18723,2,-2,2.0
18722,18723,18722,1,-1,1.0
18722,18723,18722,5,-5,5.0
18721,18722,18721,1,-1,1.0
18721,18722,18722,2,2,2.0
18721,18722,18722,1,1,1.0
18721,18722,18722,3,3,3.0
18721,18722,18722,7,7,7.0
18721,18722,18722,2,2,2.0
18721,18722,18722,1,1,1.0
18721,18722,18722,3,3,3.0
18721,18722,18722,1,1,1.0
18721,18722,18722,1,1,1.0
18721,18722,18722,1,1,1.0
18721,18722,18722,1,1,1.0
18721,18722,18722,1,1,1.0
18721,18722,18722,1,1,1.0
18721,18722,18722,1,1,1.0
18721,18722,18722,1,1,1.0
18721,18722,18722,1,1,1.0
18721,18722,18722,1,1,1.0
18721,18722,18722,1,1,1.0
18721,18722,18722,1,1,1.0
18721,18722,18722,1,1,1.0
18721,18722,18722,1,1,1.0
18721,18722,18721,2,-2,2.0
18720,18721,18720,1,-1,1.0
18719,18720,18720,1,1,1.0
18718,18720,18720,1,1,1.0
18718,18720,18718,1,-1,1.0
18719,18720,18720,1,1,1.0
18719,18721,18720,2,2,-2.0
18720,18721,18721,1,1,1.0
18721,18722,18721,1,-1,1.0
18721,18722,18722,1,1,1.0
18721,18722,18722,1,1,1.0
18721,18722,18722,14,14,14.0
18722,18723,18723,1,1,1.0
18722,18723,18723,3,3,3.0
18723,18724,18724,3,3,3.0
18723,18724,18724,1,1,1.0
18724,18725,18724,1,-1,1.0
18724,18725,18724,7,-7,7.0
18724,18725,18724,2,-2,2.0
18724,18725,18724,1,-1,1.0
18722,18724,18724,3,3,3.0
18723,18725,18725,5,5,5.0
18724,18725,18725,1,1,1.0
18724,18725,18725,1,1,1.0
18724,18725,18724,1,-1,1.0
18724,18725,18725,2,2,2.0
18724,18725,18725,2,2,2.0
18724,18725,18724,1,-1,1.0
18724,18726,18724,2,-2,2.0
18724,18725,18725,1,1,1.0
18725,18726,18725,1,-1,1.0
18723,18725,18725,1,1,1.0
18723,18724,18724,1,1,1.0
18724,18725,18724,1,-1,1.0
18724,18725,18724,1,-1,1.0
18724,18725,18724,2,-2,2.0
18723,18725,18725,2,2,2.0
18724,18725,18724,1,-1,1.0
18723,18724,18723,1,-1,1.0
18723,18724,18724,1,1,1.0
18723,18724,18724,2,2,2.0
18723,18724,18724,1,1,1.0
18724,18725,18724,1,-1,1.0
18723,18725,18724,1,-1,1.0
18724,18725,18724,1,-1,1.0
18724,18725,18724,1,-1,1.0
18724,18725,18723,1,-1,1.0
18724,18725,18723,1,-1,1.0
18723,18725,18723,5,-5,5.0
18723,18725,18723,5,-5,5.0
18723,18725,18723,5,-5,5.0
18723,18725,18723,5,-5,5.0
18723,18725,18723,5,-5,5.0
18723,18725,18723,5,-5,5.0
18724,18725,18725,1,1,1.0
18724,18726,18726,1,1,1.0
18724,18726,18726,1,1,1.0
18724,18726,18726,1,1,1.0
18724,18726,18726,1,1,1.0
18724,18726,18726,1,1,1.0
18724,18726,18726,1,1,1.0
18724,18726,18726,1,1,1.0
18724,18726,18726,1,1,1.0
18724,18726,18726,1,1,1.0
18724,18726,18726,1,1,1.0
18724,18725,18725,1,1,1.0
18724,18725,18725,1,1,1.0
18724,18725,18725,1,1,1.0
18724,18725,18725,2,2,2.0
18725,18726,18725,1,-1,1.0
18724,18725,18724,2,-2,2.0
18723,18724,18723,2,-2,2.0
18723,18724,18723,4,-4,4.0
18723,18724,18723,1,-1,1.0
18723,18724,18723,2,-2,2.0
18723,18724,18723,1,-1,1.0
18722,18723,18722,5,-5,5.0
18722,18723,18722,4,-4,4.0
18722,18723,18722,2,-2,2.0
18721,18722,18722,1,1,1.0
18721,18722,18721,1,-1,1.0
18720,18721,18720,1,-1,1.0
18720,18721,18720,1,-1,1.0
18719,18720,18720,1,1,1.0
18719,18720,18720,2,2,2.0
18720,18721,18720,2,-2,2.0
18720,18721,18721,1,1,1.0
18720,18722,18721,2,2,-2.0
18720,18721,18720,1,-1,1.0
18719,18720,18719,2,-2,2.0
18719,18720,18719,1,-1,1.0
18718,18719,18718,3,-3,3.0
18718,18719,18718,2,-2,2.0
18718,18719,18719,1,1,1.0
18718,18719,18718,1,-1,1.0
18718,18719,18718,1,-1,1.0
18718,18719,18718,2,-2,2.0
18718,18719,18718,1,-1,1.0
18718,18719,18718,1,-1,1.0
18718,18719,18718,4,-4,4.0
18718,18719,18718,1,-1,1.0
18718,18719,18718,1,-1,1.0
18717,18718,18717,19,-19,19.0
18716,18717,18717,1,1,1.0
18716,18717,18717,1,1,1.0
18717,18719,18717,1,-1,1.0
18717,18718,18717,5,-5,5.0
18716,18717,18717,15,15,15.0
18716,18717,18716,1,-1,1.0
18716,18717,18716,1,-1,1.0
18716,18717,18716,2,-2,2.0
18716,18717,18716,2,-2,2.0
18716,18717,18716,2,-2,2.0
18716,18717,18716,1,-1,1.0
18716,18717,18716,2,-2,2.0
18716,18717,18716,1,-1,1.0
18716,18717,18716,1,-1,1.0
18716,18717,18716,1,-1,1.0
18716,18717,18716,1,-1,1.0
18716,18717,18716,1,-1,1.0
18716,18717,18716,2,-2,2.0
18716,18717,18716,3,-3,3.0
18715,18716,18716,1,1,1.0
18716,18717,18717,1,1,1.0
18716,18717,18717,2,2,2.0
18716,18717,18717,1,1,1.0
18718,18719,18718,2,-2,2.0
18718,18719,18717,1,-1,1.0
18718,18719,18719,1,1,1.0
18718,18719,18719,1,1,1.0
18719,18720,18719,1,-1,1.0
18717,18718,18717,1,-1,1.0
18717,18718,18718,1,1,1.0
18718,18719,18718,1,-1,1.0
18717,18718,18717,1,-1,1.0
18717,18718,18717,3,-3,3.0
18717,18718,18717,1,-1,1.0
18717,18718,18718,3,3,3.0
18718,18719,18718,1,-1,1.0
18717,18719,18719,1,1,1.0
18718,18720,18720,1,1,1.0
18719,18720,18720,1,1,1.0
18720,18721,18720,1,-1,1.0
18720,18721,18720,1,-1,1.0
18720,18721,18720,4,-4,4.0
18720,18721,18720,2,-2,2.0
18720,18721,18721,1,1,1.0
18720,18721,18721,1,1,1.0
18720,18721,18721,1,1,1.0
18720,18722,18720,1,-1,1.0
18720,18721,18721,1,1,1.0
18720,18721,18721,2,2,2.0
18720,18721,18721,1,1,1.0
18720,18722,18721,2,2,-2.0
18720,18721,18721,1,1,1.0
18720,18721,18721,2,2,2.0
18720,18721,18720,3,-3,3.0
18718,18719,18719,1,1,1.0
18718,18720,18720,2,2,2.0
18718,18719,18718,1,-1,1.0
18718,18719,18718,1,-1,1.0
18717,18719,18717,1,-1,1.0
18717,18718,18717,1,-1,1.0
18716,18717,18717,1,1,1.0
18716,18717,18716,1,-1,1.0
18716,18717,18716,1,-1,1.0
18716,18717,18716,3,-3,3.0
18715,18716,18716,2,2,2.0
18716,18717,18717,1,1,1.0
18716,18717,18717,1,1,1.0
18716,18717,18716,1,-1,1.0
18716,18717,18717,6,6,6.0
18719,18720,18720,1,1,1.0
18719,18721,18721,5,5,5.0
18720,18721,18721,1,1,1.0
18719,18721,18719,9,-9,9.0
18719,18720,18719,2,-2,2.0
18719,18720,18719,1,-1,1.0
18719,18720,18719,1,-1,1.0
18718,18719,18718,1,-1,1.0
18718,18719,18718,1,-1,1.0
18718,18719,18718,2,-2,2.0
18718,18719,18718,1,-1,1.0
18718,18719,18718,1,-1,1.0
18718,18719,18718,3,-3,3.0
18718,18719,18718,1,-1,1.0
18718,18719,18718,7,-7,7.0
18717,18718,18717,10,-10,10.0
18716,18717,18716,1,-1,1.0
18715,18716,18716,3,3,3.0
18715,18716,18715,1,-1,1.0
18715,18716,18715,38,-38,38.0
18715,18716,18714,1,-1,1.0
18714,18715,18714,1,-1,1.0
18714,18715,18714,13,-13,13.0
18713,18714,18713,5,-5,5.0
18713,18714,18713,1,-1,1.0
18713,18714,18713,3,-3,3.0
18713,18714,18713,1,-1,1.0
18713,18714,18713,1,-1,1.0
18713,18714,18714,1,1,1.0
18713,18714,18714,1,1,1.0
18713,18714,18713,5,-5,5.0
18712,18713,18712,1,-1,1.0
18712,18713,18712,1,-1,1.0
18712,18713,18712,1,-1,1.0
18712,18713,18712,1,-1,1.0
18712,18713,18712,3,-3,3.0
18712,18713,18712,1,-1,1.0
18712,18713,18712,1,-1,1.0
18712,18713,18712,2,-2,2.0
18712,18713,18712,1,-1,1.0
18711,18712,18711,1,-1,1.0
18711,18712,18711,2,-2,2.0
18711,18712,18712,5,5,5.0
18711,18712,18711,1,-1,1.0
18711,18712,18711,1,-1,1.0
18711,18712,18711,5,-5,5.0
18710,18711,18710,3,-3,3.0
18710,18711,18710,1,-1,1.0
18710,18711,18710,1,-1,1.0
18710,18711,18710,2,-2,2.0
18710,18711,18711,1,1,1.0
18710,18711,18710,1,-1,1.0
18710,18711,18711,1,1,1.0
18711,18712,18711,1,-1,1.0
18711,18712,18712,5,5,5.0
18711,18712,18711,1,-1,1.0
18711,18712,18712,1,1,1.0
18711,18712,18712,2,2,2.0
18712,18713,18712,1,-1,1.0
18712,18714,18712,1,-1,1.0
18712,18713,18712,1,-1,1.0
18712,18713,18712,1,-1,1.0
18711,18713,18711,1,-1,1.0
18711,18713,18711,1,-1,1.0
18712,18714,18712,2,-2,2.0
18712,18714,18712,1,-1,1.0
18712,18714,18712,1,-1,1.0
18712,18714,18712,1,-1,1.0
18712,18714,18712,1,-1,1.0
18712,18713,18712,1,-1,1.0
18712,18713,18712,1,-1,1.0
18712,18713,18712,1,-1,1.0
18712,18713,18713,2,2,2.0
18712,18714,18712,1,-1,1.0
18713,18714,18713,1,-1,1.0
18713,18714,18714,1,1,1.0
18713,18714,18714,1,1,1.0
18713,18715,18713,1,-1,1.0
18713,18715,18713,1,-1,1.0
18713,18715,18713,1,-1,1.0
18713,18715,18713,1,-1,1.0
18711,18713,18712,1,-1,1.0
18712,18713,18712,1,-1,1.0
18712,18714,18712,1,-1,1.0
18713,18715,18713,1,-1,1.0
18714,18715,18714,1,-1,1.0
18713,18715,18713,1,-1,1.0
18713,18715,18713,1,-1,1.0
18714,18715,18715,1,1,1.0
18714,18716,18716,1,1,1.0
18714,18716,18716,1,1,1.0
18714,18716,18716,1,1,1.0
18714,18716,18716,1,1,1.0
18715,18716,18716,1,1,1.0
18716,18717,18717,2,2,2.0
18716,18718,18717,1,1,-1.0
18717,18718,18718,1,1,1.0
18717,18718,18718,2,2,2.0
18718,18719,18718,1,-1,1.0
18718,18719,18719,1,1,1.0
18718,18719,18719,4,4,4.0
18718,18719,18719,1,1,1.0
18718,18720,18720,2,2,2.0
18718,18720,18720,2,2,2.0
18719,18720,18720,1,1,1.0
18719,18720,18720,1,1,1.0
18720,18721,18721,1,1,1.0
18720,18721,18721,1,1,1.0
18720,18721,18721,1,1,1.0
18720,18721,18721,1,1,1.0
18720,18722,18721,1,1,-1.0
18721,18722,18722,1,1,1.0
18721,18722,18722,1,1,1.0
18721,18722,18722,1,1,1.0
18722,18723,18723,1,1,1.0
18722,18723,18723,2,2,2.0
18722,18723,18722,1,-1,1.0
18722,18723,18722,1,-1,1.0
18720,18721,18721,3,3,3.0
18720,18721,18720,1,-1,1.0
18720,18721,18721,1,1,1.0
18721,18722,18721,1,-1,1.0
18719,18721,18721,1,1,1.0
18720,18721,18721,3,3,3.0
18721,18722,18721,1,-1,1.0
18721,18722,18722,1,1,1.0
18721,18722,18722,3,3,3.0
18722,18723,18723,1,1,1.0
18722,18723,18723,2,2,2.0
18722,18723,18723,1,1,1.0
18722,18723,18723,2,2,2.0
18723,18724,18723,1,-1,1.0
18723,18724,18724,1,1,1.0
18723,18724,18724,1,1,1.0
18723,18724,18724,5,5,5.0
18723,18724,18724,1,1,1.0
18723,18724,18724,6,6,6.0
18724,18725,18725,3,3,3.0
18724,18725,18725,1,1,1.0
18724,18725,18724,1,-1,1.0
18724,18725,18725,1,1,1.0
18724,18725,18724,1,-1,1.0
18724,18725,18725,1,1,1.0
18724,18725,18725,1,1,1.0
18725,18726,18726,1,1,1.0
18725,18726,18726,3,3,3.0
18725,18726,18726,1,1,1.0
18725,18726,18726,1,1,1.0
18725,18726,18726,1,1,1.0
18725,18726,18726,1,1,1.0
18725,18726,18726,1,1,1.0
18725,18726,18726,1,1,1.0
18726,18727,18727,1,1,1.0
18726,18727,18727,1,1,1.0
18727,18728,18728,1,1,1.0
18727,18728,18728,1,1,1.0
18727,18728,18728,1,1,1.0
18727,18728,18727,2,-2,2.0
18727,18728,18728,2,2,2.0
18727,18728,18728,6,6,6.0
18727,18728,18728,1,1,1.0
18728,18729,18729,4,4,4.0
18728,18729,18729,6,6,6.0
18729,18730,18729,10,-10,10.0
18729,18730,18729,1,-1,1.0
18729,18730,18729,2,-2,2.0
18728,18730,18730,1,1,1.0
18728,18730,18730,1,1,1.0
18728,18730,18730,1,1,1.0
18728,18729,18729,1,1,1.0
18728,18729,18728,2,-2,2.0
18727,18728,18728,1,1,1.0
18728,18729,18729,1,1,1.0
18729,18730,18729,1,-1,1.0
18728,18729,18729,3,3,3.0
18728,18729,18729,1,1,1.0
18728,18729,18728,1,-1,1.0
18728,18729,18728,1,-1,1.0
18728,18729,18728,3,-3,3.0
18728,18729,18728,1,-1,1.0
18728,18729,18728,1,-1,1.0
18728,18729,18728,3,-3,3.0
18727,18728,18727,2,-2,2.0
18727,18728,18727,4,-4,4.0
18727,18728,18727,2,-2,2.0
18727,18728,18727,11,-11,11.0
18727,18728,18727,9,-9,9.0
18726,18727,18727,1,1,1.0
18726,18727,18727,2,2,2.0
18726,18727,18727,1,1,1.0
18726,18727,18726,1,-1,1.0
18726,18727,18726,1,-1,1.0
18725,18726,18726,1,1,1.0
18725,18726,18726,2,2,2.0
18725,18726,18725,1,-1,1.0
18724,18725,18725,2,2,2.0
18724,18725,18724,1,-1,1.0
18724,18725,18724,1,-1,1.0
18724,18725,18724,1,-1,1.0
18723,18724,18723,1,-1,1.0
18723,18724,18723,1,-1,1.0
18721,18722,18721,1,-1,1.0
18719,18721,18719,1,-1,1.0
18719,18721,18719,1,-1,1.0
18718,18719,18718,1,-1,1.0
18716,18717,18716,1,-1,1.0
18716,18717,18716,1,-1,1.0
18716,18717,18716,1,-1,1.0
18715,18716,18716,1,1,1.0
18715,18716,18716,1,1,1.0
18715,18716,18715,2,-2,2.0
18714,18715,18714,1,-1,1.0
18715,18716,18715,6,-6,6.0
18715,18716,18714,8,-8,8.0
18714,18715,18714,1,-1,1.0
18714,18715,18715,1,1,1.0
18714,18715,18715,3,3,3.0
18714,18715,18715,1,1,1.0
18714,18715,18715,1,1,1.0
18715,18716,18715,1,-1,1.0
18715,18716,18715,1,-1,1.0
18714,18715,18715,1,1,1.0
18714,18715,18715,1,1,1.0
18714,18715,18715,1,1,1.0
18714,18715,18715,1,1,1.0
18716,18717,18716,1,-1,1.0
18715,18716,18715,3,-3,3.0
18715,18716,18715,1,-1,1.0
18714,18715,18715,1,1,1.0
18714,18715,18715,1,1,1.0
18714,18715,18715,4,4,4.0
18714,18715,18715,1,1,1.0
18714,18715,18715,1,1,1.0
18714,18715,18715,1,1,1.0
18714,18715,18715,2,2,2.0
18714,18715,18715,2,2,2.0
18714,18715,18715,1,1,1.0
18715,18716,18715,1,-1,1.0
18714,18715,18714,3,-3,3.0
18714,18715,18714,1,-1,1.0
18714,18715,18714,1,-1,1.0
18714,18715,18714,1,-1,1.0
18713,18715,18715,1,1,1.0
18713,18715,18713,1,-1,1.0
18713,18714,18713,2,-2,2.0
18712,18714,18714,11,11,11.0
18712,18714,18715,25,25,-25.0
18715,18716,18715,11,-11,11.0
18715,18716,18715,1,-1,1.0
18715,18716,18715,1,-1,1.0
18713,18714,18713,1,-1,1.0
18714,18715,18714,6,-6,6.0
18715,18716,18716,1,1,1.0
18715,18716,18716,1,1,1.0
18715,18716,18716,13,13,13.0
18715,18716,18715,1,-1,1.0
18715,18716,18714,1,-1,1.0
18715,18716,18714,1,-1,1.0
18714,18716,18714,1,-1,1.0
18714,18715,18714,1,-1,1.0
18714,18715,18715,3,3,3.0
18714,18715,18715,1,1,1.0
18714,18715,18715,1,1,1.0
18716,18717,18716,1,-1,1.0
18713,18714,18714,1,1,1.0
18713,18714,18714,1,1,1.0
18714,18715,18714,1,-1,1.0
18713,18714,18714,1,1,1.0
18715,18716,18716,1,1,1.0
18716,18717,18717,1,1,1.0
18716,18717,18717,1,1,1.0
18716,18718,18716,1,-1,1.0
18716,18718,18716,1,-1,1.0
18716,18717,18716,1,-1,1.0
18716,18717,18716,1,-1,1.0
18716,18718,18718,1,1,1.0
18715,18716,18716,1,1,1.0
18716,18717,18716,1,-1,1.0
18715,18716,18715,1,-1,1.0
18715,18716,18715,2,-2,2.0
18715,18716,18715,1,-1,1.0
18715,18716,18715,2,-2,2.0
18715,18716,18715,1,-1,1.0
18714,18715,18714,1,-1,1.0
18714,18715,18715,1,1,1.0
18714,18715,18714,1,-1,1.0
18714,18715,18714,1,-1,1.0
18714,18715,18714,1,-1,1.0
18714,18715,18714,1,-1,1.0
18714,18715,18714,1,-1,1.0
18713,18714,18714,1,1,1.0
18714,18715,18715,1,1,1.0
18714,18716,18714,1,-1,1.0
18713,18714,18713,2,-2,2.0
18712,18713,18712,1,-1,1.0
18712,18713,18712,8,-8,8.0
18712,18713,18711,2,-2,2.0
18710,18712,18710,2,-2,2.0
18710,18712,18710,2,-2,2.0
18710,18712,18710,1,-1,1.0
18710,18712,18710,1,-1,1.0
18710,18712,18710,1,-1,1.0
18710,18712,18710,1,-1,1.0
18711,18712,18712,1,1,1.0
18711,18713,18711,1,-1,1.0
18712,18713,18713,1,1,1.0
18712,18714,18712,1,-1,1.0
18712,18714,18712,1,-1,1.0
18712,18713,18713,1,1,1.0
18713,18714,18714,1,1,1.0
18716,18717,18716,1,-1,1.0
18715,18716,18716,1,1,1.0
18716,18717,18716,1,-1,1.0
18715,18716,18715,1,-1,1.0
18715,18716,18715,2,-2,2.0
18714,18715,18714,1,-1,1.0
18714,18715,18714,1,-1,1.0
18714,18715,18715,1,1,1.0
18716,18717,18717,3,3,3.0
18717,18719,18719,1,1,1.0
18717,18718,18717,1,-1,1.0
18717,18718,18717,1,-1,1.0
18715,18717,18717,2,2,2.0
18716,18717,18717,1,1,1.0
18716,18717,18717,1,1,1.0
18717,18718,18718,2,2,2.0
18718,18719,18719,1,1,1.0
18718,18719,18718,1,-1,1.0
18716,18718,18717,1,-1,1.0
18715,18717,18717,1,1,1.0
18715,18717,18716,1,1,-1.0
18716,18717,18716,1,-1,1.0
18716,18717,18716,1,-1,1.0
18716,18717,18716,1,-1,1.0
18715,18716,18715,1,-1,1.0
18714,18715,18714,3,-3,3.0
18713,18715,18713,1,-1,1.0
18713,18714,18714,1,1,1.0
18713,18714,18713,1,-1,1.0
18713,18714,18713,1,-1,1.0
18712,18714,18712,1,-1,1.0
18712,18713,18713,1,1,1.0
18713,18714,18713,1,-1,1.0
18712,18713,18713,1,1,1.0
18712,18713,18713,1,1,1.0
18712,18713,18713,1,1,1.0
18712,18713,18713,6,6,6.0
18713,18714,18714,1,1,1.0
18714,18715,18714,1,-1,1.0
18715,18716,18716,1,1,1.0
18716,18718,18718,2,2,2.0
18716,18718,18716,1,-1,1.0
18716,18718,18716,1,-1,1.0
18717,18718,18718,1,1,1.0
18718,18719,18718,1,-1,1.0
18718,18719,18719,3,3,3.0
18719,18720,18720,1,1,1.0
18719,18720,18720,3,3,3.0
18720,18721,18720,1,-1,1.0
18720,18721,18721,2,2,2.0
18720,18721,18721,1,1,1.0
18721,18722,18721,2,-2,2.0
18721,18722,18721,1,-1,1.0
18721,18722,18721,2,-2,2.0
18720,18721,18721,1,1,1.0
18720,18722,18720,1,-1,1.0
18721,18722,18721,1,-1,1.0
18721,18722,18722,2,2,2.0
18722,18723,18723,2,2,2.0
18723,18724,18724,3,3,3.0
18723,18724,18724,2,2,2.0
18723,18724,18724,1,1,1.0
18723,18724,18724,3,3,3.0
18724,18725,18725,2,2,2.0
18724,18725,18725,1,1,1.0
18724,18725,18725,1,1,1.0
18724,18725,18725,1,1,1.0
18724,18725,18725,1,1,1.0
18724,18725,18725,1,1,1.0
18724,18725,18725,1,1,1.0
18725,18726,18725,1,-1,1.0
18725,18726,18725,1,-1,1.0
18724,18725,18724,1,-1,1.0
18723,18724,18723,1,-1,1.0
18724,18725,18724,1,-1,1.0
18724,18725,18724,3,-3,3.0
18723,18724,18724,1,1,1.0
18724,18725,18725,5,5,5.0
18725,18726,18726,9,9,9.0
18725,18726,18727,2,2,-2.0
18725,18726,18727,5,5,-5.0
18727,18728,18727,2,-2,2.0
18724,18726,18724,4,-4,4.0
18724,18725,18725,3,3,3.0
18725,18726,18725,1,-1,1.0
18724,18726,18724,1,-1,1.0
18724,18725,18725,1,1,1.0
18724,18725,18725,1,1,1.0
18725,18726,18725,1,-1,1.0
18724,18725,18725,1,1,1.0
18724,18726,18726,2,2,2.0
18724,18725,18724,1,-1,1.0
18723,18724,18723,3,-3,3.0
18722,18723,18722,1,-1,1.0
18722,18723,18722,1,-1,1.0
18722,18723,18722,1,-1,1.0
18721,18723,18722,2,-2,2.0
18722,18723,18722,1,-1,1.0
18721,18722,18722,3,3,3.0
18722,18723,18722,1,-1,1.0
18722,18723,18723,1,1,1.0
18723,18725,18725,1,1,1.0
18723,18725,18725,1,1,1.0
18725,18726,18726,5,5,5.0
18726,18727,18727,8,8,8.0
18727,18728,18728,1,1,1.0
18727,18728,18728,1,1,1.0
18727,18728,18728,1,1,1.0
18727,18728,18728,1,1,1.0
18727,18728,18728,1,1,1.0
18727,18729,18727,1,-1,1.0
18727,18729,18729,1,1,1.0
18727,18728,18728,8,8,8.0
18728,18729,18728,1,-1,1.0
18728,18729,18728,2,-2,2.0
18727,18728,18728,2,2,2.0
18727,18728,18727,1,-1,1.0
18726,18727,18726,1,-1,1.0
18725,18726,18726,2,2,2.0
18726,18727,18726,1,-1,1.0
18725,18726,18725,1,-1,1.0
18724,18726,18726,1,1,1.0
18725,18726,18726,1,1,1.0
18725,18726,18726,1,1,1.0
18725,18727,18727,1,1,1.0
18725,18726,18725,1,-1,1.0
18724,18725,18724,2,-2,2.0
18723,18724,18724,1,1,1.0
18723,18724,18724,1,1,1.0
18723,18724,18724,1,1,1.0
18724,18725,18725,2,2,2.0
18724,18725,18726,13,13,-13.0
18724,18725,18727,1,1,-1.0
18726,18727,18727,1,1,1.0
18726,18727,18727,1,1,1.0
18728,18729,18728,1,-1,1.0
18727,18728,18728,1,1,1.0
18727,18728,18728,2,2,2.0
18728,18729,18728,1,-1,1.0
18727,18729,18729,3,3,3.0
18727,18729,18729,2,2,2.0
18728,18729,18728,1,-1,1.0
18727,18728,18728,1,1,1.0
18727,18728,18728,4,4,4.0
18728,18729,18728,1,-1,1.0
18727,18728,18728,1,1,1.0
18727,18728,18728,1,1,1.0
18727,18728,18728,1,1,1.0
18727,18728,18728,1,1,1.0
18727,18728,18728,1,1,1.0
18727,18728,18728,1,1,1.0
18728,18729,18729,5,5,5.0
18728,18729,18729,2,2,2.0
18728,18729,18729,1,1,1.0
18728,18729,18729,1,1,1.0
18728,18729,18729,1,1,1.0
18728,18729,18729,1,1,1.0
18728,18729,18729,1,1,1.0
18728,18729,18728,1,-1,1.0
18728,18729,18728,1,-1,1.0
18728,18729,18729,2,2,2.0
18729,18730,18730,1,1,1.0
18729,18730,18730,1,1,1.0
18729,18730,18730,2,2,2.0
18729,18730,18730,3,3,3.0
18729,18730,18730,1,1,1.0
18729,18730,18730,1,1,1.0
18729,18730,18730,3,3,3.0
18729,18730,18730,1,1,1.0
18729,18730,18730,1,1,1.0
18729,18730,18730,1,1,1.0
18729,18730,18730,1,1,1.0
18729,18730,18730,1,1,1.0
18729,18730,18730,2,2,2.0
18729,18730,18730,1,1,1.0
18730,18731,18730,1,-1,1.0
18730,18731,18730,3,-3,3.0
18730,18731,18730,1,-1,1.0
18730,18731,18730,2,-2,2.0
18729,18730,18730,1,1,1.0
18730,18731,18731,2,2,2.0
18730,18731,18731,3,3,3.0
18731,18732,18732,1,1,1.0
18731,18732,18732,5,5,5.0
18731,18732,18732,2,2,2.0
18731,18732,18733,3,3,-3.0
18731,18733,18733,2,2,2.0
18731,18733,18733,4,4,4.0
18731,18733,18733,1,1,1.0
18731,18733,18732,1,1,-1.0
18731,18733,18732,1,1,-1.0
18731,18732,18731,9,-9,9.0
18731,18732,18731,1,-1,1.0
18731,18732,18731,3,-3,3.0
18731,18732,18731,1,-1,1.0
18731,18732,18731,1,-1,1.0
18731,18732,18731,2,-2,2.0
18731,18732,18731,5,-5,5.0
18731,18732,18731,6,-6,6.0
18731,18732,18731,3,-3,3.0
18731,18732,18730,1,-1,1.0
18731,18732,18730,1,-1,1.0
18729,18730,18730,1,1,1.0
18730,18731,18731,1,1,1.0
18730,18731,18731,1,1,1.0
18730,18731,18731,1,1,1.0
18730,18731,18732,1,1,-1.0
18730,18731,18732,1,1,-1.0
18730,18731,18730,1,-1,1.0
18729,18730,18729,1,-1,1.0
18729,18730,18729,1,-1,1.0
18728,18729,18729,1,1,1.0
18729,18731,18731,1,1,1.0
18729,18731,18731,1,1,1.0
18728,18730,18730,1,1,1.0
18728,18729,18728,1,-1,1.0
18728,18729,18728,2,-2,2.0
18728,18729,18728,1,-1,1.0
18727,18728,18728,1,1,1.0
18727,18728,18728,1,1,1.0
18727,18728,18728,1,1,1.0
18728,18730,18730,1,1,1.0
18728,18730,18728,1,-1,1.0
18728,18729,18728,1,-1,1.0
18728,18729,18729,1,1,1.0
18728,18729,18728,1,-1,1.0
18726,18727,18727,2,2,2.0
18727,18728,18727,1,-1,1.0
18727,18728,18727,1,-1,1.0
18727,18728,18727,1,-1,1.0
18727,18728,18727,1,-1,1.0
18726,18727,18727,1,1,1.0
18726,18727,18726,2,-2,2.0
18725,18726,18726,1,1,1.0
18725,18726,18726,2,2,2.0
18726,18727,18726,1,-1,1.0
18725,18726,18725,4,-4,4.0
18725,18726,18725,1,-1,1.0
18724,18725,18724,1,-1,1.0
18724,18725,18724,1,-1,1.0
18724,18725,18724,2,-2,2.0
18723,18724,18724,1,1,1.0
18723,18724,18724,1,1,1.0
18724,18725,18724,1,-1,1.0
18724,18725,18725,1,1,1.0
18724,18726,18724,2,-2,2.0
18725,18726,18726,1,1,1.0
18725,18726,18726,1,1,1.0
18726,18727,18727,1,1,1.0
18727,18728,18727,1,-1,1.0
18727,18728,18727,1,-1,1.0
18727,18728,18727,1,-1,1.0
18727,18728,18727,2,-2,2.0
18725,18726,18726,1,1,1.0
18726,18727,18727,2,2,2.0
18726,18727,18727,1,1,1.0
18727,18728,18728,2,2,2.0
18727,18728,18727,1,-1,1.0
18727,18728,18727,1,-1,1.0
18726,18727,18727,1,1,1.0
18726,18727,18727,1,1,1.0
18726,18727,18727,1,1,1.0
18727,18728,18727,1,-1,1.0
18727,18728,18728,1,1,1.0
18728,18729,18729,1,1,1.0
18728,18729,18729,1,1,1.0
18728,18729,18728,1,-1,1.0
18727,18728,18728,1,1,1.0
18727,18728,18728,1,1,1.0
18727,18729,18729,1,1,1.0
18728,18729,18728,1,-1,1.0
18727,18728,18728,1,1,1.0
18728,18729,18728,1,-1,1.0
18727,18728,18727,1,-1,1.0
18727,18728,18727,1,-1,1.0
18727,18728,18728,3,3,3.0
18728,18729,18729,3,3,3.0
18728,18729,18729,1,1,1.0
18728,18729,18729,2,2,2.0
18729,18730,18729,1,-1,1.0
18728,18730,18729,1,-1,1.0
18727,18728,18728,1,1,1.0
18726,18727,18726,1,-1,1.0
18726,18727,18726,1,-1,1.0
18725,18727,18725,2,-2,2.0
18725,18726,18725,8,-8,8.0
18725,18726,18725,1,-1,1.0
18723,18724,18723,1,-1,1.0
18722,18724,18723,1,-1,1.0
18722,18723,18722,1,-1,1.0
18722,18723,18722,1,-1,1.0
18722,18723,18722,2,-2,2.0
18722,18723,18722,2,-2,2.0
18722,18724,18722,2,-2,2.0
18721,18722,18722,2,2,2.0
18721,18722,18722,1,1,1.0
18722,18723,18722,1,-1,1.0
18721,18723,18722,1,-1,1.0
18721,18723,18722,1,-1,1.0
18722,18723,18722,1,-1,1.0
18722,18723,18722,1,-1,1.0
18722,18723,18722,2,-2,2.0
18721,18722,18721,1,-1,1.0
18721,18722,18721,2,-2,2.0
18721,18722,18721,1,-1,1.0
18721,18722,18721,1,-1,1.0
18720,18721,18721,1,1,1.0
18721,18722,18721,3,-3,3.0
18721,18722,18721,1,-1,1.0
18720,18721,18721,2,2,2.0
18720,18721,18721,1,1,1.0
18720,18721,18721,1,1,1.0
18720,18721,18720,2,-2,2.0
18720,18721,18720,1,-1,1.0
18719,18721,18719,1,-1,1.0
18721,18722,18722,3,3,3.0
18721,18722,18722,1,1,1.0
18721,18722,18722,3,3,3.0
18721,18722,18722,1,1,1.0
18721,18722,18722,1,1,1.0
18722,18723,18723,1,1,1.0
18723,18724,18724,2,2,2.0
18723,18724,18724,1,1,1.0
18723,18724,18724,1,1,1.0
18723,18724,18724,8,8,8.0
18724,18725,18725,1,1,1.0
18724,18725,18725,2,2,2.0
18726,18727,18727,1,1,1.0
18726,18727,18727,1,1,1.0
18728,18729,18729,1,1,1.0
18729,18730,18730,1,1,1.0
18729,18730,18730,3,3,3.0
18730,18731,18730,1,-1,1.0
18730,18731,18731,3,3,3.0
18731,18732,18732,8,8,8.0
18732,18733,18733,3,3,3.0
18732,18733,18734,5,5,-5.0
18732,18734,18734,1,1,1.0
18732,18734,18734,1,1,1.0
18732,18734,18734,4,4,4.0
18732,18734,18734,1,1,1.0
18731,18733,18733,1,1,1.0
18731,18733,18733,3,3,3.0
18732,18733,18732,1,-1,1.0
18732,18733,18733,1,1,1.0
18732,18734,18734,2,2,2.0
18732,18734,18734,6,6,6.0
18733,18734,18733,2,-2,2.0
18732,18734,18733,2,-2,2.0
18732,18734,18733,1,-1,1.0
18732,18734,18734,7,7,7.0
18733,18735,18734,1,1,-1.0
18733,18735,18735,8,8,8.0
18733,18735,18735,1,1,1.0
18735,18736,18735,1,-1,1.0
18735,18736,18735,1,-1,1.0
18735,18736,18735,1,-1,1.0
18735,18736,18735,2,-2,2.0
18735,18736,18735,1,-1,1.0
18735,18736,18735,1,-1,1.0
18735,18736,18735,1,-1,1.0
18735,18736,18735,1,-1,1.0
18735,18736,18735,2,-2,2.0
18735,18736,18735,5,-5,5.0
18735,18736,18735,1,-1,1.0
18735,18736,18735,3,-3,3.0
18735,18736,18735,1,-1,1.0
18735,18736,18735,2,-2,2.0
18735,18736,18735,1,-1,1.0
18735,18736,18735,1,-1,1.0
18735,18736,18735,1,-1,1.0
18735,18736,18735,7,-7,7.0
18733,18735,18735,1,1,1.0
18733,18734,18734,1,1,1.0
18733,18734,18733,1,-1,1.0
18733,18734,18733,1,-1,1.0
18732,18733,18733,1,1,1.0
18733,18734,18733,1,-1,1.0
18732,18733,18733,1,1,1.0
18732,18733,18733,1,1,1.0
18732,18733,18733,2,2,2.0
18732,18733,18733,1,1,1.0
18734,18735,18734,1,-1,1.0
18732,18734,18734,1,1,1.0
18732,18734,18732,1,-1,1.0
18731,18733,18733,1,1,1.0
18731,18732,18732,3,3,3.0
18731,18732,18732,1,1,1.0
18731,18732,18732,1,1,1.0
18731,18732,18732,1,1,1.0
18731,18732,18732,1,1,1.0
18731,18732,18732,1,1,1.0
18731,18732,18731,4,-4,4.0
18731,18732,18732,2,2,2.0
18731,18732,18731,1,-1,1.0
18731,18732,18731,1,-1,1.0
18731,18732,18731,1,-1,1.0
18728,18729,18728,2,-2,2.0
18726,18728,18726,2,-2,2.0
18725,18726,18725,1,-1,1.0
18725,18726,18725,1,-1,1.0
18722,18724,18722,3,-3,3.0
18722,18723,18722,2,-2,2.0
18722,18723,18722,2,-2,2.0
18722,18723,18721,2,-2,2.0
18722,18724,18724,2,2,2.0
18723,18724,18723,1,-1,1.0
18724,18725,18725,1,1,1.0
18726,18727,18726,1,-1,1.0
18724,18726,18725,1,-1,1.0
18726,18727,18726,1,-1,1.0
18727,18728,18727,2,-2,2.0
18726,18727,18726,1,-1,1.0
18725,18726,18725,1,-1,1.0
18724,18725,18725,1,1,1.0
18724,18725,18725,1,1,1.0
18724,18725,18724,1,-1,1.0
18724,18725,18724,9,-9,9.0
18724,18725,18724,1,-1,1.0
18726,18728,18726,1,-1,1.0
18726,18728,18728,1,1,1.0
18728,18729,18729,2,2,2.0
18727,18729,18728,8,8,-8.0
18727,18729,18729,1,1,1.0
18729,18730,18730,1,1,1.0
18729,18730,18730,2,2,2.0
18730,18731,18731,5,5,5.0
18730,18732,18732,1,1,1.0
18731,18732,18732,1,1,1.0
18732,18733,18733,1,1,1.0
18732,18733,18733,1,1,1.0
18732,18733,18733,1,1,1.0
18732,18733,18733,1,1,1.0
18733,18734,18734,5,5,5.0
18733,18735,18733,2,-2,2.0
18733,18735,18733,1,-1,1.0
18734,18735,18734,1,-1,1.0
18734,18735,18734,1,-1,1.0
18733,18734,18734,1,1,1.0
18733,18735,18733,2,-2,2.0
18733,18735,18735,2,2,2.0
18733,18735,18735,1,1,1.0
18733,18735,18735,1,1,1.0
18733,18735,18735,1,1,1.0
18734,18735,18735,2,2,2.0
18734,18735,18734,1,-1,1.0
18734,18735,18735,11,11,11.0
18734,18735,18734,1,-1,1.0
18734,18735,18734,2,-2,2.0
18734,18735,18734,1,-1,1.0
18734,18735,18734,1,-1,1.0
18733,18735,18734,1,-1,1.0
18733,18735,18733,2,-2,2.0
18733,18735,18733,1,-1,1.0
18733,18735,18733,6,-6,6.0
18733,18735,18735,2,2,2.0
18733,18735,18733,2,-2,2.0
18732,18734,18733,2,-2,2.0
18732,18733,18732,2,-2,2.0
18732,18734,18734,4,4,4.0
18734,18735,18735,1,1,1.0
18734,18735,18735,1,1,1.0
18734,18735,18735,1,1,1.0
18735,18736,18736,1,1,1.0
18735,18736,18736,1,1,1.0
18735,18736,18736,5,5,5.0
18735,18736,18736,3,3,3.0
18735,18736,18736,1,1,1.0
18735,18736,18736,2,2,2.0
18735,18736,18736,1,1,1.0
18735,18736,18736,1,1,1.0
18735,18736,18736,8,8,8.0
18736,18737,18737,1,1,1.0
18736,18737,18737,1,1,1.0
18736,18737,18737,27,27,27.0
18736,18737,18738,13,13,-13.0
18736,18737,18738,1,1,-1.0
18736,18738,18738,2,2,2.0
18736,18738,18738,1,1,1.0
18736,18738,18738,1,1,1.0
18736,18738,18736,1,-1,1.0
18736,18737,18737,1,1,1.0
18736,18738,18736,2,-2,2.0
18736,18737,18736,1,-1,1.0
18736,18737,18736,1,-1,1.0
18736,18737,18736,1,-1,1.0
18736,18737,18736,2,-2,2.0
18735,18736,18736,1,1,1.0
18736,18737,18737,1,1,1.0
18736,18738,18738,1,1,1.0
18736,18738,18738,1,1,1.0
18737,18738,18738,2,2,2.0
18737,18739,18739,1,1,1.0
18737,18739,18739,1,1,1.0
18737,18739,18739,1,1,1.0
18737,18739,18739,1,1,1.0
18737,18739,18739,1,1,1.0
18737,18739,18739,1,1,1.0
18737,18739,18739,1,1,1.0
18738,18739,18739,1,1,1.0
18737,18739,18739,1,1,1.0
18737,18739,18739,1,1,1.0
18737,18739,18739,1,1,1.0
18738,18739,18739,1,1,1.0
18738,18739,18739,1,1,1.0
18738,18739,18739,1,1,1.0
18738,18739,18738,1,-1,1.0
18738,18739,18738,1,-1,1.0
18738,18739,18738,2,-2,2.0
18735,18737,18737,1,1,1.0
18733,18735,18735,1,1,1.0
18733,18734,18733,4,-4,4.0
18732,18733,18733,1,1,1.0
18732,18734,18732,5,-5,5.0
18732,18733,18732,1,-1,1.0
18731,18732,18732,1,1,1.0
18731,18732,18732,1,1,1.0
18732,18733,18732,2,-2,2.0
18731,18732,18732,1,1,1.0
18731,18732,18732,1,1,1.0
18731,18732,18732,2,2,2.0
18732,18733,18733,1,1,1.0
18731,18732,18732,5,5,5.0
18732,18734,18734,2,2,2.0
18733,18734,18734,1,1,1.0
18733,18734,18734,1,1,1.0
18733,18734,18734,1,1,1.0
18734,18735,18735,1,1,1.0
18734,18736,18734,3,-3,3.0
18735,18737,18736,5,-5,5.0
18735,18737,18737,2,2,2.0
18734,18735,18735,1,1,1.0
18734,18735,18734,2,-2,2.0
18734,18735,18733,1,-1,1.0
18734,18735,18734,5,-5,5.0
18734,18735,18735,1,1,1.0
18734,18735,18735,7,7,7.0
18735,18736,18735,1,-1,1.0
18735,18736,18735,1,-1,1.0
18735,18736,18735,1,-1,1.0
18735,18736,18736,4,4,4.0
18735,18736,18735,1,-1,1.0
18735,18736,18735,1,-1,1.0
18734,18736,18734,1,-1,1.0
18737,18738,18738,1,1,1.0
18737,18738,18738,1,1,1.0
18738,18739,18739,2,2,2.0
18738,18739,18739,1,1,1.0
18738,18739,18739,1,1,1.0
18738,18739,18739,1,1,1.0
18738,18739,18739,3,3,3.0
18739,18740,18740,1,1,1.0
18739,18740,18740,2,2,2.0
18739,18740,18740,1,1,1.0
18739,18740,18740,1,1,1.0
18739,18740,18740,3,3,3.0
18739,18740,18740,1,1,1.0
18739,18740,18740,1,1,1.0
18739,18740,18740,1,1,1.0
18739,18740,18740,7,7,7.0
18740,18741,18741,1,1,1.0
18740,18741,18740,5,-5,5.0
18740,18741,18740,1,-1,1.0
18740,18741,18741,13,13,13.0
18740,18741,18742,18,18,-18.0
18740,18741,18742,5,5,-5.0
18740,18741,18742,1,1,-1.0
18740,18741,18742,3,3,-3.0
18740,18741,18742,1,1,-1.0
18740,18741,18742,1,1,-1.0
18740,18741,18742,1,1,-1.0
18741,18742,18742,2,2,2.0
18741,18742,18742,1,1,1.0
18741,18742,18742,5,5,5.0
18742,18743,18743,1,1,1.0
18742,18743,18743,1,1,1.0
18742,18743,18743,1,1,1.0
18742,18743,18743,1,1,1.0
18742,18743,18742,1,-1,1.0
18742,18743,18742,2,-2,2.0
18742,18743,18742,2,-2,2.0
18742,18743,18742,3,-3,3.0
18742,18743,18742,1,-1,1.0
18742,18743,18742,6,-6,6.0
18742,18743,18742,1,-1,1.0
18742,18743,18742,1,-1,1.0
18742,18743,18742,5,-5,5.0
18742,18743,18742,1,-1,1.0
18742,18743,18742,1,-1,1.0
18742,18743,18742,1,-1,1.0
18742,18743,18742,1,-1,1.0
18742,18743,18741,1,-1,1.0
18742,18743,18741,1,-1,1.0
18740,18741,18741,2,2,2.0
18740,18742,18742,1,1,1.0
18741,18742,18742,5,5,5.0
18741,18743,18743,1,1,1.0
18741,18743,18743,1,1,1.0
18741,18743,18743,1,1,1.0
18741,18743,18743,2,2,2.0
18741,18743,18743,1,1,1.0
18742,18743,18742,2,-2,2.0
18742,18743,18742,3,-3,3.0
18741,18742,18742,1,1,1.0
18741,18742,18742,5,5,5.0
18741,18742,18742,5,5,5.0
18741,18742,18742,1,1,1.0
18742,18743,18743,1,1,1.0
18742,18743,18743,1,1,1.0
18742,18743,18743,1,1,1.0
18742,18743,18743,1,1,1.0
18742,18743,18743,1,1,1.0
18743,18744,18744,2,2,2.0
18743,18744,18743,1,-1,1.0
18743,18744,18744,2,2,2.0
18743,18744,18744,1,1,1.0
18744,18745,18744,1,-1,1.0
18744,18745,18745,5,5,5.0
18744,18745,18745,3,3,3.0
18744,18745,18746,20,20,-20.0
18744,18745,18746,10,10,-10.0
18744,18745,18746,1,1,-1.0
18744,18745,18746,7,7,-7.0
18745,18746,18746,1,1,1.0
18745,18746,18746,1,1,1.0
18745,18746,18746,5,5,5.0
18745,18746,18747,1,1,-1.0
18746,18747,18746,1,-1,1.0
18746,18747,18746,3,-3,3.0
18746,18747,18746,1,-1,1.0
18746,18747,18746,1,-1,1.0
18746,18747,18746,1,-1,1.0
18746,18747,18746,2,-2,2.0
18746,18747,18746,1,-1,1.0
18746,18747,18746,1,-1,1.0
18746,18747,18746,1,-1,1.0
18746,18747,18746,4,-4,4.0
18746,18747,18746,3,-3,3.0
18746,18747,18746,2,-2,2.0
18746,18747,18746,2,-2,2.0
18746,18747,18746,2,-2,2.0
18745,18746,18746,1,1,1.0
18745,18746,18746,4,4,4.0
18746,18747,18746,1,-1,1.0
18745,18746,18745,1,-1,1.0
18745,18746,18745,2,-2,2.0
18744,18745,18745,2,2,2.0
18744,18745,18745,2,2,2.0
18744,18745,18745,1,1,1.0
18745,18746,18745,2,-2,2.0
18745,18746,18745,1,-1,1.0
18743,18744,18744,1,1,1.0
18744,18745,18744,1,-1,1.0
18744,18746,18746,1,1,1.0
18744,18746,18744,1,-1,1.0
18744,18745,18744,2,-2,2.0
18744,18745,18743,3,-3,3.0
18743,18744,18743,1,-1,1.0
18743,18744,18743,1,-1,1.0
18742,18743,18743,1,1,1.0
18742,18743,18743,1,1,1.0
18742,18744,18742,1,-1,1.0
18742,18744,18742,1,-1,1.0
18742,18744,18744,1,1,1.0
18742,18744,18742,1,-1,1.0
18743,18745,18745,1,1,1.0
18743,18745,18745,17,17,17.0
18743,18745,18746,2,2,-2.0
18743,18745,18745,1,1,1.0
18743,18745,18745,1,1,1.0
18743,18745,18745,1,1,1.0
18744,18745,18745,1,1,1.0
18744,18745,18745,1,1,1.0
18745,18746,18745,1,-1,1.0
18745,18746,18746,1,1,1.0
18745,18746,18746,9,9,9.0
18746,18747,18747,1,1,1.0
18746,18747,18747,1,1,1.0
18746,18747,18747,1,1,1.0
18746,18747,18747,1,1,1.0
18746,18747,18747,1,1,1.0
18746,18747,18747,1,1,1.0
18746,18747,18747,1,1,1.0
18746,18747,18746,1,-1,1.0
18746,18747,18747,5,5,5.0
18746,18747,18747,3,3,3.0
18746,18747,18747,1,1,1.0
18746,18747,18747,1,1,1.0
18746,18747,18747,1,1,1.0
18746,18747,18747,1,1,1.0
18746,18747,18747,1,1,1.0
18746,18747,18747,3,3,3.0
18746,18747,18747,1,1,1.0
18746,18747,18747,1,1,1.0
18746,18747,18747,2,2,2.0
18746,18747,18747,1,1,1.0
18746,18747,18747,1,1,1.0
18746,18747,18747,3,3,3.0
18746,18747,18747,2,2,2.0
18746,18747,18747,1,1,1.0
18746,18747,18747,3,3,3.0
18747,18748,18748,1,1,1.0
18747,18748,18748,3,3,3.0
18747,18748,18748,1,1,1.0
18747,18748,18748,2,2,2.0
18747,18748,18748,2,2,2.0
18747,18748,18748,2,2,2.0
18747,18748,18748,2,2,2.0
18748,18749,18749,1,1,1.0
18747,18748,18748,6,6,6.0
18747,18748,18749,20,20,-20.0
18747,18748,18749,3,3,-3.0
18747,18748,18749,1,1,-1.0
18748,18749,18749,2,2,2.0
18748,18749,18749,2,2,2.0
18748,18749,18749,2,2,2.0
18748,18749,18749,1,1,1.0
18748,18749,18749,6,6,6.0
18749,18750,18749,1,-1,1.0
18749,18750,18749,1,-1,1.0
18749,18750,18749,1,-1,1.0
18749,18750,18749,1,-1,1.0
18749,18750,18749,1,-1,1.0
18749,18750,18749,2,-2,2.0
18749,18750,18749,1,-1,1.0
18748,18750,18750,2,2,2.0
18748,18750,18748,1,-1,1.0
18748,18750,18750,30,30,30.0
18749,18750,18750,1,1,1.0
18750,18751,18750,1,-1,1.0
18749,18751,18751,4,4,4.0
18750,18751,18751,6,6,6.0
18750,18751,18752,24,24,-24.0
18750,18751,18752,1,1,-1.0
18750,18751,18752,3,3,-3.0
18752,18753,18752,7,-7,7.0
18750,18752,18752,2,2,2.0
18750,18752,18750,2,-2,2.0
18750,18752,18750,2,-2,2.0
18750,18752,18750,1,-1,1.0
18750,18752,18750,1,-1,1.0
18750,18751,18751,2,2,2.0
18750,18751,18751,1,1,1.0
18751,18752,18752,5,5,5.0
18751,18752,18752,2,2,2.0
18751,18752,18752,2,2,2.0
18751,18752,18752,1,1,1.0
18752,18753,18753,1,1,1.0
18752,18753,18753,8,8,8.0
18752,18753,18753,1,1,1.0
18752,18753,18753,3,3,3.0
18752,18753,18753,3,3,3.0
18752,18753,18753,1,1,1.0
18752,18753,18753,1,1,1.0
18752,18753,18753,3,3,3.0
18752,18753,18753,1,1,1.0
18752,18753,18753,1,1,1.0
18752,18753,18753,1,1,1.0
18752,18753,18753,1,1,1.0
18752,18753,18753,1,1,1.0
18752,18753,18753,1,1,1.0
18752,18753,18753,2,2,2.0
18753,18754,18754,1,1,1.0
18753,18754,18754,2,2,2.0
18753,18754,18754,3,3,3.0
18753,18754,18754,2,2,2.0
18753,18754,18754,2,2,2.0
18753,18754,18754,2,2,2.0
18753,18754,18754,1,1,1.0
18753,18754,18754,1,1,1.0
18753,18754,18754,12,12,12.0
18754,18755,18754,4,-4,4.0
18754,18755,18754,4,-4,4.0
18754,18755,18754,6,-6,6.0
18753,18754,18754,2,2,2.0
18753,18754,18754,2,2,2.0
18753,18754,18754,1,1,1.0
18753,18755,18754,2,2,-2.0
18753,18755,18754,2,2,-2.0
18753,18755,18754,1,1,-1.0
18753,18754,18753,1,-1,1.0
18753,18754,18753,1,-1,1.0
18753,18754,18753,5,-5,5.0
18753,18754,18753,1,-1,1.0
18753,18754,18753,2,-2,2.0
18753,18754,18753,1,-1,1.0
18753,18754,18753,1,-1,1.0
18753,18754,18753,1,-1,1.0
18753,18754,18753,1,-1,1.0
18753,18754,18753,2,-2,2.0
18753,18754,18753,2,-2,2.0
18753,18754,18753,1,-1,1.0
18753,18754,18753,1,-1,1.0
18753,18754,18753,10,-10,10.0
18752,18753,18752,1,-1,1.0
18752,18753,18752,1,-1,1.0
18752,18753,18753,1,1,1.0
18752,18753,18752,1,-1,1.0
18752,18753,18752,1,-1,1.0
18751,18752,18752,1,1,1.0
18752,18753,18753,1,1,1.0
18753,18754,18754,2,2,2.0
18754,18755,18755,1,1,1.0
18754,18755,18755,8,8,8.0
18754,18755,18756,10,10,-10.0
18754,18756,18754,1,-1,1.0
18755,18756,18755,2,-2,2.0
18755,18756,18755,1,-1,1.0
18755,18756,18756,2,2,2.0
18755,18756,18755,1,-1,1.0
18755,18756,18755,1,-1,1.0
18755,18756,18756,1,1,1.0
18755,18756,18755,1,-1,1.0
18755,18756,18755,1,-1,1.0
18755,18756,18755,2,-2,2.0
18755,18756,18755,1,-1,1.0
18755,18756,18756,3,3,3.0
18755,18756,18756,2,2,2.0
18755,18756,18756,1,1,1.0
18755,18756,18756,2,2,2.0
18756,18757,18756,1,-1,1.0
18755,18756,18756,1,1,1.0
18756,18757,18757,2,2,2.0
18756,18757,18757,1,1,1.0
18756,18757,18757,3,3,3.0
18756,18757,18757,1,1,1.0
18756,18757,18757,3,3,3.0
18757,18758,18758,1,1,1.0
18757,18758,18757,2,-2,2.0
18756,18757,18757,2,2,2.0
18757,18758,18758,1,1,1.0
18757,18758,18758,1,1,1.0
18757,18759,18759,2,2,2.0
18757,18759,18759,2,2,2.0
18757,18759,18759,1,1,1.0
18757,18759,18759,1,1,1.0
18757,18759,18759,3,3,3.0
18757,18759,18759,2,2,2.0
18758,18759,18758,3,-3,3.0
18758,18759,18759,1,1,1.0
18757,18759,18759,1,1,1.0
18757,18759,18759,1,1,1.0
18757,18759,18757,3,-3,3.0
18757,18759,18759,2,2,2.0
18757,18758,18758,1,1,1.0
18757,18759,18759,1,1,1.0
18757,18758,18757,2,-2,2.0
18757,18758,18758,1,1,1.0
18757,18758,18758,1,1,1.0
18757,18758,18757,1,-1,1.0
18757,18758,18757,2,-2,2.0
18757,18758,18757,1,-1,1.0
18757,18758,18757,2,-2,2.0
18755,18756,18756,1,1,1.0
18755,18756,18756,1,1,1.0
18755,18756,18756,1,1,1.0
18755,18756,18756,1,1,1.0
18756,18757,18756,2,-2,2.0
18755,18756,18755,2,-2,2.0
18755,18756,18755,3,-3,3.0
18754,18755,18754,1,-1,1.0
18754,18755,18754,5,-5,5.0
18754,18755,18754,1,-1,1.0
18754,18755,18755,2,2,2.0
18754,18755,18755,4,4,4.0
18754,18755,18755,4,4,4.0
18755,18756,18755,1,-1,1.0
18753,18754,18754,1,1,1.0
18753,18755,18753,1,-1,1.0
18753,18754,18753,4,-4,4.0
18753,18754,18754,1,1,1.0
18753,18754,18755,4,4,-4.0
18753,18754,18753,1,-1,1.0
18752,18753,18753,2,2,2.0
18752,18753,18752,1,-1,1.0
18752,18753,18752,2,-2,2.0
18751,18753,18751,5,-5,5.0
18751,18752,18751,1,-1,1.0
18751,18752,18751,4,-4,4.0
18751,18752,18751,2,-2,2.0
18751,18752,18751,1,-1,1.0
18751,18752,18751,3,-3,3.0
18751,18752,18751,3,-3,3.0
18751,18752,18751,1,-1,1.0
18751,18752,18751,5,-5,5.0
18750,18752,18750,2,-2,2.0
18750,18752,18750,1,-1,1.0
18750,18752,18750,1,-1,1.0
18750,18751,18751,1,1,1.0
18750,18751,18750,1,-1,1.0
18749,18750,18749,1,-1,1.0
18749,18750,18749,1,-1,1.0
18749,18750,18749,1,-1,1.0
18749,18750,18749,1,-1,1.0
18748,18749,18748,1,-1,1.0
18749,18750,18749,1,-1,1.0
18748,18749,18748,1,-1,1.0
18746,18747,18746,2,-2,2.0
18746,18747,18746,1,-1,1.0
18746,18747,18746,1,-1,1.0
18746,18747,18746,1,-1,1.0
18746,18747,18746,1,-1,1.0
18746,18747,18746,1,-1,1.0
18746,18747,18746,1,-1,1.0
18746,18747,18746,1,-1,1.0
18746,18747,18747,1,1,1.0
18748,18749,18749,1,1,1.0
18748,18750,18750,3,3,3.0
18750,18751,18750,1,-1,1.0
18748,18749,18749,1,1,1.0
18748,18749,18748,1,-1,1.0
18747,18749,18747,1,-1,1.0
18746,18747,18747,1,1,1.0
18748,18749,18748,1,-1,1.0
18748,18749,18748,1,-1,1.0
18747,18749,18749,1,1,1.0
18747,18749,18747,1,-1,1.0
18749,18750,18750,2,2,2.0
18749,18750,18750,1,1,1.0
18749,18750,18750,1,1,1.0
18750,18751,18751,1,1,1.0
18750,18752,18750,1,-1,1.0
18750,18751,18750,1,-1,1.0
18749,18750,18750,1,1,1.0
18749,18750,18750,1,1,1.0
18750,18751,18751,1,1,1.0
18750,18751,18751,1,1,1.0
18751,18752,18751,1,-1,1.0
18751,18752,18751,1,-1,1.0
18751,18752,18750,1,-1,1.0
18751,18752,18750,1,-1,1.0
18750,18752,18752,2,2,2.0
18750,18752,18750,2,-2,2.0
18750,18752,18750,2,-2,2.0
18750,18752,18750,1,-1,1.0
18750,18752,18750,1,-1,1.0
18750,18752,18750,1,-1,1.0
18750,18752,18750,1,-1,1.0
18750,18752,18750,1,-1,1.0
18750,18752,18750,1,-1,1.0
18750,18752,18750,1,-1,1.0
18750,18752,18750,1,-1,1.0
18750,18752,18752,4,4,4.0
18750,18752,18752,2,2,2.0
18750,18752,18752,4,4,4.0
18750,18752,18752,1,1,1.0
18750,18752,18750,1,-1,1.0
18750,18752,18750,1,-1,1.0
18750,18751,18749,3,-3,3.0
18749,18751,18749,2,-2,2.0
18749,18751,18749,2,-2,2.0
18748,18749,18748,1,-1,1.0
18749,18750,18749,1,-1,1.0
18748,18750,18748,8,-8,8.0
18748,18750,18748,3,-3,3.0
18748,18750,18748,1,-1,1.0
18748,18750,18748,2,-2,2.0
18748,18750,18749,1,-1,1.0
18748,18750,18749,1,-1,1.0
18748,18750,18749,1,-1,1.0
18747,18749,18747,1,-1,1.0
18747,18749,18747,1,-1,1.0
18747,18749,18747,1,-1,1.0
18747,18749,18747,1,-1,1.0
18747,18749,18747,1,-1,1.0
18747,18749,18747,1,-1,1.0
18747,18749,18747,1,-1,1.0
18747,18749,18747,1,-1,1.0
18747,18748,18747,1,-1,1.0
18746,18747,18746,1,-1,1.0
18746,18747,18746,1,-1,1.0
18746,18747,18746,1,-1,1.0
18746,18747,18746,1,-1,1.0
18746,18747,18746,1,-1,1.0
18746,18747,18746,2,-2,2.0
18746,18747,18746,2,-2,2.0
18745,18746,18745,1,-1,1.0
18743,18745,18745,2,2,2.0
18743,18745,18743,3,-3,3.0
18743,18745,18743,1,-1,1.0
18743,18745,18743,1,-1,1.0
18743,18745,18743,1,-1,1.0
18743,18745,18743,3,-3,3.0
18743,18745,18743,1,-1,1.0
18743,18744,18743,1,-1,1.0
18741,18742,18742,1,1,1.0
18741,18742,18741,4,-4,4.0
18741,18742,18741,4,-4,4.0
18741,18742,18740,1,-1,1.0
18740,18741,18741,1,1,1.0
18740,18741,18740,2,-2,2.0
18740,18741,18740,1,-1,1.0
18741,18742,18742,2,2,2.0
18741,18742,18741,1,-1,1.0
18741,18742,18741,1,-1,1.0
18741,18742,18740,2,-2,2.0
18740,18741,18740,5,-5,5.0
18740,18741,18740,1,-1,1.0
18740,18741,18740,2,-2,2.0
18740,18741,18740,1,-1,1.0
18739,18740,18740,1,1,1.0
18741,18742,18741,1,-1,1.0
18741,18742,18741,1,-1,1.0
18741,18742,18741,1,-1,1.0
18739,18740,18739,1,-1,1.0
18739,18740,18739,1,-1,1.0
18739,18740,18739,1,-1,1.0
18739,18740,18739,1,-1,1.0
18738,18740,18738,5,-5,5.0
18737,18738,18738,1,1,1.0
18737,18738,18738,4,4,4.0
18739,18740,18739,1,-1,1.0
18738,18739,18739,3,3,3.0
18738,18740,18740,5,5,5.0
18738,18740,18740,1,1,1.0
18737,18739,18739,1,1,1.0
18739,18740,18740,1,1,1.0
18739,18740,18740,1,1,1.0
18739,18741,18739,1,-1,1.0
18740,18741,18741,1,1,1.0
18740,18741,18741,1,1,1.0
18742,18743,18743,1,1,1.0
18743,18744,18743,2,-2,2.0
18743,18744,18743,1,-1,1.0
18742,18743,18743,1,1,1.0
18743,18745,18744,1,1,-1.0
18743,18745,18744,2,2,-2.0
18744,18745,18744,1,-1,1.0
18744,18745,18744,1,-1,1.0
18744,18745,18743,1,-1,1.0
18744,18745,18744,1,-1,1.0
18743,18744,18743,1,-1,1.0
18743,18744,18743,1,-1,1.0
18743,18744,18742,1,-1,1.0
18743,18744,18742,1,-1,1.0
18742,18743,18743,2,2,2.0
18742,18744,18742,1,-1,1.0
18742,18744,18742,1,-1,1.0
18742,18744,18741,1,-1,1.0
18741,18743,18743,1,1,1.0
18741,18743,18741,1,-1,1.0
18741,18743,18741,1,-1,1.0
18743,18744,18743,1,-1,1.0
18744,18745,18745,2,2,2.0
18744,18746,18744,2,-2,2.0
18744,18745,18744,1,-1,1.0
18744,18746,18746,2,2,2.0
18744,18746,18746,1,1,1.0
18745,18746,18746,1,1,1.0
18745,18746,18746,1,1,1.0
18745,18746,18746,1,1,1.0
18746,18747,18747,1,1,1.0
18748,18750,18749,1,1,-1.0
18748,18750,18750,1,1,1.0
18746,18748,18748,1,1,1.0
18745,18746,18746,1,1,1.0
18745,18746,18746,5,5,5.0
18745,18747,18747,1,1,1.0
18745,18746,18746,1,1,1.0
18745,18746,18745,1,-1,1.0
18745,18746,18745,1,-1,1.0
18745,18746,18745,1,-1,1.0
18745,18746,18745,1,-1,1.0
18746,18747,18747,1,1,1.0
18746,18748,18748,1,1,1.0
18746,18747,18747,1,1,1.0
18746,18748,18748,1,1,1.0
18746,18748,18748,1,1,1.0
18746,18747,18746,1,-1,1.0
18745,18746,18745,1,-1,1.0
18745,18746,18745,1,-1,1.0
18745,18746,18745,2,-2,2.0
18744,18745,18744,1,-1,1.0
18744,18745,18744,1,-1,1.0
18743,18745,18745,1,1,1.0
18744,18745,18743,1,-1,1.0
18743,18745,18745,1,1,1.0
18745,18746,18745,2,-2,2.0
18744,18745,18745,1,1,1.0
18744,18745,18746,1,1,-1.0
18745,18746,18745,1,-1,1.0
18745,18746,18745,1,-1,1.0
18744,18745,18744,1,-1,1.0
18744,18745,18744,1,-1,1.0
18744,18746,18744,1,-1,1.0
18744,18746,18744,2,-2,2.0
18744,18746,18744,1,-1,1.0
18744,18746,18744,1,-1,1.0
18744,18746,18745,1,-1,1.0
18743,18745,18745,1,1,1.0
18743,18745,18743,1,-1,1.0
18743,18745,18745,1,1,1.0
18743,18745,18745,1,1,1.0
18743,18745,18745,2,2,2.0
18743,18744,18743,2,-2,2.0
18742,18743,18742,1,-1,1.0
18745,18747,18745,4,-4,4.0
18745,18747,18744,1,-1,1.0
18744,18746,18746,3,3,3.0
18744,18746,18746,1,1,1.0
18744,18746,18746,1,1,1.0
18746,18748,18747,1,1,-1.0
18746,18748,18748,1,1,1.0
18746,18748,18748,1,1,1.0
18746,18747,18746,1,-1,1.0
18746,18747,18746,1,-1,1.0
18745,18746,18745,1,-1,1.0
18745,18746,18746,1,1,1.0
18746,18748,18746,1,-1,1.0
18746,18747,18746,1,-1,1.0
18745,18746,18746,1,1,1.0
18745,18746,18747,1,1,-1.0
18745,18747,18747,2,2,2.0
18745,18747,18747,1,1,1.0
18745,18746,18746,1,1,1.0
18745,18747,18747,1,1,1.0
18745,18747,18747,1,1,1.0
18745,18747,18747,1,1,1.0
18746,18747,18746,1,-1,1.0
18746,18747,18746,5,-5,5.0
18746,18747,18747,1,1,1.0
18746,18748,18746,1,-1,1.0
18746,18748,18746,2,-2,2.0
18746,18748,18746,1,-1,1.0
18745,18747,18747,2,2,2.0
18746,18747,18747,1,1,1.0
18746,18748,18748,1,1,1.0
18747,18748,18748,1,1,1.0
18747,18748,18748,1,1,1.0
18747,18748,18748,3,3,3.0
18747,18748,18748,1,1,1.0
18747,18748,18748,3,3,3.0
18748,18749,18749,4,4,4.0
18748,18749,18749,1,1,1.0
18748,18749,18749,1,1,1.0
18748,18749,18749,1,1,1.0
18748,18749,18748,1,-1,1.0
18747,18748,18747,1,-1,1.0
18745,18746,18745,1,-1,1.0
18744,18746,18746,1,1,1.0
18745,18746,18746,1,1,1.0
18745,18747,18747,1,1,1.0
18745,18746,18746,4,4,4.0
18745,18746,18745,2,-2,2.0
18745,18746,18745,1,-1,1.0
18744,18745,18744,2,-2,2.0
18744,18745,18744,1,-1,1.0
18744,18745,18744,2,-2,2.0
18743,18744,18744,1,1,1.0
18744,18745,18744,1,-1,1.0
18743,18744,18744,4,4,4.0
18743,18744,18744,1,1,1.0
18743,18744,18744,1,1,1.0
18743,18744,18743,1,-1,1.0
18743,18744,18743,2,-2,2.0
18742,18743,18742,1,-1,1.0
18742,18743,18742,1,-1,1.0
18742,18743,18742,2,-2,2.0
18741,18742,18742,1,1,1.0
18741,18743,18743,1,1,1.0
18742,18743,18743,1,1,1.0
18743,18744,18743,1,-1,1.0
18744,18745,18744,1,-1,1.0
18744,18745,18745,1,1,1.0
18745,18746,18745,1,-1,1.0
18744,18746,18746,1,1,1.0
18744,18746,18746,1,1,1.0
18744,18746,18746,1,1,1.0
18745,18746,18745,1,-1,1.0
18745,18746,18746,1,1,1.0
18745,18746,18746,1,1,1.0
18746,18747,18747,1,1,1.0
18746,18747,18747,4,4,4.0
18746,18747,18747,1,1,1.0
18746,18748,18748,4,4,4.0
18747,18749,18749,1,1,1.0
18746,18747,18747,2,2,2.0
18748,18749,18749,1,1,1.0
18748,18749,18749,1,1,1.0
18748,18749,18749,1,1,1.0
18748,18749,18749,2,2,2.0
18748,18749,18749,2,2,2.0
18748,18749,18749,1,1,1.0
18748,18749,18749,2,2,2.0
18748,18749,18749,3,3,3.0
18748,18749,18749,1,1,1.0
18748,18749,18749,2,2,2.0
18749,18751,18750,1,1,-1.0
18749,18751,18750,1,1,-1.0
18749,18751,18750,1,1,-1.0
18749,18751,18750,1,1,-1.0
18749,18751,18750,1,1,-1.0
18749,18751,18750,1,1,-1.0
18749,18751,18750,1,1,-1.0
18749,18751,18750,1,1,-1.0
18749,18751,18750,1,1,-1.0
18749,18751,18750,1,1,-1.0
18749,18750,18749,1,-1,1.0
18749,18750,18749,1,-1,1.0
18748,18750,18749,1,-1,1.0
18748,18750,18750,2,2,2.0
18748,18750,18750,1,1,1.0
18748,18750,18750,1,1,1.0
18748,18750,18750,16,16,16.0
18748,18750,18750,1,1,1.0
18748,18750,18750,2,2,2.0
18748,18750,18750,1,1,1.0
18748,18750,18750,1,1,1.0
18749,18750,18750,1,1,1.0
18749,18750,18750,1,1,1.0
18749,18750,18750,2,2,2.0
18750,18751,18750,2,-2,2.0
18749,18750,18749,1,-1,1.0
18749,18750,18749,2,-2,2.0
18749,18750,18749,3,-3,3.0
18748,18750,18749,2,-2,2.0
18748,18749,18748,1,-1,1.0
18749,18750,18750,1,1,1.0
18749,18750,18750,5,5,5.0
18749,18750,18750,1,1,1.0
18749,18750,18750,3,3,3.0
18749,18750,18750,7,7,7.0
18749,18750,18750,1,1,1.0
18749,18750,18750,1,1,1.0
18749,18750,18750,1,1,1.0
18749,18750,18750,1,1,1.0
18749,18750,18750,1,1,1.0
18749,18750,18750,1,1,1.0
18749,18750,18750,1,1,1.0
18749,18750,18750,12,12,12.0
18750,18751,18751,1,1,1.0
18750,18751,18751,6,6,6.0
18751,18752,18751,1,-1,1.0
18751,18752,18751,2,-2,2.0
18751,18752,18751,1,-1,1.0
18751,18752,18751,1,-1,1.0
18751,18752,18751,1,-1,1.0
18751,18752,18751,2,-2,2.0
18751,18752,18751,1,-1,1.0
18751,18752,18752,2,2,2.0
18751,18752,18752,2,2,2.0
18751,18752,18752,1,1,1.0
18751,18752,18752,1,1,1.0
18751,18752,18752,2,2,2.0
18752,18753,18752,1,-1,1.0
18752,18753,18752,2,-2,2.0
18751,18752,18751,1,-1,1.0
18751,18752,18751,2,-2,2.0
18751,18752,18751,1,-1,1.0
18751,18752,18751,1,-1,1.0
18751,18752,18751,1,-1,1.0
18751,18752,18751,1,-1,1.0
18751,18752,18751,1,-1,1.0
18750,18751,18750,2,-2,2.0
18749,18750,18750,1,1,1.0
18750,18751,18751,2,2,2.0
18750,18751,18750,1,-1,1.0
18749,18750,18749,1,-1,1.0
18749,18750,18749,1,-1,1.0
18749,18750,18749,1,-1,1.0
18748,18750,18750,1,1,1.0
18748,18750,18748,1,-1,1.0
18748,18750,18748,1,-1,1.0
18748,18750,18750,2,2,2.0
18748,18750,18750,3,3,3.0
18748,18750,18750,1,1,1.0
18749,18750,18750,1,1,1.0
18748,18749,18748,1,-1,1.0
18747,18749,18747,2,-2,2.0
18747,18748,18747,1,-1,1.0
18747,18748,18747,1,-1,1.0
18746,18747,18747,1,1,1.0
18746,18747,18747,1,1,1.0
18746,18748,18746,4,-4,4.0
18746,18748,18746,5,-5,5.0
18746,18747,18747,2,2,2.0
18746,18747,18746,1,-1,1.0
18745,18746,18746,2,2,2.0
18745,18746,18745,2,-2,2.0
18745,18746,18745,2,-2,2.0
18745,18746,18745,1,-1,1.0
18745,18746,18745,1,-1,1.0
18745,18746,18745,1,-1,1.0
18745,18746,18745,1,-1,1.0
18744,18745,18745,2,2,2.0
18744,18746,18745,4,4,-4.0
18744,18746,18746,2,2,2.0
18745,18746,18745,1,-1,1.0
18744,18746,18744,1,-1,1.0
18744,18746,18744,1,-1,1.0
18744,18746,18744,1,-1,1.0
18745,18746,18745,2,-2,2.0
18744,18746,18746,2,2,2.0
18745,18747,18745,1,-1,1.0
18745,18746,18746,1,1,1.0
18745,18746,18746,1,1,1.0
18745,18746,18745,10,-10,10.0
18744,18745,18744,1,-1,1.0
18743,18745,18745,4,4,4.0
18744,18745,18744,1,-1,1.0
18744,18745,18743,9,-9,9.0
18744,18745,18742,1,-1,1.0
18744,18745,18742,1,-1,1.0
18744,18745,18742,1,-1,1.0
18744,18745,18742,1,-1,1.0
18744,18745,18742,1,-1,1.0
18741,18743,18742,1,-1,1.0
18741,18743,18742,1,-1,1.0
18741,18743,18741,9,-9,9.0
18740,18742,18741,1,-1,1.0
18740,18742,18741,1,-1,1.0
18740,18742,18741,1,-1,1.0
18740,18741,18740,2,-2,2.0
18740,18741,18740,7,-7,7.0
18740,18741,18740,1,-1,1.0
18740,18741,18740,1,-1,1.0
18740,18741,18740,2,-2,2.0
18740,18741,18740,1,-1,1.0
18740,18741,18740,1,-1,1.0
18740,18741,18740,1,-1,1.0
18740,18741,18740,6,-6,6.0
18740,18741,18740,1,-1,1.0
18739,18740,18740,2,2,2.0
18739,18740,18740,1,1,1.0
18739,18740,18740,1,1,1.0
18739,18740,18739,2,-2,2.0
18739,18740,18739,1,-1,1.0
18739,18740,18739,1,-1,1.0
18739,18740,18739,1,-1,1.0
18739,18740,18739,1,-1,1.0
18739,18740,18739,1,-1,1.0
18739,18740,18739,1,-1,1.0
18739,18740,18740,1,1,1.0
18739,18741,18739,6,-6,6.0
18739,18741,18739,1,-1,1.0
18739,18740,18739,6,-6,6.0
18738,18740,18740,10,10,10.0
18738,18740,18741,9,9,-9.0
18738,18740,18741,1,1,-1.0
18739,18740,18740,1,1,1.0
18739,18740,18740,1,1,1.0
18738,18739,18738,4,-4,4.0
18737,18739,18738,2,-2,2.0
18737,18739,18738,2,-2,2.0
18737,18739,18738,1,-1,1.0
18737,18739,18738,1,-1,1.0
18737,18738,18737,6,-6,6.0
18736,18737,18737,1,1,1.0
18737,18738,18738,1,1,1.0
18737,18738,18737,1,-1,1.0
18736,18737,18736,4,-4,4.0
18736,18737,18737,1,1,1.0
18736,18737,18737,1,1,1.0
18736,18737,18737,3,3,3.0
18736,18737,18737,5,5,5.0
18736,18737,18737,1,1,1.0
18737,18738,18737,1,-1,1.0
18737,18738,18738,2,2,2.0
18737,18738,18738,2,2,2.0
18737,18738,18738,3,3,3.0
18737,18738,18738,1,1,1.0
18737,18739,18737,1,-1,1.0
18737,18739,18737,2,-2,2.0
18737,18739,18737,2,-2,2.0
18737,18739,18737,1,-1,1.0
18737,18739,18735,1,-1,1.0
18737,18739,18735,1,-1,1.0
18737,18739,18735,3,-3,3.0
18737,18739,18735,1,-1,1.0
18737,18739,18735,1,-1,1.0
18737,18739,18735,1,-1,1.0
18734,18735,18735,3,3,3.0
18734,18735,18735,2,2,2.0
18734,18735,18734,2,-2,2.0
18734,18735,18734,1,-1,1.0
18734,18735,18734,1,-1,1.0
18734,18735,18734,1,-1,1.0
18733,18734,18733,2,-2,2.0
18733,18734,18733,1,-1,1.0
18732,18734,18733,1,-1,1.0
18732,18733,18733,1,1,1.0
18732,18733,18733,1,1,1.0
18732,18734,18734,1,1,1.0
18733,18735,18734,3,3,-3.0
18734,18735,18735,1,1,1.0
18734,18735,18735,3,3,3.0
18735,18737,18735,1,-1,1.0
18735,18737,18734,1,-1,1.0
18734,18735,18734,2,-2,2.0
18734,18735,18734,3,-3,3.0
18734,18735,18735,1,1,1.0
18733,18735,18733,6,-6,6.0
18732,18733,18732,1,-1,1.0
18732,18733,18733,1,1,1.0
18734,18735,18735,1,1,1.0
18734,18735,18735,1,1,1.0
18734,18735,18735,1,1,1.0
18734,18735,18735,1,1,1.0
18735,18736,18735,1,-1,1.0
18735,18737,18736,2,-2,2.0
18735,18737,18737,1,1,1.0
18736,18737,18736,2,-2,2.0
18735,18736,18735,1,-1,1.0
18735,18736,18734,4,-4,4.0
18735,18737,18735,5,-5,5.0
18736,18737,18736,1,-1,1.0
18736,18737,18735,1,-1,1.0
18733,18735,18733,4,-4,4.0
18733,18734,18733,2,-2,2.0
18732,18733,18732,1,-1,1.0
18731,18733,18733,1,1,1.0
18731,18733,18733,1,1,1.0
18731,18733,18733,1,1,1.0
18731,18733,18733,1,1,1.0
18732,18734,18734,1,1,1.0
18733,18735,18734,5,5,-5.0
18734,18735,18734,1,-1,1.0
18733,18734,18733,5,-5,5.0
18733,18735,18733,5,-5,5.0
18734,18735,18734,1,-1,1.0
18734,18735,18734,1,-1,1.0
18733,18735,18733,1,-1,1.0
18733,18735,18733,1,-1,1.0
18733,18735,18733,1,-1,1.0
18733,18734,18733,2,-2,2.0
18733,18734,18733,2,-2,2.0
18733,18734,18733,1,-1,1.0
18733,18734,18733,5,-5,5.0
18733,18735,18734,2,-2,2.0
18733,18735,18733,1,-1,1.0
18733,18735,18733,2,-2,2.0
18733,18735,18735,1,1,1.0
18733,18735,18733,2,-2,2.0
18734,18735,18735,1,1,1.0
18734,18736,18735,2,2,-2.0
18735,18736,18736,1,1,1.0
18736,18738,18738,4,4,4.0
18735,18737,18735,2,-2,2.0
18735,18736,18736,1,1,1.0
18736,18737,18737,1,1,1.0
18736,18738,18736,4,-4,4.0
18735,18736,18735,2,-2,2.0
18734,18735,18735,1,1,1.0
18734,18736,18734,1,-1,1.0
18736,18738,18736,2,-2,2.0
18737,18738,18738,1,1,1.0
18737,18738,18738,2,2,2.0
18738,18739,18739,1,1,1.0
18739,18740,18740,1,1,1.0
18738,18740,18738,5,-5,5.0
18738,18740,18737,1,-1,1.0
18738,18740,18737,1,-1,1.0
18738,18740,18737,1,-1,1.0
18738,18740,18737,1,-1,1.0
18738,18740,18736,4,-4,4.0
18738,18740,18736,9,-9,9.0
18738,18740,18737,2,-2,2.0
18738,18740,18736,1,-1,1.0
18738,18740,18737,1,-1,1.0
18738,18740,18737,1,-1,1.0
18738,18740,18737,1,-1,1.0
18738,18740,18737,1,-1,1.0
18738,18740,18737,3,-3,3.0
18738,18740,18736,3,-3,3.0
18738,18740,18736,1,-1,1.0
18738,18740,18736,2,-2,2.0
18738,18740,18736,1,-1,1.0
18738,18740,18737,1,-1,1.0
18738,18740,18737,1,-1,1.0
18736,18737,18736,2,-2,2.0
18736,18738,18737,1,-1,1.0
18738,18739,18738,1,-1,1.0
18737,18738,18737,1,-1,1.0
18737,18739,18737,1,-1,1.0
18737,18739,18739,1,1,1.0
18737,18739,18739,1,1,1.0
18737,18739,18739,1,1,1.0
18737,18739,18739,1,1,1.0
18737,18739,18737,2,-2,2.0
18737,18739,18737,2,-2,2.0
18737,18739,18737,2,-2,2.0
18736,18738,18736,2,-2,2.0
18736,18738,18738,1,1,1.0
18736,18738,18738,1,1,1.0
18738,18739,18739,1,1,1.0
18739,18740,18739,1,-1,1.0
18739,18740,18740,2,2,2.0
18739,18740,18740,1,1,1.0
18740,18741,18740,1,-1,1.0
18740,18741,18741,3,3,3.0
18740,18741,18741,1,1,1.0
18740,18742,18740,1,-1,1.0
18739,18741,18740,1,-1,1.0
18739,18741,18740,2,-2,2.0
18739,18741,18740,2,-2,2.0
18740,18741,18740,1,-1,1.0
18740,18741,18740,1,-1,1.0
18740,18741,18741,1,1,1.0
18740,18741,18741,1,1,1.0
18740,18741,18741,1,1,1.0
18741,18742,18741,1,-1,1.0
18740,18741,18740,1,-1,1.0
18737,18738,18738,3,3,3.0
18737,18739,18739,1,1,1.0
18739,18740,18740,1,1,1.0
18740,18741,18741,2,2,2.0
18740,18741,18742,1,1,-1.0
18739,18741,18741,2,2,2.0
18741,18742,18742,1,1,1.0
18741,18742,18742,2,2,2.0
18742,18743,18742,1,-1,1.0
18742,18743,18741,7,-7,7.0
18742,18743,18741,1,-1,1.0
18742,18743,18741,1,-1,1.0
18742,18743,18741,1,-1,1.0
18742,18743,18740,1,-1,1.0
18742,18743,18740,1,-1,1.0
18742,18743,18740,2,-2,2.0
18742,18743,18740,4,-4,4.0
18742,18743,18740,3,-3,3.0
18742,18743,18741,2,-2,2.0
18742,18743,18741,1,-1,1.0
18742,18743,18741,2,-2,2.0
18742,18743,18743,1,1,1.0
18743,18744,18744,1,1,1.0
18744,18745,18745,1,1,1.0
18744,18745,18745,2,2,2.0
18744,18745,18745,2,2,2.0
18744,18745,18745,3,3,3.0
18745,18746,18746,1,1,1.0
18745,18746,18746,1,1,1.0
18745,18746,18746,6,6,6.0
18744,18746,18746,1,1,1.0
18744,18745,18745,1,1,1.0
18745,18746,18746,2,2,2.0
18745,18747,18747,1,1,1.0
18746,18747,18746,1,-1,1.0
18746,18747,18746,1,-1,1.0
18746,18747,18746,1,-1,1.0
18746,18747,18747,1,1,1.0
18745,18747,18747,1,1,1.0
18745,18747,18747,4,4,4.0
18746,18748,18748,1,1,1.0
18747,18748,18748,1,1,1.0
18747,18748,18748,2,2,2.0
18748,18749,18749,2,2,2.0
18748,18749,18749,1,1,1.0
18748,18749,18749,1,1,1.0
18748,18749,18749,1,1,1.0
18748,18750,18749,2,2,-2.0
18748,18750,18749,6,6,-6.0
18748,18750,18750,4,4,4.0
18749,18750,18750,2,2,2.0
18750,18751,18750,2,-2,2.0
18750,18751,18750,1,-1,1.0
18750,18751,18750,1,-1,1.0
18750,18751,18750,2,-2,2.0
18749,18750,18750,1,1,1.0
18750,18751,18751,1,1,1.0
18750,18751,18751,2,2,2.0
18750,18751,18751,1,1,1.0
18750,18751,18751,1,1,1.0
18750,18751,18751,1,1,1.0
18750,18751,18751,1,1,1.0
18750,18751,18751,1,1,1.0
18750,18751,18751,1,1,1.0
18750,18751,18751,7,7,7.0
18750,18751,18752,2,2,-2.0
18751,18753,18753,3,3,3.0
18751,18753,18753,3,3,3.0
18752,18753,18753,2,2,2.0
18752,18754,18752,1,-1,1.0
18752,18754,18752,1,-1,1.0
18751,18752,18751,2,-2,2.0
18751,18752,18751,3,-3,3.0
18750,18751,18751,1,1,1.0
18750,18751,18751,1,1,1.0
18751,18752,18752,7,7,7.0
18752,18754,18752,1,-1,1.0
18752,18753,18753,4,4,4.0
18752,18754,18753,1,1,-1.0
18751,18752,18752,1,1,1.0
18752,18753,18753,2,2,2.0
18752,18753,18753,4,4,4.0
18753,18754,18753,1,-1,1.0
18753,18754,18753,1,-1,1.0
18753,18754,18753,1,-1,1.0
18753,18754,18754,5,5,5.0
18753,18754,18754,1,1,1.0
18754,18755,18754,1,-1,1.0
18754,18755,18754,1,-1,1.0
18753,18755,18753,1,-1,1.0
18752,18753,18753,2,2,2.0
18752,18753,18752,1,-1,1.0
18752,18753,18752,1,-1,1.0
18751,18752,18752,1,1,1.0
18751,18753,18751,2,-2,2.0
18751,18753,18751,1,-1,1.0
18751,18753,18751,1,-1,1.0
18751,18753,18751,1,-1,1.0
18751,18753,18751,1,-1,1.0
18751,18753,18751,2,-2,2.0
18751,18753,18750,1,-1,1.0
18750,18752,18750,2,-2,2.0
18750,18751,18751,1,1,1.0
18750,18751,18751,1,1,1.0
18750,18751,18750,5,-5,5.0
18749,18750,18750,2,2,2.0
18749,18750,18750,1,1,1.0
18749,18750,18750,1,1,1.0
18749,18750,18750,1,1,1.0
18750,18751,18750,1,-1,1.0
18750,18751,18750,1,-1,1.0
18749,18750,18750,3,3,3.0
18750,18751,18750,1,-1,1.0
18750,18751,18751,2,2,2.0
18750,18751,18751,1,1,1.0
18750,18751,18751,2,2,2.0
18751,18752,18751,2,-2,2.0
18750,18752,18750,2,-2,2.0
18750,18752,18750,2,-2,2.0
18750,18752,18750,2,-2,2.0
18750,18752,18750,3,-3,3.0
18750,18752,18750,2,-2,2.0
18750,18752,18750,1,-1,1.0
18750,18752,18750,2,-2,2.0
18750,18752,18750,2,-2,2.0
18749,18751,18749,5,-5,5.0
18749,18751,18749,2,-2,2.0
18749,18751,18750,3,-3,3.0
18749,18751,18749,1,-1,1.0
18753,18754,18753,5,-5,5.0
18753,18754,18751,1,-1,1.0
18753,18754,18751,1,-1,1.0
18753,18754,18752,5,-5,5.0
18752,18754,18752,1,-1,1.0
18752,18754,18753,1,-1,1.0
18753,18754,18753,1,-1,1.0
18753,18754,18754,1,1,1.0
18753,18754,18754,1,1,1.0
18753,18755,18753,1,-1,1.0
18753,18755,18753,1,-1,1.0
18753,18755,18753,1,-1,1.0
18753,18755,18753,1,-1,1.0
18753,18755,18753,1,-1,1.0
18753,18755,18753,1,-1,1.0
18753,18754,18753,1,-1,1.0
18752,18754,18752,1,-1,1.0
18753,18755,18753,1,-1,1.0
18754,18755,18754,1,-1,1.0
18754,18755,18754,5,-5,5.0
18754,18755,18753,1,-1,1.0
18754,18755,18753,1,-1,1.0
18752,18753,18753,1,1,1.0
18752,18753,18752,4,-4,4.0
18752,18753,18752,1,-1,1.0
18752,18753,18752,1,-1,1.0
18751,18753,18752,1,-1,1.0
18752,18754,18754,1,1,1.0
18752,18754,18754,2,2,2.0
18752,18754,18754,2,2,2.0
18752,18754,18754,2,2,2.0
18754,18755,18755,1,1,1.0
18754,18755,18754,5,-5,5.0
18754,18755,18753,8,-8,8.0
18754,18755,18752,6,-6,6.0
18752,18754,18752,1,-1,1.0
18752,18754,18754,1,1,1.0
18752,18754,18752,1,-1,1.0
18752,18754,18752,4,-4,4.0
18752,18754,18752,1,-1,1.0
18752,18754,18752,1,-1,1.0
18752,18754,18753,1,-1,1.0
18752,18754,18752,1,-1,1.0
18752,18754,18751,1,-1,1.0
18751,18753,18752,1,-1,1.0
18751,18753,18751,1,-1,1.0
18751,18753,18753,1,1,1.0
18751,18753,18753,3,3,3.0
18751,18753,18753,3,3,3.0
18752,18753,18753,3,3,3.0
18752,18754,18754,8,8,8.0
18753,18754,18754,2,2,2.0
18754,18755,18755,1,1,1.0
18754,18755,18755,1,1,1.0
18754,18755,18755,4,4,4.0
18754,18756,18754,3,-3,3.0
18754,18755,18755,3,3,3.0
18754,18755,18754,5,-5,5.0
18754,18755,18755,3,3,3.0
18754,18756,18754,5,-5,5.0
18754,18755,18754,1,-1,1.0
18754,18755,18754,1,-1,1.0
18754,18755,18754,1,-1,1.0
18752,18754,18754,1,1,1.0
18752,18753,18752,2,-2,2.0
18752,18753,18752,1,-1,1.0
18752,18753,18752,1,-1,1.0
18752,18754,18753,2,-2,2.0
18752,18754,18754,6,6,6.0
18752,18754,18754,1,1,1.0
18754,18755,18754,1,-1,1.0
18751,18752,18751,1,-1,1.0
18751,18752,18751,4,-4,4.0
18750,18751,18751,1,1,1.0
18750,18751,18751,1,1,1.0
18750,18752,18750,1,-1,1.0
18750,18751,18750,2,-2,2.0
18750,18751,18751,1,1,1.0
18750,18751,18752,7,7,-7.0
18750,18751,18753,2,2,-2.0
18750,18751,18751,1,1,1.0
18751,18752,18752,1,1,1.0
18751,18752,18752,1,1,1.0
18751,18752,18751,1,-1,1.0
18751,18752,18751,1,-1,1.0
18751,18752,18751,1,-1,1.0
18751,18752,18751,1,-1,1.0
18750,18752,18751,1,-1,1.0
18750,18752,18752,1,1,1.0
18750,18752,18752,1,1,1.0
18750,18752,18752,1,1,1.0
18751,18752,18752,1,1,1.0
18751,18752,18752,1,1,1.0
18752,18753,18752,1,-1,1.0
18751,18752,18752,2,2,2.0
18751,18753,18752,1,1,-1.0
18751,18753,18752,1,1,-1.0
18751,18753,18752,1,1,-1.0
18751,18753,18752,1,1,-1.0
18751,18753,18752,1,1,-1.0
18752,18753,18753,1,1,1.0
18752,18753,18753,2,2,2.0
18752,18753,18753,2,2,2.0
18752,18753,18753,2,2,2.0
18753,18754,18753,1,-1,1.0
18752,18753,18752,1,-1,1.0
18752,18753,18752,2,-2,2.0
18752,18753,18753,1,1,1.0
18752,18753,18753,6,6,6.0
18752,18753,18753,1,1,1.0
18753,18754,18754,4,4,4.0
18754,18755,18755,1,1,1.0
18754,18755,18755,1,1,1.0
18754,18755,18755,1,1,1.0
18754,18755,18755,2,2,2.0
18754,18755,18755,1,1,1.0
18754,18755,18755,1,1,1.0
18754,18755,18755,1,1,1.0
18754,18755,18755,1,1,1.0
18754,18755,18755,6,6,6.0
18755,18756,18756,1,1,1.0
18755,18756,18756,1,1,1.0
18755,18756,18755,2,-2,2.0
18755,18756,18755,2,-2,2.0
18755,18756,18755,2,-2,2.0
18755,18756,18755,4,-4,4.0
18754,18755,18754,2,-2,2.0
18754,18755,18754,1,-1,1.0
18754,18755,18754,1,-1,1.0
18754,18755,18755,1,1,1.0
18754,18756,18755,1,1,-1.0
18754,18755,18755,1,1,1.0
18754,18755,18754,1,-1,1.0
18754,18755,18754,1,-1,1.0
18753,18755,18754,1,-1,1.0
18754,18755,18755,1,1,1.0
18754,18755,18754,1,-1,1.0
18754,18755,18754,1,-1,1.0
18753,18755,18754,4,-4,4.0
18753,18755,18753,1,-1,1.0
18753,18755,18753,1,-1,1.0
18753,18755,18753,1,-1,1.0
18753,18754,18754,2,2,2.0
18755,18756,18756,2,2,2.0
18755,18756,18756,7,7,7.0
18755,18756,18755,2,-2,2.0
18755,18756,18753,2,-2,2.0
18755,18756,18753,3,-3,3.0
18755,18756,18754,5,-5,5.0
18755,18756,18754,3,-3,3.0
18755,18756,18755,5,-5,5.0
18752,18753,18753,2,2,2.0
18752,18753,18753,1,1,1.0
18752,18753,18753,1,1,1.0
18752,18754,18753,1,1,-1.0
18752,18753,18752,1,-1,1.0
18751,18752,18752,1,1,1.0
18751,18752,18751,1,-1,1.0
18751,18752,18752,1,1,1.0
18751,18752,18752,1,1,1.0
18751,18753,18753,1,1,1.0
18752,18753,18753,1,1,1.0
18752,18754,18752,2,-2,2.0
18752,18754,18751,2,-2,2.0
18751,18753,18753,2,2,2.0
18751,18753,18754,1,1,-1.0
18752,18753,18753,1,1,1.0
18752,18753,18753,1,1,1.0
18752,18754,18754,1,1,1.0
18753,18754,18753,1,-1,1.0
18753,18754,18754,1,1,1.0
18753,18754,18753,2,-2,2.0
18753,18754,18753,1,-1,1.0
18752,18754,18754,1,1,1.0
18752,18754,18753,2,2,-2.0
18752,18754,18752,7,-7,7.0
18752,18754,18751,5,-5,5.0
18751,18752,18752,1,1,1.0
18751,18753,18751,1,-1,1.0
18751,18753,18753,3,3,3.0
18752,18753,18753,1,1,1.0
18752,18754,18752,1,-1,1.0
18752,18754,18751,3,-3,3.0
18751,18754,18751,1,-1,1.0
18752,18754,18754,5,5,5.0
18752,18754,18754,5,5,5.0
18752,18755,18752,3,-3,3.0
18752,18755,18751,3,-3,3.0
18752,18754,18752,1,-1,1.0
18752,18754,18751,1,-1,1.0
18751,18754,18751,1,-1,1.0
18751,18753,18753,2,2,2.0
18751,18753,18753,1,1,1.0
18752,18753,18753,16,16,16.0
18752,18753,18753,1,1,1.0
18752,18754,18754,1,1,1.0
18752,18754,18754,6,6,6.0
18754,18755,18754,1,-1,1.0
18752,18754,18753,1,-1,1.0
18752,18754,18754,1,1,1.0
18752,18754,18755,4,4,-4.0
18752,18755,18752,1,-1,1.0
18752,18755,18754,1,1,-1.0
18752,18755,18755,2,2,2.0
18752,18755,18751,1,-1,1.0
18751,18754,18754,12,12,12.0
18753,18755,18753,1,-1,1.0
18753,18755,18755,9,9,9.0
18754,18756,18754,1,-1,1.0
18754,18756,18756,6,6,6.0
18754,18755,18754,2,-2,2.0
18752,18755,18752,2,-2,2.0
18751,18754,18751,12,-12,12.0
18752,18753,18753,1,1,1.0
18752,18754,18754,1,1,1.0
18753,18755,18755,5,5,5.0
18753,18755,18755,1,1,1.0
18754,18755,18755,1,1,1.0
18754,18755,18754,1,-1,1.0
18752,18755,18755,8,8,8.0
18752,18754,18754,3,3,3.0
18752,18754,18756,1,1,-1.0
18754,18756,18756,6,6,6.0
18738,18739,18738,197,-197,197.0
18737,18739,18737,1,-1,1.0
18737,18739,18736,1,-1,1.0
18737,18739,18736,2,-2,2.0
18737,18739,18735,1,-1,1.0
18737,18739,18735,1,-1,1.0
18737,18739,18735,1,-1,1.0
18737,18739,18735,1,-1,1.0
18734,18735,18734,1,-1,1.0
18734,18735,18737,1,1,-1.0
18734,18735,18738,1,1,-1.0
18734,18735,18739,1,1,-1.0
18734,18735,18739,1,1,-1.0
18734,18735,18740,1,1,-1.0
18734,18735,18738,1,1,-1.0
18737,18740,18740,1,1,1.0
18737,18741,18735,1,-1,1.0
18737,18741,18739,2,-2,2.0
18737,18741,18739,1,-1,1.0
18737,18741,18740,6,6,-6.0
18737,18741,18741,3,3,3.0
18737,18741,18740,1,1,-1.0
18737,18741,18740,1,1,-1.0
18737,18741,18740,1,1,-1.0
18737,18741,18740,1,1,-1.0
18737,18741,18740,2,2,-2.0
18737,18741,18740,1,1,-1.0
18737,18741,18740,1,1,-1.0
18737,18741,18740,3,3,-3.0
18736,18741,18739,1,1,-1.0
18736,18741,18741,2,2,2.0
18736,18741,18737,1,-1,1.0
18736,18741,18741,4,4,4.0
18736,18741,18741,1,1,1.0
18736,18741,18740,1,1,-1.0
18736,18741,18741,3,3,3.0
18736,18741,18739,1,1,-1.0
18736,18741,18740,1,1,-1.0
18737,18740,18740,1,1,1.0
18737,18740,18739,3,3,-3.0
18737,18740,18739,2,2,-2.0
18737,18740,18742,1,1,-1.0
18737,18740,18743,1,1,-1.0
18737,18740,18744,1,1,-1.0
18737,18740,18741,1,1,-1.0
18739,18744,18744,1,1,1.0
18739,18744,18743,1,1,-1.0
18739,18744,18744,2,2,2.0
18739,18744,18745,1,1,-1.0
18739,18744,18741,1,-1,1.0
18739,18744,18744,1,1,1.0
18739,18744,18745,1,1,-1.0
18741,18745,18745,1,1,1.0
18741,18745,18744,2,2,-2.0
18741,18745,18745,1,1,1.0
18741,18745,18745,1,1,1.0
18741,18745,18745,1,1,1.0
18741,18745,18745,1,1,1.0
18741,18745,18746,1,1,-1.0
18741,18745,18746,1,1,-1.0
18741,18745,18743,1,1,-1.0
18743,18746,18743,1,-1,1.0
18743,18746,18742,1,-1,1.0
18743,18746,18745,1,1,-1.0
18743,18746,18746,1,1,1.0
18743,18746,18743,2,-2,2.0
18743,18746,18741,1,-1,1.0
18743,18746,18744,1,-1,1.0
18743,18746,18746,1,1,1.0
18743,18746,18746,2,2,2.0
18743,18746,18743,1,-1,1.0
18743,18746,18741,2,-2,2.0
18743,18746,18744,3,-3,3.0
18742,18746,18746,1,1,1.0
18742,18746,18746,1,1,1.0
18742,18746,18746,1,1,1.0
18742,18746,18747,1,1,-1.0
18742,18746,18748,1,1,-1.0
18742,18746,18748,2,2,-2.0
18742,18746,18748,1,1,-1.0
18742,18746,18748,1,1,-1.0
18745,18749,18749,3,3,3.0
18745,18749,18750,6,6,-6.0
18745,18749,18749,1,1,1.0
18746,18750,18747,1,-1,1.0
18747,18750,18750,1,1,1.0
18747,18750,18749,2,2,-2.0
18747,18750,18750,4,4,4.0
18747,18750,18747,1,-1,1.0
18747,18750,18747,1,-1,1.0
18747,18750,18746,1,-1,1.0
18747,18750,18748,1,-1,1.0
18747,18750,18746,1,-1,1.0
18747,18750,18746,1,-1,1.0
18747,18750,18748,3,-3,3.0
18747,18750,18746,2,-2,2.0
18747,18749,18747,2,-2,2.0
18746,18748,18748,1,1,1.0
18746,18748,18748,4,4,4.0
18746,18748,18746,3,-3,3.0
18746,18748,18745,1,-1,1.0
18746,18748,18748,1,1,1.0
18746,18748,18748,2,2,2.0
18745,18748,18749,1,1,-1.0
18745,18748,18749,1,1,-1.0
18745,18747,18745,1,-1,1.0
18745,18747,18745,1,-1,1.0
18745,18747,18745,2,-2,2.0
18743,18746,18746,1,1,1.0
18743,18746,18746,1,1,1.0
18743,18746,18746,1,1,1.0
18743,18746,18746,1,1,1.0
18743,18746,18745,2,2,-2.0
18743,18744,18744,1,1,1.0
18743,18744,18743,1,-1,1.0
18743,18744,18742,3,-3,3.0
18743,18744,18744,2,2,2.0
18743,18744,18741,12,-12,12.0
18743,18744,18740,6,-6,6.0
18739,18742,18742,1,1,1.0
18739,18742,18740,1,-1,1.0
18740,18742,18742,2,2,2.0
18740,18741,18740,2,-2,2.0
18740,18741,18739,1,-1,1.0
18740,18741,18741,2,2,2.0
18740,18741,18740,1,-1,1.0
18740,18741,18739,1,-1,1.0
18739,18741,18741,2,2,2.0
18739,18742,18740,1,-1,1.0
18739,18742,18739,4,-4,4.0
18739,18742,18738,2,-2,2.0
18739,18742,18737,4,-4,4.0
18739,18742,18737,3,-3,3.0
18736,18740,18737,1,-1,1.0
18736,18740,18739,1,1,-1.0
18736,18740,18739,1,1,-1.0
18737,18739,18737,4,-4,4.0
18737,18739,18736,6,-6,6.0
18735,18738,18738,2,2,2.0
18735,18738,18737,3,3,-3.0
18735,18738,18735,7,-7,7.0
18734,18737,18737,1,1,1.0
18734,18737,18737,1,1,1.0
18734,18737,18734,1,-1,1.0
18733,18736,18735,3,3,-3.0
18733,18736,18733,2,-2,2.0
18733,18735,18733,1,-1,1.0
18733,18735,18735,1,1,1.0
18733,18734,18733,2,-2,2.0
18733,18734,18733,3,-3,3.0
18733,18734,18733,2,-2,2.0
18732,18733,18733,3,3,3.0
18732,18733,18732,1,-1,1.0
18732,18733,18732,1,-1,1.0
18732,18733,18732,1,-1,1.0
18732,18733,18735,1,1,-1.0
18732,18735,18732,1,-1,1.0
18732,18735,18732,1,-1,1.0
18732,18735,18732,2,-2,2.0
18733,18735,18733,1,-1,1.0
18734,18735,18735,3,3,3.0
18734,18735,18736,1,1,-1.0
18734,18736,18735,1,1,-1.0
18734,18736,18734,1,-1,1.0
18734,18736,18734,1,-1,1.0
18733,18734,18733,2,-2,2.0
18733,18734,18733,3,-3,3.0
18733,18734,18733,2,-2,2.0
18733,18734,18733,1,-1,1.0
18733,18734,18733,1,-1,1.0
18733,18734,18733,1,-1,1.0
18733,18734,18733,1,-1,1.0
18733,18734,18733,1,-1,1.0
18734,18736,18736,5,5,5.0
18734,18735,18735,1,1,1.0
18734,18735,18736,1,1,-1.0
18734,18735,18734,1,-1,1.0
18734,18735,18735,2,2,2.0
18734,18735,18734,1,-1,1.0
18733,18734,18733,2,-2,2.0
18733,18734,18733,1,-1,1.0
18732,18733,18733,1,1,1.0
18732,18733,18733,1,1,1.0
18732,18733,18733,1,1,1.0
18732,18733,18733,1,1,1.0
18732,18733,18733,1,1,1.0
18732,18733,18732,3,-3,3.0
18732,18733,18732,2,-2,2.0
18732,18733,18733,5,5,5.0
18732,18733,18732,2,-2,2.0
18731,18734,18734,2,2,2.0
18731,18734,18735,3,3,-3.0
18733,18734,18734,5,5,5.0
18733,18734,18734,1,1,1.0
18733,18734,18733,1,-1,1.0
18732,18733,18733,1,1,1.0
18732,18733,18732,1,-1,1.0
18731,18733,18731,4,-4,4.0
18731,18733,18733,1,1,1.0
18732,18734,18734,2,2,2.0
18732,18735,18732,1,-1,1.0
18732,18735,18732,1,-1,1.0
18732,18733,18733,1,1,1.0
18732,18734,18732,2,-2,2.0
18732,18734,18731,1,-1,1.0
18732,18734,18732,1,-1,1.0
18731,18734,18734,1,1,1.0
18731,18734,18731,1,-1,1.0
18731,18734,18731,5,-5,5.0
18732,18734,18732,1,-1,1.0
18731,18732,18732,1,1,1.0
18731,18734,18731,1,-1,1.0
18732,18733,18732,1,-1,1.0
18731,18732,18732,1,1,1.0
18731,18732,18731,5,-5,5.0
18730,18731,18731,2,2,2.0
18730,18731,18730,1,-1,1.0
18730,18731,18730,1,-1,1.0
18730,18731,18730,4,-4,4.0
18730,18731,18730,1,-1,1.0
18730,18731,18730,1,-1,1.0
18729,18730,18729,1,-1,1.0
18729,18730,18730,1,1,1.0
18729,18731,18731,4,4,4.0
18729,18732,18732,2,2,2.0
18729,18732,18732,1,1,1.0
18730,18731,18731,1,1,1.0
18730,18731,18732,4,4,-4.0
18730,18732,18730,2,-2,2.0
18729,18732,18732,2,2,2.0
18729,18732,18729,4,-4,4.0
18729,18732,18729,1,-1,1.0
18729,18732,18729,1,-1,1.0
18729,18731,18729,1,-1,1.0
18729,18731,18731,5,5,5.0
18729,18731,18729,1,-1,1.0
18728,18730,18730,1,1,1.0
18728,18730,18730,2,2,2.0
18728,18730,18730,1,1,1.0
18728,18730,18728,1,-1,1.0
18728,18730,18730,2,2,2.0
18728,18730,18728,1,-1,1.0
18728,18730,18728,11,-11,11.0
18728,18730,18727,4,-4,4.0
18728,18730,18726,9,-9,9.0
18728,18730,18725,2,-2,2.0
18728,18730,18725,4,-4,4.0
18724,18727,18727,3,3,3.0
18724,18727,18728,5,5,-5.0
18724,18727,18729,3,3,-3.0
18724,18727,18729,1,1,-1.0
18724,18727,18726,1,1,-1.0
18724,18727,18726,1,1,-1.0
18726,18729,18725,2,-2,2.0
18725,18728,18725,1,-1,1.0
18725,18728,18725,1,-1,1.0
18725,18728,18725,2,-2,2.0
18725,18728,18724,1,-1,1.0
18725,18728,18724,5,-5,5.0
18723,18726,18723,1,-1,1.0
18723,18726,18723,2,-2,2.0
18723,18726,18723,2,-2,2.0
18723,18726,18723,2,-2,2.0
18723,18726,18723,2,-2,2.0
18723,18726,18723,1,-1,1.0
18723,18726,18726,2,2,2.0
18723,18726,18727,1,1,-1.0
18722,18725,18722,3,-3,3.0
18722,18724,18722,1,-1,1.0
18722,18724,18724,1,1,1.0
18722,18724,18722,1,-1,1.0
18722,18724,18724,1,1,1.0
18722,18724,18723,1,1,-1.0
18722,18724,18724,9,9,9.0
18725,18726,18725,1,-1,1.0
18725,18726,18725,1,-1,1.0
18725,18726,18725,1,-1,1.0
18725,18726,18724,2,-2,2.0
18725,18726,18723,18,-18,18.0
18723,18726,18726,5,5,5.0
18723,18725,18724,3,3,-3.0
18723,18726,18725,1,1,-1.0
18723,18725,18723,1,-1,1.0
18724,18725,18724,1,-1,1.0
18724,18725,18724,1,-1,1.0
18723,18724,18723,1,-1,1.0
18723,18724,18723,1,-1,1.0
18723,18724,18723,1,-1,1.0
18723,18724,18723,2,-2,2.0
18722,18723,18723,1,1,1.0
18722,18723,18723,1,1,1.0
18722,18723,18722,1,-1,1.0
18722,18723,18723,1,1,1.0
18722,18723,18722,4,-4,4.0
18722,18723,18722,1,-1,1.0
18722,18723,18722,1,-1,1.0
18722,18723,18722,2,-2,2.0
18721,18722,18721,4,-4,4.0
18721,18722,18721,1,-1,1.0
18720,18721,18721,1,1,1.0
18720,18721,18721,1,1,1.0
18720,18722,18721,1,1,-1.0
18720,18722,18721,1,1,-1.0
18720,18721,18721,3,3,3.0
18721,18723,18723,1,1,1.0
18721,18723,18721,1,-1,1.0
18721,18722,18721,1,-1,1.0
18721,18722,18721,2,-2,2.0
18721,18722,18721,1,-1,1.0
18720,18722,18722,1,1,1.0
18720,18721,18721,1,1,1.0
18720,18721,18720,1,-1,1.0
18720,18721,18721,2,2,2.0
18720,18721,18721,3,3,3.0
18720,18721,18721,1,1,1.0
18720,18721,18720,3,-3,3.0
18720,18721,18721,3,3,3.0
18720,18721,18720,1,-1,1.0
18720,18722,18722,1,1,1.0
18720,18722,18720,5,-5,5.0
18720,18722,18722,2,2,2.0
18722,18723,18722,1,-1,1.0
18722,18723,18721,1,-1,1.0
18722,18723,18721,1,-1,1.0
18720,18721,18721,1,1,1.0
18720,18721,18721,1,1,1.0
18720,18721,18720,1,-1,1.0
18721,18722,18721,1,-1,1.0
18721,18722,18721,1,-1,1.0
18721,18722,18721,1,-1,1.0
18721,18722,18721,2,-2,2.0
18721,18722,18721,1,-1,1.0
18721,18722,18721,1,-1,1.0
18721,18722,18721,2,-2,2.0
18721,18722,18721,2,-2,2.0
18721,18722,18722,1,1,1.0
18721,18722,18721,6,-6,6.0
18721,18722,18720,4,-4,4.0
18720,18721,18721,1,1,1.0
18720,18721,18721,1,1,1.0
18720,18721,18721,4,4,4.0
18720,18721,18720,1,-1,1.0
18720,18721,18720,6,-6,6.0
18720,18721,18720,6,-6,6.0
18720,18721,18720,1,-1,1.0
18720,18721,18720,1,-1,1.0
18720,18721,18720,1,-1,1.0
18719,18720,18720,3,3,3.0
18719,18720,18720,1,1,1.0
18719,18720,18719,2,-2,2.0
18719,18720,18719,2,-2,2.0
18719,18720,18719,1,-1,1.0
18718,18719,18719,2,2,2.0
18718,18719,18719,2,2,2.0
18718,18719,18718,1,-1,1.0
18718,18719,18718,1,-1,1.0
18718,18719,18718,1,-1,1.0
18718,18719,18718,1,-1,1.0
18718,18719,18718,1,-1,1.0
18718,18719,18718,1,-1,1.0
18718,18719,18718,1,-1,1.0
18718,18719,18718,1,-1,1.0
18718,18719,18718,1,-1,1.0
18718,18719,18718,1,-1,1.0
18717,18718,18718,4,4,4.0
18717,18718,18718,1,1,1.0
18717,18718,18717,1,-1,1.0
18717,18718,18717,1,-1,1.0
18716,18718,18717,1,-1,1.0
18716,18718,18717,1,-1,1.0
18716,18718,18716,2,-2,2.0
18716,18717,18717,2,2,2.0
18716,18717,18717,3,3,3.0
18716,18717,18717,1,1,1.0
18716,18718,18716,1,-1,1.0
18716,18718,18716,2,-2,2.0
18716,18717,18716,2,-2,2.0
18716,18717,18717,1,1,1.0
18716,18718,18716,2,-2,2.0
18716,18718,18717,1,-1,1.0
18716,18718,18717,1,-1,1.0
18716,18717,18717,1,1,1.0
18716,18717,18717,1,1,1.0
18717,18718,18718,1,1,1.0
18717,18718,18717,1,-1,1.0
18717,18718,18716,1,-1,1.0
18716,18717,18717,1,1,1.0
18716,18717,18717,1,1,1.0
18716,18719,18718,4,4,-4.0
18716,18717,18717,1,1,1.0
18716,18717,18717,1,1,1.0
18716,18717,18716,2,-2,2.0
18716,18717,18716,1,-1,1.0
18716,18717,18717,8,8,8.0
18716,18717,18716,1,-1,1.0
18716,18718,18717,1,-1,1.0
18717,18718,18717,1,-1,1.0
18717,18718,18716,4,-4,4.0
18717,18718,18718,1,1,1.0
18717,18718,18717,1,-1,1.0
18717,18718,18717,2,-2,2.0
18717,18718,18717,1,-1,1.0
18717,18718,18718,1,1,1.0
18717,18718,18718,1,1,1.0
18717,18718,18718,1,1,1.0
18718,18719,18718,2,-2,2.0
18718,18719,18719,3,3,3.0
18718,18719,18719,1,1,1.0
18719,18720,18720,1,1,1.0
18719,18720,18720,1,1,1.0
18719,18720,18720,1,1,1.0
18720,18721,18720,1,-1,1.0
18719,18721,18721,4,4,4.0
18719,18721,18721,1,1,1.0
18719,18721,18721,1,1,1.0
18719,18721,18721,2,2,2.0
18721,18722,18722,1,1,1.0
18721,18722,18722,2,2,2.0
18721,18722,18722,2,2,2.0
18721,18722,18722,1,1,1.0
18722,18723,18723,1,1,1.0
18722,18723,18723,3,3,3.0
18723,18724,18724,1,1,1.0
18723,18724,18724,1,1,1.0
18723,18724,18725,1,1,-1.0
18724,18725,18725,1,1,1.0
18724,18725,18726,1,1,-1.0
18724,18725,18726,1,1,-1.0
18725,18727,18727,1,1,1.0
18725,18727,18725,1,-1,1.0
18725,18727,18727,1,1,1.0
18725,18727,18727,1,1,1.0
18725,18727,18727,1,1,1.0
18726,18727,18726,1,-1,1.0
18725,18727,18727,4,4,4.0
18725,18727,18728,6,6,-6.0
18725,18727,18727,2,2,2.0
18725,18727,18729,1,1,-1.0
18727,18730,18730,1,1,1.0
18728,18729,18729,1,1,1.0
18728,18730,18730,1,1,1.0
18728,18730,18730,1,1,1.0
18728,18730,18729,1,1,-1.0
18728,18729,18728,1,-1,1.0
18728,18729,18728,2,-2,2.0
18727,18729,18727,1,-1,1.0
18727,18729,18727,1,-1,1.0
18727,18729,18727,1,-1,1.0
18727,18729,18727,1,-1,1.0
18726,18727,18727,1,1,1.0
18726,18727,18726,1,-1,1.0
18724,18725,18724,3,-3,3.0
18722,18724,18724,2,2,2.0
18722,18724,18724,1,1,1.0
18722,18723,18722,1,-1,1.0
18722,18723,18722,1,-1,1.0
18722,18723,18722,1,-1,1.0
18721,18722,18721,1,-1,1.0
18721,18722,18721,1,-1,1.0
18721,18722,18721,1,-1,1.0
18721,18722,18722,1,1,1.0
18721,18722,18721,1,-1,1.0
18720,18721,18720,1,-1,1.0
18720,18721,18720,4,-4,4.0
18720,18721,18720,1,-1,1.0
18720,18721,18720,1,-1,1.0
18720,18721,18720,1,-1,1.0
18720,18721,18720,1,-1,1.0
18720,18722,18720,2,-2,2.0
18720,18722,18720,1,-1,1.0
18720,18722,18720,2,-2,2.0
18722,18723,18723,1,1,1.0
18722,18723,18723,1,1,1.0
18722,18723,18723,1,1,1.0
18722,18723,18723,1,1,1.0
18722,18723,18723,1,1,1.0
18722,18723,18723,1,1,1.0
18722,18723,18723,2,2,2.0
18723,18725,18723,2,-2,2.0
18723,18725,18725,1,1,1.0
18723,18725,18725,1,1,1.0
18723,18725,18725,2,2,2.0
18723,18725,18726,1,1,-1.0
18723,18725,18726,2,2,-2.0
18723,18725,18727,1,1,-1.0
18723,18725,18727,2,2,-2.0
18726,18728,18726,1,-1,1.0
18726,18728,18727,3,-3,3.0
18727,18728,18727,1,-1,1.0
18727,18728,18727,3,-3,3.0
18727,18728,18727,1,-1,1.0
18727,18728,18726,1,-1,1.0
18726,18728,18728,3,3,3.0
18726,18728,18728,1,1,1.0
18726,18728,18726,1,-1,1.0
18726,18728,18726,1,-1,1.0
18726,18728,18726,1,-1,1.0
18726,18728,18726,1,-1,1.0
18726,18728,18726,1,-1,1.0
18726,18728,18727,1,-1,1.0
18726,18728,18727,1,-1,1.0
18726,18728,18726,1,-1,1.0
18726,18728,18728,4,4,4.0
18726,18728,18726,1,-1,1.0
18725,18727,18727,1,1,1.0
18725,18727,18727,2,2,2.0
18725,18727,18728,1,1,-1.0
18725,18727,18728,6,6,-6.0
18725,18727,18729,10,10,-10.0
18725,18727,18730,8,8,-8.0
18728,18730,18728,2,-2,2.0
18728,18730,18730,1,1,1.0
18728,18730,18730,3,3,3.0
18728,18730,18731,9,9,-9.0
18728,18730,18730,2,2,2.0
18729,18731,18731,1,1,1.0
18729,18731,18731,1,1,1.0
18729,18731,18731,4,4,4.0
18729,18731,18729,4,-4,4.0
18729,18731,18731,1,1,1.0
18729,18731,18730,1,1,-1.0
18729,18730,18729,1,-1,1.0
18729,18730,18730,1,1,1.0
18729,18730,18730,1,1,1.0
18729,18730,18730,1,1,1.0
18729,18730,18730,1,1,1.0
18729,18730,18730,2,2,2.0
18729,18730,18730,1,1,1.0
18729,18730,18730,1,1,1.0
18729,18730,18729,1,-1,1.0
18729,18730,18729,1,-1,1.0
18729,18730,18730,5,5,5.0
18729,18730,18729,1,-1,1.0
18729,18730,18729,1,-1,1.0
18729,18730,18729,2,-2,2.0
18729,18730,18729,1,-1,1.0
18729,18730,18729,1,-1,1.0
18728,18729,18729,1,1,1.0
18728,18729,18729,1,1,1.0
18728,18729,18729,4,4,4.0
18728,18729,18728,1,-1,1.0
18728,18729,18729,1,1,1.0
18728,18729,18729,5,5,5.0
18729,18730,18729,1,-1,1.0
18728,18729,18729,1,1,1.0
18728,18729,18729,1,1,1.0
18728,18729,18729,1,1,1.0
18728,18729,18729,7,7,7.0
18728,18729,18730,13,13,-13.0
18730,18731,18731,1,1,1.0
18730,18731,18731,3,3,3.0
18730,18731,18731,1,1,1.0
18731,18732,18731,2,-2,2.0
18731,18732,18730,3,-3,3.0
18731,18732,18732,1,1,1.0
18731,18732,18732,2,2,2.0
18731,18732,18732,1,1,1.0
18731,18732,18732,1,1,1.0
18731,18732,18732,1,1,1.0
18731,18732,18731,1,-1,1.0
18731,18732,18731,1,-1,1.0
18731,18732,18731,6,-6,6.0
18731,18732,18731,1,-1,1.0
18731,18732,18730,6,-6,6.0
18730,18732,18730,1,-1,1.0
18730,18731,18730,1,-1,1.0
18729,18730,18729,2,-2,2.0
18729,18730,18729,1,-1,1.0
18728,18730,18730,2,2,2.0
18728,18730,18728,1,-1,1.0
18728,18730,18728,2,-2,2.0
18728,18730,18728,1,-1,1.0
18726,18728,18728,1,1,1.0
18726,18728,18727,1,1,-1.0
18726,18727,18727,1,1,1.0
18726,18727,18726,1,-1,1.0
18726,18727,18726,1,-1,1.0
18726,18727,18726,5,-5,5.0
18726,18727,18725,5,-5,5.0
18725,18726,18725,1,-1,1.0
18725,18726,18726,1,1,1.0
18725,18726,18726,1,1,1.0
18725,18726,18725,1,-1,1.0
18725,18726,18726,1,1,1.0
18725,18726,18726,4,4,4.0
18725,18726,18726,1,1,1.0
18725,18726,18726,1,1,1.0
18725,18726,18726,2,2,2.0
18725,18726,18726,2,2,2.0
18725,18726,18726,3,3,3.0
18725,18726,18726,4,4,4.0
18725,18726,18726,1,1,1.0
18725,18726,18726,1,1,1.0
18725,18726,18726,1,1,1.0
18725,18726,18727,3,3,-3.0
18725,18727,18725,1,-1,1.0
18725,18726,18726,1,1,1.0
18725,18727,18727,2,2,2.0
18726,18727,18727,6,6,6.0
18726,18727,18727,1,1,1.0
18726,18728,18726,1,-1,1.0
18726,18728,18728,1,1,1.0
18726,18728,18728,1,1,1.0
18726,18727,18726,1,-1,1.0
18726,18727,18726,1,-1,1.0
18726,18727,18726,1,-1,1.0
18726,18727,18726,3,-3,3.0
18726,18727,18725,7,-7,7.0
18726,18727,18726,1,-1,1.0
18726,18727,18726,1,-1,1.0
18726,18727,18727,3,3,3.0
18726,18727,18727,1,1,1.0
18726,18727,18727,1,1,1.0
18726,18727,18728,1,1,-1.0
18728,18729,18729,1,1,1.0
18728,18729,18729,1,1,1.0
18728,18729,18728,1,-1,1.0
18728,18729,18729,1,1,1.0
18729,18730,18730,1,1,1.0
18729,18730,18729,3,-3,3.0
18729,18730,18728,2,-2,2.0
18728,18729,18728,1,-1,1.0
18728,18729,18728,1,-1,1.0
18726,18728,18728,1,1,1.0
18726,18727,18727,1,1,1.0
18726,18727,18727,1,1,1.0
18727,18728,18727,1,-1,1.0
18726,18727,18726,3,-3,3.0
18726,18727,18726,1,-1,1.0
18726,18727,18726,1,-1,1.0
18726,18727,18726,1,-1,1.0
18726,18727,18726,2,-2,2.0
18726,18727,18726,2,-2,2.0
18726,18727,18727,1,1,1.0
18726,18727,18726,1,-1,1.0
18726,18727,18726,1,-1,1.0
18726,18727,18727,1,1,1.0
18726,18727,18726,1,-1,1.0
18726,18727,18726,1,-1,1.0
18726,18727,18726,2,-2,2.0
18726,18727,18726,1,-1,1.0
18725,18726,18726,1,1,1.0
18725,18726,18726,3,3,3.0
18726,18727,18726,1,-1,1.0
18725,18727,18725,2,-2,2.0
18725,18727,18726,1,-1,1.0
18725,18726,18725,2,-2,2.0
18725,18726,18726,1,1,1.0
18725,18726,18726,2,2,2.0
18725,18726,18725,2,-2,2.0
18725,18726,18725,1,-1,1.0
18725,18726,18725,1,-1,1.0
18725,18726,18725,2,-2,2.0
18725,18726,18725,1,-1,1.0
18725,18726,18725,1,-1,1.0
18725,18726,18725,4,-4,4.0
18725,18726,18725,1,-1,1.0
18725,18726,18725,1,-1,1.0
18725,18726,18725,3,-3,3.0
18724,18726,18725,1,-1,1.0
18724,18726,18724,2,-2,2.0
18724,18726,18725,1,-1,1.0
18724,18726,18724,7,-7,7.0
18723,18725,18725,1,1,1.0
18723,18725,18725,1,1,1.0
18724,18726,18724,1,-1,1.0
18723,18725,18723,3,-3,3.0
18723,18725,18724,1,-1,1.0
18723,18725,18723,1,-1,1.0
18723,18725,18723,1,-1,1.0
18724,18725,18725,1,1,1.0
18724,18725,18724,1,-1,1.0
18723,18725,18725,1,1,1.0
18723,18725,18723,1,-1,1.0
18724,18725,18725,1,1,1.0
18724,18726,18724,1,-1,1.0
18724,18726,18726,1,1,1.0
18725,18728,18726,1,-1,1.0
18726,18728,18727,1,-1,1.0
18727,18728,18728,1,1,1.0
18727,18728,18728,6,6,6.0
18727,18728,18728,2,2,2.0
18727,18728,18728,4,4,4.0
18728,18729,18729,6,6,6.0
18728,18729,18728,1,-1,1.0
18728,18729,18728,2,-2,2.0
18728,18729,18727,3,-3,3.0
18728,18729,18728,3,-3,3.0
18727,18729,18727,2,-2,2.0
18727,18729,18729,3,3,3.0
18728,18729,18728,2,-2,2.0
18728,18729,18728,1,-1,1.0
18728,18729,18728,1,-1,1.0
18728,18729,18728,2,-2,2.0
18727,18729,18729,1,1,1.0
18727,18729,18727,2,-2,2.0
18727,18729,18728,4,-4,4.0
18726,18728,18728,2,2,2.0
18726,18728,18726,4,-4,4.0
18726,18728,18725,1,-1,1.0
18725,18726,18726,1,1,1.0
18725,18726,18725,2,-2,2.0
18724,18725,18725,1,1,1.0
18724,18725,18725,1,1,1.0
18724,18725,18726,1,1,-1.0
18724,18726,18724,1,-1,1.0
18724,18726,18726,2,2,2.0
18725,18726,18726,1,1,1.0
18725,18726,18725,1,-1,1.0
18725,18726,18725,1,-1,1.0
18725,18726,18725,1,-1,1.0
18725,18726,18726,2,2,2.0
18725,18726,18725,3,-3,3.0
18725,18726,18725,1,-1,1.0
18724,18725,18725,1,1,1.0
18724,18725,18726,1,1,-1.0
18724,18725,18725,2,2,2.0
18724,18725,18724,4,-4,4.0
18723,18724,18724,1,1,1.0
18724,18725,18724,1,-1,1.0
18724,18725,18724,1,-1,1.0
18724,18725,18725,2,2,2.0
18724,18725,18725,1,1,1.0
18724,18725,18725,4,4,4.0
18724,18725,18726,4,4,-4.0
18724,18725,18726,1,1,-1.0
18724,18725,18726,1,1,-1.0
18726,18727,18726,1,-1,1.0
18725,18727,18725,1,-1,1.0
18725,18727,18727,2,2,2.0
18726,18727,18726,1,-1,1.0
18726,18727,18725,2,-2,2.0
18725,18727,18727,1,1,1.0
18725,18727,18725,1,-1,1.0
18725,18727,18727,1,1,1.0
18725,18727,18725,5,-5,5.0
18725,18726,18725,1,-1,1.0
18724,18726,18725,2,-2,2.0
18724,18725,18725,1,1,1.0
18724,18725,18725,1,1,1.0
18724,18726,18726,1,1,1.0
18725,18726,18725,2,-2,2.0
18725,18726,18724,3,-3,3.0
18724,18726,18725,1,-1,1.0
18724,18725,18725,1,1,1.0
18724,18725,18725,1,1,1.0
18724,18725,18724,1,-1,1.0
18724,18725,18724,1,-1,1.0
18724,18725,18725,1,1,1.0
18724,18725,18724,1,-1,1.0
18724,18725,18724,1,-1,1.0
18724,18725,18725,2,2,2.0
18724,18725,18725,2,2,2.0
18724,18725,18725,1,1,1.0
18724,18725,18725,2,2,2.0
18725,18726,18725,1,-1,1.0
18725,18726,18724,5,-5,5.0
18725,18726,18724,6,-6,6.0
18725,18726,18724,7,-7,7.0
18725,18726,18724,2,-2,2.0
18725,18726,18724,2,-2,2.0
18723,18724,18723,2,-2,2.0
18723,18724,18724,1,1,1.0
18723,18725,18723,1,-1,1.0
18723,18724,18724,1,1,1.0
18723,18725,18725,5,5,5.0
18723,18725,18724,1,1,-1.0
18724,18725,18725,5,5,5.0
18724,18725,18726,5,5,-5.0
18724,18725,18726,4,4,-4.0
18724,18725,18726,1,1,-1.0
18725,18727,18725,1,-1,1.0
18725,18727,18725,1,-1,1.0
18724,18725,18725,1,1,1.0
18724,18725,18725,1,1,1.0
18725,18726,18725,1,-1,1.0
18725,18726,18725,1,-1,1.0
18725,18726,18726,2,2,2.0
18725,18726,18725,4,-4,4.0
18724,18725,18724,1,-1,1.0
18724,18725,18725,1,1,1.0
18724,18725,18724,1,-1,1.0
18724,18725,18725,3,3,3.0
18724,18725,18725,1,1,1.0
18724,18726,18726,1,1,1.0
18724,18726,18726,3,3,3.0
18724,18726,18727,5,5,-5.0
18724,18726,18727,1,1,-1.0
18724,18726,18726,1,1,1.0
18726,18728,18726,1,-1,1.0
18726,18727,18726,1,-1,1.0
18726,18728,18726,5,-5,5.0
18725,18728,18728,1,1,1.0
18726,18728,18728,2,2,2.0
18727,18728,18728,1,1,1.0
18727,18728,18728,2,2,2.0
18727,18728,18728,1,1,1.0
18727,18728,18728,2,2,2.0
18727,18729,18729,1,1,1.0
18728,18729,18728,2,-2,2.0
18727,18729,18729,1,1,1.0
18727,18729,18729,1,1,1.0
18728,18729,18728,5,-5,5.0
18728,18729,18728,2,-2,2.0
18728,18729,18729,3,3,3.0
18727,18729,18728,1,1,-1.0
18728,18729,18729,1,1,1.0
18728,18729,18728,1,-1,1.0
18728,18729,18728,5,-5,5.0
18728,18729,18728,1,-1,1.0
18727,18728,18728,1,1,1.0
18727,18728,18728,2,2,2.0
18727,18728,18727,1,-1,1.0
18727,18728,18727,1,-1,1.0
18727,18728,18727,1,-1,1.0
18726,18727,18727,1,1,1.0
18726,18727,18728,2,2,-2.0
18726,18727,18727,2,2,2.0
18726,18728,18726,1,-1,1.0
18727,18728,18728,1,1,1.0
18727,18728,18727,1,-1,1.0
18726,18728,18726,1,-1,1.0
18726,18727,18726,2,-2,2.0
18726,18727,18726,2,-2,2.0
18725,18727,18725,5,-5,5.0
18725,18727,18725,1,-1,1.0
18725,18727,18725,2,-2,2.0
18725,18727,18725,4,-4,4.0
18725,18727,18725,3,-3,3.0
18724,18725,18725,1,1,1.0
18724,18725,18725,1,1,1.0
18724,18725,18725,1,1,1.0
18724,18726,18725,1,1,-1.0
18724,18726,18725,1,1,-1.0
18724,18725,18725,1,1,1.0
18724,18725,18725,1,1,1.0
18724,18725,18725,1,1,1.0
18724,18726,18726,1,1,1.0
18724,18725,18725,1,1,1.0
18724,18725,18726,1,1,-1.0
18724,18726,18724,2,-2,2.0
18724,18726,18724,2,-2,2.0
18725,18726,18725,2,-2,2.0
18724,18725,18724,2,-2,2.0
18724,18725,18724,1,-1,1.0
18724,18725,18724,1,-1,1.0
18724,18725,18725,1,1,1.0
18723,18724,18724,2,2,2.0
18723,18724,18724,1,1,1.0
18723,18724,18723,1,-1,1.0
18723,18724,18723,1,-1,1.0
18723,18724,18723,1,-1,1.0
18723,18724,18723,5,-5,5.0
18723,18724,18723,1,-1,1.0
18723,18724,18723,4,-4,4.0
18723,18724,18723,7,-7,7.0
18723,18724,18723,1,-1,1.0
18723,18724,18723,1,-1,1.0
18722,18723,18723,2,2,2.0
18722,18723,18723,2,2,2.0
18722,18723,18723,2,2,2.0
18722,18723,18723,1,1,1.0
18722,18723,18723,1,1,1.0
18722,18723,18723,1,1,1.0
18722,18724,18722,1,-1,1.0
18722,18724,18724,1,1,1.0
18723,18725,18723,2,-2,2.0
18722,18724,18723,1,-1,1.0
18722,18723,18722,1,-1,1.0
18722,18723,18722,2,-2,2.0
18722,18723,18722,12,-12,12.0
18721,18722,18722,2,2,2.0
18721,18722,18722,5,5,5.0
18721,18722,18723,5,5,-5.0
18721,18722,18722,2,2,2.0
18721,18722,18721,1,-1,1.0
18721,18722,18721,21,-21,21.0
18720,18722,18722,1,1,1.0
18721,18722,18721,1,-1,1.0
18721,18722,18721,1,-1,1.0
18720,18722,18722,1,1,1.0
18720,18722,18721,1,1,-1.0
18720,18722,18720,1,-1,1.0
18720,18721,18720,2,-2,2.0
18720,18721,18720,1,-1,1.0
18720,18721,18720,1,-1,1.0
18720,18721,18721,2,2,2.0
18720,18722,18720,1,-1,1.0
18721,18723,18721,1,-1,1.0
18720,18723,18721,2,-2,2.0
18721,18722,18721,1,-1,1.0
18721,18722,18721,1,-1,1.0
18721,18722,18722,1,1,1.0
18721,18722,18722,2,2,2.0
18721,18722,18722,1,1,1.0
18721,18722,18722,1,1,1.0
18721,18722,18723,2,2,-2.0
18723,18724,18723,1,-1,1.0
18722,18724,18724,1,1,1.0
18723,18724,18723,1,-1,1.0
18723,18724,18723,1,-1,1.0
18723,18724,18722,2,-2,2.0
18723,18724,18721,2,-2,2.0
18722,18723,18723,1,1,1.0
18722,18724,18724,1,1,1.0
18722,18724,18722,1,-1,1.0
18722,18724,18722,1,-1,1.0
18722,18724,18722,1,-1,1.0
18722,18724,18722,1,-1,1.0
18722,18724,18722,1,-1,1.0
18722,18724,18722,1,-1,1.0
18722,18724,18722,1,-1,1.0
18722,18724,18722,1,-1,1.0
18722,18724,18721,1,-1,1.0
18721,18722,18722,1,1,1.0
18721,18722,18722,1,1,1.0
18721,18722,18721,4,-4,4.0
18721,18722,18722,1,1,1.0
18722,18723,18722,2,-2,2.0
18721,18722,18721,1,-1,1.0
18721,18722,18721,1,-1,1.0
18721,18722,18721,1,-1,1.0
18721,18722,18721,2,-2,2.0
18721,18722,18721,2,-2,2.0
18721,18722,18721,1,-1,1.0
18721,18722,18722,1,1,1.0
18721,18722,18721,1,-1,1.0
18721,18722,18721,1,-1,1.0
18721,18722,18721,1,-1,1.0
18721,18722,18721,1,-1,1.0
18721,18722,18722,2,2,2.0
18721,18722,18721,1,-1,1.0
18721,18722,18721,2,-2,2.0
18721,18722,18722,2,2,2.0
18721,18722,18722,2,2,2.0
18721,18722,18722,1,1,1.0
18721,18722,18722,3,3,3.0
18721,18722,18722,1,1,1.0
18721,18723,18723,2,2,2.0
18721,18723,18723,1,1,1.0
18721,18723,18721,1,-1,1.0
18721,18723,18723,3,3,3.0
18721,18723,18721,2,-2,2.0
18721,18723,18723,2,2,2.0
18721,18722,18722,1,1,1.0
18721,18723,18721,5,-5,5.0
18721,18723,18722,1,-1,1.0
18721,18723,18721,2,-2,2.0
18721,18723,18721,3,-3,3.0
18721,18722,18722,1,1,1.0
18721,18722,18721,1,-1,1.0
18721,18722,18721,1,-1,1.0
18721,18722,18721,1,-1,1.0
18721,18722,18722,1,1,1.0
18721,18722,18721,4,-4,4.0
18721,18722,18720,26,-26,26.0
18721,18722,18720,1,-1,1.0
18721,18722,18720,3,-3,3.0
18721,18722,18720,1,-1,1.0
18721,18722,18720,1,-1,1.0
18721,18722,18720,1,-1,1.0
18719,18720,18720,5,5,5.0
18719,18721,18721,1,1,1.0
18719,18721,18720,1,1,-1.0
18719,18720,18719,2,-2,2.0
18719,18720,18720,1,1,1.0
18719,18720,18720,2,2,2.0
18720,18721,18720,1,-1,1.0
18720,18721,18720,1,-1,1.0
18720,18721,18721,1,1,1.0
18719,18721,18719,13,-13,13.0
18718,18719,18719,2,2,2.0
18718,18719,18718,1,-1,1.0
18718,18719,18719,1,1,1.0
18718,18719,18719,1,1,1.0
18718,18719,18719,5,5,5.0
18718,18719,18719,1,1,1.0
18718,18719,18719,2,2,2.0
18718,18719,18719,2,2,2.0
18718,18719,18719,1,1,1.0
18718,18719,18719,2,2,2.0
18718,18720,18718,1,-1,1.0
18718,18719,18719,1,1,1.0
18718,18719,18719,1,1,1.0
18718,18719,18718,1,-1,1.0
18718,18719,18718,1,-1,1.0
18718,18719,18719,1,1,1.0
18718,18719,18719,1,1,1.0
18718,18720,18718,2,-2,2.0
18718,18720,18718,2,-2,2.0
18718,18719,18718,2,-2,2.0
18718,18719,18718,2,-2,2.0
18718,18719,18718,1,-1,1.0
18718,18719,18718,2,-2,2.0
18718,18719,18719,1,1,1.0
18718,18719,18719,1,1,1.0
18718,18719,18719,1,1,1.0
18718,18719,18719,1,1,1.0
18718,18720,18720,1,1,1.0
18718,18719,18719,1,1,1.0
18718,18719,18719,1,1,1.0
18718,18719,18719,1,1,1.0
18719,18720,18720,1,1,1.0
18719,18720,18720,3,3,3.0
18719,18720,18720,1,1,1.0
18719,18720,18720,2,2,2.0
18719,18720,18720,1,1,1.0
18719,18720,18720,6,6,6.0
18720,18721,18720,3,-3,3.0
18720,18721,18721,1,1,1.0
18720,18721,18722,1,1,-1.0
18720,18722,18720,1,-1,1.0
18720,18722,18720,11,-11,11.0
18720,18722,18720,1,-1,1.0
18720,18722,18720,1,-1,1.0
18721,18722,18721,2,-2,2.0
18721,18722,18720,8,-8,8.0
18720,18722,18722,1,1,1.0
18721,18722,18722,1,1,1.0
18721,18722,18722,1,1,1.0
18721,18722,18721,5,-5,5.0
18721,18722,18721,1,-1,1.0
18721,18722,18721,1,-1,1.0
18720,18721,18721,1,1,1.0
18721,18722,18722,1,1,1.0
18721,18722,18721,2,-2,2.0
18721,18722,18721,2,-2,2.0
18721,18722,18720,3,-3,3.0
18720,18722,18720,5,-5,5.0
18720,18722,18720,1,-1,1.0
18721,18722,18721,1,-1,1.0
18720,18721,18721,5,5,5.0
18720,18721,18721,1,1,1.0
18720,18721,18721,1,1,1.0
18720,18721,18722,11,11,-11.0
18721,18723,18723,3,3,3.0
18721,18723,18723,1,1,1.0
18721,18723,18721,1,-1,1.0
18721,18722,18722,2,2,2.0
18721,18722,18723,1,1,-1.0
18721,18723,18723,6,6,6.0
18721,18723,18721,3,-3,3.0
18722,18723,18723,1,1,1.0
18722,18723,18723,1,1,1.0
18723,18724,18723,1,-1,1.0
18723,18724,18723,1,-1,1.0
18723,18724,18723,7,-7,7.0
18723,18724,18722,4,-4,4.0
18722,18723,18722,1,-1,1.0
18721,18722,18722,1,1,1.0
18721,18722,18723,3,3,-3.0
18721,18723,18721,1,-1,1.0
18722,18723,18723,1,1,1.0
18722,18723,18722,1,-1,1.0
18721,18723,18723,1,1,1.0
18721,18723,18723,1,1,1.0
18721,18723,18723,1,1,1.0
18721,18723,18721,2,-2,2.0
18721,18723,18721,2,-2,2.0
18721,18723,18721,1,-1,1.0
18721,18723,18721,3,-3,3.0
18721,18723,18721,1,-1,1.0
18721,18723,18721,6,-6,6.0
18721,18723,18721,1,-1,1.0
18721,18723,18721,4,-4,4.0
18721,18723,18721,1,-1,1.0
18721,18723,18721,1,-1,1.0
18721,18723,18721,2,-2,2.0
18721,18723,18721,1,-1,1.0
18721,18722,18721,1,-1,1.0
18720,18721,18720,1,-1,1.0
18720,18721,18721,1,1,1.0
18720,18722,18722,1,1,1.0
18720,18722,18721,1,1,-1.0
18720,18722,18721,2,2,-2.0
18720,18722,18722,1,1,1.0
18722,18723,18722,1,-1,1.0
18721,18723,18721,1,-1,1.0
18721,18723,18721,1,-1,1.0
18721,18723,18721,1,-1,1.0
18721,18722,18722,1,1,1.0
18721,18722,18722,1,1,1.0
18722,18723,18723,2,2,2.0
18722,18723,18723,2,2,2.0
18722,18723,18723,2,2,2.0
18722,18723,18723,5,5,5.0
18722,18723,18723,4,4,4.0
18722,18724,18724,1,1,1.0
18722,18724,18724,1,1,1.0
18723,18724,18723,2,-2,2.0
18723,18724,18723,2,-2,2.0
18722,18724,18722,5,-5,5.0
18723,18724,18723,1,-1,1.0
18723,18724,18723,2,-2,2.0
18722,18724,18724,1,1,1.0
18722,18724,18722,1,-1,1.0
18723,18724,18723,1,-1,1.0
18722,18724,18722,1,-1,1.0
18722,18724,18722,1,-1,1.0
18722,18724,18722,1,-1,1.0
18722,18724,18722,5,-5,5.0
18722,18723,18722,1,-1,1.0
18722,18723,18722,1,-1,1.0
18722,18723,18722,1,-1,1.0
18722,18723,18722,1,-1,1.0
18722,18723,18723,1,1,1.0
18722,18723,18723,2,2,2.0
18722,18723,18723,1,1,1.0
18722,18723,18722,2,-2,2.0
18722,18723,18723,1,1,1.0
18722,18723,18722,2,-2,2.0
18722,18723,18722,3,-3,3.0
18722,18723,18721,3,-3,3.0
18722,18723,18721,1,-1,1.0
18721,18722,18721,1,-1,1.0
18721,18722,18722,5,5,5.0
18721,18722,18721,1,-1,1.0
18721,18722,18721,1,-1,1.0
18721,18722,18722,1,1,1.0
18721,18722,18722,1,1,1.0
18721,18722,18721,3,-3,3.0
18721,18722,18720,2,-2,2.0
18721,18722,18721,2,-2,2.0
18721,18722,18721,1,-1,1.0
18721,18722,18721,1,-1,1.0
18720,18722,18722,2,2,2.0
18721,18722,18721,1,-1,1.0
18721,18722,18721,1,-1,1.0
18721,18722,18721,3,-3,3.0
18721,18722,18720,2,-2,2.0
18721,18722,18721,1,-1,1.0
18721,18722,18721,1,-1,1.0
18721,18722,18721,1,-1,1.0
18721,18722,18721,1,-1,1.0
18720,18721,18720,5,-5,5.0
18720,18721,18721,1,1,1.0
18720,18721,18720,1,-1,1.0
18720,18721,18720,1,-1,1.0
18720,18721,18720,1,-1,1.0
18720,18721,18720,4,-4,4.0
18720,18721,18720,3,-3,3.0
18720,18721,18720,3,-3,3.0
18719,18720,18719,1,-1,1.0
18719,18720,18719,1,-1,1.0
18718,18719,18718,1,-1,1.0
18718,18719,18718,1,-1,1.0
18718,18719,18719,1,1,1.0
18718,18719,18718,1,-1,1.0
18718,18719,18718,1,-1,1.0
18718,18719,18718,2,-2,2.0
18718,18719,18718,2,-2,2.0
18718,18719,18718,2,-2,2.0
18718,18719,18718,1,-1,1.0
18718,18719,18718,1,-1,1.0
18718,18719,18718,2,-2,2.0
18718,18719,18719,3,3,3.0
18718,18719,18718,2,-2,2.0
18718,18719,18718,3,-3,3.0
18718,18719,18718,2,-2,2.0
18718,18719,18719,4,4,4.0
18718,18719,18718,1,-1,1.0
18718,18719,18718,5,-5,5.0
18718,18719,18718,1,-1,1.0
18718,18719,18718,1,-1,1.0
18718,18719,18718,1,-1,1.0
18718,18719,18718,1,-1,1.0
18718,18719,18718,1,-1,1.0
18718,18719,18719,1,1,1.0
18718,18719,18719,2,2,2.0
18718,18719,18718,1,-1,1.0
18718,18719,18718,1,-1,1.0
18718,18719,18719,6,6,6.0
18719,18720,18719,2,-2,2.0
18719,18720,18720,1,1,1.0
18719,18720,18720,3,3,3.0
18719,18720,18720,2,2,2.0
18720,18721,18721,1,1,1.0
18720,18721,18722,1,1,-1.0
18721,18722,18722,2,2,2.0
18721,18722,18721,1,-1,1.0
18721,18722,18721,1,-1,1.0
18721,18722,18722,5,5,5.0
18721,18722,18721,1,-1,1.0
18720,18721,18721,1,1,1.0
18721,18722,18722,1,1,1.0
18721,18722,18721,1,-1,1.0
18720,18721,18720,1,-1,1.0
18720,18721,18720,1,-1,1.0
18720,18721,18720,1,-1,1.0
18719,18721,18721,1,1,1.0
18720,18721,18720,1,-1,1.0
18719,18720,18719,1,-1,1.0
18719,18720,18719,1,-1,1.0
18719,18720,18719,1,-1,1.0
18719,18720,18719,3,-3,3.0
18719,18720,18719,1,-1,1.0
18719,18720,18719,1,-1,1.0
18719,18720,18719,4,-4,4.0
18718,18719,18719,1,1,1.0
18718,18719,18718,1,-1,1.0
18718,18719,18718,1,-1,1.0
18718,18719,18719,1,1,1.0
18718,18719,18719,1,1,1.0
18719,18720,18719,1,-1,1.0
18719,18720,18719,1,-1,1.0
18719,18720,18719,1,-1,1.0
18718,18720,18720,1,1,1.0
18719,18720,18719,1,-1,1.0
18719,18720,18719,2,-2,2.0
18718,18719,18719,1,1,1.0
18718,18720,18719,1,1,-1.0
18718,18719,18719,1,1,1.0
18718,18719,18719,1,1,1.0
18718,18720,18720,2,2,2.0
18719,18720,18719,2,-2,2.0
18719,18720,18720,1,1,1.0
18719,18720,18720,1,1,1.0
18719,18720,18720,1,1,1.0
18719,18720,18720,5,5,5.0
18719,18720,18720,3,3,3.0
18719,18720,18720,1,1,1.0
18720,18721,18721,2,2,2.0
18720,18721,18720,1,-1,1.0
18720,18721,18721,3,3,3.0
18720,18721,18720,1,-1,1.0
18720,18721,18720,1,-1,1.0
18719,18721,18721,1,1,1.0
18719,18720,18720,1,1,1.0
18720,18721,18720,1,-1,1.0
18720,18721,18721,1,1,1.0
18720,18721,18720,2,-2,2.0
18720,18721,18720,1,-1,1.0
18720,18721,18720,2,-2,2.0
18719,18721,18719,1,-1,1.0
18720,18721,18721,1,1,1.0
18720,18721,18721,3,3,3.0
18720,18721,18721,1,1,1.0
18720,18721,18721,1,1,1.0
18720,18721,18721,1,1,1.0
18721,18722,18721,4,-4,4.0
18721,18722,18720,1,-1,1.0
18720,18722,18720,1,-1,1.0
18720,18722,18720,1,-1,1.0
18720,18722,18720,1,-1,1.0
18720,18722,18720,1,-1,1.0
18720,18722,18720,1,-1,1.0
18719,18720,18720,2,2,2.0
18720,18722,18722,1,1,1.0
18721,18722,18722,1,1,1.0
18721,18722,18722,2,2,2.0
18721,18722,18721,1,-1,1.0
18721,18722,18721,2,-2,2.0
18720,18721,18721,1,1,1.0
18720,18721,18721,1,1,1.0
18720,18721,18720,2,-2,2.0
18720,18721,18720,1,-1,1.0
18720,18721,18720,3,-3,3.0
18720,18721,18720,1,-1,1.0
18720,18721,18720,1,-1,1.0
18720,18721,18720,2,-2,2.0
18719,18720,18719,1,-1,1.0
18719,18720,18719,1,-1,1.0
18719,18720,18719,2,-2,2.0
18719,18720,18719,4,-4,4.0
18718,18720,18720,1,1,1.0
18719,18720,18719,1,-1,1.0
18719,18720,18719,1,-1,1.0
18719,18720,18719,3,-3,3.0
18719,18720,18720,2,2,2.0
18719,18720,18719,1,-1,1.0
18719,18720,18720,2,2,2.0
18719,18720,18720,1,1,1.0
18719,18720,18720,2,2,2.0
18720,18721,18720,2,-2,2.0
18719,18720,18720,1,1,1.0
18719,18720,18720,2,2,2.0
18719,18720,18720,1,1,1.0
18720,18721,18721,3,3,3.0
18720,18721,18721,1,1,1.0
18720,18721,18721,1,1,1.0
18720,18721,18720,1,-1,1.0
18720,18721,18720,1,-1,1.0
18719,18721,18721,1,1,1.0
18719,18721,18719,3,-3,3.0
18719,18720,18720,1,1,1.0
18720,18721,18721,1,1,1.0
18720,18721,18721,1,1,1.0
18720,18721,18721,3,3,3.0
18720,18721,18722,2,2,-2.0
18720,18721,18720,1,-1,1.0
18720,18721,18720,1,-1,1.0
18720,18721,18720,2,-2,2.0
18720,18721,18720,2,-2,2.0
18719,18720,18720,1,1,1.0
18719,18720,18720,1,1,1.0
18719,18720,18720,2,2,2.0
18719,18720,18719,18,-18,18.0
18718,18719,18719,1,1,1.0
18718,18719,18719,1,1,1.0
18718,18720,18718,1,-1,1.0
18719,18720,18719,1,-1,1.0
18719,18720,18720,1,1,1.0
18719,18720,18719,1,-1,1.0
18718,18719,18718,1,-1,1.0
18718,18719,18719,1,1,1.0
18718,18719,18719,2,2,2.0
18718,18719,18718,2,-2,2.0
18718,18719,18718,2,-2,2.0
18718,18719,18718,1,-1,1.0
18718,18719,18718,2,-2,2.0
18718,18719,18718,3,-3,3.0
18718,18719,18718,2,-2,2.0
18718,18719,18718,4,-4,4.0
18718,18719,18718,2,-2,2.0
18718,18719,18718,1,-1,1.0
18718,18719,18718,1,-1,1.0
18718,18719,18718,1,-1,1.0
18718,18719,18718,1,-1,1.0
18718,18719,18719,1,1,1.0
18718,18719,18718,1,-1,1.0
18718,18719,18718,5,-5,5.0
18718,18719,18718,1,-1,1.0
18718,18719,18718,1,-1,1.0
18718,18719,18718,1,-1,1.0
18718,18719,18718,1,-1,1.0
18718,18719,18718,1,-1,1.0
18718,18719,18718,1,-1,1.0
18718,18719,18717,3,-3,3.0
18717,18718,18717,1,-1,1.0
18717,18718,18717,4,-4,4.0
18717,18718,18717,1,-1,1.0
18716,18717,18716,2,-2,2.0
18716,18717,18716,1,-1,1.0
18716,18717,18716,1,-1,1.0
18716,18717,18716,8,-8,8.0
18716,18717,18716,3,-3,3.0
18716,18717,18716,3,-3,3.0
18716,18717,18715,2,-2,2.0
18716,18717,18715,1,-1,1.0
18716,18717,18715,2,-2,2.0
18715,18716,18715,1,-1,1.0
18715,18716,18715,5,-5,5.0
18715,18716,18714,5,-5,5.0
18715,18716,18714,1,-1,1.0
18714,18716,18714,2,-2,2.0
18714,18715,18714,2,-2,2.0
18714,18715,18714,2,-2,2.0
18714,18715,18713,1,-1,1.0
18714,18715,18713,7,-7,7.0
18713,18715,18713,1,-1,1.0
18713,18715,18713,1,-1,1.0
18714,18715,18714,1,-1,1.0
18714,18715,18713,2,-2,2.0
18713,18714,18713,5,-5,5.0
18713,18714,18713,1,-1,1.0
18713,18714,18713,1,-1,1.0
18713,18714,18713,1,-1,1.0
18713,18714,18713,2,-2,2.0
18713,18714,18713,1,-1,1.0
18713,18714,18714,5,5,5.0
18713,18714,18713,1,-1,1.0
18713,18714,18713,1,-1,1.0
18713,18714,18713,3,-3,3.0
18713,18714,18712,2,-2,2.0
18713,18714,18713,1,-1,1.0
18713,18714,18713,1,-1,1.0
18712,18713,18713,2,2,2.0
18712,18713,18712,5,-5,5.0
18712,18713,18712,1,-1,1.0
18712,18713,18712,2,-2,2.0
18712,18713,18712,1,-1,1.0
18712,18713,18712,1,-1,1.0
18712,18713,18712,1,-1,1.0
18712,18713,18712,1,-1,1.0
18712,18713,18712,2,-2,2.0
18712,18713,18712,2,-2,2.0
18712,18713,18711,3,-3,3.0
18711,18713,18711,1,-1,1.0
18711,18713,18711,1,-1,1.0
18711,18713,18711,2,-2,2.0
18711,18713,18711,1,-1,1.0
18711,18713,18711,3,-3,3.0
18711,18713,18711,1,-1,1.0
18711,18713,18711,1,-1,1.0
18711,18713,18711,2,-2,2.0
18710,18713,18711,1,-1,1.0
18710,18713,18711,1,-1,1.0
18710,18713,18711,1,-1,1.0
18711,18712,18711,2,-2,2.0
18711,18712,18711,1,-1,1.0
18711,18712,18711,1,-1,1.0
18711,18712,18711,1,-1,1.0
18711,18712,18711,2,-2,2.0
18711,18712,18711,1,-1,1.0
18711,18712,18712,1,1,1.0
18711,18712,18713,1,1,-1.0
18711,18713,18711,1,-1,1.0
18711,18713,18711,1,-1,1.0
18711,18712,18711,1,-1,1.0
18711,18712,18711,1,-1,1.0
18711,18712,18711,1,-1,1.0
18711,18712,18711,1,-1,1.0
18711,18712,18711,1,-1,1.0
18711,18712,18711,1,-1,1.0
18711,18712,18711,1,-1,1.0
18710,18712,18710,1,-1,1.0
18710,18712,18710,2,-2,2.0
18710,18712,18710,1,-1,1.0
18710,18712,18710,1,-1,1.0
18710,18712,18710,3,-3,3.0
18710,18712,18710,1,-1,1.0
18710,18712,18710,1,-1,1.0
18710,18712,18710,4,-4,4.0
18710,18711,18710,1,-1,1.0
18710,18711,18711,1,1,1.0
18710,18711,18710,1,-1,1.0
18710,18711,18711,3,3,3.0
18710,18711,18710,1,-1,1.0
18710,18711,18710,1,-1,1.0
18710,18711,18711,1,1,1.0
18710,18711,18710,2,-2,2.0
18710,18711,18711,1,1,1.0
18710,18711,18711,1,1,1.0
18710,18711,18710,1,-1,1.0
18710,18711,18711,6,6,6.0
18710,18711,18710,3,-3,3.0
18710,18711,18710,1,-1,1.0
18710,18711,18710,1,-1,1.0
18710,18711,18711,1,1,1.0
18710,18711,18710,1,-1,1.0
18710,18711,18711,1,1,1.0
18710,18711,18710,1,-1,1.0
18710,18711,18710,1,-1,1.0
18710,18711,18710,1,-1,1.0
18710,18711,18710,1,-1,1.0
18710,18711,18711,1,1,1.0
18710,18711,18710,1,-1,1.0
18710,18711,18710,1,-1,1.0
18710,18711,18710,1,-1,1.0
18710,18711,18710,5,-5,5.0
18710,18711,18710,2,-2,2.0
18710,18711,18711,1,1,1.0
18710,18711,18711,1,1,1.0
18710,18711,18711,1,1,1.0
18710,18711,18710,20,-20,20.0
18710,18711,18710,5,-5,5.0
18710,18711,18710,1,-1,1.0
18710,18711,18710,2,-2,2.0
18710,18711,18711,2,2,2.0
18710,18711,18710,2,-2,2.0
18709,18711,18710,1,-1,1.0
18709,18711,18710,2,-2,2.0
18709,18711,18711,1,1,1.0
18709,18711,18710,1,1,-1.0
18709,18711,18710,1,1,-1.0
18710,18711,18710,1,-1,1.0
18710,18711,18711,1,1,1.0
18710,18711,18710,1,-1,1.0
18710,18711,18711,3,3,3.0
18710,18711,18710,2,-2,2.0
18710,18711,18711,1,1,1.0
18710,18711,18710,1,-1,1.0
18710,18711,18710,3,-3,3.0
18709,18711,18710,1,-1,1.0
18709,18711,18709,1,-1,1.0
18709,18711,18709,2,-2,2.0
18709,18711,18709,1,-1,1.0
18709,18711,18709,1,-1,1.0
18709,18711,18709,1,-1,1.0
18709,18711,18709,24,-24,24.0
18709,18710,18709,1,-1,1.0
18709,18710,18709,3,-3,3.0
18709,18710,18710,4,4,4.0
18709,18710,18709,1,-1,1.0
18709,18710,18709,1,-1,1.0
18709,18710,18709,2,-2,2.0
18709,18710,18709,1,-1,1.0
18708,18710,18709,1,-1,1.0
18708,18710,18709,3,-3,3.0
18708,18710,18708,1,-1,1.0
18708,18710,18708,6,-6,6.0
18708,18710,18708,1,-1,1.0
18708,18709,18708,6,-6,6.0
18708,18709,18708,3,-3,3.0
18708,18709,18708,3,-3,3.0
18708,18709,18708,1,-1,1.0
18708,18709,18708,1,-1,1.0
18708,18709,18707,1,-1,1.0
18708,18709,18707,6,-6,6.0
18708,18709,18707,1,-1,1.0
18708,18709,18707,1,-1,1.0
18708,18709,18707,1,-1,1.0
18708,18709,18707,2,-2,2.0
18708,18709,18706,2,-2,2.0
18708,18709,18706,1,-1,1.0
18708,18709,18707,1,-1,1.0
18708,18709,18706,1,-1,1.0
18708,18709,18706,2,-2,2.0
18708,18709,18706,4,-4,4.0
18708,18709,18706,1,-1,1.0
18708,18709,18706,1,-1,1.0
18708,18709,18706,1,-1,1.0
18708,18709,18707,2,-2,2.0
18708,18709,18706,5,-5,5.0
18708,18709,18706,2,-2,2.0
18708,18709,18706,1,-1,1.0
18708,18709,18706,4,-4,4.0
18708,18709,18706,1,-1,1.0
18708,18709,18706,1,-1,1.0
18708,18709,18706,1,-1,1.0
18708,18709,18706,1,-1,1.0
18708,18709,18705,1,-1,1.0
18708,18709,18706,3,-3,3.0
18708,18709,18705,2,-2,2.0
18705,18706,18706,4,4,4.0
18705,18706,18706,2,2,2.0
18705,18706,18706,1,1,1.0
18705,18706,18705,1,-1,1.0
18705,18706,18705,9,-9,9.0
18705,18706,18706,1,1,1.0
18705,18706,18705,1,-1,1.0
18705,18706,18705,6,-6,6.0
18705,18706,18705,1,-1,1.0
18705,18706,18704,1,-1,1.0
18705,18706,18704,1,-1,1.0
18705,18706,18704,1,-1,1.0
18705,18706,18704,1,-1,1.0
18705,18706,18704,1,-1,1.0
18705,18706,18704,1,-1,1.0
18705,18706,18704,1,-1,1.0
18705,18706,18704,2,-2,2.0
18705,18706,18704,3,-3,3.0
18705,18706,18704,1,-1,1.0
18705,18706,18704,1,-1,1.0
18705,18706,18704,1,-1,1.0
18705,18706,18704,1,-1,1.0
18705,18706,18704,1,-1,1.0
18705,18706,18704,2,-2,2.0
18703,18706,18703,5,-5,5.0
18703,18706,18704,1,-1,1.0
18703,18706,18704,1,-1,1.0
18703,18706,18704,1,-1,1.0
18703,18706,18703,1,-1,1.0
18703,18706,18703,1,-1,1.0
18703,18706,18703,1,-1,1.0
18703,18706,18703,1,-1,1.0
18703,18706,18703,1,-1,1.0
18703,18706,18703,1,-1,1.0
18703,18706,18703,2,-2,2.0
18703,18706,18703,1,-1,1.0
18703,18706,18703,9,-9,9.0
18703,18706,18702,7,-7,7.0
18703,18706,18702,2,-2,2.0
18702,18704,18702,1,-1,1.0
18702,18704,18703,1,-1,1.0
18702,18704,18703,1,-1,1.0
18702,18704,18702,3,-3,3.0
18702,18704,18702,1,-1,1.0
18702,18704,18702,6,-6,6.0
18702,18704,18702,2,-2,2.0
18702,18704,18704,1,1,1.0
18702,18704,18702,6,-6,6.0
18702,18704,18702,6,-6,6.0
18702,18704,18702,1,-1,1.0
18702,18704,18702,1,-1,1.0
18702,18704,18702,2,-2,2.0
18702,18704,18702,2,-2,2.0
18702,18704,18701,1,-1,1.0
18702,18704,18702,1,-1,1.0
18702,18704,18702,1,-1,1.0
18702,18704,18702,2,-2,2.0
18702,18704,18701,1,-1,1.0
18703,18705,18704,1,-1,1.0
18703,18705,18705,1,1,1.0
18703,18705,18706,1,1,-1.0
18703,18705,18705,1,1,1.0
18703,18705,18705,1,1,1.0
18703,18705,18705,1,1,1.0
18703,18705,18705,1,1,1.0
18703,18705,18704,3,3,-3.0
18703,18705,18705,1,1,1.0
18704,18706,18706,1,1,1.0
18704,18706,18706,1,1,1.0
18704,18706,18705,1,1,-1.0
18704,18706,18705,2,2,-2.0
18705,18707,18705,2,-2,2.0
18705,18707,18704,4,-4,4.0
18705,18707,18704,2,-2,2.0
18705,18707,18704,1,-1,1.0
18705,18707,18704,1,-1,1.0
18705,18707,18704,1,-1,1.0
18705,18707,18704,1,-1,1.0
18705,18707,18704,1,-1,1.0
18705,18707,18703,1,-1,1.0
18703,18706,18705,1,1,-1.0
18703,18706,18704,4,-4,4.0
18703,18706,18706,1,1,1.0
18705,18707,18705,1,-1,1.0
18705,18707,18704,1,-1,1.0
18705,18707,18703,1,-1,1.0
18705,18707,18704,1,-1,1.0
18703,18704,18704,1,1,1.0
18703,18704,18703,1,-1,1.0
18703,18704,18704,1,1,1.0
18703,18704,18704,1,1,1.0
18703,18704,18703,1,-1,1.0
18703,18704,18704,1,1,1.0
18703,18704,18703,2,-2,2.0
18703,18704,18704,1,1,1.0
18703,18704,18703,1,-1,1.0
18703,18705,18705,1,1,1.0
18703,18705,18703,1,-1,1.0
18703,18704,18702,1,-1,1.0
18703,18704,18702,2,-2,2.0
18703,18704,18701,2,-2,2.0
18701,18703,18701,1,-1,1.0
18701,18703,18701,1,-1,1.0
18701,18703,18701,2,-2,2.0
18701,18703,18701,1,-1,1.0
18701,18703,18703,1,1,1.0
18701,18703,18703,2,2,2.0
18701,18703,18703,1,1,1.0
18702,18703,18702,2,-2,2.0
18702,18703,18703,1,1,1.0
18703,18705,18703,1,-1,1.0
18703,18705,18703,1,-1,1.0
18703,18705,18703,1,-1,1.0
18703,18705,18705,1,1,1.0
18703,18705,18705,1,1,1.0
18703,18705,18705,1,1,1.0
18704,18705,18704,1,-1,1.0
18704,18705,18704,1,-1,1.0
18704,18705,18703,4,-4,4.0
18703,18704,18704,1,1,1.0
18703,18704,18704,1,1,1.0
18703,18704,18704,1,1,1.0
18703,18704,18703,2,-2,2.0
18703,18704,18703,1,-1,1.0
18703,18704,18704,1,1,1.0
18703,18704,18704,1,1,1.0
18703,18704,18703,1,-1,1.0
18703,18704,18703,11,-11,11.0
18702,18703,18702,1,-1,1.0
18702,18703,18703,1,1,1.0
18702,18703,18702,2,-2,2.0
18702,18703,18702,5,-5,5.0
18702,18703,18703,2,2,2.0
18702,18703,18702,1,-1,1.0
18702,18703,18703,1,1,1.0
18702,18703,18703,2,2,2.0
18702,18703,18703,1,1,1.0
18702,18703,18703,1,1,1.0
18702,18703,18703,1,1,1.0
18702,18704,18702,1,-1,1.0
18702,18704,18702,1,-1,1.0
18702,18704,18702,14,-14,14.0
18702,18704,18702,1,-1,1.0
18701,18702,18702,2,2,2.0
18701,18702,18702,1,1,1.0
18701,18703,18703,4,4,4.0
18701,18703,18703,3,3,3.0
18701,18703,18703,2,2,2.0
18701,18703,18703,2,2,2.0
18702,18703,18703,1,1,1.0
18702,18703,18702,1,-1,1.0
18702,18703,18703,1,1,1.0
18702,18703,18702,1,-1,1.0
18701,18702,18701,1,-1,1.0
18701,18702,18702,1,1,1.0
18701,18702,18702,4,4,4.0
18701,18702,18702,4,4,4.0
18701,18702,18702,2,2,2.0
18701,18702,18702,1,1,1.0
18701,18702,18702,1,1,1.0
18701,18702,18702,2,2,2.0
18701,18702,18702,2,2,2.0
18701,18702,18702,2,2,2.0
18701,18702,18702,5,5,5.0
18701,18702,18703,1,1,-1.0
18701,18702,18703,1,1,-1.0
18701,18702,18703,3,3,-3.0
18701,18702,18702,2,2,2.0
18701,18702,18702,2,2,2.0
18701,18702,18702,3,3,3.0
18701,18702,18702,5,5,5.0
18701,18702,18702,1,1,1.0
18701,18702,18702,1,1,1.0
18701,18702,18702,3,3,3.0
18701,18702,18703,1,1,-1.0
18701,18702,18702,2,2,2.0
18701,18702,18701,1,-1,1.0
18701,18702,18701,1,-1,1.0
18701,18702,18701,2,-2,2.0
18701,18702,18701,2,-2,2.0
18701,18702,18701,1,-1,1.0
18701,18702,18701,1,-1,1.0
18701,18702,18701,1,-1,1.0
18701,18702,18701,1,-1,1.0
18701,18702,18701,1,-1,1.0
18701,18702,18700,1,-1,1.0
18701,18702,18701,1,-1,1.0
18701,18702,18701,1,-1,1.0
18701,18702,18701,4,-4,4.0
18701,18702,18700,20,-20,20.0
18701,18702,18700,1,-1,1.0
18701,18702,18700,1,-1,1.0
18701,18702,18700,1,-1,1.0
18701,18702,18701,1,-1,1.0
18701,18702,18701,1,-1,1.0
18701,18702,18701,1,-1,1.0
18701,18702,18702,5,5,5.0
18701,18702,18701,3,-3,3.0
18701,18702,18700,5,-5,5.0
18700,18702,18701,1,-1,1.0
18700,18702,18701,1,-1,1.0
18700,18702,18701,3,-3,3.0
18700,18702,18702,2,2,2.0
18700,18702,18702,3,3,3.0
18700,18702,18703,3,3,-3.0
18700,18702,18702,2,2,2.0
18700,18702,18702,3,3,3.0
18700,18702,18702,5,5,5.0
18700,18702,18702,1,1,1.0
18700,18702,18701,3,3,-3.0
18700,18702,18702,1,1,1.0
18700,18702,18701,2,2,-2.0
18700,18702,18701,5,5,-5.0
18700,18702,18701,1,1,-1.0
18700,18702,18700,5,-5,5.0
18700,18702,18702,2,2,2.0
18700,18702,18702,2,2,2.0
18700,18702,18701,1,1,-1.0
18701,18702,18700,1,-1,1.0
18701,18702,18700,1,-1,1.0
18701,18702,18702,4,4,4.0
18701,18702,18702,1,1,1.0
18701,18702,18702,5,5,5.0
18701,18702,18701,2,-2,2.0
18701,18702,18701,2,-2,2.0
18701,18702,18701,1,-1,1.0
18701,18702,18701,1,-1,1.0
18701,18702,18701,1,-1,1.0
18701,18702,18701,1,-1,1.0
18701,18702,18701,1,-1,1.0
18701,18702,18702,1,1,1.0
18701,18702,18702,2,2,2.0
18701,18702,18702,3,3,3.0
18701,18702,18702,5,5,5.0
18701,18702,18703,1,1,-1.0
18701,18702,18702,3,3,3.0
18701,18702,18702,1,1,1.0
18701,18702,18702,1,1,1.0
18701,18702,18702,5,5,5.0
18701,18702,18701,2,-2,2.0
18700,18702,18701,2,-2,2.0
18701,18702,18701,3,-3,3.0
18701,18702,18702,5,5,5.0
18701,18702,18702,3,3,3.0
18701,18703,18701,4,-4,4.0
18701,18703,18701,1,-1,1.0
18700,18702,18702,1,1,1.0
18700,18702,18701,2,2,-2.0
18700,18703,18703,1,1,1.0
18702,18704,18702,3,-3,3.0
18702,18704,18703,1,-1,1.0
18703,18704,18703,1,-1,1.0
18703,18704,18703,1,-1,1.0
18703,18704,18704,1,1,1.0
18703,18704,18704,3,3,3.0
18703,18704,18704,1,1,1.0
18703,18704,18705,2,2,-2.0
18704,18706,18706,1,1,1.0
18704,18706,18706,1,1,1.0
18704,18706,18706,1,1,1.0
18704,18706,18706,2,2,2.0
18705,18706,18705,1,-1,1.0
18703,18706,18706,2,2,2.0
18703,18706,18706,2,2,2.0
18703,18706,18706,1,1,1.0
18704,18706,18704,1,-1,1.0
18704,18706,18705,1,-1,1.0
18704,18706,18707,1,1,-1.0
18705,18707,18707,1,1,1.0
18705,18707,18708,1,1,-1.0
18707,18709,18709,2,2,2.0
18707,18709,18710,1,1,-1.0
18707,18709,18710,6,6,-6.0
18709,18711,18711,1,1,1.0
18709,18710,18710,1,1,1.0
18710,18711,18710,1,-1,1.0
18710,18711,18710,1,-1,1.0
18710,18711,18710,1,-1,1.0
18709,18711,18709,1,-1,1.0
18709,18711,18709,5,-5,5.0
18708,18711,18711,1,1,1.0
18709,18711,18709,2,-2,2.0
18709,18711,18711,5,5,5.0
18710,18711,18711,1,1,1.0
18710,18712,18710,1,-1,1.0
18710,18712,18711,1,-1,1.0
18710,18712,18711,1,-1,1.0
18710,18712,18712,4,4,4.0
18710,18712,18711,5,5,-5.0
18710,18712,18712,4,4,4.0
18710,18712,18713,1,1,-1.0
18711,18713,18713,1,1,1.0
18711,18713,18713,2,2,2.0
18711,18713,18713,1,1,1.0
18711,18712,18712,1,1,1.0
18711,18712,18712,1,1,1.0
18710,18712,18712,2,2,2.0
18710,18712,18712,1,1,1.0
18712,18713,18712,1,-1,1.0
18709,18711,18708,1,-1,1.0
18708,18710,18710,2,2,2.0
18709,18711,18710,1,1,-1.0
18709,18711,18710,1,1,-1.0
18709,18711,18710,3,3,-3.0
18709,18711,18711,8,8,8.0
18708,18710,18708,1,-1,1.0
18708,18710,18708,1,-1,1.0
18708,18710,18708,1,-1,1.0
18708,18710,18708,1,-1,1.0
18708,18710,18708,1,-1,1.0
18708,18710,18708,1,-1,1.0
18709,18710,18710,1,1,1.0
18709,18710,18709,5,-5,5.0
18708,18710,18710,1,1,1.0
18708,18710,18709,2,2,-2.0
18708,18709,18708,3,-3,3.0
18708,18709,18707,2,-2,2.0
18708,18709,18707,1,-1,1.0
18707,18709,18708,1,-1,1.0
18707,18709,18707,1,-1,1.0
18707,18708,18708,1,1,1.0
18707,18708,18708,1,1,1.0
18707,18708,18709,1,1,-1.0
18708,18709,18708,1,-1,1.0
18708,18709,18708,1,-1,1.0
18707,18708,18707,1,-1,1.0
18707,18708,18707,1,-1,1.0
18707,18708,18708,2,2,2.0
18708,18709,18709,2,2,2.0
18708,18709,18708,1,-1,1.0
18707,18709,18707,1,-1,1.0
18707,18709,18707,1,-1,1.0
18707,18709,18707,1,-1,1.0
18707,18709,18707,1,-1,1.0
18708,18709,18709,2,2,2.0
18708,18710,18710,1,1,1.0
18708,18710,18709,1,1,-1.0
18708,18710,18708,1,-1,1.0
18708,18710,18708,1,-1,1.0
18708,18710,18708,1,-1,1.0
18708,18710,18708,1,-1,1.0
18708,18710,18708,1,-1,1.0
18708,18710,18708,1,-1,1.0
18708,18710,18710,1,1,1.0
18708,18710,18708,2,-2,2.0
18708,18710,18708,1,-1,1.0
18708,18710,18708,1,-1,1.0
18708,18710,18708,1,-1,1.0
18708,18710,18709,1,-1,1.0
18707,18709,18707,1,-1,1.0
18707,18709,18707,1,-1,1.0
18706,18708,18708,1,1,1.0
18707,18708,18707,1,-1,1.0
18707,18708,18706,1,-1,1.0
18707,18708,18706,3,-3,3.0
18706,18707,18706,1,-1,1.0
18705,18707,18706,1,-1,1.0
18705,18706,18705,1,-1,1.0
18705,18706,18706,1,1,1.0
18705,18706,18705,1,-1,1.0
18705,18706,18705,1,-1,1.0
18705,18706,18705,1,-1,1.0
18704,18705,18704,1,-1,1.0
18702,18705,18703,1,-1,1.0
18703,18705,18705,2,2,2.0
18702,18703,18703,1,1,1.0
18702,18703,18704,1,1,-1.0
18702,18704,18703,1,1,-1.0
18702,18704,18704,1,1,1.0
18702,18704,18702,1,-1,1.0
18702,18704,18702,1,-1,1.0
18702,18704,18704,1,1,1.0
18704,18705,18705,3,3,3.0
18704,18705,18705,1,1,1.0
18706,18707,18706,1,-1,1.0
18706,18708,18707,2,-2,2.0
18707,18708,18707,1,-1,1.0
18707,18708,18707,1,-1,1.0
18707,18708,18706,3,-3,3.0
18707,18708,18708,1,1,1.0
18707,18709,18709,1,1,1.0
18707,18708,18708,1,1,1.0
18708,18710,18708,2,-2,2.0
18708,18710,18708,1,-1,1.0
18708,18710,18709,1,-1,1.0
18708,18710,18710,1,1,1.0
18707,18709,18709,3,3,3.0
18707,18709,18710,9,9,-9.0
18707,18709,18710,2,2,-2.0
18707,18709,18711,4,4,-4.0
18707,18709,18712,2,2,-2.0
18707,18709,18712,1,1,-1.0
18710,18713,18712,1,1,-1.0
18710,18713,18712,1,1,-1.0
18710,18713,18710,1,-1,1.0
18710,18712,18710,1,-1,1.0
18710,18712,18710,1,-1,1.0
18710,18712,18712,1,1,1.0
18710,18712,18710,2,-2,2.0
18710,18712,18710,1,-1,1.0
18709,18712,18712,1,1,1.0
18710,18712,18710,1,-1,1.0
18710,18712,18710,1,-1,1.0
18710,18712,18712,1,1,1.0
18710,18712,18710,5,-5,5.0
18710,18712,18710,1,-1,1.0
18710,18712,18709,11,-11,11.0
18710,18712,18708,1,-1,1.0
18710,18712,18708,1,-1,1.0
18708,18710,18710,12,12,12.0
18708,18710,18711,7,7,-7.0
18709,18712,18711,1,1,-1.0
18711,18712,18712,1,1,1.0
18711,18712,18711,1,-1,1.0
18711,18712,18711,1,-1,1.0
18711,18712,18711,1,-1,1.0
18711,18712,18711,1,-1,1.0
18710,18712,18711,1,-1,1.0
18711,18712,18712,1,1,1.0
18711,18713,18713,1,1,1.0
18711,18712,18711,1,-1,1.0
18711,18712,18711,1,-1,1.0
18711,18712,18711,2,-2,2.0
18711,18712,18711,1,-1,1.0
18712,18713,18712,1,-1,1.0
18712,18713,18712,1,-1,1.0
18711,18712,18711,1,-1,1.0
18711,18712,18711,1,-1,1.0
18711,18713,18711,2,-2,2.0
18712,18713,18712,2,-2,2.0
18711,18713,18711,1,-1,1.0
18711,18713,18711,1,-1,1.0
18711,18713,18711,1,-1,1.0
18711,18713,18711,1,-1,1.0
18710,18712,18712,1,1,1.0
18710,18712,18711,1,1,-1.0
18710,18711,18711,3,3,3.0
18711,18712,18711,2,-2,2.0
18710,18711,18711,1,1,1.0
18710,18711,18711,1,1,1.0
18710,18711,18710,1,-1,1.0
18710,18711,18710,1,-1,1.0
18710,18711,18711,1,1,1.0
18710,18711,18710,1,-1,1.0
18710,18711,18710,1,-1,1.0
18710,18711,18710,1,-1,1.0
18710,18711,18710,1,-1,1.0
18710,18711,18711,4,4,4.0
18710,18712,18710,1,-1,1.0
18710,18712,18710,1,-1,1.0
18710,18711,18710,1,-1,1.0
18710,18711,18710,1,-1,1.0
18710,18711,18711,4,4,4.0
18710,18711,18710,4,-4,4.0
18710,18711,18710,1,-1,1.0
18709,18710,18709,2,-2,2.0
18709,18710,18709,1,-1,1.0
18709,18710,18709,2,-2,2.0
18709,18710,18709,5,-5,5.0
18709,18710,18709,1,-1,1.0
18709,18710,18709,1,-1,1.0
18708,18709,18709,1,1,1.0
18708,18709,18708,1,-1,1.0
18708,18709,18708,1,-1,1.0
18708,18710,18709,1,-1,1.0
18708,18710,18709,1,-1,1.0
18709,18710,18709,1,-1,1.0
18709,18710,18709,1,-1,1.0
18709,18710,18709,1,-1,1.0
18708,18710,18708,1,-1,1.0
18708,18710,18710,2,2,2.0
18708,18710,18710,2,2,2.0
18708,18710,18710,2,2,2.0
18710,18711,18710,3,-3,3.0
18710,18711,18710,1,-1,1.0
18710,18711,18710,1,-1,1.0
18710,18711,18710,1,-1,1.0
18710,18711,18711,2,2,2.0
18710,18711,18711,1,1,1.0
18710,18711,18711,4,4,4.0
18711,18712,18711,1,-1,1.0
18710,18711,18710,1,-1,1.0
18709,18710,18709,2,-2,2.0
18709,18710,18710,2,2,2.0
18709,18711,18711,1,1,1.0
18709,18710,18709,2,-2,2.0
18709,18710,18710,1,1,1.0
18708,18710,18708,1,-1,1.0
18708,18710,18708,1,-1,1.0
18708,18710,18709,1,-1,1.0
18709,18710,18710,2,2,2.0
18709,18710,18709,1,-1,1.0
18709,18710,18710,1,1,1.0
18710,18711,18711,1,1,1.0
18710,18711,18711,3,3,3.0
18710,18711,18710,1,-1,1.0
18710,18711,18711,1,1,1.0
18710,18711,18711,1,1,1.0
18710,18712,18712,1,1,1.0
18711,18712,18712,1,1,1.0
18711,18712,18712,1,1,1.0
18711,18712,18711,1,-1,1.0
18711,18712,18712,1,1,1.0
18711,18712,18712,5,5,5.0
18711,18712,18711,2,-2,2.0
18711,18712,18712,1,1,1.0
18711,18712,18712,1,1,1.0
18711,18712,18712,1,1,1.0
18711,18712,18712,1,1,1.0
18711,18712,18712,1,1,1.0
18711,18712,18712,2,2,2.0
18711,18712,18712,1,1,1.0
18711,18712,18712,1,1,1.0
18711,18712,18712,1,1,1.0
18711,18712,18713,1,1,-1.0
18711,18712,18713,2,2,-2.0
18711,18713,18713,5,5,5.0
18712,18713,18712,2,-2,2.0
18712,18713,18712,1,-1,1.0
18712,18713,18712,2,-2,2.0
18711,18713,18713,3,3,3.0
18712,18713,18712,1,-1,1.0
18712,18713,18713,2,2,2.0
18712,18713,18713,1,1,1.0
18712,18713,18713,1,1,1.0
18713,18714,18714,2,2,2.0
18713,18714,18714,1,1,1.0
18713,18714,18714,3,3,3.0
18713,18714,18714,1,1,1.0
18713,18714,18714,2,2,2.0
18713,18714,18714,2,2,2.0
18714,18715,18715,1,1,1.0
18714,18715,18715,1,1,1.0
18714,18715,18715,1,1,1.0
18714,18715,18715,1,1,1.0
18714,18715,18714,3,-3,3.0
18714,18715,18713,2,-2,2.0
18713,18715,18715,1,1,1.0
18713,18715,18713,5,-5,5.0
18713,18715,18713,3,-3,3.0
18713,18715,18713,1,-1,1.0
18713,18715,18713,1,-1,1.0
18713,18715,18713,2,-2,2.0
18712,18715,18715,5,5,5.0
18713,18715,18715,1,1,1.0
18713,18715,18714,1,1,-1.0
18714,18715,18714,1,-1,1.0
18713,18715,18713,1,-1,1.0
18713,18715,18713,1,-1,1.0
18713,18715,18713,1,-1,1.0
18713,18715,18713,1,-1,1.0
18713,18714,18714,1,1,1.0
18713,18715,18715,1,1,1.0
18713,18715,18713,1,-1,1.0
18714,18715,18714,1,-1,1.0
18714,18715,18713,9,-9,9.0
18713,18714,18713,1,-1,1.0
18712,18714,18714,2,2,2.0
18712,18714,18713,1,1,-1.0
18712,18714,18712,1,-1,1.0
18712,18714,18713,1,-1,1.0
18713,18714,18713,1,-1,1.0
18713,18714,18713,2,-2,2.0
18712,18713,18713,1,1,1.0
18712,18713,18712,2,-2,2.0
18712,18713,18712,1,-1,1.0
18711,18712,18711,1,-1,1.0
18711,18712,18711,4,-4,4.0
18711,18712,18711,5,-5,5.0
18711,18712,18711,4,-4,4.0
18711,18712,18711,3,-3,3.0
18711,18712,18711,1,-1,1.0
18710,18711,18710,2,-2,2.0
18710,18711,18710,1,-1,1.0
18710,18711,18710,1,-1,1.0
18710,18711,18710,1,-1,1.0
18710,18711,18710,1,-1,1.0
18710,18711,18711,3,3,3.0
18710,18711,18710,1,-1,1.0
18710,18711,18710,1,-1,1.0
18709,18710,18710,3,3,3.0
18710,18711,18711,1,1,1.0
18710,18711,18711,1,1,1.0
18710,18711,18711,1,1,1.0
18711,18712,18712,6,6,6.0
18712,18713,18712,1,-1,1.0
18712,18713,18713,1,1,1.0
18712,18713,18713,1,1,1.0
18712,18713,18713,1,1,1.0
18712,18713,18713,1,1,1.0
18712,18714,18714,1,1,1.0
18712,18715,18714,2,2,-2.0
18714,18715,18714,1,-1,1.0
18714,18715,18714,2,-2,2.0
18714,18715,18715,1,1,1.0
18714,18715,18715,3,3,3.0
18715,18716,18716,1,1,1.0
18715,18716,18716,10,10,10.0
18715,18716,18717,1,1,-1.0
18715,18716,18717,1,1,-1.0
18715,18716,18717,1,1,-1.0
18715,18716,18717,1,1,-1.0
18716,18717,18716,5,-5,5.0
18715,18717,18717,1,1,1.0
18715,18717,18717,1,1,1.0
18715,18717,18715,2,-2,2.0
18715,18717,18715,1,-1,1.0
18716,18717,18716,4,-4,4.0
18715,18717,18717,2,2,2.0
18715,18718,18716,1,-1,1.0
18715,18718,18716,1,-1,1.0
18717,18718,18717,1,-1,1.0
18717,18718,18718,1,1,1.0
18717,18718,18718,2,2,2.0
18717,18718,18718,1,1,1.0
18717,18718,18717,7,-7,7.0
18717,18718,18716,4,-4,4.0
18716,18717,18716,1,-1,1.0
18716,18717,18717,7,7,7.0
18716,18717,18718,3,3,-3.0
18716,18717,18716,2,-2,2.0
18715,18717,18717,1,1,1.0
18715,18717,18717,1,1,1.0
18715,18716,18717,8,8,-8.0
18715,18716,18718,2,2,-2.0
18715,18718,18716,1,-1,1.0
18715,18716,18715,1,-1,1.0
18715,18716,18715,1,-1,1.0
18714,18715,18714,1,-1,1.0
18714,18715,18714,1,-1,1.0
18714,18715,18715,1,1,1.0
18713,18715,18715,1,1,1.0
18714,18716,18716,1,1,1.0
18715,18716,18716,1,1,1.0
18715,18716,18716,3,3,3.0
18715,18716,18716,2,2,2.0
18715,18717,18717,4,4,4.0
18716,18717,18717,1,1,1.0
18716,18717,18716,1,-1,1.0
18716,18717,18717,3,3,3.0
18716,18717,18716,2,-2,2.0
18716,18717,18717,1,1,1.0
18716,18717,18717,6,6,6.0
18716,18718,18718,1,1,1.0
18715,18717,18716,1,1,-1.0
18716,18718,18716,1,-1,1.0
18716,18718,18716,2,-2,2.0
18716,18718,18718,1,1,1.0
18716,18718,18717,1,1,-1.0
18717,18718,18718,5,5,5.0
18717,18718,18718,1,1,1.0
18717,18718,18718,2,2,2.0
18717,18718,18718,3,3,3.0
18717,18718,18718,3,3,3.0
18717,18719,18717,1,-1,1.0
18717,18719,18717,1,-1,1.0
18717,18719,18717,1,-1,1.0
18718,18719,18718,1,-1,1.0
18718,18719,18718,1,-1,1.0
18718,18719,18718,1,-1,1.0
18718,18719,18719,2,2,2.0
18718,18719,18719,2,2,2.0
18718,18719,18720,1,1,-1.0
18718,18719,18719,2,2,2.0
18718,18719,18720,1,1,-1.0
18718,18720,18719,1,1,-1.0
18718,18720,18719,1,1,-1.0
18718,18719,18718,1,-1,1.0
18718,18719,18719,1,1,1.0
18718,18719,18719,1,1,1.0
18718,18719,18720,9,9,-9.0
18718,18719,18719,1,1,1.0
18717,18719,18719,1,1,1.0
18717,18719,18719,3,3,3.0
18717,18719,18719,1,1,1.0
18717,18719,18719,1,1,1.0
18718,18719,18719,1,1,1.0
18718,18719,18720,2,2,-2.0
18718,18719,18718,1,-1,1.0
18718,18719,18718,1,-1,1.0
18718,18719,18718,1,-1,1.0
18718,18719,18718,1,-1,1.0
18717,18719,18719,1,1,1.0
18718,18719,18719,1,1,1.0
18718,18719,18718,1,-1,1.0
18718,18719,18719,1,1,1.0
18718,18719,18718,2,-2,2.0
18718,18719,18718,2,-2,2.0
18717,18719,18719,1,1,1.0
18717,18719,18719,2,2,2.0
18718,18719,18719,1,1,1.0
18717,18719,18719,1,1,1.0
18717,18719,18719,1,1,1.0
18717,18719,18720,3,3,-3.0
18717,18719,18720,1,1,-1.0
18717,18719,18720,4,4,-4.0
18717,18719,18720,1,1,-1.0
18717,18719,18720,2,2,-2.0
18717,18719,18720,2,2,-2.0
18717,18719,18720,1,1,-1.0
18717,18719,18720,1,1,-1.0
18717,18719,18720,1,1,-1.0
18717,18719,18719,1,1,1.0
18718,18720,18720,2,2,2.0
18719,18721,18719,1,-1,1.0
18718,18719,18719,1,1,1.0
18718,18719,18718,1,-1,1.0
18718,18719,18717,3,-3,3.0
18716,18717,18717,1,1,1.0
18716,18718,18717,2,2,-2.0
18717,18718,18717,1,-1,1.0
18717,18718,18717,1,-1,1.0
18717,18718,18717,1,-1,1.0
18717,18718,18717,1,-1,1.0
18717,18718,18717,1,-1,1.0
18716,18718,18718,1,1,1.0
18716,18718,18717,1,1,-1.0
18717,18718,18718,3,3,3.0
18717,18718,18717,1,-1,1.0
18717,18718,18717,1,-1,1.0
18716,18717,18716,1,-1,1.0
18716,18717,18716,1,-1,1.0
18716,18717,18716,2,-2,2.0
18716,18717,18716,4,-4,4.0
18716,18717,18716,1,-1,1.0
18715,18716,18716,2,2,2.0
18715,18716,18715,1,-1,1.0
18715,18716,18715,3,-3,3.0
18715,18716,18715,1,-1,1.0
18715,18716,18714,2,-2,2.0
18713,18715,18715,2,2,2.0
18713,18715,18713,2,-2,2.0
18713,18715,18713,2,-2,2.0
18713,18715,18713,1,-1,1.0
18713,18715,18713,2,-2,2.0
18713,18714,18713,2,-2,2.0
18713,18714,18713,5,-5,5.0
18711,18713,18713,1,1,1.0
18711,18713,18713,1,1,1.0
18711,18713,18711,2,-2,2.0
18712,18713,18713,2,2,2.0
18712,18713,18713,2,2,2.0
18712,18713,18713,2,2,2.0
18713,18714,18713,1,-1,1.0
18713,18714,18712,1,-1,1.0
18711,18713,18711,2,-2,2.0
18711,18713,18711,1,-1,1.0
18711,18713,18713,5,5,5.0
18711,18714,18713,1,1,-1.0
18711,18713,18711,1,-1,1.0
18711,18713,18711,1,-1,1.0
18711,18713,18711,1,-1,1.0
18711,18713,18713,1,1,1.0
18712,18713,18713,1,1,1.0
18712,18714,18712,1,-1,1.0
18712,18713,18713,1,1,1.0
18712,18713,18712,1,-1,1.0
18711,18713,18711,3,-3,3.0
18711,18712,18711,1,-1,1.0
18711,18713,18711,1,-1,1.0
18712,18714,18712,1,-1,1.0
18712,18714,18712,1,-1,1.0
18712,18714,18712,1,-1,1.0
18711,18714,18712,1,-1,1.0
18712,18713,18713,1,1,1.0
18713,18714,18713,1,-1,1.0
18712,18714,18712,1,-1,1.0
18713,18714,18714,2,2,2.0
18713,18714,18714,2,2,2.0
18713,18714,18714,2,2,2.0
18714,18715,18715,1,1,1.0
18714,18715,18715,2,2,2.0
18714,18715,18715,2,2,2.0
18714,18715,18715,1,1,1.0
18714,18716,18716,7,7,7.0
18715,18717,18716,1,1,-1.0
18715,18716,18715,1,-1,1.0
18715,18716,18714,1,-1,1.0
18713,18715,18715,1,1,1.0
18713,18714,18714,1,1,1.0
18713,18714,18713,5,-5,5.0
18713,18714,18713,3,-3,3.0
18713,18714,18714,1,1,1.0
18713,18714,18713,2,-2,2.0
18713,18714,18713,1,-1,1.0
18712,18713,18713,1,1,1.0
18712,18713,18713,4,4,4.0
18713,18714,18713,2,-2,2.0
18713,18714,18714,1,1,1.0
18713,18714,18714,1,1,1.0
18713,18714,18714,1,1,1.0
18713,18714,18714,1,1,1.0
18713,18714,18714,1,1,1.0
18713,18714,18714,1,1,1.0
18713,18714,18714,1,1,1.0
18713,18714,18714,3,3,3.0
18714,18715,18715,2,2,2.0
18714,18716,18714,1,-1,1.0
18714,18715,18715,1,1,1.0
18716,18717,18717,1,1,1.0
18716,18717,18717,1,1,1.0
18716,18717,18717,2,2,2.0
18716,18717,18717,1,1,1.0
18716,18717,18717,1,1,1.0
18716,18717,18717,2,2,2.0
18717,18718,18717,1,-1,1.0
18716,18718,18716,3,-3,3.0
18716,18718,18716,1,-1,1.0
18716,18718,18717,2,-2,2.0
18716,18718,18716,2,-2,2.0
18715,18717,18715,2,-2,2.0
18715,18717,18715,1,-1,1.0
18716,18717,18716,3,-3,3.0
18716,18718,18716,4,-4,4.0
18716,18718,18716,1,-1,1.0
18717,18718,18717,1,-1,1.0
18717,18718,18717,1,-1,1.0
18717,18718,18718,1,1,1.0
18717,18718,18718,1,1,1.0
18717,18718,18717,4,-4,4.0
18717,18718,18718,1,1,1.0
18717,18718,18718,1,1,1.0
18717,18718,18718,2,2,2.0
18717,18718,18718,2,2,2.0
18717,18718,18718,1,1,1.0
18717,18718,18718,1,1,1.0
18717,18718,18717,1,-1,1.0
18717,18718,18717,3,-3,3.0
18717,18718,18716,1,-1,1.0
18717,18718,18716,1,-1,1.0
18717,18718,18716,1,-1,1.0
18717,18718,18716,2,-2,2.0
18717,18718,18716,1,-1,1.0
18717,18718,18716,2,-2,2.0
18717,18718,18715,2,-2,2.0
18717,18718,18715,1,-1,1.0
18714,18716,18716,1,1,1.0
18715,18716,18715,1,-1,1.0
18715,18716,18715,1,-1,1.0
18715,18716,18715,4,-4,4.0
18714,18715,18715,1,1,1.0
18713,18715,18715,1,1,1.0
18714,18715,18715,3,3,3.0
18715,18716,18716,1,1,1.0
18715,18716,18716,1,1,1.0
18715,18717,18715,1,-1,1.0
18715,18717,18715,1,-1,1.0
18715,18717,18715,2,-2,2.0
18715,18717,18715,1,-1,1.0
18715,18717,18717,2,2,2.0
18716,18718,18716,1,-1,1.0
18715,18718,18717,6,6,-6.0
18715,18718,18718,1,1,1.0
18715,18718,18718,1,1,1.0
18717,18718,18718,1,1,1.0
18716,18718,18717,1,1,-1.0
18716,18718,18718,1,1,1.0
18716,18718,18716,2,-2,2.0
18715,18716,18715,1,-1,1.0
18715,18716,18716,1,1,1.0
18715,18716,18715,1,-1,1.0
18715,18716,18715,1,-1,1.0
18715,18716,18715,3,-3,3.0
18715,18716,18715,2,-2,2.0
18714,18715,18715,1,1,1.0
18715,18716,18715,1,-1,1.0
18714,18716,18716,1,1,1.0
18714,18716,18716,3,3,3.0
18714,18716,18717,1,1,-1.0
18714,18716,18717,1,1,-1.0
18717,18718,18717,1,-1,1.0
18717,18718,18717,1,-1,1.0
18717,18718,18717,1,-1,1.0
18716,18717,18716,3,-3,3.0
18714,18716,18716,1,1,1.0
18714,18716,18714,1,-1,1.0
18714,18716,18714,2,-2,2.0
18714,18716,18716,1,1,1.0
18714,18716,18714,1,-1,1.0
18715,18716,18715,1,-1,1.0
18714,18716,18714,1,-1,1.0
18714,18716,18714,1,-1,1.0
18714,18715,18714,1,-1,1.0
18714,18715,18715,1,1,1.0
18714,18715,18715,1,1,1.0
18714,18715,18715,1,1,1.0
18714,18715,18715,1,1,1.0
18714,18715,18715,1,1,1.0
18714,18715,18715,1,1,1.0
18714,18715,18714,1,-1,1.0
18714,18715,18714,1,-1,1.0
18714,18715,18714,2,-2,2.0
18714,18715,18714,1,-1,1.0
18714,18715,18714,1,-1,1.0
18714,18715,18714,1,-1,1.0
18713,18714,18713,1,-1,1.0
18713,18714,18713,1,-1,1.0
18713,18714,18714,1,1,1.0
18713,18714,18714,1,1,1.0
18713,18714,18713,20,-20,20.0
18712,18713,18712,1,-1,1.0
18712,18713,18712,1,-1,1.0
18712,18713,18712,1,-1,1.0
18712,18713,18712,3,-3,3.0
18712,18713,18712,2,-2,2.0
18712,18713,18712,2,-2,2.0
18712,18713,18712,1,-1,1.0
18712,18713,18712,1,-1,1.0
18712,18713,18711,1,-1,1.0
18712,18713,18713,5,5,5.0
18712,18713,18712,1,-1,1.0
18712,18713,18712,1,-1,1.0
18712,18713,18713,3,3,3.0
18712,18713,18714,8,8,-8.0
18714,18715,18715,1,1,1.0
18714,18716,18715,1,1,-1.0
18715,18716,18715,1,-1,1.0
18715,18716,18715,1,-1,1.0
18715,18716,18715,3,-3,3.0
18714,18715,18714,1,-1,1.0
18713,18715,18715,1,1,1.0
18714,18715,18715,4,4,4.0
18714,18715,18716,7,7,-7.0
18714,18715,18716,2,2,-2.0
18714,18715,18716,1,1,-1.0
18714,18715,18716,1,1,-1.0
18714,18715,18717,2,2,-2.0
18714,18715,18717,2,2,-2.0
18716,18718,18718,1,1,1.0
18716,18718,18717,1,1,-1.0
18716,18718,18716,1,-1,1.0
18715,18717,18717,1,1,1.0
18715,18717,18716,1,1,-1.0
18715,18717,18717,3,3,3.0
18716,18717,18717,1,1,1.0
18716,18717,18716,1,-1,1.0
18716,18717,18717,1,1,1.0
18716,18718,18718,1,1,1.0
18716,18717,18717,1,1,1.0
18716,18718,18716,1,-1,1.0
18716,18718,18718,1,1,1.0
18716,18718,18718,1,1,1.0
18716,18718,18718,1,1,1.0
18716,18718,18718,4,4,4.0
18716,18718,18716,1,-1,1.0
18717,18718,18718,1,1,1.0
18717,18718,18718,2,2,2.0
18717,18718,18718,5,5,5.0
18718,18719,18719,10,10,10.0
18718,18719,18718,1,-1,1.0
18718,18719,18718,4,-4,4.0
18718,18719,18717,1,-1,1.0
18718,18719,18717,1,-1,1.0
18718,18719,18717,1,-1,1.0
18718,18719,18717,4,-4,4.0
18718,18719,18717,1,-1,1.0
18718,18719,18717,1,-1,1.0
18716,18718,18716,1,-1,1.0
18716,18718,18718,1,1,1.0
18716,18718,18718,1,1,1.0
18718,18719,18718,1,-1,1.0
18718,18719,18718,1,-1,1.0
18717,18718,18718,1,1,1.0
18717,18718,18718,1,1,1.0
18717,18718,18718,2,2,2.0
18717,18718,18719,2,2,-2.0
18717,18718,18718,1,1,1.0
18719,18720,18720,2,2,2.0
18719,18720,18720,1,1,1.0
18719,18720,18719,1,-1,1.0
18719,18720,18720,1,1,1.0
18719,18720,18720,1,1,1.0
18719,18720,18720,1,1,1.0
18719,18720,18720,1,1,1.0
18719,18720,18719,1,-1,1.0
18719,18720,18719,1,-1,1.0
18719,18720,18719,1,-1,1.0
18719,18720,18720,1,1,1.0
18719,18720,18719,1,-1,1.0
18719,18720,18719,1,-1,1.0
18719,18720,18719,1,-1,1.0
18719,18720,18720,3,3,3.0
18719,18720,18720,1,1,1.0
18719,18720,18720,1,1,1.0
18719,18720,18719,2,-2,2.0
18719,18720,18720,3,3,3.0
18719,18720,18719,1,-1,1.0
18718,18719,18718,1,-1,1.0
18718,18719,18719,1,1,1.0
18718,18719,18718,1,-1,1.0
18718,18719,18718,1,-1,1.0
18718,18719,18718,4,-4,4.0
18717,18719,18717,1,-1,1.0
18717,18719,18718,1,-1,1.0
18717,18718,18717,1,-1,1.0
18717,18718,18717,1,-1,1.0
18716,18717,18716,1,-1,1.0
18716,18717,18716,1,-1,1.0
18716,18717,18716,1,-1,1.0
18715,18716,18715,1,-1,1.0
18715,18716,18715,3,-3,3.0
18715,18716,18715,1,-1,1.0
18715,18716,18715,3,-3,3.0
18714,18715,18714,2,-2,2.0
18714,18715,18715,1,1,1.0
18714,18715,18714,1,-1,1.0
18714,18715,18714,2,-2,2.0
18713,18714,18714,2,2,2.0
18713,18714,18714,1,1,1.0
18714,18715,18714,1,-1,1.0
18713,18715,18714,1,-1,1.0
18713,18715,18713,1,-1,1.0
18713,18715,18713,1,-1,1.0
18713,18714,18713,1,-1,1.0
18712,18713,18712,2,-2,2.0
18712,18713,18712,1,-1,1.0
18712,18713,18712,2,-2,2.0
18712,18713,18712,1,-1,1.0
18712,18713,18712,5,-5,5.0
18712,18713,18712,1,-1,1.0
18712,18713,18712,1,-1,1.0
18712,18713,18711,3,-3,3.0
18712,18713,18711,1,-1,1.0
18712,18713,18711,1,-1,1.0
18711,18712,18711,1,-1,1.0
18711,18712,18711,1,-1,1.0
18710,18712,18712,1,1,1.0
18710,18712,18710,1,-1,1.0
18711,18712,18711,1,-1,1.0
18711,18712,18710,1,-1,1.0
18710,18712,18712,2,2,2.0
18711,18712,18712,4,4,4.0
18711,18712,18712,1,1,1.0
18711,18712,18713,1,1,-1.0
18711,18712,18713,2,2,-2.0
18711,18712,18713,7,7,-7.0
18711,18712,18713,1,1,-1.0
18711,18712,18713,1,1,-1.0
18711,18712,18713,3,3,-3.0
18712,18714,18712,1,-1,1.0
18712,18714,18712,1,-1,1.0
18712,18714,18712,2,-2,2.0
18712,18714,18712,1,-1,1.0
18712,18714,18712,1,-1,1.0
18712,18713,18712,1,-1,1.0
18712,18713,18712,2,-2,2.0
18712,18713,18713,2,2,2.0
18712,18713,18713,3,3,3.0
18713,18714,18714,1,1,1.0
18713,18714,18713,3,-3,3.0
18712,18713,18712,1,-1,1.0
18712,18713,18713,2,2,2.0
18712,18713,18712,1,-1,1.0
18712,18713,18712,1,-1,1.0
18712,18713,18712,1,-1,1.0
18712,18713,18712,1,-1,1.0
18712,18713,18711,1,-1,1.0
18712,18713,18712,1,-1,1.0
18712,18713,18713,3,3,3.0
18712,18713,18712,5,-5,5.0
18712,18713,18713,1,1,1.0
18711,18713,18711,2,-2,2.0
18711,18713,18711,2,-2,2.0
18711,18713,18711,1,-1,1.0
18711,18712,18711,3,-3,3.0
18711,18712,18711,1,-1,1.0
18711,18712,18711,1,-1,1.0
18710,18711,18710,1,-1,1.0
18710,18711,18710,2,-2,2.0
18710,18711,18710,1,-1,1.0
18710,18711,18710,1,-1,1.0
18710,18711,18710,1,-1,1.0
18710,18711,18710,1,-1,1.0
18710,18711,18710,1,-1,1.0
18710,18711,18710,1,-1,1.0
18710,18711,18710,1,-1,1.0
18710,18711,18710,1,-1,1.0
18710,18711,18710,1,-1,1.0
18710,18711,18711,1,1,1.0
18710,18711,18711,3,3,3.0
18711,18712,18711,1,-1,1.0
18711,18712,18711,1,-1,1.0
18711,18712,18711,2,-2,2.0
18711,18712,18710,5,-5,5.0
18710,18712,18710,1,-1,1.0
18710,18712,18711,3,-3,3.0
18710,18712,18710,1,-1,1.0
18710,18712,18710,1,-1,1.0
18710,18712,18710,1,-1,1.0
18710,18712,18710,1,-1,1.0
18710,18712,18710,1,-1,1.0
18710,18712,18710,4,-4,4.0
18710,18711,18710,1,-1,1.0
18710,18711,18710,1,-1,1.0
18710,18711,18709,3,-3,3.0
18710,18711,18710,1,-1,1.0
18709,18710,18710,1,1,1.0
18709,18710,18710,1,1,1.0
18710,18711,18711,2,2,2.0
18710,18711,18712,1,1,-1.0
18709,18710,18710,1,1,1.0
18709,18711,18710,1,1,-1.0
18709,18711,18710,1,1,-1.0
18709,18711,18711,1,1,1.0
18709,18711,18711,1,1,1.0
18710,18712,18710,1,-1,1.0
18710,18712,18712,2,2,2.0
18710,18712,18712,4,4,4.0
18710,18712,18712,2,2,2.0
18710,18712,18712,3,3,3.0
18710,18712,18712,1,1,1.0
18710,18712,18712,1,1,1.0
18710,18712,18712,4,4,4.0
18712,18714,18714,1,1,1.0
18712,18714,18712,5,-5,5.0
18712,18714,18711,5,-5,5.0
18711,18713,18712,1,-1,1.0
18711,18713,18711,5,-5,5.0
18711,18713,18710,17,-17,17.0
18711,18713,18709,26,-26,26.0
18711,18713,18710,4,-4,4.0
18711,18713,18709,8,-8,8.0
18711,18713,18708,36,-36,36.0
18711,18713,18710,1,-1,1.0
18711,18713,18711,1,-1,1.0
18711,18713,18711,1,-1,1.0
18711,18713,18710,1,-1,1.0
18711,18713,18709,1,-1,1.0
18711,18713,18709,1,-1,1.0
18709,18711,18710,1,-1,1.0
18709,18711,18709,2,-2,2.0
18709,18711,18709,1,-1,1.0
18709,18711,18709,1,-1,1.0
18709,18711,18708,1,-1,1.0
18709,18711,18710,2,-2,2.0
18709,18711,18709,1,-1,1.0
18708,18711,18709,1,-1,1.0
18708,18711,18710,2,2,-2.0
18708,18711,18711,2,2,2.0
18708,18711,18709,1,-1,1.0
18708,18711,18708,1,-1,1.0
18708,18711,18710,2,2,-2.0
18708,18710,18708,1,-1,1.0
18708,18710,18710,2,2,2.0
18708,18710,18710,1,1,1.0
18709,18711,18709,1,-1,1.0
18709,18711,18710,1,-1,1.0
18709,18710,18710,1,1,1.0
18709,18711,18710,1,1,-1.0
18709,18711,18709,1,-1,1.0
18709,18711,18711,1,1,1.0
18710,18712,18711,2,2,-2.0
18710,18712,18710,3,-3,3.0
18710,18712,18711,1,-1,1.0
18710,18712,18710,1,-1,1.0
18710,18712,18712,6,6,6.0
18712,18713,18713,4,4,4.0
18712,18713,18712,1,-1,1.0
18711,18713,18711,1,-1,1.0
18710,18712,18710,1,-1,1.0
18711,18713,18711,2,-2,2.0
18711,18713,18711,1,-1,1.0
18710,18712,18710,1,-1,1.0
18710,18712,18710,1,-1,1.0
18710,18712,18710,1,-1,1.0
18709,18711,18711,1,1,1.0
18710,18712,18710,2,-2,2.0
18710,18712,18711,3,-3,3.0
18710,18711,18711,1,1,1.0
18710,18711,18711,1,1,1.0
18710,18712,18710,1,-1,1.0
18710,18712,18710,1,-1,1.0
18710,18712,18710,2,-2,2.0
18709,18710,18710,1,1,1.0
18709,18710,18710,11,11,11.0
18709,18710,18711,1,1,-1.0
18709,18712,18712,1,1,1.0
18709,18712,18710,1,-1,1.0
18710,18711,18711,1,1,1.0
18710,18711,18710,1,-1,1.0
18710,18711,18710,1,-1,1.0
18710,18711,18710,1,-1,1.0
18710,18711,18711,2,2,2.0
18710,18711,18712,2,2,-2.0
18710,18711,18712,5,5,-5.0
18710,18711,18712,1,1,-1.0
18711,18713,18711,1,-1,1.0
18711,18713,18711,1,-1,1.0
18711,18713,18711,1,-1,1.0
18710,18712,18710,1,-1,1.0
18710,18712,18710,2,-2,2.0
18710,18712,18712,1,1,1.0
18710,18713,18710,1,-1,1.0
18710,18712,18712,1,1,1.0
18711,18713,18711,1,-1,1.0
18711,18713,18711,1,-1,1.0
18712,18714,18712,1,-1,1.0
18712,18714,18713,1,-1,1.0
18712,18714,18714,1,1,1.0
18712,18713,18713,1,1,1.0
18711,18712,18712,1,1,1.0
18711,18712,18711,1,-1,1.0
18711,18712,18711,1,-1,1.0
18710,18711,18710,1,-1,1.0
18709,18711,18709,1,-1,1.0
18709,18711,18710,1,-1,1.0
18709,18710,18710,2,2,2.0
18709,18710,18710,1,1,1.0
18709,18710,18711,1,1,-1.0
18709,18711,18711,1,1,1.0
18709,18711,18710,2,2,-2.0
18709,18710,18710,1,1,1.0
18709,18710,18710,1,1,1.0
18709,18711,18710,1,1,-1.0
18709,18711,18711,1,1,1.0
18709,18711,18711,2,2,2.0
18710,18711,18710,1,-1,1.0
18710,18711,18710,1,-1,1.0
18710,18711,18710,2,-2,2.0
18710,18711,18710,1,-1,1.0
18710,18711,18710,3,-3,3.0
18710,18711,18709,2,-2,2.0
18709,18711,18711,1,1,1.0
18710,18711,18710,1,-1,1.0
18710,18711,18711,4,4,4.0
18711,18712,18712,1,1,1.0
18711,18712,18711,1,-1,1.0
18711,18712,18711,1,-1,1.0
18711,18712,18712,1,1,1.0
18711,18712,18711,1,-1,1.0
18711,18712,18711,3,-3,3.0
18711,18712,18710,2,-2,2.0
18710,18712,18711,1,-1,1.0
18710,18712,18711,2,-2,2.0
18710,18711,18711,1,1,1.0
18710,18712,18710,1,-1,1.0
18711,18713,18711,1,-1,1.0
18711,18713,18710,4,-4,4.0
18710,18711,18711,1,1,1.0
18710,18712,18711,1,1,-1.0
18711,18712,18711,5,-5,5.0
18710,18712,18710,1,-1,1.0
18710,18712,18711,1,-1,1.0
18710,18712,18710,10,-10,10.0
18710,18711,18711,1,1,1.0
18710,18712,18710,2,-2,2.0
18711,18712,18711,1,-1,1.0
18711,18712,18711,2,-2,2.0
18710,18712,18711,1,-1,1.0
18710,18712,18712,1,1,1.0
18710,18712,18711,1,1,-1.0
18710,18711,18711,1,1,1.0
18710,18711,18710,2,-2,2.0
18710,18711,18711,2,2,2.0
18710,18712,18710,1,-1,1.0
18711,18712,18711,1,-1,1.0
18711,18712,18712,1,1,1.0
18711,18712,18711,1,-1,1.0
18711,18712,18712,13,13,13.0
18711,18713,18711,1,-1,1.0
18711,18713,18711,1,-1,1.0
18711,18713,18711,1,-1,1.0
18711,18712,18712,1,1,1.0
18711,18712,18712,1,1,1.0
18711,18712,18712,1,1,1.0
18711,18712,18712,2,2,2.0
18711,18712,18711,1,-1,1.0
18711,18712,18712,1,1,1.0
18711,18712,18712,1,1,1.0
18711,18712,18711,1,-1,1.0
18711,18712,18711,6,-6,6.0
18711,18712,18711,1,-1,1.0
18711,18712,18711,1,-1,1.0
18711,18712,18712,1,1,1.0
18711,18712,18711,1,-1,1.0
18711,18712,18711,1,-1,1.0
18710,18712,18711,2,-2,2.0
18710,18712,18712,3,3,3.0
18711,18712,18711,1,-1,1.0
18711,18712,18711,1,-1,1.0
18711,18712,18711,2,-2,2.0
18711,18712,18711,1,-1,1.0
18711,18712,18711,1,-1,1.0
18711,18712,18710,2,-2,2.0
18711,18712,18710,6,-6,6.0
18711,18712,18710,2,-2,2.0
18711,18712,18710,6,-6,6.0
18711,18712,18710,2,-2,2.0
18711,18712,18710,2,-2,2.0
18711,18712,18710,2,-2,2.0
18711,18712,18710,1,-1,1.0
18711,18712,18710,2,-2,2.0
18711,18712,18709,1,-1,1.0
18711,18712,18709,1,-1,1.0
18711,18712,18709,1,-1,1.0
18711,18712,18709,2,-2,2.0
18711,18712,18709,1,-1,1.0
18711,18712,18709,1,-1,1.0
18711,18712,18709,3,-3,3.0
18711,18712,18709,2,-2,2.0
18711,18712,18709,1,-1,1.0
18711,18712,18709,3,-3,3.0
18711,18712,18708,3,-3,3.0
18711,18712,18708,1,-1,1.0
18711,18712,18708,1,-1,1.0
18711,18712,18708,1,-1,1.0
18711,18712,18708,1,-1,1.0
18711,18712,18708,1,-1,1.0
18711,18712,18708,1,-1,1.0
18711,18712,18708,1,-1,1.0
18708,18709,18708,1,-1,1.0
18708,18709,18708,1,-1,1.0
18708,18709,18708,1,-1,1.0
18708,18709,18709,1,1,1.0
18708,18709,18708,2,-2,2.0
18708,18709,18708,1,-1,1.0
18708,18709,18709,1,1,1.0
18708,18709,18708,1,-1,1.0
18708,18709,18708,1,-1,1.0
18708,18709,18708,1,-1,1.0
18707,18709,18709,1,1,1.0
18707,18709,18709,1,1,1.0
18707,18709,18709,2,2,2.0
18707,18709,18707,1,-1,1.0
18707,18709,18707,1,-1,1.0
18707,18709,18709,1,1,1.0
18707,18709,18707,1,-1,1.0
18707,18709,18708,1,-1,1.0
18707,18708,18708,1,1,1.0
18707,18709,18709,1,1,1.0
18707,18708,18708,2,2,2.0
18707,18708,18708,1,1,1.0
18707,18708,18708,1,1,1.0
18707,18708,18707,1,-1,1.0
18707,18708,18707,1,-1,1.0
18707,18708,18707,1,-1,1.0
18707,18708,18707,1,-1,1.0
18707,18708,18707,1,-1,1.0
18707,18708,18708,1,1,1.0
18707,18708,18707,1,-1,1.0
18707,18708,18707,1,-1,1.0
18707,18708,18707,2,-2,2.0
18707,18708,18707,1,-1,1.0
18707,18708,18707,3,-3,3.0
18707,18708,18707,1,-1,1.0
18707,18708,18707,4,-4,4.0
18707,18708,18707,3,-3,3.0
18707,18708,18708,1,1,1.0
18707,18708,18708,1,1,1.0
18707,18708,18707,1,-1,1.0
18707,18708,18707,1,-1,1.0
18707,18708,18708,1,1,1.0
18707,18708,18707,1,-1,1.0
18707,18708,18708,1,1,1.0
18707,18708,18707,2,-2,2.0
18706,18708,18708,1,1,1.0
18706,18708,18707,1,1,-1.0
18706,18707,18707,1,1,1.0
18706,18707,18707,1,1,1.0
18706,18707,18708,1,1,-1.0
18706,18707,18706,2,-2,2.0
18706,18707,18706,1,-1,1.0
18706,18707,18706,1,-1,1.0
18706,18707,18706,1,-1,1.0
18706,18707,18706,2,-2,2.0
18706,18707,18706,4,-4,4.0
18706,18707,18706,3,-3,3.0
18706,18707,18706,4,-4,4.0
18705,18706,18705,1,-1,1.0
18705,18706,18705,1,-1,1.0
18705,18706,18706,1,1,1.0
18705,18706,18705,1,-1,1.0
18705,18706,18705,1,-1,1.0
18705,18706,18706,2,2,2.0
18705,18706,18705,2,-2,2.0
18705,18706,18705,3,-3,3.0
18705,18706,18705,1,-1,1.0
18705,18706,18706,1,1,1.0
18705,18706,18705,2,-2,2.0
18705,18706,18706,1,1,1.0
18705,18706,18705,13,-13,13.0
18705,18706,18705,1,-1,1.0
18705,18706,18705,1,-1,1.0
18705,18706,18705,1,-1,1.0
18705,18706,18705,1,-1,1.0
18705,18706,18705,1,-1,1.0
18705,18706,18705,1,-1,1.0
18704,18706,18705,1,-1,1.0
18704,18706,18704,10,-10,10.0
18704,18705,18705,1,1,1.0
18704,18705,18705,1,1,1.0
18704,18705,18705,3,3,3.0
18704,18705,18704,2,-2,2.0
18703,18705,18705,1,1,1.0
18703,18705,18704,1,1,-1.0
18703,18705,18704,3,3,-3.0
18703,18705,18703,10,-10,10.0
18703,18705,18703,2,-2,2.0
18703,18705,18703,1,-1,1.0
18703,18705,18703,1,-1,1.0
18703,18705,18705,3,3,3.0
18703,18705,18703,2,-2,2.0
18703,18705,18703,4,-4,4.0
18703,18705,18703,2,-2,2.0
18702,18704,18702,1,-1,1.0
18702,18704,18704,1,1,1.0
18702,18704,18703,3,3,-3.0
18702,18704,18704,4,4,4.0
18703,18705,18703,1,-1,1.0
18703,18705,18705,1,1,1.0
18703,18705,18705,1,1,1.0
18703,18705,18703,2,-2,2.0
18703,18705,18704,2,-2,2.0
18704,18705,18704,1,-1,1.0
18703,18705,18705,4,4,4.0
18703,18705,18703,1,-1,1.0
18703,18705,18703,1,-1,1.0
18703,18705,18703,2,-2,2.0
18703,18705,18704,1,-1,1.0
18703,18705,18705,1,1,1.0
18703,18704,18703,4,-4,4.0
18702,18704,18703,1,-1,1.0
18702,18703,18703,1,1,1.0
18702,18703,18703,1,1,1.0
18702,18704,18703,1,1,-1.0
18702,18704,18702,1,-1,1.0
18703,18704,18704,1,1,1.0
18703,18704,18703,2,-2,2.0
18703,18704,18704,5,5,5.0
18704,18705,18704,1,-1,1.0
18704,18705,18703,2,-2,2.0
18703,18705,18703,2,-2,2.0
18703,18704,18703,1,-1,1.0
18703,18704,18703,1,-1,1.0
18703,18704,18703,1,-1,1.0
18703,18704,18704,1,1,1.0
18703,18704,18703,1,-1,1.0
18703,18704,18703,1,-1,1.0
18703,18704,18704,3,3,3.0
18703,18704,18703,1,-1,1.0
18703,18704,18704,2,2,2.0
18703,18704,18703,1,-1,1.0
18703,18704,18704,2,2,2.0
18704,18705,18705,1,1,1.0
18704,18705,18704,1,-1,1.0
18704,18705,18705,3,3,3.0
18704,18705,18705,6,6,6.0
18705,18706,18705,1,-1,1.0
18705,18706,18706,6,6,6.0
18705,18706,18706,2,2,2.0
18705,18706,18706,1,1,1.0
18705,18707,18707,1,1,1.0
18705,18707,18707,1,1,1.0
18705,18707,18707,1,1,1.0
18705,18707,18706,2,2,-2.0
18705,18707,18707,2,2,2.0
18705,18707,18706,1,1,-1.0
18705,18707,18706,1,1,-1.0
18705,18707,18705,1,-1,1.0
18705,18707,18705,1,-1,1.0
18705,18707,18705,1,-1,1.0
18706,18707,18707,1,1,1.0
18706,18707,18707,5,5,5.0
18706,18707,18707,3,3,3.0
18706,18708,18706,1,-1,1.0
18706,18708,18706,1,-1,1.0
18706,18708,18708,4,4,4.0
18706,18708,18707,4,4,-4.0
18706,18708,18708,1,1,1.0
18706,18708,18708,1,1,1.0
18706,18708,18708,1,1,1.0
18706,18708,18707,2,2,-2.0
18706,18708,18708,1,1,1.0
18706,18708,18708,1,1,1.0
18706,18708,18708,4,4,4.0
18707,18709,18708,1,1,-1.0
18707,18709,18708,1,1,-1.0
18708,18709,18709,1,1,1.0
18708,18709,18709,1,1,1.0
18708,18709,18709,2,2,2.0
18709,18711,18709,2,-2,2.0
18709,18711,18709,3,-3,3.0
18709,18711,18708,1,-1,1.0
18709,18711,18708,3,-3,3.0
18709,18711,18708,3,-3,3.0
18709,18711,18707,1,-1,1.0
18709,18711,18707,1,-1,1.0
18706,18708,18707,1,-1,1.0
18705,18707,18705,2,-2,2.0
18705,18706,18705,1,-1,1.0
18705,18706,18705,1,-1,1.0
18705,18706,18705,2,-2,2.0
18705,18706,18705,2,-2,2.0
18705,18706,18705,3,-3,3.0
18705,18706,18705,2,-2,2.0
18703,18705,18704,1,-1,1.0
18703,18704,18704,1,1,1.0
18703,18705,18703,2,-2,2.0
18703,18705,18704,1,-1,1.0
18703,18705,18704,1,-1,1.0
18702,18704,18704,1,1,1.0
18702,18704,18703,1,1,-1.0
18702,18704,18703,1,1,-1.0
18702,18704,18702,1,-1,1.0
18702,18704,18702,3,-3,3.0
18702,18703,18702,1,-1,1.0
18702,18703,18702,3,-3,3.0
18702,18703,18702,26,-26,26.0
18702,18703,18702,1,-1,1.0
18702,18703,18702,2,-2,2.0
18702,18703,18702,1,-1,1.0
18702,18703,18702,4,-4,4.0
18702,18703,18701,2,-2,2.0
18701,18702,18701,1,-1,1.0
18701,18702,18701,1,-1,1.0
18701,18702,18701,1,-1,1.0
18701,18703,18703,1,1,1.0
18701,18703,18703,1,1,1.0
18702,18703,18703,1,1,1.0
18702,18703,18701,10,-10,10.0
18701,18702,18701,1,-1,1.0
18701,18702,18702,1,1,1.0
18701,18703,18702,1,1,-1.0
18701,18703,18701,2,-2,2.0
18701,18703,18701,1,-1,1.0
18701,18703,18701,3,-3,3.0
18701,18702,18701,1,-1,1.0
18701,18702,18701,1,-1,1.0
18701,18702,18702,1,1,1.0
18701,18702,18701,1,-1,1.0
18701,18702,18702,1,1,1.0
18701,18702,18702,2,2,2.0
18702,18703,18702,1,-1,1.0
18702,18703,18703,3,3,3.0
18703,18704,18703,1,-1,1.0
18703,18704,18703,1,-1,1.0
18703,18705,18703,1,-1,1.0
18703,18705,18703,3,-3,3.0
18703,18705,18703,1,-1,1.0
18703,18704,18703,2,-2,2.0
18702,18703,18703,1,1,1.0
18702,18703,18703,1,1,1.0
18702,18703,18703,1,1,1.0
18702,18704,18703,1,1,-1.0
18702,18704,18702,1,-1,1.0
18702,18704,18702,2,-2,2.0
18702,18704,18702,1,-1,1.0
18703,18704,18703,1,-1,1.0
18702,18703,18703,2,2,2.0
18702,18704,18703,1,1,-1.0
18702,18704,18702,1,-1,1.0
18702,18704,18702,1,-1,1.0
18702,18704,18702,1,-1,1.0
18702,18704,18702,1,-1,1.0
18702,18703,18702,1,-1,1.0
18702,18703,18703,1,1,1.0
18702,18703,18703,1,1,1.0
18702,18703,18702,1,-1,1.0
18702,18703,18702,1,-1,1.0
18701,18702,18701,1,-1,1.0
18701,18702,18702,1,1,1.0
18701,18703,18701,1,-1,1.0
18701,18703,18701,1,-1,1.0
18701,18703,18701,9,-9,9.0
18701,18703,18701,1,-1,1.0
18700,18701,18700,1,-1,1.0
18700,18701,18701,1,1,1.0
18700,18701,18700,1,-1,1.0
18700,18701,18700,1,-1,1.0
18700,18701,18701,1,1,1.0
18700,18701,18700,1,-1,1.0
18700,18701,18700,1,-1,1.0
18700,18701,18700,3,-3,3.0
18700,18701,18700,1,-1,1.0
18700,18701,18700,1,-1,1.0
18700,18701,18701,1,1,1.0
18700,18701,18700,2,-2,2.0
18700,18701,18700,1,-1,1.0
18700,18701,18700,1,-1,1.0
18700,18701,18700,1,-1,1.0
18700,18701,18700,1,-1,1.0
18700,18701,18700,1,-1,1.0
18700,18701,18700,1,-1,1.0
18700,18701,18700,1,-1,1.0
18700,18701,18700,1,-1,1.0
18700,18701,18700,1,-1,1.0
18700,18701,18701,1,1,1.0
18700,18701,18700,1,-1,1.0
18700,18701,18700,1,-1,1.0
18700,18701,18700,1,-1,1.0
18700,18701,18700,1,-1,1.0
18700,18701,18700,1,-1,1.0
18700,18701,18700,1,-1,1.0
18700,18701,18700,1,-1,1.0
18700,18701,18700,1,-1,1.0
18700,18701,18700,1,-1,1.0
18700,18701,18700,4,-4,4.0
18700,18701,18701,1,1,1.0
18700,18701,18700,4,-4,4.0
18700,18702,18700,8,-8,8.0
18700,18702,18701,1,-1,1.0
18700,18702,18700,3,-3,3.0
18700,18702,18701,1,-1,1.0
18700,18702,18701,1,-1,1.0
18700,18702,18700,8,-8,8.0
18700,18701,18701,2,2,2.0
18700,18701,18700,5,-5,5.0
18700,18701,18700,1,-1,1.0
18700,18701,18700,1,-1,1.0
18700,18701,18700,1,-1,1.0
18700,18701,18700,1,-1,1.0
18700,18701,18701,1,1,1.0
18700,18701,18701,1,1,1.0
18700,18701,18701,1,1,1.0
18700,18701,18701,1,1,1.0
18700,18701,18700,1,-1,1.0
18700,18701,18701,1,1,1.0
18700,18701,18701,3,3,3.0
18700,18702,18702,1,1,1.0
18701,18702,18702,1,1,1.0
18701,18702,18702,4,4,4.0
18701,18702,18701,2,-2,2.0
18701,18702,18701,1,-1,1.0
18700,18702,18700,2,-2,2.0
18700,18702,18701,1,-1,1.0
18700,18702,18700,1,-1,1.0
18700,18702,18701,1,-1,1.0
18700,18702,18700,5,-5,5.0
18700,18702,18701,1,-1,1.0
18700,18702,18701,1,-1,1.0
18701,18702,18701,2,-2,2.0
18701,18702,18701,1,-1,1.0
18700,18702,18701,1,-1,1.0
18700,18701,18700,1,-1,1.0
18699,18701,18700,1,-1,1.0
18699,18700,18700,1,1,1.0
18699,18700,18700,1,1,1.0
18699,18700,18700,1,1,1.0
18699,18700,18700,1,1,1.0
18699,18700,18700,1,1,1.0
18699,18700,18700,1,1,1.0
18699,18700,18700,1,1,1.0
18699,18700,18700,1,1,1.0
18699,18700,18700,1,1,1.0
18699,18700,18699,4,-4,4.0
18699,18700,18699,2,-2,2.0
18699,18700,18699,1,-1,1.0
18699,18700,18699,1,-1,1.0
18699,18700,18699,1,-1,1.0
18699,18700,18698,1,-1,1.0
18699,18700,18698,1,-1,1.0
18699,18700,18698,10,-10,10.0
18699,18700,18698,1,-1,1.0
18699,18700,18698,1,-1,1.0
18699,18700,18698,1,-1,1.0
18698,18699,18698,5,-5,5.0
18698,18699,18697,3,-3,3.0
18698,18699,18697,5,-5,5.0
18698,18699,18697,2,-2,2.0
18698,18699,18697,2,-2,2.0
18698,18699,18697,1,-1,1.0
18698,18699,18697,1,-1,1.0
18697,18699,18697,1,-1,1.0
18697,18699,18697,4,-4,4.0
18697,18699,18699,3,3,3.0
18697,18699,18697,12,-12,12.0
18697,18699,18697,1,-1,1.0
18697,18699,18697,1,-1,1.0
18697,18699,18697,1,-1,1.0
18697,18699,18697,1,-1,1.0
18697,18699,18697,1,-1,1.0
18697,18699,18699,1,1,1.0
18697,18699,18698,1,1,-1.0
18697,18699,18698,1,1,-1.0
18698,18699,18698,1,-1,1.0
18698,18699,18698,1,-1,1.0
18697,18698,18697,2,-2,2.0
18697,18698,18697,2,-2,2.0
18697,18698,18697,2,-2,2.0
18697,18698,18697,3,-3,3.0
18697,18698,18697,4,-4,4.0
18697,18698,18696,2,-2,2.0
18697,18698,18697,3,-3,3.0
18697,18698,18696,1,-1,1.0
18697,18698,18698,2,2,2.0
18697,18699,18698,1,1,-1.0
18697,18699,18698,1,1,-1.0
18698,18699,18698,1,-1,1.0
18698,18699,18699,1,1,1.0
18698,18699,18699,4,4,4.0
18698,18699,18699,4,4,4.0
18698,18700,18700,1,1,1.0
18699,18700,18700,1,1,1.0
18699,18700,18700,1,1,1.0
18699,18700,18700,1,1,1.0
18699,18700,18700,1,1,1.0
18699,18700,18700,1,1,1.0
18700,18701,18700,1,-1,1.0
18700,18701,18699,1,-1,1.0
18699,18701,18699,4,-4,4.0
18699,18701,18700,1,-1,1.0
18698,18700,18700,1,1,1.0
18698,18700,18699,1,1,-1.0
18699,18701,18699,1,-1,1.0
18699,18700,18700,1,1,1.0
18700,18701,18700,1,-1,1.0
18700,18701,18700,2,-2,2.0
18700,18701,18701,2,2,2.0
18700,18702,18701,1,1,-1.0
18700,18702,18700,2,-2,2.0
18700,18702,18700,1,-1,1.0
18700,18702,18700,2,-2,2.0
18700,18701,18700,1,-1,1.0
18700,18701,18701,1,1,1.0
18700,18701,18701,1,1,1.0
18700,18701,18702,1,1,-1.0
18700,18702,18700,1,-1,1.0
18700,18702,18700,1,-1,1.0
18700,18702,18700,1,-1,1.0
18700,18702,18699,3,-3,3.0
18700,18702,18699,4,-4,4.0
18699,18700,18700,1,1,1.0
18699,18700,18699,1,-1,1.0
18699,18700,18700,1,1,1.0
18699,18700,18700,1,1,1.0
18699,18700,18699,1,-1,1.0
18699,18700,18698,1,-1,1.0
18698,18700,18698,2,-2,2.0
18698,18699,18699,1,1,1.0
18698,18699,18699,1,1,1.0
18698,18699,18698,1,-1,1.0
18698,18699,18699,1,1,1.0
18698,18700,18700,3,3,3.0
18698,18699,18699,1,1,1.0
18698,18699,18700,2,2,-2.0
18698,18699,18699,6,6,6.0
18698,18700,18700,1,1,1.0
18698,18700,18698,2,-2,2.0
18698,18700,18698,2,-2,2.0
18698,18700,18699,1,-1,1.0
18698,18700,18698,2,-2,2.0
18698,18700,18700,1,1,1.0
18698,18700,18700,1,1,1.0
18699,18700,18699,3,-3,3.0
18698,18700,18700,1,1,1.0
18699,18700,18699,1,-1,1.0
18699,18700,18698,1,-1,1.0
18698,18700,18700,4,4,4.0
18699,18700,18699,1,-1,1.0
18698,18700,18700,1,1,1.0
18698,18700,18698,1,-1,1.0
18698,18700,18700,1,1,1.0
18698,18699,18698,3,-3,3.0
18698,18699,18698,1,-1,1.0
18698,18699,18699,1,1,1.0
18698,18700,18698,1,-1,1.0
18698,18700,18698,1,-1,1.0
18698,18700,18698,1,-1,1.0
18698,18700,18698,1,-1,1.0
18698,18699,18698,1,-1,1.0
18698,18699,18698,1,-1,1.0
18698,18699,18698,1,-1,1.0
18698,18699,18698,1,-1,1.0
18698,18699,18699,2,2,2.0
18698,18699,18699,1,1,1.0
18698,18699,18698,1,-1,1.0
18698,18699,18698,2,-2,2.0
18698,18699,18699,1,1,1.0
18697,18699,18698,1,1,-1.0
18697,18699,18697,1,-1,1.0
18697,18698,18698,1,1,1.0
18697,18698,18697,1,-1,1.0
18697,18698,18697,1,-1,1.0
18696,18698,18696,1,-1,1.0
18696,18698,18696,1,-1,1.0
18696,18698,18696,1,-1,1.0
18696,18698,18696,5,-5,5.0
18696,18698,18696,1,-1,1.0
18696,18697,18696,1,-1,1.0
18696,18697,18696,1,-1,1.0
18696,18697,18696,1,-1,1.0
18696,18697,18696,1,-1,1.0
18696,18697,18697,1,1,1.0
18696,18697,18697,6,6,6.0
18697,18698,18697,1,-1,1.0
18697,18698,18698,1,1,1.0
18697,18698,18697,3,-3,3.0
18697,18698,18697,1,-1,1.0
18697,18698,18698,2,2,2.0
18697,18698,18698,1,1,1.0
18697,18698,18698,1,1,1.0
18697,18698,18697,1,-1,1.0
18697,18698,18698,5,5,5.0
18697,18698,18698,1,1,1.0
18697,18698,18699,1,1,-1.0
18697,18698,18699,1,1,-1.0
18698,18699,18698,1,-1,1.0
18698,18699,18698,1,-1,1.0
18698,18699,18698,1,-1,1.0
18698,18699,18698,6,-6,6.0
18697,18698,18698,1,1,1.0
18697,18698,18697,1,-1,1.0
18697,18698,18698,1,1,1.0
18697,18698,18697,1,-1,1.0
18697,18698,18698,1,1,1.0
18697,18699,18698,3,3,-3.0
18697,18699,18697,1,-1,1.0
18697,18699,18697,1,-1,1.0
18697,18699,18697,1,-1,1.0
18697,18699,18699,1,1,1.0
18697,18699,18698,2,2,-2.0
18697,18699,18698,1,1,-1.0
18697,18699,18699,1,1,1.0
18697,18699,18699,2,2,2.0
18698,18699,18699,1,1,1.0
18698,18699,18699,1,1,1.0
18698,18699,18699,1,1,1.0
18698,18700,18700,1,1,1.0
18698,18700,18698,1,-1,1.0
18698,18700,18700,1,1,1.0
18698,18700,18699,1,1,-1.0
18698,18700,18698,3,-3,3.0
18698,18700,18698,1,-1,1.0
18698,18700,18699,1,-1,1.0
18698,18700,18700,1,1,1.0
18698,18700,18699,1,1,-1.0
18698,18700,18698,1,-1,1.0
18698,18700,18697,1,-1,1.0
18698,18700,18697,1,-1,1.0
18698,18700,18697,1,-1,1.0
18698,18700,18697,1,-1,1.0
18698,18700,18696,3,-3,3.0
18698,18700,18696,2,-2,2.0
18698,18700,18696,1,-1,1.0
18698,18700,18696,1,-1,1.0
18698,18700,18696,1,-1,1.0
18698,18700,18696,3,-3,3.0
18696,18697,18697,1,1,1.0
18696,18697,18698,1,1,-1.0
18696,18698,18697,1,1,-1.0
18696,18697,18697,1,1,1.0
18696,18697,18696,1,-1,1.0
18696,18697,18696,1,-1,1.0
18696,18697,18696,1,-1,1.0
18696,18697,18697,3,3,3.0
18696,18697,18697,1,1,1.0
18696,18697,18697,2,2,2.0
18697,18698,18697,1,-1,1.0
18696,18698,18698,1,1,1.0
18696,18698,18698,1,1,1.0
18696,18698,18698,1,1,1.0
18696,18698,18696,2,-2,2.0
18696,18698,18698,1,1,1.0
18696,18698,18698,1,1,1.0
18696,18698,18698,1,1,1.0
18696,18698,18698,1,1,1.0
18696,18698,18698,1,1,1.0
18696,18698,18696,10,-10,10.0
18696,18697,18696,1,-1,1.0
18696,18697,18696,1,-1,1.0
18696,18697,18696,1,-1,1.0
18696,18697,18696,3,-3,3.0
18696,18697,18696,2,-2,2.0
18696,18697,18696,1,-1,1.0
18696,18697,18696,1,-1,1.0
18695,18696,18695,1,-1,1.0
18695,18696,18695,1,-1,1.0
18695,18696,18695,1,-1,1.0
18695,18696,18695,6,-6,6.0
18695,18696,18695,2,-2,2.0
18695,18696,18695,1,-1,1.0
18695,18696,18695,1,-1,1.0
18695,18696,18695,1,-1,1.0
18695,18696,18694,1,-1,1.0
18695,18696,18695,1,-1,1.0
18694,18695,18694,1,-1,1.0
18694,18695,18694,1,-1,1.0
18694,18695,18694,1,-1,1.0
18694,18695,18694,1,-1,1.0
18694,18695,18694,9,-9,9.0
18694,18695,18693,3,-3,3.0
18693,18695,18693,10,-10,10.0
18693,18695,18693,1,-1,1.0
18693,18695,18693,1,-1,1.0
18693,18695,18693,5,-5,5.0
18693,18695,18693,1,-1,1.0
18693,18695,18693,1,-1,1.0
18693,18695,18693,1,-1,1.0
18693,18695,18693,1,-1,1.0
18693,18694,18693,1,-1,1.0
18693,18694,18693,1,-1,1.0
18693,18694,18693,1,-1,1.0
18693,18694,18693,1,-1,1.0
18693,18694,18694,2,2,2.0
18693,18694,18693,1,-1,1.0
18693,18695,18693,2,-2,2.0
18693,18695,18695,1,1,1.0
18693,18695,18693,1,-1,1.0
18693,18695,18693,2,-2,2.0
18693,18695,18693,1,-1,1.0
18693,18695,18693,2,-2,2.0
18693,18695,18692,1,-1,1.0
18693,18695,18693,1,-1,1.0
18693,18695,18692,9,-9,9.0
18693,18695,18692,2,-2,2.0
18692,18694,18692,1,-1,1.0
18692,18694,18692,1,-1,1.0
18692,18694,18692,1,-1,1.0
18692,18694,18694,2,2,2.0
18692,18694,18692,3,-3,3.0
18692,18694,18692,1,-1,1.0
18692,18694,18692,5,-5,5.0
18692,18694,18692,1,-1,1.0
18692,18694,18692,1,-1,1.0
18692,18694,18692,1,-1,1.0
18692,18694,18692,4,-4,4.0
18692,18693,18693,1,1,1.0
18693,18694,18693,1,-1,1.0
18693,18694,18693,1,-1,1.0
18692,18693,18693,1,1,1.0
18692,18693,18692,2,-2,2.0
18692,18693,18693,1,1,1.0
18692,18693,18692,1,-1,1.0
18692,18693,18692,1,-1,1.0
18692,18693,18692,3,-3,3.0
18692,18693,18693,1,1,1.0
18692,18693,18693,1,1,1.0
18692,18693,18693,3,3,3.0
18692,18693,18693,3,3,3.0
18692,18693,18693,2,2,2.0
18692,18693,18693,1,1,1.0
18692,18693,18692,2,-2,2.0
18692,18693,18693,1,1,1.0
18692,18693,18693,1,1,1.0
18693,18694,18693,1,-1,1.0
18693,18694,18693,1,-1,1.0
18693,18694,18693,1,-1,1.0
18693,18694,18693,1,-1,1.0
18693,18694,18694,1,1,1.0
18693,18694,18693,1,-1,1.0
18693,18694,18693,3,-3,3.0
18693,18694,18693,1,-1,1.0
18692,18694,18692,2,-2,2.0
18692,18693,18693,1,1,1.0
18692,18694,18694,1,1,1.0
18692,18694,18692,1,-1,1.0
18692,18694,18692,1,-1,1.0
18692,18694,18692,1,-1,1.0
18692,18694,18692,1,-1,1.0
18692,18694,18692,1,-1,1.0
18692,18694,18692,1,-1,1.0
18692,18694,18693,1,-1,1.0
18692,18694,18692,1,-1,1.0
18692,18694,18694,5,5,5.0
18692,18693,18692,1,-1,1.0
18692,18693,18693,1,1,1.0
18692,18693,18692,1,-1,1.0
18692,18693,18692,2,-2,2.0
18692,18694,18694,1,1,1.0
18692,18694,18694,1,1,1.0
18693,18694,18694,1,1,1.0
18694,18695,18695,3,3,3.0
18694,18695,18694,2,-2,2.0
18694,18696,18694,1,-1,1.0
18694,18696,18695,1,-1,1.0
18694,18696,18696,1,1,1.0
18694,18696,18694,1,-1,1.0
18694,18696,18694,2,-2,2.0
18695,18696,18695,1,-1,1.0
18695,18696,18696,1,1,1.0
18695,18696,18695,5,-5,5.0
18695,18696,18694,1,-1,1.0
18694,18696,18695,1,-1,1.0
18695,18697,18695,5,-5,5.0
18694,18696,18696,1,1,1.0
18695,18697,18695,1,-1,1.0
18696,18697,18697,4,4,4.0
18696,18697,18697,1,1,1.0
18696,18697,18697,1,1,1.0
18695,18697,18697,3,3,3.0
18695,18697,18698,16,16,-16.0
18695,18697,18697,1,1,1.0
18696,18698,18698,1,1,1.0
18696,18698,18697,1,1,-1.0
18696,18698,18698,1,1,1.0
18697,18698,18697,1,-1,1.0
18697,18698,18697,1,-1,1.0
18697,18698,18697,4,-4,4.0
18697,18698,18696,1,-1,1.0
18696,18698,18696,1,-1,1.0
18696,18698,18696,1,-1,1.0
18696,18698,18696,1,-1,1.0
18696,18698,18696,1,-1,1.0
18696,18698,18696,1,-1,1.0
18696,18697,18696,1,-1,1.0
18696,18697,18696,1,-1,1.0
18696,18697,18696,1,-1,1.0
18696,18697,18696,1,-1,1.0
18695,18697,18695,1,-1,1.0
18695,18697,18695,1,-1,1.0
18695,18697,18695,1,-1,1.0
18695,18697,18696,1,-1,1.0
18695,18697,18696,1,-1,1.0
18695,18697,18697,4,4,4.0
18695,18697,18696,1,1,-1.0
18695,18696,18696,1,1,1.0
18697,18698,18697,1,-1,1.0
18697,18698,18697,1,-1,1.0
18697,18698,18697,3,-3,3.0
18697,18698,18698,1,1,1.0
18697,18699,18698,1,1,-1.0
18698,18699,18698,1,-1,1.0
18698,18699,18699,3,3,3.0
18698,18699,18698,1,-1,1.0
18698,18699,18698,1,-1,1.0
18697,18699,18699,1,1,1.0
18697,18699,18697,2,-2,2.0
18697,18699,18697,1,-1,1.0
18696,18698,18697,1,-1,1.0
18696,18698,18698,1,1,1.0
18696,18698,18697,1,1,-1.0
18696,18698,18697,1,1,-1.0
18697,18698,18697,1,-1,1.0
18697,18698,18698,1,1,1.0
18697,18698,18698,2,2,2.0
18697,18698,18698,1,1,1.0
18697,18698,18698,2,2,2.0
18697,18698,18698,1,1,1.0
18697,18698,18698,5,5,5.0
18697,18698,18697,1,-1,1.0
18697,18699,18697,1,-1,1.0
18697,18699,18697,3,-3,3.0
18697,18699,18697,1,-1,1.0
18697,18699,18697,2,-2,2.0
18696,18698,18698,3,3,3.0
18697,18698,18697,1,-1,1.0
18696,18698,18696,1,-1,1.0
18696,18698,18696,1,-1,1.0
18696,18698,18696,1,-1,1.0
18696,18698,18696,2,-2,2.0
18695,18696,18696,1,1,1.0
18695,18697,18696,1,1,-1.0
18695,18697,18696,1,1,-1.0
18695,18696,18696,5,5,5.0
18695,18696,18695,1,-1,1.0
18695,18696,18695,2,-2,2.0
18695,18696,18695,1,-1,1.0
18695,18696,18695,1,-1,1.0
18695,18696,18695,1,-1,1.0
18694,18695,18695,1,1,1.0
18694,18695,18694,1,-1,1.0
18694,18695,18694,1,-1,1.0
18694,18695,18694,3,-3,3.0
18694,18695,18695,1,1,1.0
18694,18695,18694,1,-1,1.0
18694,18695,18694,1,-1,1.0
18694,18695,18694,1,-1,1.0
18694,18695,18695,2,2,2.0
18694,18695,18694,5,-5,5.0
18694,18695,18694,1,-1,1.0
18694,18695,18695,1,1,1.0
18694,18695,18695,1,1,1.0
18694,18695,18694,1,-1,1.0
18694,18695,18695,3,3,3.0
18694,18696,18694,1,-1,1.0
18694,18696,18694,1,-1,1.0
18694,18696,18695,1,-1,1.0
18695,18696,18695,1,-1,1.0
18695,18697,18695,1,-1,1.0
18695,18697,18695,4,-4,4.0
18694,18697,18694,2,-2,2.0
18694,18696,18695,1,-1,1.0
18694,18696,18694,1,-1,1.0
18694,18696,18696,1,1,1.0
18694,18696,18696,1,1,1.0
18695,18697,18695,1,-1,1.0
18695,18697,18695,1,-1,1.0
18695,18697,18695,1,-1,1.0
18695,18697,18695,2,-2,2.0
18695,18696,18695,1,-1,1.0
18695,18696,18695,1,-1,1.0
18695,18696,18695,1,-1,1.0
18695,18696,18695,1,-1,1.0
18695,18696,18695,1,-1,1.0
18695,18696,18695,1,-1,1.0
18694,18696,18696,1,1,1.0
18694,18696,18696,1,1,1.0
18694,18696,18694,1,-1,1.0
18694,18696,18694,1,-1,1.0
18694,18696,18694,1,-1,1.0
18694,18695,18694,1,-1,1.0
18693,18694,18693,2,-2,2.0
18693,18694,18693,1,-1,1.0
18693,18694,18694,1,1,1.0
18693,18694,18694,1,1,1.0
18695,18696,18695,1,-1,1.0
18695,18696,18694,1,-1,1.0
18695,18696,18695,1,-1,1.0
18695,18696,18695,1,-1,1.0
18695,18696,18694,2,-2,2.0
18694,18696,18694,1,-1,1.0
18694,18696,18693,1,-1,1.0
18693,18694,18694,1,1,1.0
18693,18694,18694,1,1,1.0
18693,18695,18695,1,1,1.0
18694,18695,18694,2,-2,2.0
18694,18695,18695,1,1,1.0
18695,18696,18695,1,-1,1.0
18695,18696,18695,2,-2,2.0
18695,18696,18695,1,-1,1.0
18695,18696,18695,1,-1,1.0
18694,18695,18695,1,1,1.0
18694,18696,18696,1,1,1.0
18694,18696,18694,1,-1,1.0
18694,18696,18696,2,2,2.0
18694,18695,18694,1,-1,1.0
18694,18695,18695,1,1,1.0
18694,18695,18694,1,-1,1.0
18694,18695,18694,1,-1,1.0
18694,18695,18695,1,1,1.0
18694,18695,18695,1,1,1.0
18695,18696,18695,1,-1,1.0
18695,18696,18694,1,-1,1.0
18695,18696,18695,1,-1,1.0
18695,18696,18695,1,-1,1.0
18694,18696,18694,2,-2,2.0
18694,18696,18696,2,2,2.0
18694,18696,18694,1,-1,1.0
18694,18696,18694,1,-1,1.0
18694,18696,18694,3,-3,3.0
18694,18696,18694,14,-14,14.0
18694,18696,18693,4,-4,4.0
18694,18695,18694,1,-1,1.0
18694,18696,18695,2,-2,2.0
18694,18696,18696,4,4,4.0
18694,18696,18696,1,1,1.0
18694,18696,18696,6,6,6.0
18694,18696,18697,5,5,-5.0
18694,18696,18697,4,4,-4.0
18694,18696,18697,3,3,-3.0
18694,18696,18697,1,1,-1.0
18694,18696,18697,4,4,-4.0
18694,18696,18698,1,1,-1.0
18694,18696,18698,7,7,-7.0
18697,18699,18698,1,1,-1.0
18696,18698,18696,1,-1,1.0
18696,18697,18697,1,1,1.0
18696,18698,18697,1,1,-1.0
18696,18698,18698,2,2,2.0
18697,18699,18697,1,-1,1.0
18697,18699,18699,5,5,5.0
18697,18699,18699,1,1,1.0
18697,18699,18699,1,1,1.0
18697,18699,18697,1,-1,1.0
18697,18699,18697,1,-1,1.0
18698,18699,18698,1,-1,1.0
18698,18699,18698,1,-1,1.0
18698,18699,18698,1,-1,1.0
18698,18699,18699,1,1,1.0
18698,18699,18699,1,1,1.0
18698,18699,18699,5,5,5.0
18698,18699,18698,1,-1,1.0
18698,18699,18698,2,-2,2.0
18697,18698,18697,1,-1,1.0
18697,18698,18698,1,1,1.0
18697,18698,18697,2,-2,2.0
18696,18697,18696,2,-2,2.0
18696,18697,18696,1,-1,1.0
18696,18697,18696,1,-1,1.0
18696,18697,18696,2,-2,2.0
18696,18697,18695,6,-6,6.0
18696,18697,18695,1,-1,1.0
18696,18697,18694,6,-6,6.0
18696,18697,18694,8,-8,8.0
18693,18694,18694,1,1,1.0
18693,18694,18694,2,2,2.0
18694,18696,18694,1,-1,1.0
18694,18696,18696,1,1,1.0
18693,18695,18693,1,-1,1.0
18693,18695,18693,1,-1,1.0
18693,18695,18693,1,-1,1.0
18693,18695,18693,1,-1,1.0
18693,18694,18693,1,-1,1.0
18693,18695,18695,5,5,5.0
18693,18695,18693,1,-1,1.0
18693,18694,18693,1,-1,1.0
18692,18693,18692,1,-1,1.0
18692,18693,18692,1,-1,1.0
18692,18693,18692,1,-1,1.0
18692,18693,18692,2,-2,2.0
18692,18693,18693,1,1,1.0
18692,18694,18693,2,2,-2.0
18693,18694,18693,1,-1,1.0
18692,18693,18693,1,1,1.0
18692,18693,18693,1,1,1.0
18692,18694,18692,2,-2,2.0
18692,18693,18693,1,1,1.0
18692,18693,18693,1,1,1.0
18692,18693,18692,2,-2,2.0
18692,18693,18692,5,-5,5.0
18691,18693,18692,1,-1,1.0
18691,18693,18691,1,-1,1.0
18691,18693,18691,1,-1,1.0
18691,18693,18691,1,-1,1.0
18691,18693,18691,6,-6,6.0
18691,18693,18691,4,-4,4.0
18691,18693,18692,1,-1,1.0
18691,18693,18691,2,-2,2.0
18691,18693,18691,6,-6,6.0
18691,18692,18691,2,-2,2.0
18691,18692,18691,2,-2,2.0
18691,18692,18691,1,-1,1.0
18691,18692,18691,3,-3,3.0
18691,18692,18691,1,-1,1.0
18691,18692,18691,1,-1,1.0
18690,18692,18691,1,-1,1.0
18690,18692,18691,4,-4,4.0
18690,18692,18690,2,-2,2.0
18690,18692,18690,4,-4,4.0
18690,18692,18690,6,-6,6.0
18690,18692,18690,1,-1,1.0
18690,18692,18690,1,-1,1.0
18690,18692,18690,2,-2,2.0
18690,18692,18690,2,-2,2.0
18690,18692,18690,1,-1,1.0
18690,18692,18690,2,-2,2.0
18690,18692,18690,1,-1,1.0
18690,18692,18690,1,-1,1.0
18690,18692,18690,1,-1,1.0
18690,18692,18690,6,-6,6.0
18690,18692,18690,12,-12,12.0
18690,18691,18691,1,1,1.0
18690,18691,18690,6,-6,6.0
18690,18691,18690,1,-1,1.0
18690,18691,18690,1,-1,1.0
18690,18691,18690,1,-1,1.0
18690,18691,18690,1,-1,1.0
18690,18691,18690,2,-2,2.0
18690,18691,18691,1,1,1.0
18690,18691,18690,1,-1,1.0
18690,18691,18690,3,-3,3.0
18690,18691,18691,1,1,1.0
18690,18691,18691,1,1,1.0
18691,18692,18692,1,1,1.0
18690,18692,18691,1,1,-1.0
18690,18692,18690,1,-1,1.0
18690,18691,18690,2,-2,2.0
18690,18691,18690,5,-5,5.0
18690,18691,18690,1,-1,1.0
18690,18691,18690,1,-1,1.0
18690,18691,18691,2,2,2.0
18691,18692,18691,1,-1,1.0
18691,18692,18691,1,-1,1.0
18691,18692,18691,1,-1,1.0
18690,18692,18690,1,-1,1.0
18690,18691,18691,1,1,1.0
18690,18691,18691,5,5,5.0
18690,18691,18691,1,1,1.0
18690,18691,18690,2,-2,2.0
18690,18691,18691,1,1,1.0
18690,18691,18690,1,-1,1.0
18690,18691,18690,1,-1,1.0
18690,18691,18690,2,-2,2.0
18690,18691,18690,1,-1,1.0
18689,18691,18689,17,-17,17.0
18689,18691,18688,33,-33,33.0
18689,18691,18688,4,-4,4.0
18689,18691,18688,6,-6,6.0
18688,18689,18688,4,-4,4.0
18688,18689,18688,3,-3,3.0
18688,18689,18688,1,-1,1.0
18688,18689,18688,1,-1,1.0
18688,18689,18688,2,-2,2.0
18688,18689,18688,2,-2,2.0
18687,18689,18687,1,-1,1.0
18687,18689,18687,1,-1,1.0
18687,18689,18687,4,-4,4.0
18687,18689,18687,1,-1,1.0
18687,18689,18687,1,-1,1.0
18687,18689,18687,2,-2,2.0
18687,18689,18687,1,-1,1.0
18687,18689,18687,2,-2,2.0
18687,18689,18687,1,-1,1.0
18687,18689,18687,1,-1,1.0
18687,18689,18687,1,-1,1.0
18687,18689,18687,2,-2,2.0
18687,18689,18687,1,-1,1.0
18687,18689,18686,1,-1,1.0
18687,18689,18686,1,-1,1.0
18686,18688,18686,1,-1,1.0
18686,18688,18686,1,-1,1.0
18686,18688,18686,1,-1,1.0
18686,18688,18686,2,-2,2.0
18686,18688,18686,1,-1,1.0
18686,18688,18686,4,-4,4.0
18686,18688,18686,1,-1,1.0
18686,18688,18686,2,-2,2.0
18686,18688,18686,1,-1,1.0
18686,18688,18686,1,-1,1.0
18686,18687,18686,1,-1,1.0
18686,18687,18686,1,-1,1.0
18686,18687,18686,1,-1,1.0
18686,18687,18686,1,-1,1.0
18686,18687,18686,7,-7,7.0
18686,18687,18686,1,-1,1.0
18686,18687,18687,1,1,1.0
18686,18687,18685,1,-1,1.0
18686,18687,18685,4,-4,4.0
18686,18687,18685,1,-1,1.0
18686,18687,18685,1,-1,1.0
18686,18687,18686,1,-1,1.0
18685,18687,18688,1,1,-1.0
18685,18687,18686,1,1,-1.0
18685,18687,18686,1,1,-1.0
18685,18687,18686,2,2,-2.0
18685,18687,18685,10,-10,10.0
18685,18687,18685,1,-1,1.0
18685,18687,18686,1,-1,1.0
18685,18687,18686,1,-1,1.0
18685,18687,18688,1,1,-1.0
18685,18687,18688,1,1,-1.0
18685,18687,18686,1,1,-1.0
18685,18687,18686,1,1,-1.0
18685,18687,18686,1,1,-1.0
18685,18687,18686,1,1,-1.0
18685,18687,18686,1,1,-1.0
18685,18687,18685,2,-2,2.0
18685,18687,18685,1,-1,1.0
18685,18687,18685,1,-1,1.0
18685,18687,18685,1,-1,1.0
18685,18687,18686,1,-1,1.0
18685,18687,18685,1,-1,1.0
18685,18687,18687,1,1,1.0
18685,18687,18686,1,1,-1.0
18685,18687,18686,1,1,-1.0
18685,18687,18685,2,-2,2.0
18686,18688,18686,3,-3,3.0
18686,18688,18686,1,-1,1.0
18686,18688,18686,1,-1,1.0
18686,18688,18686,3,-3,3.0
18686,18688,18686,1,-1,1.0
18686,18688,18686,1,-1,1.0
18687,18688,18687,1,-1,1.0
18687,18688,18687,1,-1,1.0
18687,18688,18688,1,1,1.0
18688,18690,18688,1,-1,1.0
18688,18690,18688,1,-1,1.0
18688,18690,18690,2,2,2.0
18688,18690,18690,4,4,4.0
18690,18691,18691,3,3,3.0
18691,18692,18692,1,1,1.0
18691,18692,18691,2,-2,2.0
18689,18691,18690,1,-1,1.0
18689,18691,18689,1,-1,1.0
18689,18691,18691,1,1,1.0
18689,18691,18691,1,1,1.0
18689,18691,18691,5,5,5.0
18689,18691,18689,1,-1,1.0
18689,18690,18689,1,-1,1.0
18688,18690,18690,1,1,1.0
18688,18690,18690,3,3,3.0
18688,18690,18688,4,-4,4.0
18688,18690,18688,5,-5,5.0
18688,18690,18689,1,-1,1.0
18688,18690,18688,1,-1,1.0
18688,18690,18688,2,-2,2.0
18687,18690,18687,2,-2,2.0
18687,18690,18687,1,-1,1.0
18688,18689,18688,1,-1,1.0
18688,18690,18690,3,3,3.0
18688,18690,18688,2,-2,2.0
18687,18689,18689,3,3,3.0
18687,18689,18687,7,-7,7.0
18687,18689,18686,33,-33,33.0
18687,18689,18685,10,-10,10.0
18687,18689,18686,1,-1,1.0
18685,18686,18685,1,-1,1.0
18685,18686,18685,1,-1,1.0
18685,18686,18685,1,-1,1.0
18685,18686,18686,1,1,1.0
18685,18686,18686,2,2,2.0
18685,18686,18687,3,3,-3.0
18685,18686,18686,1,1,1.0
18685,18687,18685,1,-1,1.0
18685,18687,18687,2,2,2.0
18685,18687,18686,1,1,-1.0
18685,18687,18685,1,-1,1.0
18685,18687,18685,1,-1,1.0
18685,18687,18687,1,1,1.0
18685,18687,18688,1,1,-1.0
18685,18687,18688,1,1,-1.0
18686,18688,18686,1,-1,1.0
18685,18688,18685,1,-1,1.0
18685,18687,18687,1,1,1.0
18685,18687,18688,1,1,-1.0
18686,18688,18688,1,1,1.0
18686,18688,18688,1,1,1.0
18686,18688,18688,3,3,3.0
18686,18688,18689,28,28,-28.0
18686,18688,18690,26,26,-26.0
18686,18688,18691,43,43,-43.0
18686,18688,18691,1,1,-1.0
18690,18692,18690,1,-1,1.0
18690,18692,18690,1,-1,1.0
18690,18691,18691,1,1,1.0
18690,18691,18690,2,-2,2.0
18690,18691,18690,3,-3,3.0
18690,18691,18689,4,-4,4.0
18690,18691,18688,14,-14,14.0
18690,18691,18687,29,-29,29.0
18690,18691,18689,1,-1,1.0
18687,18689,18689,1,1,1.0
18687,18689,18689,1,1,1.0
18687,18689,18689,1,1,1.0
18687,18689,18687,2,-2,2.0
18687,18689,18689,1,1,1.0
18687,18688,18687,1,-1,1.0
18687,18688,18688,1,1,1.0
18687,18688,18688,1,1,1.0
18688,18689,18689,1,1,1.0
18688,18689,18689,1,1,1.0
18688,18690,18688,1,-1,1.0
18688,18690,18688,1,-1,1.0
18688,18690,18688,2,-2,2.0
18688,18690,18687,10,-10,10.0
18688,18690,18686,9,-9,9.0
18688,18690,18685,29,-29,29.0
18688,18690,18686,1,-1,1.0
18685,18687,18687,2,2,2.0
18686,18688,18688,1,1,1.0
18686,18688,18686,1,-1,1.0
18686,18687,18687,1,1,1.0
18686,18687,18687,2,2,2.0
18686,18687,18687,1,1,1.0
18686,18687,18688,1,1,-1.0
18687,18689,18687,1,-1,1.0
18687,18688,18688,2,2,2.0
18687,18688,18689,3,3,-3.0
18687,18689,18687,1,-1,1.0
18687,18688,18688,1,1,1.0
18687,18688,18687,2,-2,2.0
18687,18688,18687,1,-1,1.0
18687,18688,18687,1,-1,1.0
18687,18688,18687,1,-1,1.0
18687,18688,18686,1,-1,1.0
18687,18688,18686,8,-8,8.0
18685,18686,18685,1,-1,1.0
18685,18686,18685,1,-1,1.0
18685,18686,18685,1,-1,1.0
18685,18686,18685,1,-1,1.0
18685,18686,18685,1,-1,1.0
18685,18686,18686,1,1,1.0
18685,18686,18686,1,1,1.0
18685,18686,18685,1,-1,1.0
18685,18686,18685,3,-3,3.0
18685,18686,18685,1,-1,1.0
18685,18686,18685,2,-2,2.0
18685,18686,18685,1,-1,1.0
18685,18686,18685,1,-1,1.0
18685,18686,18685,1,-1,1.0
18685,18686,18685,1,-1,1.0
18685,18686,18685,1,-1,1.0
18685,18686,18685,1,-1,1.0
18685,18686,18685,3,-3,3.0
18684,18686,18684,3,-3,3.0
18684,18686,18684,4,-4,4.0
18684,18686,18684,5,-5,5.0
18684,18686,18684,1,-1,1.0
18684,18686,18686,1,1,1.0
18685,18686,18686,1,1,1.0
18685,18686,18685,1,-1,1.0
18685,18686,18685,1,-1,1.0
18684,18686,18686,1,1,1.0
18685,18686,18685,1,-1,1.0
18684,18685,18685,2,2,2.0
18685,18686,18686,1,1,1.0
18685,18686,18686,1,1,1.0
18686,18687,18686,2,-2,2.0
18685,18687,18686,1,-1,1.0
18685,18687,18685,4,-4,4.0
18686,18687,18686,2,-2,2.0
18686,18687,18687,1,1,1.0
18686,18687,18686,1,-1,1.0
18686,18687,18687,3,3,3.0
18687,18688,18688,1,1,1.0
18687,18688,18688,2,2,2.0
18687,18689,18687,1,-1,1.0
18687,18689,18689,1,1,1.0
18687,18689,18687,1,-1,1.0
18687,18689,18687,1,-1,1.0
18687,18689,18687,2,-2,2.0
18687,18689,18686,1,-1,1.0
18687,18689,18686,1,-1,1.0
18687,18689,18686,1,-1,1.0
18687,18689,18686,1,-1,1.0
18687,18689,18686,1,-1,1.0
18685,18688,18685,2,-2,2.0
18686,18688,18688,2,2,2.0
18686,18688,18688,1,1,1.0
18686,18688,18688,4,4,4.0
18686,18688,18689,2,2,-2.0
18687,18689,18687,2,-2,2.0
18687,18689,18689,3,3,3.0
18687,18689,18687,1,-1,1.0
18687,18689,18687,1,-1,1.0
18687,18689,18689,1,1,1.0
18688,18689,18688,1,-1,1.0
18688,18689,18688,1,-1,1.0
18687,18688,18687,2,-2,2.0
18687,18688,18686,1,-1,1.0
18686,18687,18686,1,-1,1.0
18686,18687,18685,1,-1,1.0
18686,18687,18685,1,-1,1.0
18685,18687,18685,1,-1,1.0
18685,18687,18685,1,-1,1.0
18684,18687,18687,1,1,1.0
18685,18687,18685,1,-1,1.0
18685,18687,18687,2,2,2.0
18686,18687,18687,1,1,1.0
18686,18687,18686,1,-1,1.0
18686,18687,18686,1,-1,1.0
18686,18687,18686,2,-2,2.0
18685,18687,18685,1,-1,1.0
18685,18687,18685,1,-1,1.0
18684,18686,18684,1,-1,1.0
18684,18686,18686,1,1,1.0
18685,18686,18686,2,2,2.0
18685,18686,18686,1,1,1.0
18686,18687,18687,1,1,1.0
18686,18687,18687,2,2,2.0
18686,18687,18687,1,1,1.0
18686,18687,18687,1,1,1.0
18686,18687,18686,1,-1,1.0
18686,18687,18686,1,-1,1.0
18686,18687,18686,1,-1,1.0
18686,18687,18686,1,-1,1.0
18685,18687,18685,1,-1,1.0
18685,18686,18685,2,-2,2.0
18685,18686,18686,1,1,1.0
18685,18686,18686,1,1,1.0
18685,18686,18686,1,1,1.0
18685,18686,18686,1,1,1.0
18685,18687,18687,1,1,1.0
18686,18687,18686,1,-1,1.0
18686,18687,18685,1,-1,1.0
18686,18688,18686,1,-1,1.0
18686,18688,18686,1,-1,1.0
18686,18688,18686,1,-1,1.0
18686,18688,18688,3,3,3.0
18686,18688,18686,1,-1,1.0
18686,18688,18686,1,-1,1.0
18686,18687,18686,1,-1,1.0
18686,18687,18686,1,-1,1.0
18686,18687,18686,1,-1,1.0
18686,18687,18687,3,3,3.0
18687,18688,18687,2,-2,2.0
18686,18687,18686,1,-1,1.0
18686,18687,18686,1,-1,1.0
18686,18687,18686,1,-1,1.0
18686,18687,18686,2,-2,2.0
18686,18687,18687,1,1,1.0
18686,18687,18687,1,1,1.0
18687,18688,18687,2,-2,2.0
18687,18688,18687,1,-1,1.0
18686,18687,18686,1,-1,1.0
18686,18687,18686,1,-1,1.0
18685,18686,18686,1,1,1.0
18685,18686,18686,1,1,1.0
18685,18686,18686,1,1,1.0
18685,18686,18686,1,1,1.0
18685,18686,18685,1,-1,1.0
18685,18686,18685,1,-1,1.0
18685,18686,18685,1,-1,1.0
18685,18686,18685,1,-1,1.0
18685,18686,18686,1,1,1.0
18685,18686,18686,1,1,1.0
18685,18686,18686,1,1,1.0
18685,18686,18686,1,1,1.0
18685,18686,18685,1,-1,1.0
18685,18686,18685,1,-1,1.0
18685,18686,18685,1,-1,1.0
18685,18686,18685,1,-1,1.0
18685,18686,18685,1,-1,1.0
18685,18686,18684,1,-1,1.0
18685,18686,18684,1,-1,1.0
18684,18686,18684,1,-1,1.0
18685,18686,18685,2,-2,2.0
18685,18686,18684,1,-1,1.0
18685,18686,18685,1,-1,1.0
18685,18686,18686,1,1,1.0
18685,18686,18685,1,-1,1.0
18685,18686,18685,2,-2,2.0
18685,18686,18685,1,-1,1.0
18685,18686,18686,3,3,3.0
18684,18686,18685,1,1,-1.0
18684,18686,18685,1,1,-1.0
18684,18685,18684,2,-2,2.0
18684,18685,18684,1,-1,1.0
18684,18685,18684,2,-2,2.0
18684,18685,18684,1,-1,1.0
18684,18685,18684,1,-1,1.0
18684,18685,18684,1,-1,1.0
18683,18685,18683,1,-1,1.0
18683,18685,18683,2,-2,2.0
18683,18685,18683,3,-3,3.0
18683,18685,18683,2,-2,2.0
18683,18684,18683,1,-1,1.0
18683,18684,18683,3,-3,3.0
18683,18684,18683,1,-1,1.0
18683,18684,18683,2,-2,2.0
18683,18685,18685,1,1,1.0
18683,18685,18683,1,-1,1.0
18683,18684,18684,2,2,2.0
18683,18685,18683,1,-1,1.0
18682,18684,18682,1,-1,1.0
18682,18684,18682,4,-4,4.0
18682,18684,18682,4,-4,4.0
18682,18684,18682,12,-12,12.0
18682,18684,18684,2,2,2.0
18682,18684,18682,4,-4,4.0
18682,18684,18684,1,1,1.0
18682,18684,18684,1,1,1.0
18682,18684,18682,1,-1,1.0
18682,18683,18682,1,-1,1.0
18681,18683,18681,4,-4,4.0
18681,18683,18681,4,-4,4.0
18681,18683,18681,6,-6,6.0
18681,18683,18681,1,-1,1.0
18681,18683,18681,1,-1,1.0
18681,18683,18681,10,-10,10.0
18681,18683,18681,10,-10,10.0
18681,18683,18681,5,-5,5.0
18681,18683,18681,1,-1,1.0
18681,18683,18682,1,-1,1.0
18681,18682,18681,5,-5,5.0
18681,18682,18681,2,-2,2.0
18681,18682,18680,5,-5,5.0
18680,18682,18680,1,-1,1.0
18680,18682,18680,1,-1,1.0
18680,18682,18680,5,-5,5.0
18680,18682,18682,1,1,1.0
18680,18682,18680,1,-1,1.0
18680,18682,18680,1,-1,1.0
18680,18682,18680,1,-1,1.0
18680,18682,18680,3,-3,3.0
18680,18682,18680,1,-1,1.0
18680,18682,18680,3,-3,3.0
18680,18682,18680,1,-1,1.0
18680,18682,18680,16,-16,16.0
18680,18681,18680,1,-1,1.0
18680,18681,18680,2,-2,2.0
18680,18681,18679,1,-1,1.0
18680,18681,18679,1,-1,1.0
18680,18681,18679,1,-1,1.0
18679,18681,18679,4,-4,4.0
18679,18681,18679,2,-2,2.0
18679,18681,18679,1,-1,1.0
18679,18681,18679,3,-3,3.0
18679,18681,18678,2,-2,2.0
18678,18681,18679,1,-1,1.0
18678,18681,18678,3,-3,3.0
18678,18681,18678,1,-1,1.0
18678,18681,18680,1,1,-1.0
18678,18681,18678,1,-1,1.0
18678,18680,18680,1,1,1.0
18678,18680,18679,4,4,-4.0
18678,18680,18678,8,-8,8.0
18678,18680,18678,12,-12,12.0
18678,18680,18678,1,-1,1.0
18678,18680,18678,1,-1,1.0
18678,18680,18678,1,-1,1.0
18678,18680,18678,3,-3,3.0
18678,18680,18677,9,-9,9.0
18678,18680,18677,4,-4,4.0
18678,18680,18678,1,-1,1.0
18678,18680,18678,1,-1,1.0
18678,18680,18679,1,-1,1.0
18678,18680,18678,1,-1,1.0
18678,18680,18678,2,-2,2.0
18678,18680,18678,3,-3,3.0
18678,18680,18680,1,1,1.0
18678,18681,18679,1,-1,1.0
18678,18680,18678,2,-2,2.0
18678,18680,18678,5,-5,5.0
18678,18680,18679,2,-2,2.0
18678,18680,18679,1,-1,1.0
18678,18680,18678,1,-1,1.0
18678,18680,18678,1,-1,1.0
18678,18679,18679,1,1,1.0
18678,18679,18679,1,1,1.0
18678,18679,18680,1,1,-1.0
18678,18680,18678,1,-1,1.0
18678,18680,18678,1,-1,1.0
18678,18680,18678,1,-1,1.0
18678,18680,18678,1,-1,1.0
18678,18680,18680,1,1,1.0
18678,18679,18678,1,-1,1.0
18678,18679,18678,1,-1,1.0
18678,18679,18679,1,1,1.0
18679,18680,18679,1,-1,1.0
18678,18680,18678,1,-1,1.0
18678,18680,18678,1,-1,1.0
18678,18680,18680,1,1,1.0
18678,18680,18678,1,-1,1.0
18678,18680,18678,6,-6,6.0
18678,18680,18677,2,-2,2.0
18678,18679,18678,4,-4,4.0
18678,18679,18679,1,1,1.0
18678,18680,18680,1,1,1.0
18678,18680,18678,4,-4,4.0
18678,18680,18678,1,-1,1.0
18678,18680,18678,4,-4,4.0
18678,18680,18680,1,1,1.0
18678,18679,18678,5,-5,5.0
18678,18679,18677,6,-6,6.0
18678,18679,18678,1,-1,1.0
18678,18679,18678,2,-2,2.0
18677,18678,18677,1,-1,1.0
18677,18678,18678,1,1,1.0
18677,18678,18678,1,1,1.0
18677,18678,18677,1,-1,1.0
18677,18679,18679,1,1,1.0
18677,18679,18679,1,1,1.0
18677,18678,18678,3,3,3.0
18678,18679,18678,1,-1,1.0
18678,18679,18678,1,-1,1.0
18678,18679,18679,2,2,2.0
18678,18679,18678,1,-1,1.0
18678,18679,18679,1,1,1.0
18678,18679,18679,1,1,1.0
18678,18679,18679,1,1,1.0
18678,18679,18679,1,1,1.0
18678,18679,18678,1,-1,1.0
18678,18679,18678,1,-1,1.0
18678,18679,18678,1,-1,1.0
18678,18679,18678,1,-1,1.0
18678,18679,18679,1,1,1.0
18678,18679,18679,3,3,3.0
18678,18679,18678,1,-1,1.0
18678,18679,18678,1,-1,1.0
18678,18679,18678,1,-1,1.0
18678,18679,18678,1,-1,1.0
18678,18679,18678,1,-1,1.0
18678,18679,18677,1,-1,1.0
18678,18679,18677,1,-1,1.0
18677,18678,18678,1,1,1.0
18677,18679,18677,2,-2,2.0
18677,18679,18679,2,2,2.0
18677,18678,18678,1,1,1.0
18677,18678,18678,1,1,1.0
18677,18678,18678,1,1,1.0
18677,18678,18678,2,2,2.0
18678,18679,18678,1,-1,1.0
18677,18679,18679,1,1,1.0
18677,18679,18677,3,-3,3.0
18677,18679,18677,1,-1,1.0
18677,18678,18677,1,-1,1.0
18677,18678,18678,2,2,2.0
18677,18679,18679,1,1,1.0
18678,18679,18678,1,-1,1.0
18678,18679,18678,1,-1,1.0
18677,18679,18677,1,-1,1.0
18677,18678,18678,2,2,2.0
18677,18678,18678,1,1,1.0
18677,18678,18678,1,1,1.0
18677,18678,18678,2,2,2.0
18677,18678,18678,1,1,1.0
18678,18679,18678,2,-2,2.0
18678,18679,18679,1,1,1.0
18678,18679,18679,1,1,1.0
18678,18679,18679,2,2,2.0
18678,18679,18679,1,1,1.0
18678,18679,18678,1,-1,1.0
18678,18679,18677,1,-1,1.0
18678,18679,18677,2,-2,2.0
18678,18679,18679,5,5,5.0
18677,18679,18679,1,1,1.0
18677,18679,18677,2,-2,2.0
18677,18679,18677,8,-8,8.0
18677,18679,18676,2,-2,2.0
18677,18679,18676,4,-4,4.0
18676,18678,18676,1,-1,1.0
18676,18678,18678,1,1,1.0
18677,18678,18677,1,-1,1.0
18676,18679,18678,1,1,-1.0
18677,18679,18679,5,5,5.0
18678,18680,18678,1,-1,1.0
18678,18679,18679,2,2,2.0
18678,18679,18680,1,1,-1.0
18678,18680,18680,1,1,1.0
18678,18680,18680,1,1,1.0
18678,18680,18680,1,1,1.0
18678,18680,18680,5,5,5.0
18678,18680,18680,2,2,2.0
18678,18680,18680,1,1,1.0
18678,18680,18680,1,1,1.0
18680,18681,18681,1,1,1.0
18680,18681,18681,2,2,2.0
18680,18681,18682,3,3,-3.0
18680,18681,18682,1,1,-1.0
18680,18681,18682,1,1,-1.0
18680,18681,18682,1,1,-1.0
18680,18681,18682,1,1,-1.0
18680,18681,18683,1,1,-1.0
18680,18681,18683,1,1,-1.0
18683,18684,18683,2,-2,2.0
18683,18684,18683,3,-3,3.0
18683,18684,18683,1,-1,1.0
18683,18684,18683,5,-5,5.0
18681,18684,18683,3,3,-3.0
18681,18684,18684,12,12,12.0
18681,18684,18682,1,-1,1.0
18682,18684,18684,1,1,1.0
18682,18684,18684,1,1,1.0
18682,18684,18684,1,1,1.0
18682,18684,18685,2,2,-2.0
18684,18685,18684,2,-2,2.0
18684,18685,18684,1,-1,1.0
18684,18685,18685,1,1,1.0
18684,18685,18685,1,1,1.0
18683,18685,18685,1,1,1.0
18684,18685,18685,1,1,1.0
18685,18686,18685,1,-1,1.0
18685,18686,18685,3,-3,3.0
18684,18686,18683,1,-1,1.0
18684,18685,18685,1,1,1.0
18684,18686,18684,1,-1,1.0
18684,18686,18686,26,26,26.0
18684,18686,18687,11,11,-11.0
18684,18686,18687,1,1,-1.0
18686,18687,18687,1,1,1.0
18686,18687,18686,1,-1,1.0
18686,18687,18686,2,-2,2.0
18686,18687,18685,2,-2,2.0
18685,18687,18687,2,2,2.0
18685,18686,18685,2,-2,2.0
18685,18686,18684,8,-8,8.0
18683,18684,18684,1,1,1.0
18683,18684,18683,1,-1,1.0
18683,18684,18684,1,1,1.0
18683,18684,18683,1,-1,1.0
18683,18684,18684,8,8,8.0
18683,18684,18684,1,1,1.0
18683,18684,18684,6,6,6.0
18683,18684,18685,7,7,-7.0
18683,18685,18683,1,-1,1.0
18683,18685,18685,1,1,1.0
18683,18685,18683,3,-3,3.0
18683,18685,18682,1,-1,1.0
18682,18684,18682,6,-6,6.0
18682,18684,18681,2,-2,2.0
18681,18683,18683,1,1,1.0
18683,18684,18684,1,1,1.0
18683,18685,18683,1,-1,1.0
18683,18685,18683,1,-1,1.0
18683,18684,18684,1,1,1.0
18683,18684,18684,1,1,1.0
18683,18684,18685,1,1,-1.0
18683,18685,18683,1,-1,1.0
18683,18685,18685,1,1,1.0
18683,18685,18683,5,-5,5.0
18683,18685,18683,1,-1,1.0
18683,18684,18683,1,-1,1.0
18683,18684,18684,1,1,1.0
18683,18684,18683,3,-3,3.0
18683,18684,18683,1,-1,1.0
18683,18684,18683,1,-1,1.0
18683,18684,18684,1,1,1.0
18683,18684,18684,1,1,1.0
18683,18684,18684,1,1,1.0
18683,18685,18684,2,2,-2.0
18684,18685,18684,1,-1,1.0
18684,18685,18685,2,2,2.0
18684,18685,18684,2,-2,2.0
18684,18685,18685,2,2,2.0
18684,18685,18684,1,-1,1.0
18684,18685,18685,1,1,1.0
18684,18686,18685,1,1,-1.0
18685,18686,18686,1,1,1.0
18685,18686,18685,1,-1,1.0
18685,18686,18685,3,-3,3.0
18685,18686,18685,1,-1,1.0
18684,18685,18684,1,-1,1.0
18684,18685,18684,1,-1,1.0
18684,18685,18684,2,-2,2.0
18683,18685,18685,1,1,1.0
18683,18685,18683,6,-6,6.0
18683,18684,18683,1,-1,1.0
18682,18684,18684,5,5,5.0
18682,18684,18684,1,1,1.0
18682,18684,18685,15,15,-15.0
18682,18684,18685,1,1,-1.0
18682,18684,18685,1,1,-1.0
18682,18684,18685,1,1,-1.0
18685,18686,18686,1,1,1.0
18685,18686,18685,1,-1,1.0
18685,18686,18685,2,-2,2.0
18685,18686,18685,1,-1,1.0
18685,18686,18685,2,-2,2.0
18683,18685,18684,2,-2,2.0
18683,18685,18685,1,1,1.0
18683,18684,18684,1,1,1.0
18683,18684,18684,1,1,1.0
18683,18685,18685,1,1,1.0
18683,18685,18685,1,1,1.0
18683,18685,18683,1,-1,1.0
18683,18685,18685,2,2,2.0
18684,18686,18686,2,2,2.0
18684,18686,18686,1,1,1.0
18686,18687,18686,1,-1,1.0
18686,18687,18687,1,1,1.0
18686,18687,18686,2,-2,2.0
18686,18688,18686,1,-1,1.0
18686,18688,18688,2,2,2.0
18686,18688,18686,1,-1,1.0
18685,18687,18687,1,1,1.0
18685,18686,18685,1,-1,1.0
18685,18686,18685,1,-1,1.0
18685,18686,18686,2,2,2.0
18685,18686,18686,1,1,1.0
18685,18686,18686,2,2,2.0
18685,18686,18686,1,1,1.0
18685,18687,18685,1,-1,1.0
18685,18686,18686,1,1,1.0
18685,18687,18685,9,-9,9.0
18685,18687,18684,5,-5,5.0
18684,18686,18686,1,1,1.0
18684,18686,18686,3,3,3.0
18684,18686,18686,2,2,2.0
18686,18687,18686,3,-3,3.0
18686,18687,18687,1,1,1.0
18686,18687,18686,2,-2,2.0
18686,18687,18686,2,-2,2.0
18686,18687,18686,3,-3,3.0
18686,18687,18686,1,-1,1.0
18685,18687,18685,1,-1,1.0
18684,18687,18687,1,1,1.0
18686,18687,18686,1,-1,1.0
18685,18686,18686,1,1,1.0
18685,18687,18685,3,-3,3.0
18685,18687,18685,2,-2,2.0
18686,18687,18686,2,-2,2.0
18685,18687,18685,1,-1,1.0
18685,18687,18687,1,1,1.0
18685,18686,18685,1,-1,1.0
18685,18686,18685,1,-1,1.0
18685,18686,18685,1,-1,1.0
18685,18686,18684,1,-1,1.0
18685,18686,18684,1,-1,1.0
18685,18686,18684,1,-1,1.0
18685,18686,18684,1,-1,1.0
18685,18686,18684,4,-4,4.0
18684,18685,18684,2,-2,2.0
18684,18685,18684,1,-1,1.0
18684,18685,18685,1,1,1.0
18683,18685,18683,1,-1,1.0
18683,18685,18685,1,1,1.0
18683,18685,18683,1,-1,1.0
18683,18685,18683,1,-1,1.0
18683,18685,18683,1,-1,1.0
18683,18685,18683,1,-1,1.0
18683,18685,18685,1,1,1.0
18683,18685,18683,1,-1,1.0
18683,18685,18683,1,-1,1.0
18683,18685,18685,1,1,1.0
18683,18685,18683,2,-2,2.0
18683,18685,18683,1,-1,1.0
18683,18685,18683,1,-1,1.0
18683,18685,18683,1,-1,1.0
18683,18685,18683,1,-1,1.0
18683,18685,18685,1,1,1.0
18683,18685,18683,1,-1,1.0
18683,18685,18682,1,-1,1.0
18683,18685,18682,2,-2,2.0
18682,18683,18683,1,1,1.0
18682,18683,18682,2,-2,2.0
18682,18683,18682,1,-1,1.0
18682,18683,18682,2,-2,2.0
18682,18683,18681,1,-1,1.0
18682,18683,18681,1,-1,1.0
18681,18684,18681,2,-2,2.0
18681,18684,18683,1,1,-1.0
18681,18684,18682,1,-1,1.0
18681,18684,18681,2,-2,2.0
18681,18684,18681,2,-2,2.0
18681,18683,18683,1,1,1.0
18681,18683,18681,1,-1,1.0
18681,18683,18681,1,-1,1.0
18681,18683,18681,2,-2,2.0
18680,18683,18681,2,-2,2.0
18680,18683,18680,2,-2,2.0
18680,18682,18680,6,-6,6.0
18680,18682,18681,1,-1,1.0
18680,18682,18681,1,-1,1.0
18680,18682,18680,3,-3,3.0
18680,18682,18680,8,-8,8.0
18680,18682,18679,8,-8,8.0
18680,18682,18681,1,-1,1.0
18680,18682,18680,2,-2,2.0
18680,18682,18679,1,-1,1.0
18680,18682,18681,1,-1,1.0
18680,18682,18680,1,-1,1.0
18680,18682,18682,3,3,3.0
18680,18682,18680,1,-1,1.0
18680,18682,18680,5,-5,5.0
18680,18682,18679,11,-11,11.0
18680,18681,18681,1,1,1.0
18680,18681,18681,2,2,2.0
18680,18681,18681,2,2,2.0
18680,18681,18681,1,1,1.0
18681,18682,18681,1,-1,1.0
18681,18682,18681,1,-1,1.0
18681,18682,18681,1,-1,1.0
18681,18682,18681,1,-1,1.0
18681,18682,18681,1,-1,1.0
18680,18681,18681,1,1,1.0
18680,18681,18681,1,1,1.0
18680,18681,18680,1,-1,1.0
18680,18681,18680,1,-1,1.0
18680,18681,18680,1,-1,1.0
18680,18681,18680,1,-1,1.0
18680,18681,18680,1,-1,1.0
18680,18681,18680,1,-1,1.0
18680,18681,18681,1,1,1.0
18680,18681,18680,1,-1,1.0
18680,18681,18680,3,-3,3.0
18680,18681,18680,1,-1,1.0
18680,18681,18680,1,-1,1.0
18680,18681,18680,1,-1,1.0
18680,18681,18680,1,-1,1.0
18680,18681,18680,1,-1,1.0
18680,18681,18680,1,-1,1.0
18680,18681,18680,1,-1,1.0
18680,18681,18680,1,-1,1.0
18679,18681,18680,1,-1,1.0
18679,18680,18680,2,2,2.0
18680,18681,18681,1,1,1.0
18680,18681,18681,3,3,3.0
18680,18681,18681,1,1,1.0
18681,18682,18682,4,4,4.0
18681,18683,18681,1,-1,1.0
18681,18683,18683,3,3,3.0
18681,18682,18682,2,2,2.0
18681,18682,18682,1,1,1.0
18681,18683,18683,2,2,2.0
18682,18683,18682,1,-1,1.0
18681,18683,18683,1,1,1.0
18681,18683,18681,1,-1,1.0
18682,18683,18682,1,-1,1.0
18682,18683,18683,1,1,1.0
18682,18683,18682,1,-1,1.0
18681,18682,18682,1,1,1.0
18681,18682,18681,1,-1,1.0
18681,18682,18681,1,-1,1.0
18681,18682,18681,2,-2,2.0
18681,18682,18681,1,-1,1.0
18680,18681,18680,1,-1,1.0
18680,18681,18680,1,-1,1.0
18680,18681,18680,1,-1,1.0
18680,18681,18680,1,-1,1.0
18680,18681,18680,1,-1,1.0
18680,18681,18679,1,-1,1.0
18680,18681,18679,1,-1,1.0
18679,18681,18681,2,2,2.0
18679,18681,18679,1,-1,1.0
18679,18681,18681,1,1,1.0
18679,18681,18679,1,-1,1.0
18679,18681,18681,1,1,1.0
18679,18680,18679,3,-3,3.0
18679,18680,18680,1,1,1.0
18678,18680,18680,1,1,1.0
18679,18680,18680,5,5,5.0
18679,18680,18679,2,-2,2.0
18679,18680,18679,1,-1,1.0
18679,18680,18679,1,-1,1.0
18679,18680,18680,1,1,1.0
18679,18680,18679,1,-1,1.0
18679,18680,18679,3,-3,3.0
18679,18680,18679,1,-1,1.0
18679,18680,18679,1,-1,1.0
18678,18680,18678,1,-1,1.0
18679,18680,18680,1,1,1.0
18679,18680,18679,1,-1,1.0
18679,18680,18678,1,-1,1.0
18679,18680,18678,1,-1,1.0
18679,18680,18678,1,-1,1.0
18679,18680,18678,1,-1,1.0
18679,18680,18678,1,-1,1.0
18678,18680,18680,2,2,2.0
18678,18679,18678,1,-1,1.0
18678,18679,18678,1,-1,1.0
18678,18679,18678,2,-2,2.0
18678,18679,18678,1,-1,1.0
18678,18679,18678,2,-2,2.0
18678,18679,18679,1,1,1.0
18678,18679,18678,1,-1,1.0
18678,18679,18679,1,1,1.0
18678,18679,18678,1,-1,1.0
18679,18680,18679,1,-1,1.0
18679,18680,18678,5,-5,5.0
18679,18680,18677,6,-6,6.0
18678,18680,18678,2,-2,2.0
18677,18678,18677,1,-1,1.0
18677,18678,18677,1,-1,1.0
18677,18679,18679,1,1,1.0
18677,18679,18677,1,-1,1.0
18677,18679,18677,1,-1,1.0
18677,18679,18677,1,-1,1.0
18677,18679,18677,1,-1,1.0
18677,18679,18677,1,-1,1.0
18677,18679,18677,5,-5,5.0
18677,18679,18676,3,-3,3.0
18676,18678,18676,1,-1,1.0
18676,18678,18676,1,-1,1.0
18676,18678,18676,1,-1,1.0
18676,18678,18676,3,-3,3.0
18676,18678,18676,1,-1,1.0
18676,18678,18676,1,-1,1.0
18676,18678,18676,5,-5,5.0
18676,18678,18676,1,-1,1.0
18676,18678,18676,1,-1,1.0
18676,18677,18676,4,-4,4.0
18676,18677,18676,2,-2,2.0
18676,18677,18676,1,-1,1.0
18676,18677,18676,4,-4,4.0
18676,18677,18676,7,-7,7.0
18676,18677,18676,4,-4,4.0
18676,18677,18676,4,-4,4.0
18676,18677,18676,1,-1,1.0
18676,18677,18676,1,-1,1.0
18676,18677,18676,1,-1,1.0
18676,18677,18676,2,-2,2.0
18676,18677,18677,6,6,6.0
18676,18677,18678,3,3,-3.0
18676,18677,18676,1,-1,1.0
18676,18677,18676,1,-1,1.0
18676,18677,18676,1,-1,1.0
18675,18677,18677,1,1,1.0
18675,18677,18675,1,-1,1.0
18675,18677,18675,1,-1,1.0
18675,18677,18675,4,-4,4.0
18675,18677,18675,1,-1,1.0
18675,18677,18675,1,-1,1.0
18675,18677,18676,1,-1,1.0
18675,18677,18675,4,-4,4.0
18675,18676,18675,1,-1,1.0
18675,18676,18675,3,-3,3.0
18675,18676,18675,1,-1,1.0
18674,18676,18674,1,-1,1.0
18674,18676,18674,4,-4,4.0
18674,18676,18674,4,-4,4.0
18674,18676,18674,1,-1,1.0
18674,18676,18674,1,-1,1.0
18674,18676,18674,4,-4,4.0
18674,18676,18674,1,-1,1.0
18674,18676,18673,1,-1,1.0
18674,18676,18674,2,-2,2.0
18674,18676,18673,4,-4,4.0
18674,18676,18673,1,-1,1.0
18674,18676,18673,1,-1,1.0
18674,18676,18673,1,-1,1.0
18673,18675,18673,3,-3,3.0
18673,18675,18673,1,-1,1.0
18673,18675,18673,2,-2,2.0
18673,18675,18673,1,-1,1.0
18673,18675,18673,2,-2,2.0
18673,18675,18673,2,-2,2.0
18673,18674,18673,1,-1,1.0
18673,18674,18673,1,-1,1.0
18673,18674,18673,1,-1,1.0
18673,18674,18673,1,-1,1.0
18673,18674,18673,1,-1,1.0
18673,18674,18673,1,-1,1.0
18673,18674,18673,2,-2,2.0
18673,18674,18673,1,-1,1.0
18673,18674,18673,2,-2,2.0
18673,18674,18674,2,2,2.0
18673,18674,18673,1,-1,1.0
18673,18674,18673,1,-1,1.0
18673,18674,18674,1,1,1.0
18673,18674,18674,1,1,1.0
18673,18674,18673,1,-1,1.0
18673,18674,18673,2,-2,2.0
18673,18674,18673,1,-1,1.0
18673,18674,18673,1,-1,1.0
18673,18674,18674,1,1,1.0
18673,18674,18673,1,-1,1.0
18673,18674,18674,1,1,1.0
18674,18675,18675,1,1,1.0
18674,18675,18674,1,-1,1.0
18674,18675,18674,1,-1,1.0
18674,18675,18674,1,-1,1.0
18673,18675,18673,1,-1,1.0
18674,18675,18674,1,-1,1.0
18674,18675,18673,1,-1,1.0
18675,18676,18676,1,1,1.0
18676,18678,18676,1,-1,1.0
18677,18678,18677,1,-1,1.0
18676,18678,18676,6,-6,6.0
18677,18678,18676,2,-2,2.0
18676,18678,18676,3,-3,3.0
18676,18678,18677,1,-1,1.0
18676,18678,18678,1,1,1.0
18676,18678,18678,1,1,1.0
18677,18678,18678,1,1,1.0
18677,18679,18679,1,1,1.0
18678,18680,18679,1,1,-1.0
18678,18680,18679,1,1,-1.0
18679,18680,18679,2,-2,2.0
18678,18680,18678,1,-1,1.0
18678,18680,18678,1,-1,1.0
18678,18680,18680,2,2,2.0
18678,18680,18680,1,1,1.0
18678,18680,18680,1,1,1.0
18678,18680,18680,3,3,3.0
18678,18680,18681,1,1,-1.0
18680,18681,18681,1,1,1.0
18680,18681,18682,1,1,-1.0
18680,18681,18680,1,-1,1.0
18680,18682,18682,1,1,1.0
18680,18682,18682,1,1,1.0
18680,18682,18682,1,1,1.0
18680,18682,18680,1,-1,1.0
18680,18682,18681,1,-1,1.0
18680,18682,18682,1,1,1.0
18680,18682,18682,1,1,1.0
18680,18681,18680,1,-1,1.0
18680,18681,18681,2,2,2.0
18681,18682,18681,1,-1,1.0
18681,18682,18681,1,-1,1.0
18681,18682,18682,2,2,2.0
18681,18682,18681,1,-1,1.0
18680,18682,18680,1,-1,1.0
18680,18682,18680,1,-1,1.0
18680,18681,18680,1,-1,1.0
18680,18681,18682,2,2,-2.0
18680,18681,18680,2,-2,2.0
18680,18682,18680,1,-1,1.0
18680,18682,18680,2,-2,2.0
18680,18682,18681,2,-2,2.0
18680,18682,18680,1,-1,1.0
18680,18681,18682,1,1,-1.0
18680,18682,18682,1,1,1.0
18680,18681,18681,1,1,1.0
18680,18682,18680,1,-1,1.0
18681,18682,18682,1,1,1.0
18681,18682,18682,1,1,1.0
18681,18682,18682,3,3,3.0
18681,18682,18682,1,1,1.0
18681,18682,18682,2,2,2.0
18681,18682,18682,1,1,1.0
18681,18683,18681,1,-1,1.0
18681,18683,18681,4,-4,4.0
18681,18683,18680,1,-1,1.0
18682,18683,18683,2,2,2.0
18682,18683,18682,1,-1,1.0
18682,18683,18682,1,-1,1.0
18682,18683,18682,1,-1,1.0
18682,18683,18683,1,1,1.0
18682,18683,18683,1,1,1.0
18682,18684,18684,2,2,2.0
18683,18685,18684,1,1,-1.0
18684,18685,18684,1,-1,1.0
18683,18685,18685,1,1,1.0
18684,18685,18685,1,1,1.0
18684,18685,18684,1,-1,1.0
18684,18685,18685,1,1,1.0
18684,18685,18684,1,-1,1.0
18684,18685,18685,1,1,1.0
18684,18685,18685,1,1,1.0
18684,18685,18684,1,-1,1.0
18684,18685,18685,4,4,4.0
18684,18686,18685,1,1,-1.0
18684,18685,18684,1,-1,1.0
18684,18685,18684,2,-2,2.0
18684,18685,18685,1,1,1.0
18684,18685,18685,1,1,1.0
18684,18685,18684,1,-1,1.0
18684,18685,18685,1,1,1.0
18684,18685,18684,1,-1,1.0
18684,18685,18685,1,1,1.0
18684,18685,18685,1,1,1.0
18684,18685,18685,1,1,1.0
18684,18685,18684,3,-3,3.0
18684,18685,18684,14,-14,14.0
18684,18685,18683,10,-10,10.0
18684,18685,18682,16,-16,16.0
18681,18683,18683,1,1,1.0
18681,18683,18684,1,1,-1.0
18681,18683,18685,3,3,-3.0
18681,18683,18685,1,1,-1.0
18681,18683,18685,1,1,-1.0
18681,18683,18685,1,1,-1.0
18684,18685,18685,2,2,2.0
18684,18686,18686,1,1,1.0
18684,18686,18686,1,1,1.0
18684,18686,18686,1,1,1.0
18684,18686,18686,1,1,1.0
18684,18686,18686,1,1,1.0
18685,18686,18686,1,1,1.0
18685,18686,18685,1,-1,1.0
18685,18686,18685,1,-1,1.0
18685,18686,18686,1,1,1.0
18685,18686,18686,1,1,1.0
18685,18686,18686,3,3,3.0
18685,18686,18686,1,1,1.0
18685,18686,18686,1,1,1.0
18685,18686,18686,3,3,3.0
18685,18687,18687,1,1,1.0
18686,18687,18687,1,1,1.0
18686,18687,18686,1,-1,1.0
18686,18687,18686,1,-1,1.0
18686,18687,18687,2,2,2.0
18686,18687,18686,1,-1,1.0
18686,18687,18685,1,-1,1.0
18686,18687,18686,1,-1,1.0
18686,18687,18687,1,1,1.0
18686,18687,18687,1,1,1.0
18686,18687,18687,1,1,1.0
18686,18688,18687,1,1,-1.0
18686,18688,18688,1,1,1.0
18686,18688,18688,1,1,1.0
18686,18688,18688,1,1,1.0
18686,18688,18688,1,1,1.0
18686,18688,18688,1,1,1.0
18686,18688,18688,1,1,1.0
18686,18688,18688,1,1,1.0
18686,18688,18688,1,1,1.0
18687,18688,18688,1,1,1.0
18687,18688,18687,1,-1,1.0
18687,18688,18687,1,-1,1.0
18687,18688,18687,1,-1,1.0
18687,18688,18688,1,1,1.0
18687,18688,18688,1,1,1.0
18687,18688,18688,1,1,1.0
18687,18688,18688,1,1,1.0
18687,18688,18688,7,7,7.0
18687,18688,18689,1,1,-1.0
18688,18689,18689,1,1,1.0
18688,18689,18689,1,1,1.0
18688,18689,18688,1,-1,1.0
18688,18689,18688,2,-2,2.0
18688,18689,18688,1,-1,1.0
18688,18689,18688,1,-1,1.0
18688,18689,18688,1,-1,1.0
18688,18689,18689,1,1,1.0
18688,18689,18689,1,1,1.0
18688,18689,18688,1,-1,1.0
18688,18689,18688,3,-3,3.0
18688,18689,18689,1,1,1.0
18688,18689,18689,1,1,1.0
18688,18689,18689,2,2,2.0
18688,18689,18689,1,1,1.0
18688,18689,18688,1,-1,1.0
18688,18689,18689,1,1,1.0
18688,18690,18690,1,1,1.0
18688,18690,18690,1,1,1.0
18688,18690,18690,2,2,2.0
18688,18690,18690,2,2,2.0
18688,18690,18690,1,1,1.0
18688,18690,18688,5,-5,5.0
18688,18690,18688,1,-1,1.0
18687,18689,18689,1,1,1.0
18687,18689,18689,1,1,1.0
18687,18688,18687,3,-3,3.0
18687,18688,18687,1,-1,1.0
18687,18688,18688,1,1,1.0
18687,18688,18688,1,1,1.0
18687,18688,18688,1,1,1.0
18687,18688,18688,2,2,2.0
18687,18688,18688,2,2,2.0
18687,18688,18688,1,1,1.0
18687,18688,18687,1,-1,1.0
18686,18687,18687,2,2,2.0
18686,18687,18688,3,3,-3.0
18686,18687,18687,2,2,2.0
18686,18687,18687,1,1,1.0
18686,18688,18686,1,-1,1.0
18685,18687,18686,2,-2,2.0
18687,18688,18687,1,-1,1.0
18687,18688,18688,1,1,1.0
18687,18688,18687,1,-1,1.0
18687,18688,18687,2,-2,2.0
18687,18688,18687,2,-2,2.0
18687,18688,18688,1,1,1.0
18687,18688,18688,1,1,1.0
18687,18688,18688,1,1,1.0
18687,18688,18688,1,1,1.0
18687,18688,18688,1,1,1.0
18687,18688,18688,1,1,1.0
18687,18688,18687,1,-1,1.0
18688,18689,18688,1,-1,1.0
18688,18689,18688,2,-2,2.0
18688,18689,18688,2,-2,2.0
18688,18689,18689,4,4,4.0
18688,18689,18690,1,1,-1.0
18689,18690,18690,14,14,14.0
18689,18690,18691,2,2,-2.0
18689,18691,18691,1,1,1.0
18689,18691,18689,1,-1,1.0
18690,18691,18691,1,1,1.0
18690,18691,18691,1,1,1.0
18690,18691,18691,1,1,1.0
18690,18691,18690,2,-2,2.0
18690,18691,18690,4,-4,4.0
18690,18691,18689,1,-1,1.0
18690,18691,18691,1,1,1.0
18689,18691,18689,1,-1,1.0
18689,18691,18691,1,1,1.0
18689,18691,18691,1,1,1.0
18690,18691,18691,1,1,1.0
18690,18691,18691,1,1,1.0
18690,18691,18691,3,3,3.0
18690,18691,18692,1,1,-1.0
18690,18692,18692,1,1,1.0
18690,18692,18692,1,1,1.0
18690,18692,18692,4,4,4.0
18690,18692,18692,1,1,1.0
18690,18692,18690,1,-1,1.0
18690,18692,18692,1,1,1.0
18690,18692,18692,3,3,3.0
18690,18693,18693,1,1,1.0
18690,18693,18693,1,1,1.0
18692,18693,18693,5,5,5.0
18692,18693,18693,1,1,1.0
18692,18693,18693,1,1,1.0
18692,18693,18693,4,4,4.0
18692,18693,18693,1,1,1.0
18692,18693,18693,1,1,1.0
18692,18693,18693,1,1,1.0
18692,18693,18693,2,2,2.0
18692,18694,18694,1,1,1.0
18692,18694,18694,1,1,1.0
18692,18694,18694,1,1,1.0
18692,18694,18692,1,-1,1.0
18692,18694,18694,1,1,1.0
18692,18694,18694,1,1,1.0
18692,18694,18694,1,1,1.0
18692,18694,18694,1,1,1.0
18692,18694,18694,1,1,1.0
18692,18694,18694,1,1,1.0
18692,18694,18694,1,1,1.0
18692,18694,18692,1,-1,1.0
18692,18694,18694,1,1,1.0
18692,18694,18694,1,1,1.0
18692,18694,18694,1,1,1.0
18692,18694,18692,1,-1,1.0
18692,18694,18694,1,1,1.0
18692,18694,18692,1,-1,1.0
18692,18694,18693,1,-1,1.0
18692,18693,18693,1,1,1.0
18692,18693,18693,1,1,1.0
18692,18694,18694,1,1,1.0
18692,18694,18692,1,-1,1.0
18692,18694,18694,4,4,4.0
18693,18694,18694,1,1,1.0
18693,18694,18693,1,-1,1.0
18693,18694,18693,1,-1,1.0
18693,18694,18693,1,-1,1.0
18693,18694,18693,1,-1,1.0
18693,18694,18693,1,-1,1.0
18693,18694,18693,1,-1,1.0
18693,18694,18693,1,-1,1.0
18693,18694,18693,1,-1,1.0
18693,18694,18693,1,-1,1.0
18693,18694,18693,3,-3,3.0
18693,18694,18693,1,-1,1.0
18693,18694,18693,6,-6,6.0
18693,18694,18693,2,-2,2.0
18692,18693,18693,1,1,1.0
18692,18693,18693,1,1,1.0
18692,18693,18693,1,1,1.0
18692,18693,18693,1,1,1.0
18692,18693,18693,1,1,1.0
18692,18693,18692,1,-1,1.0
18693,18694,18694,1,1,1.0
18693,18694,18694,1,1,1.0
18693,18694,18693,1,-1,1.0
18693,18694,18694,5,5,5.0
18693,18694,18694,1,1,1.0
18693,18694,18693,1,-1,1.0
18693,18694,18694,1,1,1.0
18693,18694,18694,3,3,3.0
18693,18694,18693,1,-1,1.0
18693,18694,18694,1,1,1.0
18693,18694,18694,1,1,1.0
18693,18694,18694,2,2,2.0
18693,18694,18694,1,1,1.0
18693,18694,18694,3,3,3.0
18693,18694,18694,1,1,1.0
18693,18694,18693,1,-1,1.0
18693,18694,18694,3,3,3.0
18693,18694,18693,1,-1,1.0
18693,18694,18694,1,1,1.0
18693,18694,18695,2,2,-2.0
18693,18695,18695,5,5,5.0
18693,18695,18695,1,1,1.0
18693,18695,18695,1,1,1.0
18694,18695,18694,1,-1,1.0
18694,18695,18693,4,-4,4.0
18694,18695,18695,1,1,1.0
18694,18695,18695,10,10,10.0
18694,18696,18694,1,-1,1.0
18694,18696,18694,1,-1,1.0
18694,18695,18695,1,1,1.0
18694,18695,18695,2,2,2.0
18694,18695,18695,1,1,1.0
18694,18696,18694,1,-1,1.0
18694,18696,18696,2,2,2.0
18694,18696,18696,1,1,1.0
18695,18696,18695,1,-1,1.0
18694,18696,18695,2,-2,2.0
18694,18695,18695,1,1,1.0
18694,18695,18694,2,-2,2.0
18694,18695,18694,1,-1,1.0
18694,18695,18694,2,-2,2.0
18694,18695,18694,5,-5,5.0
18694,18695,18693,1,-1,1.0
18693,18695,18695,1,1,1.0
18693,18695,18695,1,1,1.0
18693,18694,18695,1,1,-1.0
18693,18694,18693,1,-1,1.0
18693,18695,18693,2,-2,2.0
18693,18695,18692,1,-1,1.0
18692,18694,18694,2,2,2.0
18692,18694,18694,1,1,1.0
18693,18694,18693,1,-1,1.0
18693,18694,18692,15,-15,15.0
18691,18692,18691,1,-1,1.0
18691,18692,18691,1,-1,1.0
18690,18692,18690,1,-1,1.0
18691,18692,18691,1,-1,1.0
18691,18692,18692,1,1,1.0
18691,18692,18691,1,-1,1.0
18691,18692,18692,1,1,1.0
18691,18692,18692,3,3,3.0
18691,18692,18692,1,1,1.0
18691,18692,18692,1,1,1.0
18691,18692,18692,1,1,1.0
18691,18692,18692,1,1,1.0
18691,18692,18692,1,1,1.0
18692,18693,18692,1,-1,1.0
18692,18693,18692,1,-1,1.0
18692,18693,18692,1,-1,1.0
18692,18693,18692,1,-1,1.0
18691,18693,18691,4,-4,4.0
18691,18693,18691,1,-1,1.0
18692,18693,18692,1,-1,1.0
18692,18693,18691,1,-1,1.0
18691,18693,18691,1,-1,1.0
18691,18693,18692,2,-2,2.0
18692,18693,18692,1,-1,1.0
18691,18692,18691,2,-2,2.0
18691,18692,18692,1,1,1.0
18691,18692,18692,1,1,1.0
18691,18692,18691,1,-1,1.0
18691,18692,18692,1,1,1.0
18692,18693,18693,1,1,1.0
18692,18693,18692,1,-1,1.0
18691,18693,18691,2,-2,2.0
18691,18692,18691,1,-1,1.0
18691,18692,18691,2,-2,2.0
18691,18692,18691,6,-6,6.0
18690,18692,18691,1,-1,1.0
18690,18692,18690,2,-2,2.0
18690,18692,18692,1,1,1.0
18690,18691,18691,1,1,1.0
18690,18691,18691,1,1,1.0
18690,18691,18690,5,-5,5.0
18690,18691,18690,2,-2,2.0
18690,18691,18690,1,-1,1.0
18690,18691,18690,1,-1,1.0
18690,18691,18690,2,-2,2.0
18689,18690,18689,1,-1,1.0
18689,18691,18689,1,-1,1.0
18689,18691,18690,4,-4,4.0
18689,18690,18689,2,-2,2.0
18689,18690,18689,2,-2,2.0
18689,18690,18689,1,-1,1.0
18689,18690,18688,3,-3,3.0
18688,18689,18688,1,-1,1.0
18688,18689,18689,1,1,1.0
18688,18689,18689,1,1,1.0
18688,18689,18688,1,-1,1.0
18688,18689,18688,1,-1,1.0
18688,18689,18689,1,1,1.0
18688,18689,18689,1,1,1.0
18689,18690,18689,1,-1,1.0
18688,18690,18688,1,-1,1.0
18688,18690,18688,1,-1,1.0
18688,18690,18690,2,2,2.0
18689,18690,18689,3,-3,3.0
18689,18690,18689,1,-1,1.0
18689,18690,18689,1,-1,1.0
18689,18690,18689,1,-1,1.0
18689,18690,18689,1,-1,1.0
18688,18689,18689,1,1,1.0
18689,18690,18690,2,2,2.0
18689,18690,18690,1,1,1.0
18689,18691,18689,1,-1,1.0
18688,18690,18688,1,-1,1.0
18689,18691,18689,2,-2,2.0
18688,18690,18688,10,-10,10.0
18688,18689,18688,1,-1,1.0
18688,18689,18689,1,1,1.0
18688,18689,18688,1,-1,1.0
18688,18689,18689,1,1,1.0
18688,18689,18688,2,-2,2.0
18688,18689,18687,3,-3,3.0
18688,18689,18688,1,-1,1.0
18688,18689,18688,1,-1,1.0
18688,18689,18688,1,-1,1.0
18687,18688,18688,1,1,1.0
18688,18689,18688,1,-1,1.0
18687,18689,18687,1,-1,1.0
18687,18688,18687,2,-2,2.0
18687,18688,18687,1,-1,1.0
18687,18688,18687,1,-1,1.0
18687,18688,18687,1,-1,1.0
18687,18688,18687,1,-1,1.0
18686,18688,18686,5,-5,5.0
18686,18687,18686,1,-1,1.0
18686,18687,18687,1,1,1.0
18687,18688,18688,1,1,1.0
18687,18688,18688,1,1,1.0
18687,18688,18688,1,1,1.0
18687,18688,18688,1,1,1.0
18687,18688,18688,2,2,2.0
18687,18688,18688,1,1,1.0
18688,18689,18689,1,1,1.0
18688,18689,18688,1,-1,1.0
18688,18689,18688,3,-3,3.0
18687,18689,18689,1,1,1.0
18687,18689,18689,1,1,1.0
18688,18689,18688,1,-1,1.0
18688,18689,18688,1,-1,1.0
18687,18688,18688,1,1,1.0
18687,18688,18687,2,-2,2.0
18686,18688,18686,2,-2,2.0
18686,18687,18687,1,1,1.0
18686,18687,18687,1,1,1.0
18687,18689,18687,2,-2,2.0
18687,18689,18687,1,-1,1.0
18688,18689,18689,1,1,1.0
18688,18689,18690,4,4,-4.0
18688,18690,18688,1,-1,1.0
18688,18690,18688,2,-2,2.0
18688,18689,18689,1,1,1.0
18688,18689,18689,2,2,2.0
18688,18690,18688,1,-1,1.0
18688,18690,18688,2,-2,2.0
18687,18689,18689,1,1,1.0
18688,18689,18688,1,-1,1.0
18688,18689,18688,1,-1,1.0
18688,18689,18689,1,1,1.0
18688,18690,18688,1,-1,1.0
18688,18690,18688,1,-1,1.0
18688,18690,18690,1,1,1.0
18688,18690,18688,1,-1,1.0
18688,18690,18688,1,-1,1.0
18688,18690,18688,1,-1,1.0
18688,18690,18690,1,1,1.0
18688,18690,18688,1,-1,1.0
18688,18690,18688,3,-3,3.0
18688,18690,18689,1,-1,1.0
18689,18690,18690,1,1,1.0
18689,18690,18689,1,-1,1.0
18688,18690,18688,1,-1,1.0
18688,18690,18687,5,-5,5.0
18687,18689,18689,2,2,2.0
18687,18690,18687,1,-1,1.0
18688,18690,18690,1,1,1.0
18688,18690,18688,1,-1,1.0
18688,18690,18690,1,1,1.0
18690,18691,18691,5,5,5.0
18691,18692,18691,1,-1,1.0
18689,18691,18691,1,1,1.0
18690,18692,18692,1,1,1.0
18690,18692,18692,1,1,1.0
18690,18692,18690,1,-1,1.0
18691,18692,18691,1,-1,1.0
18691,18692,18692,1,1,1.0
18691,18692,18691,1,-1,1.0
18691,18692,18692,1,1,1.0
18691,18692,18691,1,-1,1.0
18691,18692,18692,7,7,7.0
18691,18693,18692,2,2,-2.0
18691,18693,18692,2,2,-2.0
18691,18692,18691,1,-1,1.0
18691,18692,18691,2,-2,2.0
18691,18692,18691,2,-2,2.0
18691,18692,18691,1,-1,1.0
18690,18692,18690,1,-1,1.0
18691,18693,18692,2,-2,2.0
18691,18692,18692,1,1,1.0
18691,18692,18692,1,1,1.0
18691,18692,18691,1,-1,1.0
18691,18692,18691,3,-3,3.0
18690,18692,18691,1,-1,1.0
18690,18692,18691,1,-1,1.0
18690,18691,18690,1,-1,1.0
18690,18691,18690,2,-2,2.0
18690,18691,18690,1,-1,1.0
18690,18691,18690,1,-1,1.0
18690,18691,18690,1,-1,1.0
18690,18691,18690,1,-1,1.0
18689,18690,18689,1,-1,1.0
18688,18689,18689,2,2,2.0
18689,18691,18690,1,1,-1.0
18690,18691,18691,1,1,1.0
18690,18691,18691,1,1,1.0
18690,18692,18690,1,-1,1.0
18689,18691,18689,2,-2,2.0
18689,18690,18690,1,1,1.0
18690,18691,18690,2,-2,2.0
18690,18691,18691,1,1,1.0
18691,18692,18692,1,1,1.0
18691,18692,18692,10,10,10.0
18691,18692,18691,1,-1,1.0
18691,18692,18690,1,-1,1.0
18690,18692,18692,5,5,5.0
18691,18692,18692,2,2,2.0
18690,18692,18692,3,3,3.0
18691,18692,18692,1,1,1.0
18691,18692,18692,2,2,2.0
18691,18692,18692,2,2,2.0
18691,18692,18692,1,1,1.0
18691,18692,18692,1,1,1.0
18691,18692,18692,2,2,2.0
18691,18692,18692,1,1,1.0
18692,18693,18692,1,-1,1.0
18692,18693,18693,3,3,3.0
18692,18693,18692,1,-1,1.0
18692,18693,18692,1,-1,1.0
18692,18693,18693,1,1,1.0
18692,18693,18692,1,-1,1.0
18692,18693,18693,1,1,1.0
18692,18693,18692,1,-1,1.0
18692,18693,18693,1,1,1.0
18692,18693,18692,1,-1,1.0
18692,18693,18693,1,1,1.0
18692,18693,18692,12,-12,12.0
18692,18693,18692,1,-1,1.0
18691,18692,18692,2,2,2.0
18691,18692,18691,3,-3,3.0
18691,18692,18692,1,1,1.0
18691,18692,18692,1,1,1.0
18691,18692,18692,1,1,1.0
18691,18692,18692,2,2,2.0
18691,18692,18692,1,1,1.0
18691,18693,18692,2,2,-2.0
18691,18693,18693,4,4,4.0
18691,18693,18692,1,1,-1.0
18691,18692,18692,1,1,1.0
18691,18692,18692,1,1,1.0
18690,18692,18692,1,1,1.0
18690,18693,18691,1,-1,1.0
18690,18692,18691,1,-1,1.0
18690,18692,18690,10,-10,10.0
18690,18691,18690,1,-1,1.0
18690,18691,18691,3,3,3.0
18690,18691,18691,1,1,1.0
18690,18691,18692,1,1,-1.0
18690,18692,18690,1,-1,1.0
18690,18692,18690,1,-1,1.0
18690,18692,18690,2,-2,2.0
18690,18692,18690,2,-2,2.0
18690,18692,18690,1,-1,1.0
18690,18691,18690,3,-3,3.0
18690,18691,18689,1,-1,1.0
18690,18691,18689,5,-5,5.0
18690,18691,18689,2,-2,2.0
18688,18690,18690,1,1,1.0
18688,18690,18690,1,1,1.0
18688,18690,18690,1,1,1.0
18688,18690,18690,1,1,1.0
18688,18690,18690,2,2,2.0
18688,18690,18691,8,8,-8.0
18691,18692,18691,1,-1,1.0
18690,18691,18691,6,6,6.0
18690,18691,18691,1,1,1.0
18691,18692,18691,1,-1,1.0
18690,18692,18691,3,-3,3.0
18690,18692,18690,2,-2,2.0
18690,18692,18690,2,-2,2.0
18690,18692,18690,1,-1,1.0
18690,18692,18690,1,-1,1.0
18690,18691,18690,2,-2,2.0
18690,18691,18691,1,1,1.0
18690,18691,18691,1,1,1.0
18690,18691,18691,1,1,1.0
18691,18692,18691,2,-2,2.0
18690,18691,18690,1,-1,1.0
18690,18691,18690,1,-1,1.0
18690,18691,18690,1,-1,1.0
18689,18691,18689,2,-2,2.0
18689,18690,18690,5,5,5.0
18690,18691,18690,1,-1,1.0
18690,18691,18690,1,-1,1.0
18690,18691,18690,2,-2,2.0
18690,18691,18690,1,-1,1.0
18689,18690,18689,1,-1,1.0
18689,18690,18690,1,1,1.0
18689,18690,18689,1,-1,1.0
18689,18690,18689,1,-1,1.0
18689,18690,18689,1,-1,1.0
18688,18689,18688,1,-1,1.0
18688,18689,18688,3,-3,3.0
18688,18689,18688,3,-3,3.0
18688,18689,18688,1,-1,1.0
18688,18689,18688,1,-1,1.0
18688,18689,18688,5,-5,5.0
18688,18689,18688,1,-1,1.0
18688,18689,18688,1,-1,1.0
18688,18689,18688,1,-1,1.0
18688,18689,18688,1,-1,1.0
18688,18689,18688,1,-1,1.0
18688,18689,18689,7,7,7.0
18688,18689,18688,1,-1,1.0
18688,18689,18687,1,-1,1.0
18687,18689,18687,1,-1,1.0
18687,18688,18688,1,1,1.0
18687,18688,18688,1,1,1.0
18688,18689,18689,1,1,1.0
18687,18689,18689,7,7,7.0
18689,18690,18689,1,-1,1.0
18689,18690,18689,1,-1,1.0
18689,18690,18690,1,1,1.0
18689,18690,18689,1,-1,1.0
18689,18690,18689,1,-1,1.0
18689,18690,18689,1,-1,1.0
18689,18690,18689,1,-1,1.0
18689,18690,18690,1,1,1.0
18689,18690,18689,1,-1,1.0
18689,18690,18690,4,4,4.0
18689,18691,18690,1,1,-1.0
18689,18690,18690,1,1,1.0
18689,18691,18689,1,-1,1.0
18689,18691,18689,1,-1,1.0
18689,18691,18690,1,-1,1.0
18688,18690,18690,2,2,2.0
18688,18690,18689,1,1,-1.0
18689,18690,18689,1,-1,1.0
18688,18690,18688,1,-1,1.0
18688,18690,18688,1,-1,1.0
18688,18690,18688,1,-1,1.0
18688,18690,18690,1,1,1.0
18688,18690,18690,1,1,1.0
18688,18690,18688,1,-1,1.0
18688,18690,18689,1,-1,1.0
18688,18690,18688,1,-1,1.0
18688,18689,18689,1,1,1.0
18688,18689,18688,1,-1,1.0
18688,18689,18688,7,-7,7.0
18687,18688,18688,4,4,4.0
18687,18689,18688,1,1,-1.0
18687,18688,18688,1,1,1.0
18687,18688,18688,2,2,2.0
18687,18688,18688,1,1,1.0
18687,18688,18688,1,1,1.0
18687,18688,18687,1,-1,1.0
18687,18688,18688,2,2,2.0
18687,18688,18688,11,11,11.0
18687,18688,18687,6,-6,6.0
18687,18688,18687,6,-6,6.0
18687,18688,18687,6,-6,6.0
18686,18688,18686,1,-1,1.0
18686,18688,18686,1,-1,1.0
18686,18688,18686,1,-1,1.0
18686,18688,18686,3,-3,3.0
18686,18688,18686,1,-1,1.0
18686,18688,18686,1,-1,1.0
18686,18687,18686,1,-1,1.0
18686,18687,18687,1,1,1.0
18686,18687,18686,1,-1,1.0
18686,18687,18686,1,-1,1.0
18686,18687,18686,1,-1,1.0
18686,18687,18686,3,-3,3.0
18686,18687,18687,2,2,2.0
18686,18687,18687,1,1,1.0
18686,18687,18686,2,-2,2.0
18686,18687,18686,2,-2,2.0
18686,18687,18687,5,5,5.0
18686,18687,18686,2,-2,2.0
18686,18687,18687,1,1,1.0
18686,18687,18686,4,-4,4.0
18686,18687,18686,1,-1,1.0
18686,18687,18686,1,-1,1.0
18685,18686,18686,2,2,2.0
18685,18686,18685,1,-1,1.0
18685,18686,18685,1,-1,1.0
18685,18686,18685,1,-1,1.0
18685,18686,18685,2,-2,2.0
18685,18686,18685,1,-1,1.0
18685,18686,18685,1,-1,1.0
18685,18686,18686,1,1,1.0
18685,18686,18685,1,-1,1.0
18685,18686,18685,1,-1,1.0
18685,18686,18685,8,-8,8.0
18685,18686,18685,2,-2,2.0
18685,18686,18684,1,-1,1.0
18684,18686,18684,3,-3,3.0
18684,18685,18684,1,-1,1.0
18684,18685,18684,1,-1,1.0
18684,18685,18685,1,1,1.0
18684,18685,18684,1,-1,1.0
18684,18685,18685,1,1,1.0
18685,18686,18685,1,-1,1.0
18685,18686,18685,10,-10,10.0
18685,18686,18685,1,-1,1.0
18684,18686,18685,1,-1,1.0
18684,18686,18685,1,-1,1.0
18684,18686,18684,1,-1,1.0
18684,18686,18684,1,-1,1.0
18684,18686,18684,1,-1,1.0
18684,18686,18684,1,-1,1.0
18684,18685,18684,1,-1,1.0
18684,18685,18684,1,-1,1.0
18684,18685,18684,1,-1,1.0
18684,18685,18684,1,-1,1.0
18684,18685,18684,1,-1,1.0
18684,18685,18683,1,-1,1.0
18684,18685,18683,1,-1,1.0
18684,18685,18683,1,-1,1.0
18683,18684,18683,1,-1,1.0
18683,18684,18683,1,-1,1.0
18682,18684,18682,1,-1,1.0
18682,18684,18682,1,-1,1.0
18682,18684,18681,2,-2,2.0
18681,18684,18681,1,-1,1.0
18681,18683,18683,1,1,1.0
18681,18683,18683,1,1,1.0
18681,18684,18681,1,-1,1.0
18681,18683,18681,2,-2,2.0
18681,18683,18681,1,-1,1.0
18682,18683,18682,3,-3,3.0
18681,18683,18683,1,1,1.0
18680,18682,18682,1,1,1.0
18680,18682,18682,2,2,2.0
18680,18682,18682,2,2,2.0
18680,18682,18681,1,1,-1.0
18680,18682,18680,1,-1,1.0
18680,18682,18680,5,-5,5.0
18680,18682,18680,1,-1,1.0
18680,18682,18680,2,-2,2.0
18680,18682,18680,2,-2,2.0
18680,18682,18680,2,-2,2.0
18680,18682,18680,2,-2,2.0
18680,18682,18680,1,-1,1.0
18680,18682,18680,1,-1,1.0
18680,18682,18680,1,-1,1.0
18680,18682,18680,2,-2,2.0
18680,18682,18680,1,-1,1.0
18680,18682,18680,1,-1,1.0
18680,18682,18680,3,-3,3.0
18680,18682,18680,1,-1,1.0
18679,18680,18679,1,-1,1.0
18679,18680,18680,1,1,1.0
18679,18680,18680,1,1,1.0
18679,18680,18679,3,-3,3.0
18679,18680,18679,1,-1,1.0
18679,18680,18679,1,-1,1.0
18679,18680,18680,1,1,1.0
18679,18680,18679,1,-1,1.0
18679,18680,18679,1,-1,1.0
18679,18680,18679,1,-1,1.0
18678,18679,18678,1,-1,1.0
18678,18679,18678,1,-1,1.0
18678,18679,18678,1,-1,1.0
18678,18679,18678,1,-1,1.0
18678,18679,18678,1,-1,1.0
18678,18679,18678,1,-1,1.0
18678,18679,18678,1,-1,1.0
18678,18679,18678,1,-1,1.0
18678,18679,18678,1,-1,1.0
18678,18679,18679,1,1,1.0
18678,18679,18679,1,1,1.0
18678,18679,18679,1,1,1.0
18678,18679,18679,1,1,1.0
18678,18679,18678,1,-1,1.0
18678,18679,18678,1,-1,1.0
18678,18679,18679,1,1,1.0
18678,18679,18679,1,1,1.0
18678,18680,18679,1,1,-1.0
18678,18680,18680,6,6,6.0
18679,18680,18680,1,1,1.0
18679,18680,18680,1,1,1.0
18679,18681,18679,1,-1,1.0
18678,18680,18678,1,-1,1.0
18679,18680,18680,1,1,1.0
18679,18681,18681,2,2,2.0
18679,18681,18681,1,1,1.0
18679,18681,18681,1,1,1.0
18679,18681,18679,1,-1,1.0
18679,18681,18681,1,1,1.0
18680,18681,18681,2,2,2.0
18680,18681,18680,1,-1,1.0
18680,18681,18681,1,1,1.0
18680,18681,18680,2,-2,2.0
18680,18681,18679,2,-2,2.0
18680,18681,18681,1,1,1.0
18681,18682,18681,1,-1,1.0
18681,18682,18681,1,-1,1.0
18680,18681,18680,1,-1,1.0
18680,18681,18680,2,-2,2.0
18680,18681,18680,1,-1,1.0
18680,18681,18681,1,1,1.0
18680,18681,18680,1,-1,1.0
18680,18681,18680,1,-1,1.0
18680,18681,18680,1,-1,1.0
18680,18681,18680,1,-1,1.0
18679,18680,18679,1,-1,1.0
18679,18680,18679,1,-1,1.0
18679,18680,18679,1,-1,1.0
18679,18680,18679,1,-1,1.0
18679,18680,18679,1,-1,1.0
18678,18679,18678,1,-1,1.0
18678,18679,18678,2,-2,2.0
18678,18679,18679,7,7,7.0
18678,18680,18678,1,-1,1.0
18678,18679,18678,4,-4,4.0
18677,18678,18677,2,-2,2.0
18677,18678,18677,1,-1,1.0
18677,18678,18677,1,-1,1.0
18677,18678,18678,1,1,1.0
18677,18678,18677,1,-1,1.0
18677,18678,18678,5,5,5.0
18677,18678,18677,19,-19,19.0
18676,18677,18677,1,1,1.0
18676,18677,18677,1,1,1.0
18676,18677,18677,1,1,1.0
18676,18677,18676,2,-2,2.0
18676,18677,18676,2,-2,2.0
18676,18677,18677,1,1,1.0
18677,18678,18677,3,-3,3.0
18677,18678,18677,1,-1,1.0
18677,18678,18677,2,-2,2.0
18676,18677,18677,1,1,1.0
18676,18677,18676,3,-3,3.0
18676,18677,18676,1,-1,1.0
18676,18677,18675,1,-1,1.0
18675,18676,18675,1,-1,1.0
18675,18676,18675,1,-1,1.0
18675,18676,18675,1,-1,1.0
18675,18676,18675,1,-1,1.0
18675,18676,18675,1,-1,1.0
18675,18676,18675,3,-3,3.0
18675,18676,18675,1,-1,1.0
18675,18676,18675,1,-1,1.0
18675,18676,18675,5,-5,5.0
18674,18675,18674,8,-8,8.0
18673,18675,18673,1,-1,1.0
18673,18675,18673,1,-1,1.0
18673,18675,18673,1,-1,1.0
18673,18675,18673,1,-1,1.0
18673,18675,18673,1,-1,1.0
18673,18675,18673,1,-1,1.0
18673,18675,18673,5,-5,5.0
18673,18675,18673,1,-1,1.0
18673,18675,18673,1,-1,1.0
18673,18675,18673,1,-1,1.0
18673,18674,18674,1,1,1.0
18673,18674,18673,2,-2,2.0
18673,18674,18673,1,-1,1.0
18673,18674,18673,1,-1,1.0
18673,18674,18673,7,-7,7.0
18672,18673,18672,1,-1,1.0
18672,18673,18672,4,-4,4.0
18672,18673,18672,2,-2,2.0
18672,18673,18672,1,-1,1.0
18672,18673,18672,1,-1,1.0
18672,18673,18672,1,-1,1.0
18672,18673,18672,1,-1,1.0
18672,18673,18672,2,-2,2.0
18672,18673,18672,1,-1,1.0
18672,18673,18672,1,-1,1.0
18672,18673,18672,1,-1,1.0
18672,18673,18672,6,-6,6.0
18672,18673,18672,1,-1,1.0
18672,18673,18672,1,-1,1.0
18672,18673,18672,2,-2,2.0
18672,18673,18672,1,-1,1.0
18672,18673,18672,1,-1,1.0
18672,18673,18671,3,-3,3.0
18672,18673,18671,1,-1,1.0
18672,18673,18671,1,-1,1.0
18672,18673,18671,1,-1,1.0
18671,18672,18671,1,-1,1.0
18671,18672,18671,2,-2,2.0
18671,18672,18671,2,-2,2.0
18671,18672,18671,1,-1,1.0
18671,18672,18671,1,-1,1.0
18671,18672,18671,3,-3,3.0
18671,18672,18671,1,-1,1.0
18671,18672,18671,1,-1,1.0
18671,18672,18671,1,-1,1.0
18671,18672,18671,1,-1,1.0
18671,18672,18671,2,-2,2.0
18671,18672,18672,1,1,1.0
18671,18672,18672,1,1,1.0
18671,18672,18671,4,-4,4.0
18671,18672,18672,2,2,2.0
18671,18672,18671,1,-1,1.0
18671,18672,18672,2,2,2.0
18671,18672,18671,1,-1,1.0
18671,18672,18672,3,3,3.0
18672,18673,18672,1,-1,1.0
18672,18673,18672,1,-1,1.0
18672,18673,18673,2,2,2.0
18672,18673,18672,1,-1,1.0
18672,18673,18673,1,1,1.0
18672,18673,18672,1,-1,1.0
18672,18673,18672,1,-1,1.0
18672,18673,18673,2,2,2.0
18673,18675,18673,2,-2,2.0
18673,18675,18675,2,2,2.0
18675,18676,18676,1,1,1.0
18675,18676,18676,1,1,1.0
18675,18676,18676,2,2,2.0
18675,18677,18677,1,1,1.0
18674,18676,18676,1,1,1.0
18674,18676,18674,1,-1,1.0
18674,18676,18674,5,-5,5.0
18674,18675,18675,2,2,2.0
18674,18675,18676,8,8,-8.0
18675,18677,18677,1,1,1.0
18675,18677,18675,1,-1,1.0
18675,18676,18676,1,1,1.0
18675,18676,18675,1,-1,1.0
18675,18676,18675,2,-2,2.0
18675,18676,18675,1,-1,1.0
18675,18676,18675,1,-1,1.0
18675,18676,18675,1,-1,1.0
18674,18675,18674,1,-1,1.0
18674,18675,18674,1,-1,1.0
18673,18675,18673,3,-3,3.0
18673,18675,18672,3,-3,3.0
18671,18672,18673,1,1,-1.0
18671,18672,18671,1,-1,1.0
18671,18672,18671,1,-1,1.0
18671,18672,18671,2,-2,2.0
18671,18672,18671,1,-1,1.0
18671,18672,18672,1,1,1.0
18671,18672,18672,1,1,1.0
18671,18672,18671,1,-1,1.0
18671,18672,18671,1,-1,1.0
18671,18672,18671,1,-1,1.0
18670,18672,18670,2,-2,2.0
18670,18672,18670,4,-4,4.0
18670,18672,18670,5,-5,5.0
18670,18671,18670,1,-1,1.0
18670,18671,18670,1,-1,1.0
18670,18671,18670,1,-1,1.0
18670,18671,18670,5,-5,5.0
18670,18671,18670,5,-5,5.0
18670,18671,18671,1,1,1.0
18670,18671,18670,1,-1,1.0
18670,18671,18670,1,-1,1.0
18670,18671,18670,1,-1,1.0
18670,18671,18670,3,-3,3.0
18670,18671,18670,1,-1,1.0
18670,18671,18670,1,-1,1.0
18670,18671,18671,1,1,1.0
18670,18671,18670,1,-1,1.0
18670,18671,18670,1,-1,1.0
18670,18671,18669,2,-2,2.0
18670,18671,18669,4,-4,4.0
18670,18671,18671,1,1,1.0
18669,18671,18669,2,-2,2.0
18669,18671,18671,2,2,2.0
18669,18671,18670,1,1,-1.0
18669,18671,18669,1,-1,1.0
18669,18671,18669,1,-1,1.0
18669,18671,18669,1,-1,1.0
18669,18671,18669,3,-3,3.0
18669,18671,18668,2,-2,2.0
18669,18670,18669,1,-1,1.0
18669,18670,18669,2,-2,2.0
18669,18670,18668,2,-2,2.0
18669,18670,18668,2,-2,2.0
18669,18670,18668,1,-1,1.0
18669,18670,18668,1,-1,1.0
18668,18670,18668,1,-1,1.0
18668,18670,18670,3,3,3.0
18669,18670,18670,2,2,2.0
18669,18671,18672,5,5,-5.0
18670,18672,18670,1,-1,1.0
18670,18672,18670,1,-1,1.0
18670,18672,18670,1,-1,1.0
18670,18672,18671,1,-1,1.0
18670,18672,18670,2,-2,2.0
18670,18672,18670,1,-1,1.0
18670,18672,18672,1,1,1.0
18670,18672,18671,1,1,-1.0
18670,18672,18670,5,-5,5.0
18670,18672,18670,2,-2,2.0
18671,18672,18671,1,-1,1.0
18671,18672,18671,1,-1,1.0
18671,18672,18672,1,1,1.0
18671,18672,18671,1,-1,1.0
18671,18672,18671,1,-1,1.0
18671,18672,18672,1,1,1.0
18671,18672,18671,1,-1,1.0
18671,18672,18671,1,-1,1.0
18671,18672,18671,1,-1,1.0
18671,18672,18671,1,-1,1.0
18671,18672,18671,1,-1,1.0
18671,18672,18671,1,-1,1.0
18671,18672,18670,9,-9,9.0
18670,18671,18670,2,-2,2.0
18670,18671,18670,2,-2,2.0
18670,18671,18671,3,3,3.0
18670,18671,18671,1,1,1.0
18670,18671,18670,1,-1,1.0
18670,18671,18671,1,1,1.0
18671,18672,18671,1,-1,1.0
18671,18672,18671,1,-1,1.0
18671,18672,18671,1,-1,1.0
18670,18671,18671,1,1,1.0
18670,18671,18671,1,1,1.0
18671,18672,18672,5,5,5.0
18671,18672,18672,5,5,5.0
18671,18672,18672,1,1,1.0
18671,18672,18673,1,1,-1.0
18671,18672,18673,1,1,-1.0
18672,18673,18673,2,2,2.0
18673,18674,18674,1,1,1.0
18673,18674,18674,4,4,4.0
18673,18674,18673,1,-1,1.0
18673,18674,18674,2,2,2.0
18673,18674,18674,3,3,3.0
18673,18674,18674,2,2,2.0
18673,18674,18674,1,1,1.0
18674,18675,18675,3,3,3.0
18674,18675,18676,1,1,-1.0
18675,18676,18676,2,2,2.0
18675,18677,18676,2,2,-2.0
18675,18677,18677,1,1,1.0
18676,18677,18677,2,2,2.0
18676,18677,18677,1,1,1.0
18676,18677,18677,1,1,1.0
18676,18677,18677,1,1,1.0
18676,18677,18677,1,1,1.0
18676,18677,18678,1,1,-1.0
18676,18677,18678,1,1,-1.0
18676,18677,18678,1,1,-1.0
18676,18677,18678,1,1,-1.0
18678,18679,18678,1,-1,1.0
18678,18679,18678,1,-1,1.0
18678,18679,18678,1,-1,1.0
18677,18679,18679,1,1,1.0
18677,18679,18680,1,1,-1.0
18678,18680,18679,1,1,-1.0
18678,18680,18680,1,1,1.0
18678,18680,18681,1,1,-1.0
18679,18681,18681,2,2,2.0
18679,18681,18679,5,-5,5.0
18679,18681,18678,2,-2,2.0
18679,18681,18679,2,-2,2.0
18677,18679,18679,1,1,1.0
18677,18679,18679,1,1,1.0
18677,18679,18679,2,2,2.0
18677,18679,18677,2,-2,2.0
18677,18679,18676,3,-3,3.0
18677,18679,18675,3,-3,3.0
18677,18679,18675,2,-2,2.0
18677,18679,18675,1,-1,1.0
18677,18679,18676,2,-2,2.0
18677,18679,18677,1,-1,1.0
18677,18679,18678,1,-1,1.0
18675,18677,18677,1,1,1.0
18675,18677,18677,1,1,1.0
18675,18677,18677,1,1,1.0
18675,18676,18676,1,1,1.0
18675,18676,18676,1,1,1.0
18675,18677,18677,1,1,1.0
18675,18677,18678,1,1,-1.0
18675,18677,18678,1,1,-1.0
18675,18677,18678,2,2,-2.0
18678,18680,18678,1,-1,1.0
18678,18680,18679,1,-1,1.0
18677,18678,18678,1,1,1.0
18677,18678,18678,1,1,1.0
18678,18679,18678,1,-1,1.0
18678,18679,18679,2,2,2.0
18678,18679,18678,3,-3,3.0
18677,18679,18677,1,-1,1.0
18677,18678,18678,2,2,2.0
18677,18678,18678,2,2,2.0
18677,18679,18677,1,-1,1.0
18677,18679,18677,1,-1,1.0
18677,18679,18679,1,1,1.0
18678,18679,18679,1,1,1.0
18678,18679,18678,2,-2,2.0
18678,18679,18679,1,1,1.0
18678,18679,18679,7,7,7.0
18678,18679,18679,6,6,6.0
18678,18680,18679,1,1,-1.0
18678,18680,18680,1,1,1.0
18678,18680,18680,1,1,1.0
18678,18680,18680,1,1,1.0
18678,18680,18678,2,-2,2.0
18678,18680,18678,1,-1,1.0
18678,18680,18679,1,-1,1.0
18679,18680,18679,2,-2,2.0
18679,18680,18679,1,-1,1.0
18679,18680,18680,4,4,4.0
18679,18680,18680,1,1,1.0
18679,18680,18680,1,1,1.0
18679,18680,18680,1,1,1.0
18679,18680,18680,11,11,11.0
18679,18680,18680,1,1,1.0
18680,18681,18681,2,2,2.0
18680,18681,18681,1,1,1.0
18680,18681,18681,1,1,1.0
18680,18681,18681,1,1,1.0
18680,18681,18680,6,-6,6.0
18679,18680,18680,6,6,6.0
18679,18680,18680,1,1,1.0
18679,18680,18680,1,1,1.0
18679,18680,18680,1,1,1.0
18679,18680,18679,2,-2,2.0
18679,18680,18679,2,-2,2.0
18679,18680,18680,1,1,1.0
18679,18680,18680,4,4,4.0
18679,18680,18680,2,2,2.0
18679,18680,18679,1,-1,1.0
18679,18680,18680,1,1,1.0
18679,18680,18679,1,-1,1.0
18679,18680,18679,4,-4,4.0
18679,18680,18679,1,-1,1.0
18679,18680,18679,1,-1,1.0
18679,18680,18679,4,-4,4.0
18679,18680,18679,2,-2,2.0
18679,18680,18679,2,-2,2.0
18679,18680,18679,1,-1,1.0
18679,18680,18679,2,-2,2.0
18679,18680,18679,1,-1,1.0
18679,18680,18679,1,-1,1.0
18679,18680,18679,1,-1,1.0
18679,18680,18679,1,-1,1.0
18679,18680,18680,2,2,2.0
18679,18680,18680,3,3,3.0
18679,18680,18680,2,2,2.0
18679,18680,18680,1,1,1.0
18679,18680,18680,2,2,2.0
18679,18680,18680,2,2,2.0
18679,18680,18680,7,7,7.0
18679,18680,18680,2,2,2.0
18680,18681,18680,1,-1,1.0
18680,18681,18680,1,-1,1.0
18680,18681,18681,1,1,1.0
18680,18681,18680,1,-1,1.0
18680,18681,18680,1,-1,1.0
18680,18681,18680,1,-1,1.0
18680,18681,18681,1,1,1.0
18680,18681,18680,1,-1,1.0
18680,18681,18680,2,-2,2.0
18679,18680,18680,1,1,1.0
18679,18680,18679,1,-1,1.0
18679,18681,18679,1,-1,1.0
18679,18680,18680,1,1,1.0
18679,18680,18679,1,-1,1.0
18679,18680,18679,1,-1,1.0
18679,18681,18680,1,-1,1.0
18680,18681,18680,2,-2,2.0
18679,18681,18679,3,-3,3.0
18679,18680,18679,3,-3,3.0
18679,18680,18679,1,-1,1.0
18678,18679,18679,1,1,1.0
18678,18679,18679,1,1,1.0
18679,18680,18679,1,-1,1.0
18679,18680,18678,1,-1,1.0
18678,18679,18679,1,1,1.0
18678,18679,18680,1,1,-1.0
18678,18680,18680,2,2,2.0
18679,18680,18679,1,-1,1.0
18678,18680,18680,4,4,4.0
18678,18679,18679,1,1,1.0
18678,18680,18678,1,-1,1.0
18678,18680,18678,2,-2,2.0
18678,18679,18678,2,-2,2.0
18678,18679,18678,1,-1,1.0
18678,18679,18678,2,-2,2.0
18678,18679,18678,2,-2,2.0
18678,18679,18678,2,-2,2.0
18678,18679,18678,1,-1,1.0
18678,18679,18678,1,-1,1.0
18678,18679,18678,1,-1,1.0
18678,18679,18678,1,-1,1.0
18677,18678,18678,3,3,3.0
18677,18678,18677,2,-2,2.0
18677,18678,18678,1,1,1.0
18677,18678,18678,1,1,1.0
18677,18678,18677,2,-2,2.0
18677,18678,18677,2,-2,2.0
18677,18678,18677,1,-1,1.0
18676,18678,18676,1,-1,1.0
18676,18678,18678,1,1,1.0
18676,18678,18678,1,1,1.0
18676,18678,18676,2,-2,2.0
18676,18678,18678,2,2,2.0
18677,18679,18678,2,2,-2.0
18677,18679,18678,1,1,-1.0
18677,18679,18678,1,1,-1.0
18678,18680,18680,2,2,2.0
18679,18680,18679,1,-1,1.0
18679,18680,18679,1,-1,1.0
18679,18680,18679,1,-1,1.0
18679,18680,18679,1,-1,1.0
18679,18680,18679,2,-2,2.0
18679,18680,18678,4,-4,4.0
18678,18680,18680,1,1,1.0
18678,18680,18678,1,-1,1.0
18678,18680,18678,1,-1,1.0
18678,18680,18677,13,-13,13.0
18678,18680,18676,23,-23,23.0
18678,18680,18676,6,-6,6.0
18678,18680,18675,30,-30,30.0
18678,18680,18675,1,-1,1.0
18674,18676,18674,3,-3,3.0
18674,18676,18674,3,-3,3.0
18674,18676,18674,3,-3,3.0
18674,18676,18674,3,-3,3.0
18674,18675,18674,1,-1,1.0
18673,18675,18674,1,-1,1.0
18673,18675,18673,2,-2,2.0
18673,18674,18674,1,1,1.0
18673,18675,18674,1,1,-1.0
18673,18675,18675,1,1,1.0
18673,18675,18675,1,1,1.0
18673,18675,18674,1,1,-1.0
18673,18675,18675,1,1,1.0
18675,18676,18676,1,1,1.0
18675,18676,18676,1,1,1.0
18675,18676,18676,1,1,1.0
18676,18677,18676,1,-1,1.0
18676,18677,18676,1,-1,1.0
18676,18677,18675,7,-7,7.0
18674,18676,18675,2,-2,2.0
18674,18675,18675,1,1,1.0
18674,18675,18674,2,-2,2.0
18674,18675,18675,1,1,1.0
18675,18676,18675,1,-1,1.0
18675,18676,18676,1,1,1.0
18674,18676,18676,1,1,1.0
18675,18676,18676,1,1,1.0
18675,18676,18676,1,1,1.0
18675,18676,18676,1,1,1.0
18676,18677,18677,1,1,1.0
18676,18677,18677,3,3,3.0
18676,18677,18677,3,3,3.0
18677,18678,18678,1,1,1.0
18677,18678,18677,1,-1,1.0
18677,18678,18677,1,-1,1.0
18676,18677,18677,1,1,1.0
18676,18677,18677,1,1,1.0
18676,18677,18676,2,-2,2.0
18676,18677,18676,1,-1,1.0
18676,18677,18676,1,-1,1.0
18676,18677,18677,1,1,1.0
18676,18677,18676,1,-1,1.0
18676,18677,18676,1,-1,1.0
18676,18677,18675,1,-1,1.0
18675,18676,18675,3,-3,3.0
18674,18676,18676,1,1,1.0
18674,18676,18676,1,1,1.0
18674,18676,18676,1,1,1.0
18674,18676,18674,2,-2,2.0
18674,18676,18674,2,-2,2.0
18674,18676,18674,6,-6,6.0
18675,18676,18675,1,-1,1.0
18675,18676,18674,1,-1,1.0
18675,18676,18676,1,1,1.0
18675,18676,18676,1,1,1.0
18675,18676,18676,1,1,1.0
18675,18676,18676,1,1,1.0
18675,18677,18675,10,-10,10.0
18674,18676,18674,5,-5,5.0
18675,18677,18675,2,-2,2.0
18674,18676,18676,1,1,1.0
18675,18676,18675,1,-1,1.0
18675,18676,18674,1,-1,1.0
18675,18676,18674,6,-6,6.0
18675,18676,18674,4,-4,4.0
18675,18676,18674,1,-1,1.0
18674,18675,18674,1,-1,1.0
18674,18675,18674,1,-1,1.0
18674,18675,18674,1,-1,1.0
18674,18675,18674,2,-2,2.0
18674,18675,18674,1,-1,1.0
18674,18675,18674,1,-1,1.0
18674,18675,18674,1,-1,1.0
18674,18675,18674,3,-3,3.0
18673,18674,18673,6,-6,6.0
18673,18674,18673,2,-2,2.0
18673,18674,18673,2,-2,2.0
18673,18674,18673,1,-1,1.0
18673,18674,18673,1,-1,1.0
18672,18673,18672,1,-1,1.0
18672,18673,18672,1,-1,1.0
18672,18673,18672,3,-3,3.0
18672,18673,18672,1,-1,1.0
18672,18673,18672,1,-1,1.0
18672,18673,18672,2,-2,2.0
18672,18673,18672,3,-3,3.0
18671,18672,18672,1,1,1.0
18671,18672,18672,2,2,2.0
18671,18672,18671,1,-1,1.0
18671,18672,18672,1,1,1.0
18671,18672,18671,1,-1,1.0
18671,18672,18671,8,-8,8.0
18670,18671,18671,2,2,2.0
18670,18671,18671,1,1,1.0
18670,18671,18671,1,1,1.0
18670,18671,18671,2,2,2.0
18670,18671,18671,2,2,2.0
18671,18672,18671,1,-1,1.0
18671,18672,18671,1,-1,1.0
18671,18672,18671,1,-1,1.0
18671,18672,18670,1,-1,1.0
18670,18671,18670,1,-1,1.0
18670,18671,18670,1,-1,1.0
18670,18671,18670,3,-3,3.0
18670,18671,18670,1,-1,1.0
18670,18671,18670,2,-2,2.0
18670,18671,18670,1,-1,1.0
18670,18671,18671,1,1,1.0
18670,18671,18671,1,1,1.0
18670,18671,18671,1,1,1.0
18670,18671,18671,1,1,1.0
18671,18672,18671,8,-8,8.0
18671,18672,18670,2,-2,2.0
18671,18672,18671,1,-1,1.0
18671,18672,18671,1,-1,1.0
18671,18672,18672,1,1,1.0
18671,18672,18672,1,1,1.0
18671,18672,18672,2,2,2.0
18674,18675,18674,1,-1,1.0
18674,18675,18674,1,-1,1.0
18674,18675,18673,1,-1,1.0
18673,18675,18674,1,-1,1.0
18673,18674,18674,1,1,1.0
18673,18674,18673,1,-1,1.0
18673,18674,18674,1,1,1.0
18673,18674,18674,1,1,1.0
18673,18674,18674,1,1,1.0
18673,18674,18674,1,1,1.0
18673,18674,18674,1,1,1.0
18674,18675,18675,1,1,1.0
18674,18675,18674,1,-1,1.0
18674,18675,18675,1,1,1.0
18674,18675,18674,1,-1,1.0
18673,18675,18675,1,1,1.0
18674,18676,18674,1,-1,1.0
18674,18676,18674,2,-2,2.0
18674,18676,18673,18,-18,18.0
18672,18675,18672,1,-1,1.0
18672,18675,18672,1,-1,1.0
18672,18674,18674,1,1,1.0
18672,18674,18672,2,-2,2.0
18672,18673,18672,1,-1,1.0
18672,18673,18672,1,-1,1.0
18672,18673,18672,1,-1,1.0
18671,18672,18672,1,1,1.0
18671,18672,18672,1,1,1.0
18671,18673,18673,2,2,2.0
18671,18673,18673,1,1,1.0
18673,18674,18673,1,-1,1.0
18672,18673,18672,1,-1,1.0
18672,18673,18671,1,-1,1.0
18671,18672,18672,1,1,1.0
18671,18672,18671,11,-11,11.0
18671,18672,18670,9,-9,9.0
18670,18672,18672,1,1,1.0
18670,18672,18670,2,-2,2.0
18670,18672,18671,2,-2,2.0
18670,18671,18671,1,1,1.0
18670,18672,18670,20,-20,20.0
18670,18672,18670,20,-20,20.0
18670,18672,18672,6,6,6.0
18670,18672,18672,4,4,4.0
18670,18672,18671,1,1,-1.0
18670,18672,18672,2,2,2.0
18670,18672,18670,3,-3,3.0
18670,18672,18672,1,1,1.0
18670,18672,18670,20,-20,20.0
18670,18672,18670,4,-4,4.0
18670,18672,18670,3,-3,3.0
18669,18671,18669,2,-2,2.0
18669,18671,18670,1,-1,1.0
18669,18671,18670,1,-1,1.0
18669,18671,18671,1,1,1.0
18669,18671,18670,1,1,-1.0
18669,18671,18670,1,1,-1.0
18669,18671,18669,1,-1,1.0
18669,18670,18669,1,-1,1.0
18669,18670,18669,2,-2,2.0
18669,18670,18669,1,-1,1.0
18669,18670,18669,1,-1,1.0
18669,18670,18669,1,-1,1.0
18669,18670,18669,1,-1,1.0
18668,18670,18669,1,-1,1.0
18668,18669,18668,20,-20,20.0
18668,18669,18668,1,-1,1.0
18668,18669,18668,3,-3,3.0
18668,18669,18668,1,-1,1.0
18668,18669,18668,1,-1,1.0
18668,18669,18668,1,-1,1.0
18668,18669,18667,5,-5,5.0
18668,18669,18667,1,-1,1.0
18668,18669,18667,4,-4,4.0
18668,18669,18667,1,-1,1.0
18668,18669,18667,1,-1,1.0
18667,18669,18667,1,-1,1.0
18667,18669,18667,1,-1,1.0
18667,18669,18667,5,-5,5.0
18667,18669,18667,1,-1,1.0
18667,18669,18667,1,-1,1.0
18667,18669,18667,1,-1,1.0
18667,18669,18667,1,-1,1.0
18667,18669,18667,1,-1,1.0
18667,18669,18667,1,-1,1.0
18667,18669,18667,1,-1,1.0
18667,18669,18667,1,-1,1.0
18667,18669,18667,2,-2,2.0
18667,18669,18667,1,-1,1.0
18667,18668,18668,2,2,2.0
18667,18668,18668,3,3,3.0
18667,18668,18667,1,-1,1.0
18667,18668,18668,3,3,3.0
18668,18669,18669,1,1,1.0
18668,18669,18669,1,1,1.0
18668,18669,18669,1,1,1.0
18668,18669,18668,1,-1,1.0
18668,18669,18668,1,-1,1.0
18668,18669,18668,11,-11,11.0
18668,18669,18667,9,-9,9.0
18667,18669,18667,1,-1,1.0
18667,18669,18667,8,-8,8.0
18667,18669,18668,1,-1,1.0
18667,18669,18669,5,5,5.0
18668,18669,18668,1,-1,1.0
18667,18669,18667,1,-1,1.0
18667,18669,18669,2,2,2.0
18667,18669,18667,20,-20,20.0
18667,18668,18668,1,1,1.0
18667,18669,18669,5,5,5.0
18667,18669,18669,1,1,1.0
18668,18670,18668,6,-6,6.0
18668,18670,18667,14,-14,14.0
18667,18669,18669,1,1,1.0
18668,18669,18668,5,-5,5.0
18668,18669,18667,15,-15,15.0
18667,18669,18667,1,-1,1.0
18667,18669,18669,1,1,1.0
18667,18669,18667,1,-1,1.0
18667,18668,18667,1,-1,1.0
18667,18668,18668,1,1,1.0
18667,18669,18667,2,-2,2.0
18667,18668,18668,1,1,1.0
18667,18669,18668,2,2,-2.0
18667,18669,18669,1,1,1.0
18667,18669,18667,1,-1,1.0
18667,18669,18668,1,-1,1.0
18667,18669,18667,4,-4,4.0
18667,18669,18667,4,-4,4.0
18667,18668,18667,1,-1,1.0
18667,18668,18667,1,-1,1.0
18666,18668,18667,2,-2,2.0
18667,18668,18667,3,-3,3.0
18667,18668,18667,1,-1,1.0
18666,18668,18667,3,-3,3.0
18666,18668,18667,1,-1,1.0
18666,18668,18667,1,-1,1.0
18666,18668,18667,1,-1,1.0
18666,18668,18667,1,-1,1.0
18666,18668,18667,1,-1,1.0
18666,18668,18667,1,-1,1.0
18666,18668,18668,1,1,1.0
18666,18668,18666,1,-1,1.0
18666,18668,18667,1,-1,1.0
18666,18668,18666,1,-1,1.0
18666,18668,18666,2,-2,2.0
18666,18668,18667,1,-1,1.0
18666,18668,18666,1,-1,1.0
18666,18668,18668,1,1,1.0
18667,18668,18667,1,-1,1.0
18667,18668,18668,1,1,1.0
18667,18669,18667,1,-1,1.0
18667,18669,18667,1,-1,1.0
18667,18669,18667,2,-2,2.0
18667,18669,18667,1,-1,1.0
18667,18669,18667,1,-1,1.0
18667,18669,18667,2,-2,2.0
18667,18669,18667,1,-1,1.0
18667,18669,18667,2,-2,2.0
18667,18669,18667,2,-2,2.0
18667,18668,18668,1,1,1.0
18667,18668,18667,1,-1,1.0
18667,18668,18667,3,-3,3.0
18666,18668,18668,3,3,3.0
18667,18669,18669,1,1,1.0
18667,18669,18667,1,-1,1.0
18667,18669,18667,3,-3,3.0
18667,18669,18669,1,1,1.0
18667,18669,18668,1,1,-1.0
18667,18669,18667,1,-1,1.0
18667,18668,18668,1,1,1.0
18667,18668,18668,1,1,1.0
18667,18668,18667,3,-3,3.0
18667,18668,18668,1,1,1.0
18667,18668,18667,7,-7,7.0
18667,18668,18667,1,-1,1.0
18667,18668,18668,1,1,1.0
18667,18668,18668,1,1,1.0
18667,18668,18668,1,1,1.0
18667,18668,18668,7,7,7.0
18667,18668,18668,3,3,3.0
18667,18668,18668,1,1,1.0
18667,18668,18668,3,3,3.0
18667,18668,18668,1,1,1.0
18668,18669,18668,1,-1,1.0
18668,18669,18669,1,1,1.0
18668,18669,18669,1,1,1.0
18668,18669,18669,4,4,4.0
18668,18669,18669,2,2,2.0
18668,18669,18670,3,3,-3.0
18668,18670,18668,4,-4,4.0
18668,18669,18669,1,1,1.0
18668,18669,18670,1,1,-1.0
18669,18670,18670,9,9,9.0
18670,18671,18670,2,-2,2.0
18670,18671,18671,1,1,1.0
18670,18671,18672,4,4,-4.0
18670,18672,18670,1,-1,1.0
18670,18672,18670,1,-1,1.0
18670,18672,18670,1,-1,1.0
18670,18672,18672,1,1,1.0
18670,18672,18671,2,2,-2.0
18671,18672,18672,1,1,1.0
18671,18672,18671,1,-1,1.0
18670,18671,18670,1,-1,1.0
18670,18671,18670,1,-1,1.0
18670,18671,18670,1,-1,1.0
18670,18671,18670,1,-1,1.0
18670,18671,18671,5,5,5.0
18671,18672,18671,1,-1,1.0
18670,18671,18670,3,-3,3.0
18669,18671,18669,1,-1,1.0
18669,18670,18670,1,1,1.0
18669,18671,18669,2,-2,2.0
18670,18671,18671,1,1,1.0
18670,18671,18670,1,-1,1.0
18670,18671,18671,1,1,1.0
18670,18671,18671,1,1,1.0
18670,18671,18670,2,-2,2.0
18670,18671,18670,2,-2,2.0
18670,18671,18671,2,2,2.0
18670,18671,18670,2,-2,2.0
18670,18671,18670,1,-1,1.0
18670,18671,18670,7,-7,7.0
18670,18671,18670,3,-3,3.0
18669,18670,18669,1,-1,1.0
18668,18669,18668,2,-2,2.0
18668,18669,18669,1,1,1.0
18668,18669,18669,1,1,1.0
18668,18670,18669,1,1,-1.0
18668,18670,18668,2,-2,2.0
18669,18670,18669,1,-1,1.0
18669,18670,18669,1,-1,1.0
18669,18670,18670,1,1,1.0
18669,18670,18670,1,1,1.0
18669,18670,18670,1,1,1.0
18669,18670,18670,1,1,1.0
18669,18670,18670,1,1,1.0
18669,18670,18669,1,-1,1.0
18669,18670,18669,2,-2,2.0
18668,18670,18670,6,6,6.0
18668,18670,18671,7,7,-7.0
18669,18671,18671,1,1,1.0
18669,18670,18670,1,1,1.0
18669,18670,18669,1,-1,1.0
18669,18670,18670,1,1,1.0
18669,18671,18671,1,1,1.0
18669,18671,18671,5,5,5.0
18669,18671,18671,1,1,1.0
18670,18672,18670,1,-1,1.0
18671,18672,18671,1,-1,1.0
18671,18672,18670,1,-1,1.0
18669,18671,18669,1,-1,1.0
18669,18671,18669,2,-2,2.0
18669,18671,18669,1,-1,1.0
18669,18670,18669,1,-1,1.0
18669,18670,18669,2,-2,2.0
18669,18670,18669,1,-1,1.0
18668,18670,18668,1,-1,1.0
18668,18670,18668,2,-2,2.0
18670,18672,18672,1,1,1.0
18670,18672,18670,1,-1,1.0
18670,18672,18670,2,-2,2.0
18670,18672,18670,2,-2,2.0
18670,18671,18671,1,1,1.0
18670,18671,18671,2,2,2.0
18671,18672,18671,2,-2,2.0
18671,18672,18670,4,-4,4.0
18670,18671,18671,1,1,1.0
18670,18672,18672,1,1,1.0
18670,18672,18670,1,-1,1.0
18670,18672,18672,10,10,10.0
18670,18672,18672,1,1,1.0
18671,18673,18673,1,1,1.0
18672,18673,18673,2,2,2.0
18672,18673,18674,6,6,-6.0
18673,18674,18674,1,1,1.0
18673,18674,18674,1,1,1.0
18673,18674,18674,1,1,1.0
18673,18675,18673,1,-1,1.0
18673,18675,18673,1,-1,1.0
18672,18675,18675,1,1,1.0
18673,18675,18675,2,2,2.0
18673,18675,18675,1,1,1.0
18673,18675,18675,1,1,1.0
18673,18675,18675,1,1,1.0
18673,18675,18675,1,1,1.0
18673,18675,18675,1,1,1.0
18673,18675,18675,1,1,1.0
18673,18675,18675,1,1,1.0
18673,18675,18675,1,1,1.0
18673,18675,18675,1,1,1.0
18673,18675,18675,1,1,1.0
18673,18675,18675,3,3,3.0
18675,18676,18676,1,1,1.0
18675,18676,18676,1,1,1.0
18675,18676,18676,1,1,1.0
18675,18676,18676,1,1,1.0
18675,18676,18675,7,-7,7.0
18674,18676,18676,1,1,1.0
18674,18676,18676,1,1,1.0
18674,18676,18674,2,-2,2.0
18674,18676,18676,2,2,2.0
18674,18676,18676,1,1,1.0
18674,18676,18676,1,1,1.0
18674,18676,18676,1,1,1.0
18674,18676,18676,1,1,1.0
18675,18676,18675,1,-1,1.0
18675,18676,18675,1,-1,1.0
18674,18676,18675,1,-1,1.0
18675,18677,18675,1,-1,1.0
18675,18677,18676,1,-1,1.0
18675,18677,18677,1,1,1.0
18675,18676,18676,1,1,1.0
18675,18677,18675,2,-2,2.0
18675,18676,18676,1,1,1.0
18675,18676,18676,1,1,1.0
18675,18676,18676,1,1,1.0
18675,18676,18676,1,1,1.0
18675,18676,18675,1,-1,1.0
18675,18676,18675,3,-3,3.0
18674,18676,18676,2,2,2.0
18674,18676,18675,2,2,-2.0
18674,18676,18676,1,1,1.0
18675,18677,18675,2,-2,2.0
18675,18677,18677,1,1,1.0
18675,18677,18677,1,1,1.0
18675,18677,18678,2,2,-2.0
18675,18677,18677,1,1,1.0
18676,18678,18677,2,2,-2.0
18676,18678,18677,3,3,-3.0
18676,18678,18677,2,2,-2.0
18676,18678,18677,1,1,-1.0
18676,18678,18677,1,1,-1.0
18676,18678,18678,1,1,1.0
18676,18678,18678,1,1,1.0
18676,18678,18676,5,-5,5.0
18675,18678,18678,1,1,1.0
18676,18678,18678,1,1,1.0
18676,18677,18676,1,-1,1.0
18676,18677,18676,1,-1,1.0
18676,18677,18676,3,-3,3.0
18676,18677,18675,2,-2,2.0
18676,18677,18676,1,-1,1.0
18676,18677,18676,1,-1,1.0
18675,18677,18675,1,-1,1.0
18675,18677,18675,1,-1,1.0
18675,18677,18675,4,-4,4.0
18675,18677,18675,1,-1,1.0
18675,18677,18675,1,-1,1.0
18674,18676,18676,2,2,2.0
18674,18676,18674,1,-1,1.0
18674,18676,18674,3,-3,3.0
18674,18676,18674,4,-4,4.0
18674,18676,18674,1,-1,1.0
18673,18675,18675,2,2,2.0
18674,18675,18674,2,-2,2.0
18674,18675,18674,2,-2,2.0
18673,18675,18673,1,-1,1.0
18673,18675,18673,11,-11,11.0
18673,18675,18673,1,-1,1.0
18673,18675,18673,1,-1,1.0
18673,18675,18675,1,1,1.0
18674,18675,18675,1,1,1.0
18674,18676,18676,1,1,1.0
18674,18676,18674,5,-5,5.0
18674,18676,18674,4,-4,4.0
18675,18676,18675,2,-2,2.0
18674,18675,18675,1,1,1.0
18673,18675,18673,1,-1,1.0
18673,18675,18675,1,1,1.0
18673,18675,18675,1,1,1.0
18673,18675,18675,2,2,2.0
18673,18675,18675,1,1,1.0
18673,18675,18675,3,3,3.0
18673,18675,18675,1,1,1.0
18673,18675,18673,1,-1,1.0
18673,18674,18674,1,1,1.0
18673,18674,18674,1,1,1.0
18673,18674,18674,1,1,1.0
18673,18675,18673,1,-1,1.0
18673,18675,18673,2,-2,2.0
18674,18675,18675,1,1,1.0
18674,18675,18675,1,1,1.0
18674,18675,18675,1,1,1.0
18675,18676,18675,2,-2,2.0
18675,18676,18676,5,5,5.0
18675,18676,18676,2,2,2.0
18675,18676,18676,1,1,1.0
18676,18677,18677,1,1,1.0
18676,18677,18676,1,-1,1.0
18674,18676,18676,1,1,1.0
18675,18676,18676,1,1,1.0
18675,18677,18675,2,-2,2.0
18676,18677,18676,1,-1,1.0
18675,18677,18675,2,-2,2.0
18675,18677,18675,1,-1,1.0
18675,18676,18675,2,-2,2.0
18675,18676,18676,1,1,1.0
18675,18676,18676,1,1,1.0
18675,18677,18675,2,-2,2.0
18675,18677,18675,2,-2,2.0
18675,18676,18676,1,1,1.0
18675,18676,18675,1,-1,1.0
18675,18676,18676,1,1,1.0
18675,18676,18676,1,1,1.0
18675,18676,18676,1,1,1.0
18675,18677,18676,1,1,-1.0
18676,18677,18677,2,2,2.0
18676,18677,18676,2,-2,2.0
18676,18677,18677,1,1,1.0
18676,18677,18676,1,-1,1.0
18676,18677,18676,1,-1,1.0
18676,18677,18676,1,-1,1.0
18676,18677,18677,1,1,1.0
18676,18677,18677,1,1,1.0
18676,18677,18676,1,-1,1.0
18676,18677,18677,1,1,1.0
18676,18677,18676,1,-1,1.0
18676,18677,18677,1,1,1.0
18676,18677,18677,1,1,1.0
18676,18677,18677,3,3,3.0
18677,18678,18677,1,-1,1.0
18676,18678,18678,3,3,3.0
18676,18678,18678,1,1,1.0
18677,18679,18679,1,1,1.0
18677,18679,18679,1,1,1.0
18677,18679,18679,1,1,1.0
18677,18679,18679,1,1,1.0
18677,18679,18677,1,-1,1.0
18677,18679,18679,1,1,1.0
18677,18679,18677,1,-1,1.0
18677,18679,18677,1,-1,1.0
18677,18679,18676,1,-1,1.0
18677,18679,18677,2,-2,2.0
18677,18679,18678,1,-1,1.0
18676,18678,18678,1,1,1.0
18677,18679,18678,1,1,-1.0
18677,18679,18678,1,1,-1.0
18678,18679,18678,2,-2,2.0
18677,18679,18677,1,-1,1.0
18677,18679,18677,1,-1,1.0
18677,18679,18677,1,-1,1.0
18677,18678,18677,1,-1,1.0
18677,18678,18678,1,1,1.0
18677,18679,18677,2,-2,2.0
18677,18678,18678,1,1,1.0
18677,18678,18677,1,-1,1.0
18677,18678,18677,1,-1,1.0
18677,18678,18677,1,-1,1.0
18677,18678,18677,1,-1,1.0
18677,18678,18676,2,-2,2.0
18676,18678,18678,2,2,2.0
18676,18678,18676,1,-1,1.0
18676,18678,18676,1,-1,1.0
18676,18677,18676,1,-1,1.0
18676,18677,18676,1,-1,1.0
18676,18677,18676,8,-8,8.0
18676,18677,18676,2,-2,2.0
18675,18677,18677,11,11,11.0
18675,18677,18678,3,3,-3.0
18675,18677,18677,1,1,1.0
18675,18677,18675,1,-1,1.0
18675,18676,18676,1,1,1.0
18675,18677,18676,1,1,-1.0
18676,18677,18676,1,-1,1.0
18676,18677,18676,1,-1,1.0
18676,18677,18676,6,-6,6.0
18676,18677,18676,3,-3,3.0
18675,18676,18676,3,3,3.0
18675,18676,18676,1,1,1.0
18675,18676,18675,2,-2,2.0
18675,18676,18676,1,1,1.0
18675,18677,18675,1,-1,1.0
18675,18677,18676,1,-1,1.0
18675,18677,18676,2,-2,2.0
18675,18677,18677,1,1,1.0
18675,18677,18677,1,1,1.0
18676,18678,18676,2,-2,2.0
18676,18678,18676,2,-2,2.0
18676,18678,18678,2,2,2.0
18676,18678,18676,1,-1,1.0
18676,18678,18678,1,1,1.0
18676,18678,18677,1,1,-1.0
18676,18678,18676,1,-1,1.0
18676,18678,18677,1,-1,1.0
18676,18678,18677,1,-1,1.0
18676,18678,18677,1,-1,1.0
18676,18678,18676,2,-2,2.0
18676,18678,18676,1,-1,1.0
18676,18678,18676,1,-1,1.0
18675,18678,18677,5,5,-5.0
18675,18678,18678,5,5,5.0
18676,18677,18676,2,-2,2.0
18675,18677,18676,1,-1,1.0
18675,18677,18675,1,-1,1.0
18675,18677,18675,5,-5,5.0
18675,18677,18677,1,1,1.0
18675,18677,18677,2,2,2.0
18675,18677,18677,2,2,2.0
18675,18676,18675,1,-1,1.0
18675,18676,18675,5,-5,5.0
18675,18676,18675,2,-2,2.0
18675,18676,18675,3,-3,3.0
18675,18676,18675,2,-2,2.0
18674,18676,18674,1,-1,1.0
18674,18676,18674,1,-1,1.0
18674,18675,18675,1,1,1.0
18674,18675,18674,2,-2,2.0
18673,18675,18674,1,-1,1.0
18673,18675,18673,6,-6,6.0
18673,18674,18673,1,-1,1.0
18673,18674,18673,1,-1,1.0
18672,18673,18673,1,1,1.0
18672,18673,18674,1,1,-1.0
18672,18674,18672,1,-1,1.0
18672,18674,18673,1,-1,1.0
18672,18674,18672,1,-1,1.0
18672,18673,18672,1,-1,1.0
18672,18673,18672,4,-4,4.0
18671,18673,18671,1,-1,1.0
18671,18673,18671,1,-1,1.0
18671,18673,18672,1,-1,1.0
18671,18672,18671,1,-1,1.0
18671,18672,18671,1,-1,1.0
18671,18672,18671,1,-1,1.0
18671,18672,18671,4,-4,4.0
18670,18671,18670,3,-3,3.0
18670,18671,18670,3,-3,3.0
18670,18671,18670,1,-1,1.0
18670,18671,18670,1,-1,1.0
18670,18671,18670,1,-1,1.0
18670,18671,18670,1,-1,1.0
18670,18671,18671,1,1,1.0
18670,18671,18670,1,-1,1.0
18670,18671,18670,1,-1,1.0
18670,18671,18671,2,2,2.0
18670,18671,18671,1,1,1.0
18672,18674,18673,1,1,-1.0
18672,18674,18674,2,2,2.0
18672,18674,18674,5,5,5.0
18672,18674,18675,2,2,-2.0
18674,18675,18674,1,-1,1.0
18672,18674,18674,1,1,1.0
18673,18674,18674,1,1,1.0
18674,18675,18675,1,1,1.0
18674,18676,18675,1,1,-1.0
18674,18676,18674,1,-1,1.0
18673,18675,18675,1,1,1.0
18674,18676,18674,2,-2,2.0
18674,18676,18674,1,-1,1.0
18673,18675,18673,1,-1,1.0
18673,18674,18674,1,1,1.0
18673,18674,18673,1,-1,1.0
18673,18674,18673,2,-2,2.0
18672,18674,18672,1,-1,1.0
18672,18674,18672,1,-1,1.0
18672,18674,18673,1,-1,1.0
18672,18674,18672,1,-1,1.0
18672,18674,18674,1,1,1.0
18672,18674,18673,1,1,-1.0
18672,18674,18673,2,2,-2.0
18672,18674,18672,1,-1,1.0
18672,18674,18674,2,2,2.0
18673,18674,18674,1,1,1.0
18673,18674,18674,1,1,1.0
18673,18675,18673,2,-2,2.0
18673,18675,18673,1,-1,1.0
18673,18675,18673,1,-1,1.0
18673,18674,18673,2,-2,2.0
18672,18673,18673,1,1,1.0
18672,18673,18673,5,5,5.0
18672,18673,18672,8,-8,8.0
18672,18673,18672,3,-3,3.0
18671,18673,18671,1,-1,1.0
18672,18673,18672,1,-1,1.0
18672,18673,18673,2,2,2.0
18672,18674,18672,2,-2,2.0
18672,18673,18673,3,3,3.0
18672,18674,18672,1,-1,1.0
18673,18674,18673,1,-1,1.0
18672,18673,18672,1,-1,1.0
18672,18673,18673,1,1,1.0
18672,18674,18672,1,-1,1.0
18672,18674,18673,1,-1,1.0
18672,18674,18674,2,2,2.0
18672,18674,18672,1,-1,1.0
18672,18674,18672,1,-1,1.0
18672,18674,18672,1,-1,1.0
18672,18674,18672,1,-1,1.0
18672,18674,18672,1,-1,1.0
18672,18673,18672,1,-1,1.0
18671,18673,18671,1,-1,1.0
18671,18673,18671,1,-1,1.0
18671,18673,18671,1,-1,1.0
18671,18673,18671,1,-1,1.0
18671,18672,18671,1,-1,1.0
18671,18672,18671,1,-1,1.0
18671,18672,18671,1,-1,1.0
18671,18672,18671,1,-1,1.0
18671,18672,18671,1,-1,1.0
18671,18672,18671,5,-5,5.0
18671,18672,18671,1,-1,1.0
18671,18672,18671,1,-1,1.0
18671,18672,18671,1,-1,1.0
18671,18672,18671,1,-1,1.0
18671,18672,18671,1,-1,1.0
18671,18672,18671,1,-1,1.0
18671,18672,18671,2,-2,2.0
18671,18672,18671,8,-8,8.0
18671,18672,18671,1,-1,1.0
18670,18671,18671,1,1,1.0
18671,18672,18672,1,1,1.0
18670,18672,18670,1,-1,1.0
18670,18672,18670,1,-1,1.0
18670,18672,18672,1,1,1.0
18671,18672,18671,2,-2,2.0
18671,18672,18672,1,1,1.0
18671,18672,18672,1,1,1.0
18671,18673,18671,4,-4,4.0
18672,18674,18672,1,-1,1.0
18672,18674,18672,3,-3,3.0
18672,18674,18671,3,-3,3.0
18672,18674,18672,2,-2,2.0
18672,18674,18672,2,-2,2.0
18673,18674,18673,1,-1,1.0
18672,18675,18673,1,-1,1.0
18674,18675,18674,1,-1,1.0
18674,18675,18675,1,1,1.0
18674,18675,18675,5,5,5.0
18674,18675,18675,8,8,8.0
18674,18675,18675,1,1,1.0
18674,18675,18675,1,1,1.0
18674,18675,18675,1,1,1.0
18674,18675,18675,1,1,1.0
18674,18675,18675,10,10,10.0
18674,18675,18675,1,1,1.0
18674,18675,18675,1,1,1.0
18674,18675,18675,1,1,1.0
18674,18675,18675,2,2,2.0
18674,18675,18675,2,2,2.0
18674,18675,18676,3,3,-3.0
18675,18677,18675,2,-2,2.0
18675,18677,18676,1,-1,1.0
18675,18677,18676,1,-1,1.0
18675,18677,18676,1,-1,1.0
18675,18677,18676,1,-1,1.0
18675,18677,18676,2,-2,2.0
18675,18676,18675,1,-1,1.0
18675,18676,18675,1,-1,1.0
18675,18676,18676,1,1,1.0
18675,18676,18675,2,-2,2.0
18675,18676,18676,1,1,1.0
18675,18676,18675,1,-1,1.0
18675,18676,18675,2,-2,2.0
18675,18676,18676,3,3,3.0
18675,18676,18675,1,-1,1.0
18675,18676,18675,1,-1,1.0
18675,18676,18675,3,-3,3.0
18675,18676,18675,1,-1,1.0
18674,18675,18674,1,-1,1.0
18674,18675,18675,1,1,1.0
18674,18675,18674,3,-3,3.0
18674,18675,18673,1,-1,1.0
18673,18674,18673,1,-1,1.0
18673,18674,18673,4,-4,4.0
18673,18674,18673,1,-1,1.0
18672,18673,18672,2,-2,2.0
18672,18673,18672,1,-1,1.0
18671,18672,18671,1,-1,1.0
18671,18672,18672,1,1,1.0
18671,18672,18673,1,1,-1.0
18671,18672,18671,1,-1,1.0
18671,18672,18672,1,1,1.0
18671,18673,18671,1,-1,1.0
18671,18673,18673,1,1,1.0
18672,18674,18672,2,-2,2.0
18672,18674,18673,1,-1,1.0
18672,18674,18673,1,-1,1.0
18673,18674,18674,1,1,1.0
18674,18675,18674,2,-2,2.0
18673,18675,18675,1,1,1.0
18673,18675,18675,2,2,2.0
18675,18676,18675,1,-1,1.0
18675,18676,18675,1,-1,1.0
18675,18676,18674,1,-1,1.0
18674,18676,18674,1,-1,1.0
18674,18676,18673,2,-2,2.0
18674,18676,18673,1,-1,1.0
18674,18676,18673,1,-1,1.0
18673,18675,18673,1,-1,1.0
18673,18675,18673,1,-1,1.0
18673,18675,18672,1,-1,1.0
18673,18675,18675,5,5,5.0
18672,18674,18674,1,1,1.0
18672,18674,18673,1,1,-1.0
18672,18674,18672,1,-1,1.0
18672,18674,18672,1,-1,1.0
18672,18673,18672,1,-1,1.0
18672,18673,18672,2,-2,2.0
18671,18672,18671,1,-1,1.0
18671,18672,18672,1,1,1.0
18671,18673,18671,1,-1,1.0
18672,18673,18672,6,-6,6.0
18671,18672,18671,2,-2,2.0
18671,18672,18672,1,1,1.0
18671,18672,18671,1,-1,1.0
18671,18673,18672,2,-2,2.0
18671,18672,18672,1,1,1.0
18671,18673,18673,1,1,1.0
18671,18673,18671,1,-1,1.0
18671,18673,18672,1,-1,1.0
18672,18673,18672,1,-1,1.0
18672,18673,18672,1,-1,1.0
18672,18673,18672,1,-1,1.0
18671,18673,18672,1,-1,1.0
18672,18673,18673,1,1,1.0
18672,18673,18672,1,-1,1.0
18672,18673,18672,2,-2,2.0
18672,18673,18672,3,-3,3.0
18671,18673,18671,2,-2,2.0
18671,18673,18671,1,-1,1.0
18672,18673,18672,1,-1,1.0
18672,18673,18673,1,1,1.0
18672,18673,18673,1,1,1.0
18672,18674,18672,2,-2,2.0
18672,18674,18672,1,-1,1.0
18672,18673,18672,1,-1,1.0
18672,18673,18673,1,1,1.0
18672,18673,18672,1,-1,1.0
18671,18673,18671,1,-1,1.0
18671,18673,18672,2,-2,2.0
18672,18673,18673,1,1,1.0
18672,18673,18672,1,-1,1.0
18672,18673,18672,1,-1,1.0
18672,18673,18672,5,-5,5.0
18672,18673,18673,1,1,1.0
18672,18673,18673,1,1,1.0
18672,18673,18673,1,1,1.0
18672,18673,18673,1,1,1.0
18672,18673,18673,1,1,1.0
18672,18673,18673,1,1,1.0
18672,18673,18673,1,1,1.0
18672,18674,18674,3,3,3.0
18672,18674,18674,1,1,1.0
18674,18675,18674,2,-2,2.0
18674,18676,18674,1,-1,1.0
18674,18676,18674,1,-1,1.0
18674,18676,18674,1,-1,1.0
18674,18676,18675,3,-3,3.0
18674,18676,18674,2,-2,2.0
18674,18675,18674,1,-1,1.0
18674,18675,18674,2,-2,2.0
18674,18675,18674,2,-2,2.0
18674,18675,18674,1,-1,1.0
18674,18675,18674,1,-1,1.0
18674,18675,18674,4,-4,4.0
18674,18675,18674,1,-1,1.0
18674,18675,18675,2,2,2.0
18674,18675,18674,1,-1,1.0
18674,18675,18675,2,2,2.0
18674,18675,18674,1,-1,1.0
18674,18675,18675,1,1,1.0
18674,18675,18674,1,-1,1.0
18674,18675,18674,1,-1,1.0
18674,18675,18674,1,-1,1.0
18674,18675,18674,1,-1,1.0
18674,18675,18673,1,-1,1.0
18674,18675,18674,1,-1,1.0
18674,18675,18675,1,1,1.0
18674,18675,18675,1,1,1.0
18674,18675,18674,1,-1,1.0
18674,18675,18675,1,1,1.0
18674,18675,18675,2,2,2.0
18674,18675,18675,2,2,2.0
18674,18675,18675,3,3,3.0
18674,18675,18675,3,3,3.0
18675,18676,18676,1,1,1.0
18675,18676,18676,1,1,1.0
18675,18676,18676,6,6,6.0
18675,18676,18676,1,1,1.0
18675,18676,18676,1,1,1.0
18675,18676,18676,6,6,6.0
18675,18676,18676,2,2,2.0
18675,18676,18676,4,4,4.0
18675,18677,18675,2,-2,2.0
18675,18676,18675,2,-2,2.0
18675,18676,18676,1,1,1.0
18675,18676,18676,1,1,1.0
18675,18676,18676,4,4,4.0
18675,18676,18675,2,-2,2.0
18675,18676,18675,4,-4,4.0
18675,18676,18675,3,-3,3.0
18674,18675,18674,3,-3,3.0
18674,18675,18674,1,-1,1.0
18674,18675,18674,1,-1,1.0
18674,18675,18674,1,-1,1.0
18674,18675,18674,1,-1,1.0
18674,18675,18674,1,-1,1.0
18674,18675,18674,1,-1,1.0
18674,18675,18674,1,-1,1.0
18673,18674,18673,1,-1,1.0
18673,18674,18673,2,-2,2.0
18673,18674,18673,1,-1,1.0
18672,18674,18672,2,-2,2.0
18672,18673,18673,1,1,1.0
18673,18675,18673,1,-1,1.0
18673,18675,18674,1,-1,1.0
18673,18675,18673,1,-1,1.0
18674,18675,18675,1,1,1.0
18675,18676,18676,1,1,1.0
18675,18676,18676,2,2,2.0
18675,18676,18676,1,1,1.0
18675,18676,18676,1,1,1.0
18675,18677,18675,1,-1,1.0
18675,18677,18676,1,-1,1.0
18675,18677,18675,9,-9,9.0
18675,18677,18674,6,-6,6.0
18674,18676,18676,1,1,1.0
18675,18677,18675,3,-3,3.0
18675,18677,18674,13,-13,13.0
18674,18676,18674,1,-1,1.0
18675,18677,18675,5,-5,5.0
18675,18677,18674,11,-11,11.0
18674,18676,18674,12,-12,12.0
18674,18676,18673,4,-4,4.0
18673,18675,18673,16,-16,16.0
18673,18675,18673,1,-1,1.0
18673,18675,18673,1,-1,1.0
18673,18674,18673,5,-5,5.0
18672,18674,18672,1,-1,1.0
18672,18674,18672,1,-1,1.0
18672,18674,18673,1,-1,1.0
18672,18674,18672,1,-1,1.0
18672,18674,18672,1,-1,1.0
18672,18674,18672,16,-16,16.0
18672,18673,18672,1,-1,1.0
18672,18673,18672,1,-1,1.0
18672,18673,18672,3,-3,3.0
18672,18673,18672,1,-1,1.0
18672,18673,18671,15,-15,15.0
18671,18672,18672,1,1,1.0
18672,18673,18672,1,-1,1.0
18672,18673,18672,1,-1,1.0
18672,18673,18672,1,-1,1.0
18671,18673,18671,11,-11,11.0
18671,18673,18670,5,-5,5.0
18671,18672,18671,1,-1,1.0
18670,18672,18670,16,-16,16.0
18670,18672,18670,1,-1,1.0
18670,18671,18671,2,2,2.0
18670,18671,18670,16,-16,16.0
18670,18671,18670,1,-1,1.0
18670,18671,18670,3,-3,3.0
18670,18671,18671,1,1,1.0
18670,18672,18670,1,-1,1.0
18670,18671,18670,3,-3,3.0
18669,18671,18671,1,1,1.0
18670,18672,18670,3,-3,3.0
18670,18672,18669,2,-2,2.0
18669,18671,18670,2,-2,2.0
18669,18671,18669,1,-1,1.0
18669,18670,18669,1,-1,1.0
18669,18670,18669,1,-1,1.0
18669,18670,18669,1,-1,1.0
18669,18670,18669,1,-1,1.0
18669,18670,18669,1,-1,1.0
18669,18670,18669,1,-1,1.0
18669,18670,18670,1,1,1.0
18669,18670,18669,1,-1,1.0
18669,18670,18670,1,1,1.0
18669,18670,18670,1,1,1.0
18669,18670,18669,2,-2,2.0
18669,18670,18670,1,1,1.0
18669,18670,18669,2,-2,2.0
18669,18670,18670,1,1,1.0
18669,18670,18669,2,-2,2.0
18669,18670,18669,7,-7,7.0
18669,18670,18669,5,-5,5.0
18669,18670,18669,2,-2,2.0
18668,18669,18669,2,2,2.0
18668,18669,18668,3,-3,3.0
18668,18669,18668,1,-1,1.0
18668,18669,18668,1,-1,1.0
18668,18669,18668,1,-1,1.0
18668,18669,18668,2,-2,2.0
18668,18669,18668,4,-4,4.0
18668,18669,18668,1,-1,1.0
18668,18669,18668,1,-1,1.0
18668,18669,18668,1,-1,1.0
18668,18669,18668,1,-1,1.0
18668,18669,18668,1,-1,1.0
18668,18669,18668,4,-4,4.0
18668,18669,18668,1,-1,1.0
18667,18668,18667,10,-10,10.0
18667,18668,18667,1,-1,1.0
18667,18668,18667,1,-1,1.0
18667,18668,18667,1,-1,1.0
18667,18668,18668,1,1,1.0
18667,18668,18668,2,2,2.0
18667,18668,18667,1,-1,1.0
18667,18668,18667,3,-3,3.0
18667,18668,18667,3,-3,3.0
18667,18668,18667,1,-1,1.0
18667,18669,18667,1,-1,1.0
18667,18668,18667,1,-1,1.0
18667,18668,18667,2,-2,2.0
18667,18669,18667,2,-2,2.0
18668,18669,18668,1,-1,1.0
18668,18669,18668,1,-1,1.0
18669,18670,18670,2,2,2.0
18669,18670,18670,2,2,2.0
18669,18670,18670,1,1,1.0
18669,18671,18669,1,-1,1.0
18669,18671,18669,2,-2,2.0
18669,18670,18669,1,-1,1.0
18670,18671,18670,3,-3,3.0
18670,18671,18670,1,-1,1.0
18670,18671,18670,2,-2,2.0
18670,18671,18670,1,-1,1.0
18670,18671,18670,3,-3,3.0
18670,18671,18670,2,-2,2.0
18670,18671,18670,1,-1,1.0
18670,18671,18670,3,-3,3.0
18669,18671,18669,1,-1,1.0
18669,18671,18669,1,-1,1.0
18669,18671,18669,1,-1,1.0
18669,18671,18669,1,-1,1.0
18669,18671,18668,1,-1,1.0
18668,18669,18668,1,-1,1.0
18668,18669,18668,1,-1,1.0
18668,18669,18668,2,-2,2.0
18668,18669,18668,1,-1,1.0
18668,18669,18668,1,-1,1.0
18668,18669,18668,2,-2,2.0
18668,18669,18668,1,-1,1.0
18667,18669,18667,1,-1,1.0
18667,18669,18667,1,-1,1.0
18667,18669,18667,2,-2,2.0
18667,18668,18667,1,-1,1.0
18667,18668,18667,10,-10,10.0
18666,18667,18666,1,-1,1.0
18666,18667,18666,1,-1,1.0
18666,18667,18666,1,-1,1.0
18666,18667,18666,1,-1,1.0
18666,18667,18666,1,-1,1.0
18666,18667,18666,1,-1,1.0
18666,18667,18666,1,-1,1.0
18666,18667,18666,1,-1,1.0
18666,18667,18666,5,-5,5.0
18666,18667,18666,1,-1,1.0
18666,18667,18666,1,-1,1.0
18666,18667,18666,5,-5,5.0
18666,18667,18666,1,-1,1.0
18666,18667,18666,1,-1,1.0
18666,18667,18666,1,-1,1.0
18666,18667,18666,1,-1,1.0
18666,18667,18666,1,-1,1.0
18666,18667,18666,1,-1,1.0
18666,18667,18666,1,-1,1.0
18666,18667,18666,1,-1,1.0
18666,18667,18666,1,-1,1.0
18666,18667,18666,2,-2,2.0
18666,18667,18666,1,-1,1.0
18666,18667,18666,1,-1,1.0
18666,18667,18666,1,-1,1.0
18666,18667,18666,1,-1,1.0
18666,18667,18666,1,-1,1.0
18666,18667,18665,1,-1,1.0
18666,18667,18665,1,-1,1.0
18666,18667,18665,4,-4,4.0
18666,18667,18665,1,-1,1.0
18665,18666,18665,2,-2,2.0
18665,18666,18665,2,-2,2.0
18665,18666,18665,2,-2,2.0
18665,18666,18665,1,-1,1.0
18665,18666,18665,5,-5,5.0
18665,18666,18665,1,-1,1.0
18665,18666,18664,1,-1,1.0
18665,18666,18664,1,-1,1.0
18665,18666,18664,1,-1,1.0
18665,18666,18664,1,-1,1.0
18665,18666,18665,1,-1,1.0
18665,18666,18664,1,-1,1.0
18665,18666,18664,1,-1,1.0
18665,18666,18664,2,-2,2.0
18665,18666,18664,6,-6,6.0
18665,18666,18664,4,-4,4.0
18665,18666,18665,1,-1,1.0
18665,18666,18664,2,-2,2.0
18665,18666,18664,1,-1,1.0
18665,18666,18663,1,-1,1.0
18665,18666,18663,6,-6,6.0
18665,18666,18664,1,-1,1.0
18665,18666,18663,1,-1,1.0
18665,18666,18663,1,-1,1.0
18665,18666,18663,1,-1,1.0
18665,18666,18663,4,-4,4.0
18665,18666,18663,1,-1,1.0
18665,18666,18663,1,-1,1.0
18665,18666,18663,1,-1,1.0
18665,18666,18663,3,-3,3.0
18665,18666,18663,1,-1,1.0
18665,18666,18663,2,-2,2.0
18663,18665,18663,1,-1,1.0
18663,18665,18665,1,1,1.0
18663,18665,18664,1,1,-1.0
18663,18665,18663,1,-1,1.0
18663,18665,18663,1,-1,1.0
18663,18665,18663,1,-1,1.0
18663,18665,18663,1,-1,1.0
18663,18665,18663,3,-3,3.0
18663,18665,18663,11,-11,11.0
18663,18665,18663,2,-2,2.0
18663,18665,18663,3,-3,3.0
18663,18665,18663,1,-1,1.0
18663,18664,18663,3,-3,3.0
18663,18664,18662,2,-2,2.0
18663,18664,18662,1,-1,1.0
18663,18664,18664,1,1,1.0
18663,18664,18663,1,-1,1.0
18663,18664,18663,1,-1,1.0
18663,18664,18663,2,-2,2.0
18663,18664,18662,1,-1,1.0
18663,18664,18662,1,-1,1.0
18663,18664,18663,1,-1,1.0
18663,18664,18663,1,-1,1.0
18663,18664,18663,1,-1,1.0
18663,18664,18663,1,-1,1.0
18663,18664,18665,1,1,-1.0
18663,18664,18665,1,1,-1.0
18663,18665,18663,1,-1,1.0
18663,18665,18663,1,-1,1.0
18663,18665,18663,1,-1,1.0
18663,18665,18663,1,-1,1.0
18663,18665,18663,2,-2,2.0
18663,18665,18663,1,-1,1.0
18663,18665,18663,1,-1,1.0
18663,18665,18663,2,-2,2.0
18663,18665,18663,2,-2,2.0
18663,18665,18663,1,-1,1.0
18663,18665,18665,1,1,1.0
18663,18665,18665,1,1,1.0
18663,18665,18665,1,1,1.0
18663,18665,18665,2,2,2.0
18663,18665,18665,1,1,1.0
18665,18666,18665,1,-1,1.0
18665,18666,18665,1,-1,1.0
18665,18666,18666,1,1,1.0
18665,18666,18666,2,2,2.0
18665,18666,18666,1,1,1.0
18665,18667,18666,1,1,-1.0
18665,18668,18665,1,-1,1.0
18667,18669,18669,1,1,1.0
18667,18669,18669,1,1,1.0
18668,18670,18670,1,1,1.0
18667,18669,18669,1,1,1.0
18669,18670,18670,1,1,1.0
18669,18670,18670,1,1,1.0
18670,18671,18670,1,-1,1.0
18667,18669,18669,1,1,1.0
18668,18669,18668,1,-1,1.0
18667,18669,18667,1,-1,1.0
18667,18669,18667,2,-2,2.0
18666,18667,18667,1,1,1.0
18666,18668,18668,1,1,1.0
18667,18669,18669,5,5,5.0
18667,18669,18667,4,-4,4.0
18667,18669,18667,4,-4,4.0
18667,18668,18668,1,1,1.0
18667,18668,18667,2,-2,2.0
18666,18668,18667,1,-1,1.0
18666,18668,18666,1,-1,1.0
18667,18668,18667,2,-2,2.0
18667,18668,18667,2,-2,2.0
18667,18668,18667,1,-1,1.0
18666,18668,18668,1,1,1.0
18666,18668,18666,2,-2,2.0
18667,18668,18668,1,1,1.0
18667,18669,18669,1,1,1.0
18668,18670,18669,1,1,-1.0
18668,18670,18670,1,1,1.0
18669,18670,18670,5,5,5.0
18669,18670,18670,1,1,1.0
18669,18670,18670,1,1,1.0
18669,18670,18669,2,-2,2.0
18669,18670,18670,1,1,1.0
18669,18670,18670,1,1,1.0
18669,18671,18669,2,-2,2.0
18669,18671,18670,1,-1,1.0
18670,18671,18671,1,1,1.0
18670,18671,18671,1,1,1.0
18670,18671,18671,1,1,1.0
18670,18671,18671,1,1,1.0
18670,18671,18671,1,1,1.0
18670,18672,18672,1,1,1.0
18671,18672,18672,1,1,1.0
18671,18673,18673,1,1,1.0
18672,18673,18672,1,-1,1.0
18672,18673,18673,1,1,1.0
18672,18673,18672,5,-5,5.0
18672,18673,18673,1,1,1.0
18672,18673,18672,1,-1,1.0
18672,18673,18673,1,1,1.0
18673,18674,18674,2,2,2.0
18673,18674,18674,1,1,1.0
18673,18674,18674,1,1,1.0
18673,18674,18673,2,-2,2.0
18673,18674,18674,1,1,1.0
18673,18674,18674,1,1,1.0
18673,18674,18673,2,-2,2.0
18672,18674,18674,1,1,1.0
18673,18675,18674,1,1,-1.0
18672,18675,18675,1,1,1.0
18672,18675,18675,1,1,1.0
18673,18675,18675,1,1,1.0
18672,18673,18673,4,4,4.0
18672,18673,18673,1,1,1.0
18672,18673,18674,1,1,-1.0
18672,18674,18674,2,2,2.0
18672,18674,18674,1,1,1.0
18673,18674,18674,3,3,3.0
18673,18674,18674,1,1,1.0
18674,18675,18675,1,1,1.0
18673,18674,18673,1,-1,1.0
18672,18674,18672,1,-1,1.0
18673,18674,18673,1,-1,1.0
18673,18674,18673,1,-1,1.0
18673,18674,18674,1,1,1.0
18673,18674,18674,2,2,2.0
18673,18674,18673,1,-1,1.0
18672,18673,18672,1,-1,1.0
18672,18673,18672,3,-3,3.0
18672,18673,18672,2,-2,2.0
18672,18673,18672,6,-6,6.0
18672,18673,18672,1,-1,1.0
18671,18672,18671,1,-1,1.0
18672,18674,18673,1,-1,1.0
18672,18674,18673,1,-1,1.0
18672,18674,18673,1,-1,1.0
18672,18674,18672,1,-1,1.0
18672,18674,18672,1,-1,1.0
18672,18674,18672,1,-1,1.0
18672,18674,18672,2,-2,2.0
18672,18674,18672,1,-1,1.0
18672,18674,18674,1,1,1.0
18673,18674,18674,1,1,1.0
18673,18674,18674,6,6,6.0
18673,18674,18674,5,5,5.0
18673,18674,18674,1,1,1.0
18673,18674,18674,3,3,3.0
18674,18675,18674,3,-3,3.0
18673,18674,18674,2,2,2.0
18673,18674,18675,1,1,-1.0
18674,18675,18675,1,1,1.0
18674,18675,18675,2,2,2.0
18674,18675,18675,1,1,1.0
18674,18675,18675,1,1,1.0
18674,18675,18675,5,5,5.0
18674,18676,18676,1,1,1.0
18674,18676,18674,1,-1,1.0
18674,18676,18676,2,2,2.0
18675,18676,18676,3,3,3.0
18675,18676,18676,1,1,1.0
18675,18676,18675,1,-1,1.0
18675,18676,18676,1,1,1.0
18675,18676,18676,2,2,2.0
18675,18676,18675,2,-2,2.0
18675,18676,18675,1,-1,1.0
18675,18676,18675,1,-1,1.0
18674,18676,18675,1,-1,1.0
18675,18676,18676,4,4,4.0
18675,18676,18676,1,1,1.0
18675,18676,18676,1,1,1.0
18675,18677,18675,1,-1,1.0
18675,18677,18675,1,-1,1.0
18675,18677,18675,1,-1,1.0
18675,18677,18677,1,1,1.0
18675,18677,18677,2,2,2.0
18675,18677,18677,2,2,2.0
18675,18677,18676,1,1,-1.0
18675,18677,18677,1,1,1.0
18675,18677,18676,2,2,-2.0
18675,18677,18677,10,10,10.0
18675,18677,18677,6,6,6.0
18675,18677,18677,1,1,1.0
18676,18678,18676,1,-1,1.0
18676,18678,18677,1,-1,1.0
18676,18678,18678,4,4,4.0
18676,18678,18678,2,2,2.0
18676,18678,18678,2,2,2.0
18676,18678,18678,1,1,1.0
18676,18678,18678,1,1,1.0
18676,18678,18678,1,1,1.0
18676,18678,18678,1,1,1.0
18677,18679,18677,1,-1,1.0
18677,18679,18679,2,2,2.0
18677,18678,18677,1,-1,1.0
18677,18678,18677,1,-1,1.0
18677,18678,18677,1,-1,1.0
18676,18678,18678,1,1,1.0
18676,18678,18678,1,1,1.0
18676,18678,18678,1,1,1.0
18676,18678,18678,1,1,1.0
18676,18678,18678,1,1,1.0
18677,18678,18677,1,-1,1.0
18677,18678,18677,1,-1,1.0
18677,18678,18678,2,2,2.0
18677,18678,18678,1,1,1.0
18677,18678,18678,1,1,1.0
18677,18678,18677,1,-1,1.0
18677,18678,18678,10,10,10.0
18677,18678,18677,1,-1,1.0
18677,18678,18677,1,-1,1.0
18677,18678,18677,2,-2,2.0
18677,18678,18678,2,2,2.0
18677,18678,18678,2,2,2.0
18677,18678,18677,1,-1,1.0
18677,18678,18678,1,1,1.0
18677,18678,18677,1,-1,1.0
18677,18678,18677,2,-2,2.0
18677,18678,18678,2,2,2.0
18677,18678,18677,1,-1,1.0
18677,18678,18677,10,-10,10.0
18677,18678,18677,2,-2,2.0
18677,18678,18676,1,-1,1.0
18677,18678,18676,1,-1,1.0
18677,18678,18676,2,-2,2.0
18677,18678,18676,1,-1,1.0
18677,18678,18676,1,-1,1.0
18677,18678,18676,1,-1,1.0
18677,18678,18676,1,-1,1.0
18675,18676,18675,1,-1,1.0
18675,18676,18675,3,-3,3.0
18675,18676,18675,1,-1,1.0
18675,18676,18675,1,-1,1.0
18674,18675,18674,1,-1,1.0
18674,18675,18674,2,-2,2.0
18674,18675,18674,2,-2,2.0
18674,18675,18674,1,-1,1.0
18674,18675,18674,1,-1,1.0
18674,18675,18675,2,2,2.0
18675,18676,18676,1,1,1.0
18676,18677,18677,1,1,1.0
18676,18677,18677,2,2,2.0
18676,18677,18677,3,3,3.0
18676,18677,18678,2,2,-2.0
18676,18678,18678,1,1,1.0
18677,18678,18678,2,2,2.0
18677,18678,18678,1,1,1.0
18677,18678,18678,1,1,1.0
18677,18678,18678,1,1,1.0
18677,18679,18678,1,1,-1.0
18678,18679,18679,2,2,2.0
18678,18679,18678,1,-1,1.0
18677,18679,18677,1,-1,1.0
18678,18679,18678,1,-1,1.0
18678,18679,18678,2,-2,2.0
18677,18678,18678,1,1,1.0
18677,18679,18677,1,-1,1.0
18677,18679,18677,5,-5,5.0
18676,18677,18677,1,1,1.0
18676,18678,18678,1,1,1.0
18676,18678,18676,1,-1,1.0
18677,18678,18677,1,-1,1.0
18677,18678,18677,1,-1,1.0
18676,18678,18678,1,1,1.0
18676,18678,18677,1,1,-1.0
18676,18678,18678,3,3,3.0
18676,18678,18678,2,2,2.0
18676,18678,18678,2,2,2.0
18676,18678,18678,1,1,1.0
18676,18678,18678,1,1,1.0
18677,18679,18678,1,1,-1.0
18678,18679,18679,2,2,2.0
18678,18679,18678,1,-1,1.0
18678,18679,18679,1,1,1.0
18678,18679,18679,1,1,1.0
18678,18679,18679,1,1,1.0
18678,18679,18679,1,1,1.0
18678,18679,18678,1,-1,1.0
18678,18679,18678,2,-2,2.0
18677,18679,18679,5,5,5.0
18678,18679,18679,1,1,1.0
18678,18679,18679,10,10,10.0
18678,18679,18679,2,2,2.0
18678,18679,18679,1,1,1.0
18678,18679,18679,1,1,1.0
18678,18679,18679,1,1,1.0
18678,18679,18679,1,1,1.0
18678,18679,18679,1,1,1.0
18678,18679,18679,1,1,1.0
18678,18679,18679,1,1,1.0
18678,18679,18679,10,10,10.0
18678,18679,18679,1,1,1.0
18678,18679,18679,1,1,1.0
18678,18679,18679,1,1,1.0
18678,18679,18679,1,1,1.0
18678,18679,18679,1,1,1.0
18678,18679,18679,1,1,1.0
18678,18679,18679,1,1,1.0
18678,18679,18678,1,-1,1.0
18678,18679,18679,1,1,1.0
18678,18680,18679,1,1,-1.0
18678,18679,18678,1,-1,1.0
18678,18679,18678,1,-1,1.0
18678,18679,18678,1,-1,1.0
18677,18678,18677,3,-3,3.0
18676,18678,18676,1,-1,1.0
18676,18678,18677,1,-1,1.0
18676,18677,18677,1,1,1.0
18676,18677,18677,1,1,1.0
18676,18678,18677,1,1,-1.0
18676,18678,18676,7,-7,7.0
18675,18676,18675,1,-1,1.0
18675,18676,18675,1,-1,1.0
18675,18676,18675,1,-1,1.0
18675,18676,18675,2,-2,2.0
18674,18676,18675,1,-1,1.0
18674,18676,18675,1,-1,1.0
18674,18676,18675,1,-1,1.0
18674,18676,18675,2,-2,2.0
18674,18676,18674,1,-1,1.0
18674,18676,18676,1,1,1.0
18674,18676,18674,1,-1,1.0
18675,18676,18676,1,1,1.0
18675,18676,18676,1,1,1.0
18675,18678,18677,3,3,-3.0
18675,18678,18678,4,4,4.0
18677,18679,18678,1,1,-1.0
18677,18678,18677,1,-1,1.0
18677,18678,18678,2,2,2.0
18677,18678,18678,1,1,1.0
18677,18678,18678,1,1,1.0
18677,18678,18678,3,3,3.0
18677,18679,18679,1,1,1.0
18677,18679,18677,1,-1,1.0
18677,18679,18678,1,-1,1.0
18678,18679,18678,1,-1,1.0
18678,18679,18677,1,-1,1.0
18677,18678,18678,1,1,1.0
18678,18679,18679,3,3,3.0
18678,18679,18679,2,2,2.0
18678,18679,18679,1,1,1.0
18678,18679,18679,1,1,1.0
18678,18679,18679,1,1,1.0
18679,18680,18679,1,-1,1.0
18678,18680,18679,2,-2,2.0
18678,18679,18678,4,-4,4.0
18678,18679,18678,1,-1,1.0
18677,18679,18678,1,-1,1.0
18677,18679,18678,1,-1,1.0
18677,18679,18678,1,-1,1.0
18677,18679,18678,1,-1,1.0
18677,18679,18678,1,-1,1.0
18677,18679,18677,2,-2,2.0
18677,18679,18678,1,-1,1.0
18677,18679,18678,1,-1,1.0
18677,18679,18677,2,-2,2.0
18677,18679,18679,1,1,1.0
18677,18679,18679,1,1,1.0
18678,18680,18679,1,1,-1.0
18678,18680,18679,1,1,-1.0
18678,18679,18678,1,-1,1.0
18678,18679,18678,1,-1,1.0
18678,18679,18678,1,-1,1.0
18678,18679,18679,1,1,1.0
18678,18679,18679,1,1,1.0
18678,18679,18678,1,-1,1.0
18678,18679,18678,1,-1,1.0
18677,18678,18677,1,-1,1.0
18677,18679,18678,1,-1,1.0
18677,18678,18678,1,1,1.0
18677,18679,18678,4,4,-4.0
18677,18679,18677,1,-1,1.0
18677,18678,18678,3,3,3.0
18678,18679,18678,4,-4,4.0
18678,18679,18679,1,1,1.0
18678,18679,18679,1,1,1.0
18678,18679,18678,1,-1,1.0
18678,18679,18679,2,2,2.0
18678,18679,18679,3,3,3.0
18678,18679,18679,1,1,1.0
18678,18679,18679,3,3,3.0
18678,18679,18679,1,1,1.0
18679,18680,18679,2,-2,2.0
18679,18680,18680,1,1,1.0
18679,18680,18680,1,1,1.0
18679,18680,18680,1,1,1.0
18679,18680,18680,1,1,1.0
18679,18680,18679,5,-5,5.0
18678,18680,18679,1,-1,1.0
18679,18680,18680,4,4,4.0
18679,18680,18680,1,1,1.0
18679,18680,18680,1,1,1.0
18679,18680,18680,1,1,1.0
18679,18680,18679,1,-1,1.0
18679,18680,18680,1,1,1.0
18679,18680,18680,1,1,1.0
18679,18680,18680,3,3,3.0
18679,18680,18680,1,1,1.0
18679,18680,18680,7,7,7.0
18679,18680,18680,1,1,1.0
18679,18680,18680,1,1,1.0
18679,18680,18680,1,1,1.0
18679,18680,18680,5,5,5.0
18679,18680,18680,1,1,1.0
18679,18680,18680,1,1,1.0
18679,18680,18680,1,1,1.0
18679,18680,18680,1,1,1.0
18679,18680,18680,1,1,1.0
18679,18680,18680,1,1,1.0
18680,18681,18681,10,10,10.0
18681,18682,18682,1,1,1.0
18681,18682,18682,3,3,3.0
18681,18682,18682,1,1,1.0
18681,18682,18682,1,1,1.0
18681,18682,18682,5,5,5.0
18681,18682,18682,1,1,1.0
18681,18682,18682,3,3,3.0
18681,18682,18683,17,17,-17.0
18682,18683,18683,1,1,1.0
18682,18683,18683,1,1,1.0
18682,18683,18683,3,3,3.0
18682,18683,18683,1,1,1.0
18682,18684,18684,1,1,1.0
18682,18684,18684,1,1,1.0
18682,18684,18684,1,1,1.0
18683,18684,18684,1,1,1.0
18683,18684,18684,3,3,3.0
18683,18684,18683,5,-5,5.0
18682,18683,18683,1,1,1.0
18682,18683,18683,1,1,1.0
18682,18683,18683,1,1,1.0
18682,18683,18683,2,2,2.0
18682,18683,18684,6,6,-6.0
18682,18684,18684,1,1,1.0
18682,18684,18684,2,2,2.0
18682,18684,18684,1,1,1.0
18683,18684,18683,3,-3,3.0
18683,18684,18682,2,-2,2.0
18683,18684,18682,1,-1,1.0
18682,18684,18684,1,1,1.0
18683,18684,18684,2,2,2.0
18683,18684,18683,1,-1,1.0
18683,18684,18684,3,3,3.0
18683,18684,18684,1,1,1.0
18683,18685,18685,1,1,1.0
18683,18685,18685,1,1,1.0
18683,18685,18685,4,4,4.0
18683,18685,18685,1,1,1.0
18683,18685,18684,2,2,-2.0
18683,18684,18684,1,1,1.0
18683,18684,18684,1,1,1.0
18683,18684,18684,1,1,1.0
18683,18684,18683,28,-28,28.0
18682,18683,18683,1,1,1.0
18682,18684,18682,2,-2,2.0
18682,18684,18683,5,-5,5.0
18682,18684,18682,1,-1,1.0
18682,18684,18684,2,2,2.0
18682,18683,18683,2,2,2.0
18682,18683,18682,2,-2,2.0
18682,18683,18683,1,1,1.0
18682,18683,18683,1,1,1.0
18683,18684,18683,1,-1,1.0
18683,18684,18684,1,1,1.0
18683,18684,18684,1,1,1.0
18683,18684,18684,5,5,5.0
18683,18684,18683,2,-2,2.0
18683,18684,18684,1,1,1.0
18683,18684,18683,1,-1,1.0
18683,18684,18683,1,-1,1.0
18683,18684,18684,2,2,2.0
18683,18684,18683,1,-1,1.0
18683,18684,18684,1,1,1.0
18683,18684,18684,1,1,1.0
18683,18685,18684,1,1,-1.0
18683,18684,18684,1,1,1.0
18683,18685,18683,5,-5,5.0
18683,18684,18684,1,1,1.0
18683,18684,18684,1,1,1.0
18683,18684,18683,6,-6,6.0
18683,18684,18682,4,-4,4.0
18682,18684,18684,1,1,1.0
18682,18684,18684,1,1,1.0
18682,18684,18684,1,1,1.0
18682,18684,18683,2,2,-2.0
18682,18684,18682,1,-1,1.0
18683,18684,18684,2,2,2.0
18683,18684,18684,1,1,1.0
18683,18684,18684,1,1,1.0
18683,18684,18683,1,-1,1.0
18683,18684,18683,1,-1,1.0
18683,18684,18684,7,7,7.0
18683,18684,18684,1,1,1.0
18683,18684,18684,1,1,1.0
18683,18684,18684,1,1,1.0
18683,18684,18684,1,1,1.0
18683,18684,18684,1,1,1.0
18683,18684,18684,1,1,1.0
18683,18685,18685,1,1,1.0
18683,18685,18685,1,1,1.0
18683,18685,18685,1,1,1.0
18683,18684,18684,1,1,1.0
18683,18684,18684,1,1,1.0
18683,18684,18684,4,4,4.0
18683,18684,18684,1,1,1.0
18684,18685,18684,1,-1,1.0
18684,18685,18684,1,-1,1.0
18683,18685,18685,1,1,1.0
18684,18685,18684,1,-1,1.0
18684,18685,18683,3,-3,3.0
18684,18685,18684,1,-1,1.0
18684,18685,18685,1,1,1.0
18684,18685,18683,1,-1,1.0
18684,18685,18685,1,1,1.0
18683,18684,18683,1,-1,1.0
18683,18684,18684,2,2,2.0
18683,18684,18683,1,-1,1.0
18683,18684,18683,1,-1,1.0
18683,18684,18684,1,1,1.0
18683,18684,18684,1,1,1.0
18683,18684,18683,1,-1,1.0
18683,18684,18684,2,2,2.0
18683,18684,18684,1,1,1.0
18683,18684,18683,1,-1,1.0
18683,18684,18684,1,1,1.0
18683,18684,18683,1,-1,1.0
18683,18684,18683,1,-1,1.0
18682,18684,18682,1,-1,1.0
18682,18684,18684,1,1,1.0
18682,18684,18684,1,1,1.0
18683,18684,18683,1,-1,1.0
18683,18684,18684,2,2,2.0
18683,18684,18683,1,-1,1.0
18682,18684,18684,1,1,1.0
18683,18684,18683,1,-1,1.0
18683,18684,18684,1,1,1.0
18683,18684,18684,1,1,1.0
18683,18684,18683,10,-10,10.0
18683,18684,18683,1,-1,1.0
18683,18684,18683,1,-1,1.0
18683,18684,18682,5,-5,5.0
18682,18683,18682,1,-1,1.0
18682,18683,18683,1,1,1.0
18682,18684,18684,5,5,5.0
18683,18684,18684,2,2,2.0
18683,18684,18683,1,-1,1.0
18683,18684,18684,1,1,1.0
18683,18684,18683,1,-1,1.0
18683,18684,18684,1,1,1.0
18683,18684,18684,1,1,1.0
18683,18684,18684,1,1,1.0
18683,18684,18684,1,1,1.0
18683,18684,18684,5,5,5.0
18683,18684,18684,1,1,1.0
18683,18684,18684,1,1,1.0
18683,18684,18684,1,1,1.0
18683,18684,18683,1,-1,1.0
18683,18685,18685,1,1,1.0
18683,18685,18685,1,1,1.0
18683,18684,18684,1,1,1.0
18683,18685,18684,1,1,-1.0
18683,18685,18685,7,7,7.0
18683,18685,18685,1,1,1.0
18683,18685,18685,1,1,1.0
18683,18685,18683,2,-2,2.0
18683,18685,18685,1,1,1.0
18684,18685,18685,4,4,4.0
18684,18685,18685,1,1,1.0
18684,18685,18685,1,1,1.0
18684,18685,18684,2,-2,2.0
18684,18685,18685,1,1,1.0
18684,18685,18684,1,-1,1.0
18684,18685,18685,1,1,1.0
18685,18686,18685,1,-1,1.0
18685,18686,18685,1,-1,1.0
18685,18686,18686,1,1,1.0
18685,18686,18686,1,1,1.0
18685,18686,18686,1,1,1.0
18685,18686,18685,1,-1,1.0
18685,18686,18685,2,-2,2.0
18685,18686,18686,1,1,1.0
18685,18686,18685,1,-1,1.0
18685,18686,18685,1,-1,1.0
18685,18686,18685,1,-1,1.0
18685,18686,18685,1,-1,1.0
18685,18686,18686,2,2,2.0
18685,18686,18686,1,1,1.0
18685,18686,18685,1,-1,1.0
18685,18686,18685,1,-1,1.0
18685,18686,18686,2,2,2.0
18685,18686,18686,2,2,2.0
18685,18686,18686,1,1,1.0
18685,18686,18686,2,2,2.0
18685,18686,18687,1,1,-1.0
18685,18687,18687,1,1,1.0
18685,18687,18687,1,1,1.0
18685,18687,18687,1,1,1.0
18685,18687,18685,1,-1,1.0
18685,18687,18687,2,2,2.0
18685,18687,18686,1,1,-1.0
18685,18687,18686,1,1,-1.0
18685,18686,18686,1,1,1.0
18685,18687,18685,1,-1,1.0
18686,18687,18687,4,4,4.0
18686,18687,18686,1,-1,1.0
18686,18687,18687,1,1,1.0
18686,18687,18687,1,1,1.0
18686,18687,18687,2,2,2.0
18686,18687,18686,1,-1,1.0
18686,18687,18687,1,1,1.0
18686,18687,18686,1,-1,1.0
18686,18687,18687,1,1,1.0
18686,18687,18687,1,1,1.0
18686,18687,18686,1,-1,1.0
18686,18687,18687,1,1,1.0
18686,18687,18686,1,-1,1.0
18686,18687,18687,1,1,1.0
18686,18687,18686,5,-5,5.0
18686,18687,18687,1,1,1.0
18686,18687,18687,3,3,3.0
18686,18687,18686,1,-1,1.0
18686,18687,18686,1,-1,1.0
18686,18687,18687,1,1,1.0
18686,18687,18687,18,18,18.0
18687,18688,18688,5,5,5.0
18687,18688,18687,5,-5,5.0
18687,18688,18688,1,1,1.0
18687,18688,18688,1,1,1.0
18687,18688,18688,2,2,2.0
18687,18688,18687,1,-1,1.0
18687,18688,18687,3,-3,3.0
18686,18687,18686,1,-1,1.0
18686,18687,18686,1,-1,1.0
18686,18687,18687,1,1,1.0
18686,18687,18687,1,1,1.0
18686,18687,18686,3,-3,3.0
18686,18687,18687,1,1,1.0
18686,18687,18687,2,2,2.0
18686,18687,18687,1,1,1.0
18686,18687,18687,3,3,3.0
18686,18687,18687,1,1,1.0
18687,18688,18688,3,3,3.0
18687,18688,18687,1,-1,1.0
18687,18688,18688,2,2,2.0
18687,18688,18688,1,1,1.0
18687,18688,18688,3,3,3.0
18687,18688,18688,1,1,1.0
18687,18688,18688,8,8,8.0
18687,18688,18688,1,1,1.0
18687,18688,18688,1,1,1.0
18688,18689,18688,2,-2,2.0
18688,18689,18688,1,-1,1.0
18688,18689,18689,1,1,1.0
18688,18689,18689,1,1,1.0
18688,18689,18689,1,1,1.0
18688,18689,18689,1,1,1.0
18688,18689,18689,1,1,1.0
18688,18689,18688,1,-1,1.0
18688,18689,18689,2,2,2.0
18688,18689,18689,5,5,5.0
18689,18690,18689,5,-5,5.0
18689,18690,18690,2,2,2.0
18689,18690,18690,3,3,3.0
18689,18690,18690,1,1,1.0
18689,18690,18690,1,1,1.0
18689,18690,18690,2,2,2.0
18689,18690,18690,1,1,1.0
18689,18690,18690,2,2,2.0
18689,18690,18690,1,1,1.0
18689,18690,18689,3,-3,3.0
18689,18690,18689,3,-3,3.0
18688,18689,18689,1,1,1.0
18688,18689,18689,1,1,1.0
18688,18689,18689,1,1,1.0
18688,18689,18689,1,1,1.0
18688,18689,18689,2,2,2.0
18688,18689,18689,1,1,1.0
18688,18689,18689,1,1,1.0
18688,18689,18689,1,1,1.0
18688,18689,18689,1,1,1.0
18689,18690,18690,1,1,1.0
18689,18690,18689,2,-2,2.0
18689,18690,18690,1,1,1.0
18689,18690,18690,3,3,3.0
18689,18690,18690,2,2,2.0
18689,18690,18690,1,1,1.0
18689,18690,18689,4,-4,4.0
18689,18690,18690,1,1,1.0
18689,18690,18690,1,1,1.0
18690,18691,18690,2,-2,2.0
18689,18690,18690,1,1,1.0
18689,18690,18690,1,1,1.0
18689,18690,18690,1,1,1.0
18689,18690,18690,1,1,1.0
18689,18690,18689,1,-1,1.0
18689,18690,18691,1,1,-1.0
18689,18690,18691,1,1,-1.0
18689,18691,18691,1,1,1.0
18689,18691,18691,1,1,1.0
18689,18691,18689,1,-1,1.0
18689,18691,18690,2,-2,2.0
18690,18691,18691,1,1,1.0
18690,18691,18691,1,1,1.0
18690,18691,18690,2,-2,2.0
18690,18691,18690,2,-2,2.0
18690,18691,18691,1,1,1.0
18690,18691,18690,1,-1,1.0
18690,18691,18690,1,-1,1.0
18690,18691,18690,1,-1,1.0
18690,18691,18691,1,1,1.0
18690,18691,18691,1,1,1.0
18690,18691,18691,1,1,1.0
18690,18691,18691,1,1,1.0
18690,18691,18691,2,2,2.0
18690,18691,18690,2,-2,2.0
18690,18691,18691,1,1,1.0
18690,18691,18691,2,2,2.0
18690,18691,18691,1,1,1.0
18690,18691,18691,5,5,5.0
18690,18691,18691,2,2,2.0
18690,18691,18691,1,1,1.0
18690,18691,18690,1,-1,1.0
18690,18691,18691,1,1,1.0
18691,18692,18691,1,-1,1.0
18691,18692,18691,1,-1,1.0
18691,18692,18691,1,-1,1.0
18691,18692,18691,2,-2,2.0
18690,18691,18690,1,-1,1.0
18690,18691,18690,1,-1,1.0
18690,18691,18690,3,-3,3.0
18690,18691,18690,2,-2,2.0
18690,18691,18690,1,-1,1.0
18690,18691,18690,1,-1,1.0
18690,18691,18690,1,-1,1.0
18690,18691,18691,1,1,1.0
18690,18691,18691,2,2,2.0
18690,18692,18690,1,-1,1.0
18690,18692,18691,2,-2,2.0
18690,18691,18691,1,1,1.0
18691,18692,18691,1,-1,1.0
18691,18692,18692,4,4,4.0
18691,18692,18692,1,1,1.0
18691,18692,18692,1,1,1.0
18691,18692,18692,2,2,2.0
18691,18692,18692,1,1,1.0
18691,18692,18692,1,1,1.0
18691,18692,18692,1,1,1.0
18691,18692,18692,1,1,1.0
18692,18693,18692,2,-2,2.0
18692,18693,18693,1,1,1.0
18692,18693,18693,1,1,1.0
18692,18693,18693,1,1,1.0
18692,18693,18693,3,3,3.0
18692,18693,18693,3,3,3.0
18692,18693,18693,2,2,2.0
18692,18693,18693,1,1,1.0
18692,18693,18693,1,1,1.0
18692,18694,18694,5,5,5.0
18692,18694,18694,10,10,10.0
18692,18694,18694,2,2,2.0
18693,18695,18693,2,-2,2.0
18693,18695,18694,1,-1,1.0
18693,18695,18694,1,-1,1.0
18694,18695,18695,1,1,1.0
18694,18695,18694,2,-2,2.0
18694,18695,18693,2,-2,2.0
18694,18695,18695,30,30,30.0
18694,18695,18695,1,1,1.0
18694,18695,18694,2,-2,2.0
18694,18696,18696,5,5,5.0
18694,18696,18696,5,5,5.0
18694,18696,18696,3,3,3.0
18694,18696,18697,2,2,-2.0
18694,18696,18696,2,2,2.0
18694,18696,18696,1,1,1.0
18694,18696,18696,1,1,1.0
18694,18696,18696,2,2,2.0
18694,18696,18697,6,6,-6.0
18694,18696,18697,22,22,-22.0
18694,18696,18698,8,8,-8.0
18694,18696,18697,3,3,-3.0
18696,18697,18697,1,1,1.0
18696,18697,18697,1,1,1.0
18696,18697,18697,1,1,1.0
18696,18697,18697,1,1,1.0
18696,18697,18697,4,4,4.0
18696,18697,18698,6,6,-6.0
18696,18697,18697,1,1,1.0
18696,18697,18697,2,2,2.0
18696,18697,18698,1,1,-1.0
18696,18698,18698,1,1,1.0
18696,18698,18698,1,1,1.0
18696,18698,18698,1,1,1.0
18696,18698,18698,1,1,1.0
18696,18698,18698,2,2,2.0
18696,18698,18698,2,2,2.0
18696,18698,18698,1,1,1.0
18696,18698,18696,1,-1,1.0
18697,18698,18698,1,1,1.0
18697,18698,18697,1,-1,1.0
18697,18698,18697,1,-1,1.0
18697,18698,18698,1,1,1.0
18697,18698,18697,1,-1,1.0
18697,18698,18698,1,1,1.0
18697,18698,18698,1,1,1.0
18697,18698,18697,2,-2,2.0
18697,18698,18697,2,-2,2.0
18697,18698,18697,2,-2,2.0
18697,18698,18698,3,3,3.0
18697,18698,18698,1,1,1.0
18697,18698,18697,1,-1,1.0
18697,18698,18697,1,-1,1.0
18697,18698,18697,1,-1,1.0
18697,18698,18697,1,-1,1.0
18697,18698,18698,1,1,1.0
18697,18698,18697,5,-5,5.0
18697,18698,18698,1,1,1.0
18697,18698,18697,1,-1,1.0
18696,18698,18698,1,1,1.0
18696,18698,18696,1,-1,1.0
18697,18698,18697,3,-3,3.0
18696,18697,18697,1,1,1.0
18696,18697,18697,1,1,1.0
18696,18697,18698,1,1,-1.0
18696,18697,18698,1,1,-1.0
18697,18698,18698,1,1,1.0
18697,18698,18698,2,2,2.0
18697,18698,18698,5,5,5.0
18697,18698,18697,3,-3,3.0
18697,18698,18697,2,-2,2.0
18697,18698,18698,1,1,1.0
18697,18698,18698,1,1,1.0
18697,18698,18697,1,-1,1.0
18697,18698,18697,2,-2,2.0
18697,18698,18698,1,1,1.0
18697,18698,18698,1,1,1.0
18697,18698,18697,1,-1,1.0
18697,18698,18697,1,-1,1.0
18697,18698,18698,1,1,1.0
18697,18698,18698,1,1,1.0
18697,18698,18698,1,1,1.0
18697,18699,18697,1,-1,1.0
18697,18699,18699,1,1,1.0
18697,18699,18699,1,1,1.0
18697,18699,18699,3,3,3.0
18698,18699,18699,5,5,5.0
18698,18699,18699,3,3,3.0
18698,18699,18699,2,2,2.0
18698,18699,18699,1,1,1.0
18698,18699,18699,4,4,4.0
18698,18699,18699,1,1,1.0
18698,18699,18699,1,1,1.0
18698,18699,18699,4,4,4.0
18698,18699,18699,1,1,1.0
18698,18699,18699,1,1,1.0
18698,18699,18699,1,1,1.0
18698,18699,18698,1,-1,1.0
18698,18699,18699,7,7,7.0
18698,18699,18699,1,1,1.0
18698,18699,18699,1,1,1.0
18698,18699,18699,1,1,1.0
18698,18699,18699,1,1,1.0
18698,18699,18698,4,-4,4.0
18698,18699,18698,3,-3,3.0
18698,18699,18699,1,1,1.0
18698,18699,18699,2,2,2.0
18698,18699,18699,1,1,1.0
18699,18700,18699,1,-1,1.0
18699,18700,18699,1,-1,1.0
18699,18700,18700,3,3,3.0
18699,18700,18700,2,2,2.0
18699,18700,18700,1,1,1.0
18699,18700,18700,1,1,1.0
18699,18700,18700,1,1,1.0
18699,18700,18700,1,1,1.0
18699,18700,18700,1,1,1.0
18699,18700,18700,1,1,1.0
18699,18700,18700,1,1,1.0
18699,18700,18700,1,1,1.0
18699,18700,18700,1,1,1.0
18699,18700,18700,3,3,3.0
18699,18700,18700,1,1,1.0
18699,18700,18700,3,3,3.0
18699,18700,18700,1,1,1.0
18699,18700,18700,1,1,1.0
18699,18700,18699,1,-1,1.0
18699,18700,18700,1,1,1.0
18699,18700,18700,6,6,6.0
18699,18700,18700,1,1,1.0
18699,18700,18699,1,-1,1.0
18699,18700,18700,1,1,1.0
18699,18700,18700,1,1,1.0
18699,18700,18699,1,-1,1.0
18699,18700,18700,1,1,1.0
18699,18700,18700,5,5,5.0
18699,18700,18700,1,1,1.0
18699,18700,18699,1,-1,1.0
18699,18700,18700,2,2,2.0
18699,18700,18700,1,1,1.0
18699,18700,18699,1,-1,1.0
18699,18700,18699,1,-1,1.0
18699,18700,18700,1,1,1.0
18699,18700,18699,2,-2,2.0
18699,18700,18700,1,1,1.0
18699,18700,18699,3,-3,3.0
18699,18700,18699,2,-2,2.0
18699,18700,18699,1,-1,1.0
18699,18700,18699,2,-2,2.0
18699,18700,18699,3,-3,3.0
18698,18700,18700,2,2,2.0
18698,18700,18700,2,2,2.0
18698,18700,18700,1,1,1.0
18698,18700,18700,1,1,1.0
18699,18700,18699,1,-1,1.0
18699,18700,18700,1,1,1.0
18699,18700,18700,1,1,1.0
18699,18700,18699,1,-1,1.0
18699,18700,18699,1,-1,1.0
18699,18700,18699,1,-1,1.0
18699,18700,18699,3,-3,3.0
18699,18700,18700,1,1,1.0
18699,18700,18699,1,-1,1.0
18699,18700,18700,5,5,5.0
18699,18700,18699,2,-2,2.0
18699,18700,18699,1,-1,1.0
18699,18700,18699,1,-1,1.0
18699,18700,18699,1,-1,1.0
18699,18700,18698,1,-1,1.0
18699,18700,18700,4,4,4.0
18699,18700,18699,1,-1,1.0
18699,18700,18700,3,3,3.0
18699,18700,18701,1,1,-1.0
18699,18701,18701,1,1,1.0
18699,18701,18701,1,1,1.0
18699,18700,18700,1,1,1.0
18699,18700,18701,3,3,-3.0
18699,18700,18701,1,1,-1.0
18699,18701,18699,4,-4,4.0
18699,18701,18701,1,1,1.0
18699,18701,18700,1,1,-1.0
18699,18700,18699,1,-1,1.0
18699,18700,18700,1,1,1.0
18699,18700,18699,1,-1,1.0
18699,18700,18700,1,1,1.0
18699,18701,18701,1,1,1.0
18699,18700,18699,1,-1,1.0
18699,18700,18700,1,1,1.0
18699,18700,18700,1,1,1.0
18699,18700,18700,1,1,1.0
18699,18700,18699,1,-1,1.0
18699,18700,18699,1,-1,1.0
18699,18700,18700,5,5,5.0
18700,18701,18700,3,-3,3.0
18700,18701,18700,1,-1,1.0
18700,18701,18700,1,-1,1.0
18699,18701,18699,1,-1,1.0
18699,18700,18700,1,1,1.0
18699,18700,18699,2,-2,2.0
18699,18700,18700,1,1,1.0
18699,18701,18700,1,1,-1.0
18699,18701,18701,4,4,4.0
18699,18700,18700,1,1,1.0
18699,18701,18700,1,1,-1.0
18699,18700,18700,2,2,2.0
18699,18700,18700,1,1,1.0
18699,18700,18700,1,1,1.0
18699,18700,18700,5,5,5.0
18699,18701,18699,20,-20,20.0
18699,18701,18699,3,-3,3.0
18699,18701,18699,1,-1,1.0
18699,18701,18699,1,-1,1.0
18698,18699,18699,1,1,1.0
18698,18699,18699,1,1,1.0
18698,18699,18699,3,3,3.0
18698,18699,18698,2,-2,2.0
18698,18699,18698,1,-1,1.0
18698,18699,18699,1,1,1.0
18698,18699,18698,1,-1,1.0
18698,18699,18699,2,2,2.0
18698,18699,18699,1,1,1.0
18698,18699,18699,7,7,7.0
18698,18700,18700,2,2,2.0
18698,18700,18698,3,-3,3.0
18698,18700,18698,1,-1,1.0
18699,18700,18699,1,-1,1.0
18699,18700,18699,1,-1,1.0
18699,18700,18699,1,-1,1.0
18699,18700,18700,1,1,1.0
18699,18700,18700,3,3,3.0
18699,18701,18699,1,-1,1.0
18699,18701,18699,1,-1,1.0
18699,18701,18700,1,-1,1.0
18699,18701,18701,1,1,1.0
18699,18701,18701,4,4,4.0
18700,18701,18701,5,5,5.0
18700,18701,18701,1,1,1.0
18700,18701,18701,1,1,1.0
18700,18701,18700,2,-2,2.0
18700,18701,18700,1,-1,1.0
18700,18701,18701,1,1,1.0
18700,18701,18701,1,1,1.0
18700,18701,18700,7,-7,7.0
18700,18701,18701,1,1,1.0
18700,18701,18701,1,1,1.0
18700,18701,18701,1,1,1.0
18700,18701,18701,1,1,1.0
18700,18701,18701,1,1,1.0
18700,18701,18701,1,1,1.0
18700,18701,18701,1,1,1.0
18700,18701,18701,1,1,1.0
18700,18701,18701,1,1,1.0
18700,18702,18701,1,1,-1.0
18700,18702,18701,1,1,-1.0
18700,18702,18700,1,-1,1.0
18700,18702,18701,1,-1,1.0
18700,18702,18700,1,-1,1.0
18700,18701,18700,2,-2,2.0
18700,18701,18700,1,-1,1.0
18700,18701,18700,1,-1,1.0
18700,18701,18701,1,1,1.0
18700,18701,18701,1,1,1.0
18700,18701,18701,1,1,1.0
18700,18701,18701,4,4,4.0
18700,18701,18701,1,1,1.0
18700,18701,18701,1,1,1.0
18700,18701,18701,1,1,1.0
18700,18701,18701,1,1,1.0
18700,18701,18701,1,1,1.0
18701,18702,18702,1,1,1.0
18701,18702,18702,1,1,1.0
18701,18702,18702,1,1,1.0
18701,18702,18701,1,-1,1.0
18701,18702,18702,2,2,2.0
18701,18702,18702,3,3,3.0
18701,18702,18701,1,-1,1.0
18701,18702,18702,1,1,1.0
18701,18702,18702,1,1,1.0
18701,18702,18701,1,-1,1.0
18701,18702,18702,1,1,1.0
18701,18702,18702,1,1,1.0
18701,18702,18701,1,-1,1.0
18701,18702,18701,1,-1,1.0
18700,18702,18702,1,1,1.0
18700,18702,18702,1,1,1.0
18700,18701,18701,1,1,1.0
18700,18702,18702,1,1,1.0
18700,18701,18701,1,1,1.0
18700,18701,18701,1,1,1.0
18700,18701,18701,1,1,1.0
18700,18701,18701,1,1,1.0
18700,18701,18700,1,-1,1.0
18700,18701,18700,1,-1,1.0
18700,18701,18701,1,1,1.0
18700,18701,18700,1,-1,1.0
18700,18701,18701,1,1,1.0
18700,18701,18701,1,1,1.0
18700,18701,18700,1,-1,1.0
18700,18701,18701,1,1,1.0
18700,18701,18701,1,1,1.0
18700,18701,18701,1,1,1.0
18700,18701,18701,1,1,1.0
18700,18701,18701,1,1,1.0
18700,18701,18701,1,1,1.0
18701,18702,18702,1,1,1.0
18701,18702,18701,1,-1,1.0
18701,18702,18702,2,2,2.0
18701,18702,18702,2,2,2.0
18701,18702,18701,1,-1,1.0
18701,18702,18701,2,-2,2.0
18701,18702,18702,4,4,4.0
18701,18702,18702,1,1,1.0
18701,18702,18701,1,-1,1.0
18701,18702,18702,1,1,1.0
18701,18702,18701,2,-2,2.0
18700,18702,18701,1,-1,1.0
18700,18702,18701,1,-1,1.0
18701,18702,18702,1,1,1.0
18701,18702,18702,9,9,9.0
18701,18702,18702,9,9,9.0
18701,18703,18702,2,2,-2.0
18701,18703,18702,1,1,-1.0
18702,18703,18703,10,10,10.0
18702,18704,18704,2,2,2.0
18702,18704,18704,1,1,1.0
18702,18704,18704,1,1,1.0
18702,18704,18704,2,2,2.0
18702,18704,18704,1,1,1.0
18703,18704,18703,2,-2,2.0
18703,18704,18703,4,-4,4.0
18703,18704,18702,1,-1,1.0
18703,18704,18704,2,2,2.0
18703,18704,18704,1,1,1.0
18703,18704,18704,4,4,4.0
18703,18704,18703,3,-3,3.0
18704,18705,18704,1,-1,1.0
18703,18704,18704,1,1,1.0
18703,18704,18704,1,1,1.0
18703,18704,18704,1,1,1.0
18703,18704,18705,2,2,-2.0
18703,18705,18705,3,3,3.0
18703,18705,18705,3,3,3.0
18703,18705,18705,3,3,3.0
18703,18705,18705,3,3,3.0
18703,18705,18705,2,2,2.0
18703,18705,18703,1,-1,1.0
18703,18705,18703,1,-1,1.0
18703,18705,18705,3,3,3.0
18703,18705,18705,1,1,1.0
18703,18705,18703,1,-1,1.0
18703,18705,18705,1,1,1.0
18703,18705,18703,2,-2,2.0
18703,18705,18705,1,1,1.0
18704,18705,18705,2,2,2.0
18704,18705,18704,2,-2,2.0
18704,18705,18705,2,2,2.0
18704,18705,18705,1,1,1.0
18704,18705,18704,3,-3,3.0
18704,18705,18704,1,-1,1.0
18702,18704,18703,1,-1,1.0
18702,18704,18704,2,2,2.0
18703,18704,18704,1,1,1.0
18703,18704,18704,1,1,1.0
18703,18705,18705,1,1,1.0
18703,18705,18705,1,1,1.0
18703,18705,18704,2,2,-2.0
18703,18705,18704,4,4,-4.0
18704,18705,18705,2,2,2.0
18704,18705,18705,1,1,1.0
18704,18705,18705,11,11,11.0
18704,18706,18706,19,19,19.0
18705,18707,18707,2,2,2.0
18705,18707,18705,2,-2,2.0
18705,18707,18707,2,2,2.0
18705,18707,18707,2,2,2.0
18705,18707,18707,1,1,1.0
18705,18707,18707,3,3,3.0
18705,18707,18705,1,-1,1.0
18706,18707,18707,1,1,1.0
18706,18707,18706,1,-1,1.0
18706,18707,18707,1,1,1.0
18706,18707,18707,1,1,1.0
18706,18707,18707,2,2,2.0
18706,18707,18707,1,1,1.0
18706,18707,18707,1,1,1.0
18706,18707,18708,1,1,-1.0
18706,18707,18707,1,1,1.0
18706,18708,18708,2,2,2.0
18706,18708,18708,3,3,3.0
18706,18708,18708,1,1,1.0
18706,18708,18706,5,-5,5.0
18705,18708,18708,1,1,1.0
18706,18708,18708,2,2,2.0
18706,18707,18707,1,1,1.0
18706,18708,18708,1,1,1.0
18706,18708,18708,1,1,1.0
18706,18708,18708,1,1,1.0
18706,18708,18707,4,4,-4.0
18706,18708,18708,1,1,1.0
18706,18708,18708,1,1,1.0
18707,18708,18708,2,2,2.0
18707,18708,18707,1,-1,1.0
18707,18708,18708,1,1,1.0
18707,18708,18708,1,1,1.0
18707,18708,18707,3,-3,3.0
18706,18707,18706,2,-2,2.0
18705,18706,18706,1,1,1.0
18705,18706,18706,1,1,1.0
18705,18707,18707,1,1,1.0
18706,18707,18707,1,1,1.0
18706,18707,18707,1,1,1.0
18706,18707,18706,1,-1,1.0
18705,18707,18707,1,1,1.0
18705,18707,18705,5,-5,5.0
18705,18707,18705,1,-1,1.0
18705,18706,18706,3,3,3.0
18706,18707,18707,1,1,1.0
18706,18707,18707,2,2,2.0
18706,18707,18707,1,1,1.0
18706,18707,18707,1,1,1.0
18706,18707,18706,1,-1,1.0
18706,18707,18706,1,-1,1.0
18706,18707,18707,1,1,1.0
18706,18707,18706,1,-1,1.0
18706,18707,18707,2,2,2.0
18706,18707,18707,1,1,1.0
18706,18707,18706,1,-1,1.0
18706,18707,18707,1,1,1.0
18706,18707,18706,5,-5,5.0
18706,18707,18707,5,5,5.0
18706,18707,18706,2,-2,2.0
18706,18707,18706,1,-1,1.0
18706,18707,18707,4,4,4.0
18706,18707,18707,1,1,1.0
18706,18707,18707,1,1,1.0
18706,18707,18707,3,3,3.0
18706,18708,18708,4,4,4.0
18706,18708,18706,1,-1,1.0
18706,18708,18708,1,1,1.0
18706,18708,18706,10,-10,10.0
18706,18708,18706,5,-5,5.0
18707,18708,18707,1,-1,1.0
18707,18708,18708,1,1,1.0
18707,18708,18708,3,3,3.0
18707,18708,18708,2,2,2.0
18707,18708,18707,3,-3,3.0
18707,18708,18708,1,1,1.0
18707,18708,18707,12,-12,12.0
18706,18707,18706,2,-2,2.0
18706,18707,18707,5,5,5.0
18706,18707,18706,1,-1,1.0
18706,18707,18707,1,1,1.0
18706,18707,18706,1,-1,1.0
18706,18707,18706,1,-1,1.0
18706,18707,18707,1,1,1.0
18706,18707,18706,2,-2,2.0
18706,18707,18706,2,-2,2.0
18706,18707,18706,2,-2,2.0
18706,18707,18706,3,-3,3.0
18706,18707,18706,1,-1,1.0
18706,18707,18706,1,-1,1.0
18706,18707,18706,1,-1,1.0
18705,18706,18706,2,2,2.0
18705,18707,18706,1,1,-1.0
18705,18707,18705,2,-2,2.0
18705,18707,18706,1,-1,1.0
18705,18706,18705,2,-2,2.0
18705,18706,18705,10,-10,10.0
18705,18706,18705,4,-4,4.0
18705,18706,18705,1,-1,1.0
18705,18706,18705,1,-1,1.0
18705,18706,18705,1,-1,1.0
18705,18706,18705,1,-1,1.0
18704,18706,18706,1,1,1.0
18704,18706,18706,1,1,1.0
18704,18706,18706,1,1,1.0
18704,18706,18706,1,1,1.0
18705,18706,18706,1,1,1.0
18705,18706,18706,1,1,1.0
18705,18706,18705,3,-3,3.0
18705,18706,18705,1,-1,1.0
18705,18706,18705,1,-1,1.0
18705,18706,18705,2,-2,2.0
18705,18706,18705,1,-1,1.0
18705,18706,18705,1,-1,1.0
18705,18706,18705,1,-1,1.0
18705,18706,18705,1,-1,1.0
18705,18706,18706,2,2,2.0
18705,18706,18706,3,3,3.0
18705,18706,18706,4,4,4.0
18705,18706,18705,2,-2,2.0
18705,18706,18706,1,1,1.0
18705,18706,18705,1,-1,1.0
18705,18706,18706,1,1,1.0
18705,18706,18707,2,2,-2.0
18705,18706,18707,7,7,-7.0
18705,18706,18707,3,3,-3.0
18705,18706,18706,1,1,1.0
18705,18706,18707,1,1,-1.0
18706,18708,18706,1,-1,1.0
18706,18708,18706,1,-1,1.0
18706,18708,18708,1,1,1.0
18706,18708,18708,3,3,3.0
18706,18708,18706,2,-2,2.0
18706,18708,18708,2,2,2.0
18706,18708,18708,1,1,1.0
18706,18708,18706,1,-1,1.0
18705,18706,18705,1,-1,1.0
18705,18706,18706,2,2,2.0
18705,18706,18707,2,2,-2.0
18705,18706,18705,1,-1,1.0
18705,18707,18705,1,-1,1.0
18705,18707,18705,1,-1,1.0
18705,18707,18705,1,-1,1.0
18705,18707,18705,1,-1,1.0
18705,18707,18705,1,-1,1.0
18705,18706,18705,2,-2,2.0
18705,18707,18705,1,-1,1.0
18705,18707,18707,2,2,2.0
18705,18707,18705,1,-1,1.0
18705,18707,18705,2,-2,2.0
18705,18707,18705,2,-2,2.0
18705,18707,18705,1,-1,1.0
18705,18706,18705,1,-1,1.0
18705,18706,18704,1,-1,1.0
18704,18706,18704,1,-1,1.0
18704,18706,18706,2,2,2.0
18704,18706,18706,1,1,1.0
18704,18706,18704,1,-1,1.0
18704,18706,18704,1,-1,1.0
18704,18705,18704,5,-5,5.0
18704,18705,18704,2,-2,2.0
18704,18705,18704,5,-5,5.0
18704,18705,18704,1,-1,1.0
18704,18705,18704,1,-1,1.0
18704,18705,18704,1,-1,1.0
18704,18705,18704,1,-1,1.0
18704,18705,18704,1,-1,1.0
18704,18705,18704,1,-1,1.0
18704,18705,18704,1,-1,1.0
18704,18705,18704,6,-6,6.0
18703,18704,18703,15,-15,15.0
18702,18703,18702,3,-3,3.0
18702,18703,18702,3,-3,3.0
18702,18703,18702,3,-3,3.0
18702,18703,18702,3,-3,3.0
18702,18703,18702,2,-2,2.0
18702,18703,18702,15,-15,15.0
18702,18703,18702,5,-5,5.0
18702,18703,18702,1,-1,1.0
18702,18703,18702,1,-1,1.0
18702,18703,18702,1,-1,1.0
18702,18703,18702,1,-1,1.0
18702,18703,18702,2,-2,2.0
18702,18703,18702,3,-3,3.0
18702,18703,18702,1,-1,1.0
18702,18703,18701,5,-5,5.0
18701,18703,18701,4,-4,4.0
18701,18703,18701,3,-3,3.0
18701,18703,18700,1,-1,1.0
18700,18702,18701,1,-1,1.0
18700,18702,18700,1,-1,1.0
18700,18702,18700,1,-1,1.0
18700,18702,18702,1,1,1.0
18701,18702,18701,1,-1,1.0
18701,18702,18701,1,-1,1.0
18701,18702,18701,1,-1,1.0
18701,18702,18701,1,-1,1.0
18701,18702,18701,1,-1,1.0
18700,18701,18700,1,-1,1.0
18700,18701,18700,2,-2,2.0
18700,18701,18700,5,-5,5.0
18700,18701,18700,1,-1,1.0
18700,18701,18700,1,-1,1.0
18700,18701,18700,1,-1,1.0
18700,18701,18700,1,-1,1.0
18700,18701,18700,1,-1,1.0
18700,18701,18700,1,-1,1.0
18700,18701,18700,2,-2,2.0
18700,18701,18700,1,-1,1.0
18700,18701,18700,1,-1,1.0
18700,18701,18700,1,-1,1.0
18700,18701,18700,1,-1,1.0
18700,18701,18700,1,-1,1.0
18700,18701,18700,4,-4,4.0
18700,18701,18700,1,-1,1.0
18700,18701,18700,1,-1,1.0
18700,18701,18700,1,-1,1.0
18700,18701,18700,1,-1,1.0
18700,18701,18700,2,-2,2.0
18699,18700,18699,1,-1,1.0
18699,18700,18699,1,-1,1.0
18699,18700,18699,1,-1,1.0
18699,18700,18699,1,-1,1.0
18699,18700,18699,1,-1,1.0
18699,18700,18699,2,-2,2.0
18698,18700,18698,1,-1,1.0
18698,18700,18698,1,-1,1.0
18698,18699,18699,3,3,3.0
18698,18699,18698,1,-1,1.0
18698,18699,18698,1,-1,1.0
18698,18699,18698,1,-1,1.0
18698,18699,18698,1,-1,1.0
18698,18699,18699,2,2,2.0
18698,18699,18698,1,-1,1.0
18698,18699,18698,1,-1,1.0
18698,18699,18698,1,-1,1.0
18698,18699,18698,1,-1,1.0
18698,18699,18699,6,6,6.0
18698,18699,18698,1,-1,1.0
18698,18699,18699,5,5,5.0
18698,18699,18699,1,1,1.0
18698,18699,18698,5,-5,5.0
18698,18699,18698,1,-1,1.0
18698,18699,18699,1,1,1.0
18699,18700,18699,1,-1,1.0
18699,18701,18699,1,-1,1.0
18699,18701,18700,2,-2,2.0
18699,18701,18699,2,-2,2.0
18699,18701,18700,1,-1,1.0
18700,18701,18700,4,-4,4.0
18700,18701,18700,1,-1,1.0
18700,18701,18700,1,-1,1.0
18700,18701,18701,3,3,3.0
18700,18701,18702,2,2,-2.0
18700,18701,18700,1,-1,1.0
18700,18701,18700,1,-1,1.0
18700,18701,18701,2,2,2.0
18700,18701,18701,2,2,2.0
18700,18701,18701,1,1,1.0
18700,18701,18701,4,4,4.0
18700,18701,18702,1,1,-1.0
18700,18701,18701,3,3,3.0
18700,18701,18701,1,1,1.0
18700,18701,18701,1,1,1.0
18700,18701,18700,5,-5,5.0
18700,18701,18701,2,2,2.0
18700,18701,18700,1,-1,1.0
18700,18701,18700,3,-3,3.0
18700,18701,18700,2,-2,2.0
18700,18701,18700,1,-1,1.0
18700,18701,18701,2,2,2.0
18700,18701,18701,1,1,1.0
18700,18701,18701,3,3,3.0
18700,18701,18701,1,1,1.0
18700,18701,18700,2,-2,2.0
18700,18701,18701,1,1,1.0
18700,18701,18701,1,1,1.0
18700,18701,18700,2,-2,2.0
18700,18701,18701,1,1,1.0
18700,18701,18700,1,-1,1.0
18700,18701,18701,1,1,1.0
18700,18701,18701,1,1,1.0
18700,18701,18700,2,-2,2.0
18700,18701,18700,2,-2,2.0
18700,18701,18700,1,-1,1.0
18700,18701,18700,2,-2,2.0
18699,18700,18699,1,-1,1.0
18699,18700,18699,1,-1,1.0
18699,18700,18699,17,-17,17.0
18698,18699,18698,1,-1,1.0
18698,18699,18699,1,1,1.0
18698,18699,18698,3,-3,3.0
18698,18699,18698,1,-1,1.0
18698,18699,18699,2,2,2.0
18698,18699,18698,5,-5,5.0
18698,18699,18699,1,1,1.0
18698,18699,18698,1,-1,1.0
18698,18699,18699,1,1,1.0
18698,18699,18699,2,2,2.0
18698,18699,18699,1,1,1.0
18698,18699,18699,2,2,2.0
18698,18700,18700,1,1,1.0
18698,18700,18700,4,4,4.0
18699,18700,18699,2,-2,2.0
18699,18700,18700,1,1,1.0
18699,18700,18700,1,1,1.0
18699,18700,18700,2,2,2.0
18700,18701,18700,1,-1,1.0
18700,18701,18700,1,-1,1.0
18699,18701,18699,1,-1,1.0
18699,18700,18700,2,2,2.0
18700,18701,18700,1,-1,1.0
18700,18701,18700,1,-1,1.0
18700,18701,18701,1,1,1.0
18700,18701,18700,2,-2,2.0
18699,18701,18700,1,-1,1.0
18699,18700,18700,1,1,1.0
18699,18701,18700,1,1,-1.0
18699,18700,18700,1,1,1.0
18699,18700,18699,7,-7,7.0
18699,18700,18699,3,-3,3.0
18699,18700,18699,1,-1,1.0
18699,18700,18699,1,-1,1.0
18698,18699,18698,3,-3,3.0
18698,18699,18698,1,-1,1.0
18698,18699,18698,2,-2,2.0
18698,18699,18698,1,-1,1.0
18698,18699,18698,1,-1,1.0
18698,18699,18698,1,-1,1.0
18698,18699,18699,1,1,1.0
18698,18699,18699,1,1,1.0
18698,18699,18699,1,1,1.0
18698,18699,18699,1,1,1.0
18698,18700,18698,1,-1,1.0
18698,18700,18698,1,-1,1.0
18698,18700,18699,2,-2,2.0
18698,18699,18698,2,-2,2.0
18698,18699,18699,2,2,2.0
18699,18700,18700,1,1,1.0
18699,18700,18700,1,1,1.0
18699,18700,18700,1,1,1.0
18699,18700,18700,3,3,3.0
18699,18701,18699,2,-2,2.0
18699,18701,18701,1,1,1.0
18700,18701,18701,1,1,1.0
18700,18701,18701,3,3,3.0
18700,18701,18701,1,1,1.0
18700,18701,18701,3,3,3.0
18701,18702,18701,2,-2,2.0
18700,18702,18702,4,4,4.0
18701,18702,18702,1,1,1.0
18701,18702,18703,4,4,-4.0
18701,18703,18701,2,-2,2.0
18701,18702,18701,1,-1,1.0
18701,18703,18703,1,1,1.0
18701,18703,18703,1,1,1.0
18701,18703,18701,1,-1,1.0
18701,18703,18702,2,-2,2.0
18701,18703,18702,1,-1,1.0
18701,18703,18701,1,-1,1.0
18701,18702,18702,1,1,1.0
18701,18702,18701,1,-1,1.0
18701,18702,18701,1,-1,1.0
18700,18701,18700,3,-3,3.0
18699,18701,18699,1,-1,1.0
18699,18701,18699,1,-1,1.0
18699,18700,18700,1,1,1.0
18699,18700,18699,1,-1,1.0
18699,18700,18699,1,-1,1.0
18699,18700,18700,1,1,1.0
18700,18701,18700,2,-2,2.0
18699,18700,18699,1,-1,1.0
18699,18700,18699,1,-1,1.0
18699,18700,18699,1,-1,1.0
18699,18700,18699,1,-1,1.0
18699,18700,18699,1,-1,1.0
18698,18699,18699,1,1,1.0
18698,18700,18699,1,1,-1.0
18698,18700,18698,4,-4,4.0
18698,18700,18698,1,-1,1.0
18698,18700,18698,2,-2,2.0
18698,18700,18698,2,-2,2.0
18698,18700,18698,1,-1,1.0
18698,18700,18698,2,-2,2.0
18698,18700,18698,1,-1,1.0
18697,18698,18698,1,1,1.0
18697,18699,18697,1,-1,1.0
18697,18699,18697,1,-1,1.0
18697,18699,18698,1,-1,1.0
18697,18698,18697,1,-1,1.0
18697,18698,18698,1,1,1.0
18697,18699,18698,1,1,-1.0
18697,18699,18699,2,2,2.0
18697,18699,18698,1,1,-1.0
18697,18699,18697,4,-4,4.0
18697,18699,18697,1,-1,1.0
18697,18699,18697,1,-1,1.0
18697,18699,18699,1,1,1.0
18697,18699,18697,1,-1,1.0
18698,18700,18698,2,-2,2.0
18698,18700,18698,1,-1,1.0
18698,18700,18697,3,-3,3.0
18697,18699,18699,10,10,10.0
18698,18700,18699,2,2,-2.0
18698,18700,18700,8,8,8.0
18698,18700,18698,1,-1,1.0
18698,18699,18698,2,-2,2.0
18698,18699,18698,3,-3,3.0
18697,18699,18698,1,-1,1.0
18698,18699,18698,1,-1,1.0
18698,18699,18699,1,1,1.0
18698,18699,18699,1,1,1.0
18698,18699,18699,1,1,1.0
18698,18699,18699,1,1,1.0
18698,18699,18699,1,1,1.0
18699,18700,18699,1,-1,1.0
18699,18700,18700,3,3,3.0
18699,18700,18699,2,-2,2.0
18699,18700,18700,1,1,1.0
18699,18700,18700,1,1,1.0
18699,18700,18699,2,-2,2.0
18699,18700,18700,1,1,1.0
18699,18700,18699,1,-1,1.0
18699,18700,18699,2,-2,2.0
18698,18700,18698,2,-2,2.0
18699,18700,18699,5,-5,5.0
18698,18700,18698,2,-2,2.0
18698,18700,18700,1,1,1.0
18698,18699,18699,1,1,1.0
18698,18699,18699,1,1,1.0
18698,18700,18699,1,1,-1.0
18699,18700,18699,2,-2,2.0
18698,18699,18699,1,1,1.0
18698,18699,18699,1,1,1.0
18698,18699,18700,29,29,-29.0
18698,18699,18699,1,1,1.0
18699,18700,18699,1,-1,1.0
18699,18700,18700,22,22,22.0
18699,18700,18701,7,7,-7.0
18700,18701,18700,2,-2,2.0
18700,18701,18701,1,1,1.0
18700,18701,18701,1,1,1.0
18700,18701,18701,1,1,1.0
18700,18701,18701,1,1,1.0
18700,18701,18700,5,-5,5.0
18700,18702,18701,2,-2,2.0
18700,18702,18702,1,1,1.0
18700,18702,18702,1,1,1.0
18700,18702,18702,2,2,2.0
18701,18703,18703,4,4,4.0
18701,18703,18703,2,2,2.0
18701,18703,18703,1,1,1.0
18702,18703,18702,5,-5,5.0
18702,18703,18703,1,1,1.0
18702,18703,18703,2,2,2.0
18702,18703,18703,2,2,2.0
18703,18704,18704,3,3,3.0
18703,18704,18704,1,1,1.0
18704,18705,18704,1,-1,1.0
18703,18704,18704,1,1,1.0
18703,18704,18704,1,1,1.0
18703,18705,18703,4,-4,4.0
18703,18705,18702,1,-1,1.0
18703,18705,18704,1,-1,1.0
18703,18704,18704,1,1,1.0
18703,18704,18704,1,1,1.0
18703,18704,18704,1,1,1.0
18703,18705,18705,1,1,1.0
18703,18704,18704,1,1,1.0
18703,18705,18704,1,1,-1.0
18704,18705,18704,2,-2,2.0
18703,18705,18705,1,1,1.0
18703,18705,18705,1,1,1.0
18704,18705,18704,5,-5,5.0
18704,18705,18705,1,1,1.0
18704,18705,18704,1,-1,1.0
18704,18705,18705,2,2,2.0
18704,18705,18705,4,4,4.0
18704,18706,18705,2,2,-2.0
18704,18705,18704,2,-2,2.0
18704,18705,18705,1,1,1.0
18704,18705,18705,1,1,1.0
18704,18706,18705,1,1,-1.0
18704,18706,18704,1,-1,1.0
18704,18706,18705,1,-1,1.0
18705,18706,18705,1,-1,1.0
18705,18706,18706,3,3,3.0
18705,18706,18706,2,2,2.0
18705,18706,18706,1,1,1.0
18705,18706,18706,3,3,3.0
18705,18706,18706,1,1,1.0
18705,18706,18706,1,1,1.0
18705,18707,18705,1,-1,1.0
18705,18706,18706,2,2,2.0
18705,18706,18705,1,-1,1.0
18704,18706,18706,3,3,3.0
18705,18706,18705,2,-2,2.0
18705,18706,18706,5,5,5.0
18705,18707,18706,1,1,-1.0
18705,18706,18706,5,5,5.0
18705,18707,18705,2,-2,2.0
18705,18707,18705,1,-1,1.0
18705,18707,18705,3,-3,3.0
18705,18707,18705,1,-1,1.0
18704,18706,18706,1,1,1.0
18704,18706,18705,2,2,-2.0
18704,18706,18705,20,20,-20.0
18704,18706,18704,2,-2,2.0
18704,18705,18704,1,-1,1.0
18704,18705,18705,2,2,2.0
18704,18705,18704,2,-2,2.0
18704,18705,18704,4,-4,4.0
18704,18705,18704,4,-4,4.0
18704,18705,18704,3,-3,3.0
18704,18705,18703,2,-2,2.0
18703,18704,18703,2,-2,2.0
18703,18704,18703,3,-3,3.0
18702,18704,18702,1,-1,1.0
18702,18704,18702,1,-1,1.0
18702,18704,18702,8,-8,8.0
18702,18704,18702,1,-1,1.0
18701,18703,18701,1,-1,1.0
18701,18703,18702,1,-1,1.0
18702,18704,18701,2,-2,2.0
18701,18703,18701,1,-1,1.0
18701,18703,18701,1,-1,1.0
18701,18702,18702,1,1,1.0
18702,18703,18703,1,1,1.0
18702,18703,18702,2,-2,2.0
18702,18703,18702,3,-3,3.0
18702,18703,18702,1,-1,1.0
18702,18703,18703,1,1,1.0
18702,18703,18703,1,1,1.0
18702,18703,18703,2,2,2.0
18702,18703,18703,1,1,1.0
18702,18703,18703,1,1,1.0
18702,18703,18703,1,1,1.0
18702,18704,18702,3,-3,3.0
18703,18704,18704,2,2,2.0
18703,18704,18704,1,1,1.0
18704,18705,18704,1,-1,1.0
18704,18705,18704,1,-1,1.0
18703,18705,18703,1,-1,1.0
18703,18705,18704,1,-1,1.0
18703,18705,18703,2,-2,2.0
18704,18705,18704,1,-1,1.0
18703,18705,18703,1,-1,1.0
18703,18705,18704,2,-2,2.0
18703,18705,18704,1,-1,1.0
18703,18705,18704,2,-2,2.0
18704,18705,18704,1,-1,1.0
18704,18705,18704,3,-3,3.0
18704,18705,18704,2,-2,2.0
18704,18705,18705,3,3,3.0
18704,18705,18705,1,1,1.0
18705,18706,18705,1,-1,1.0
18705,18706,18705,2,-2,2.0
18705,18706,18705,1,-1,1.0
18705,18706,18705,2,-2,2.0
18705,18706,18705,2,-2,2.0
18705,18706,18705,2,-2,2.0
18705,18706,18705,2,-2,2.0
18705,18706,18705,1,-1,1.0
18704,18705,18704,4,-4,4.0
18703,18705,18705,2,2,2.0
18703,18705,18703,2,-2,2.0
18703,18705,18704,1,-1,1.0
18703,18705,18705,2,2,2.0
18703,18705,18705,1,1,1.0
18703,18705,18705,2,2,2.0
18703,18704,18703,2,-2,2.0
18703,18704,18703,6,-6,6.0
18703,18704,18703,2,-2,2.0
18702,18703,18702,2,-2,2.0
18702,18703,18702,1,-1,1.0
18701,18702,18701,3,-3,3.0
18700,18702,18702,1,1,1.0
18701,18702,18701,1,-1,1.0
18700,18702,18701,1,-1,1.0
18700,18701,18701,1,1,1.0
18700,18701,18701,1,1,1.0
18700,18701,18700,2,-2,2.0
18700,18701,18700,1,-1,1.0
18700,18701,18701,1,1,1.0
18700,18701,18701,3,3,3.0
18701,18702,18701,2,-2,2.0
18701,18702,18701,1,-1,1.0
18701,18702,18702,1,1,1.0
18701,18702,18702,1,1,1.0
18701,18702,18701,5,-5,5.0
18701,18702,18701,1,-1,1.0
18701,18702,18701,3,-3,3.0
18701,18702,18701,1,-1,1.0
18701,18702,18701,1,-1,1.0
18701,18702,18701,4,-4,4.0
18701,18702,18701,1,-1,1.0
18700,18701,18700,25,-25,25.0
18699,18700,18699,1,-1,1.0
18699,18700,18699,1,-1,1.0
18699,18700,18699,1,-1,1.0
18699,18700,18699,1,-1,1.0
18699,18700,18699,1,-1,1.0
18698,18700,18698,16,-16,16.0
18698,18699,18698,3,-3,3.0
18698,18699,18698,2,-2,2.0
18698,18699,18698,1,-1,1.0
18697,18698,18698,1,1,1.0
18697,18698,18698,1,1,1.0
18697,18698,18697,2,-2,2.0
18697,18698,18697,1,-1,1.0
18697,18698,18697,1,-1,1.0
18697,18698,18698,1,1,1.0
18697,18698,18698,1,1,1.0
18697,18698,18698,1,1,1.0
18697,18699,18698,1,1,-1.0
18697,18698,18698,1,1,1.0
18697,18698,18698,1,1,1.0
18698,18699,18699,1,1,1.0
18698,18699,18699,1,1,1.0
18698,18699,18699,1,1,1.0
18698,18699,18699,1,1,1.0
18698,18699,18698,1,-1,1.0
18698,18699,18698,1,-1,1.0
18698,18699,18698,1,-1,1.0
18698,18699,18698,1,-1,1.0
18697,18699,18697,3,-3,3.0
18697,18698,18697,1,-1,1.0
18697,18698,18697,1,-1,1.0
18697,18698,18697,2,-2,2.0
18696,18697,18696,3,-3,3.0
18696,18697,18696,1,-1,1.0
18696,18697,18696,1,-1,1.0
18696,18697,18696,1,-1,1.0
18696,18697,18696,1,-1,1.0
18696,18697,18696,1,-1,1.0
18696,18697,18696,1,-1,1.0
18696,18697,18696,1,-1,1.0
18696,18697,18696,1,-1,1.0
18696,18697,18696,1,-1,1.0
18696,18697,18696,2,-2,2.0
18696,18697,18696,1,-1,1.0
18696,18697,18696,1,-1,1.0
18696,18697,18696,1,-1,1.0
18696,18697,18696,2,-2,2.0
18696,18697,18696,1,-1,1.0
18696,18697,18696,1,-1,1.0
18696,18697,18697,1,1,1.0
18696,18697,18695,2,-2,2.0
18696,18697,18696,1,-1,1.0
18695,18697,18695,1,-1,1.0
18695,18697,18695,1,-1,1.0
18695,18697,18697,1,1,1.0
18695,18697,18697,1,1,1.0
18696,18697,18696,1,-1,1.0
18695,18697,18695,1,-1,1.0
18696,18697,18696,1,-1,1.0
18696,18697,18697,2,2,2.0
18696,18697,18698,2,2,-2.0
18696,18697,18698,3,3,-3.0
18697,18699,18699,1,1,1.0
18697,18699,18699,1,1,1.0
18699,18700,18699,4,-4,4.0
18698,18700,18700,1,1,1.0
18698,18700,18699,1,1,-1.0
18698,18699,18699,1,1,1.0
18698,18699,18699,1,1,1.0
18699,18700,18699,2,-2,2.0
18699,18700,18700,4,4,4.0
18700,18701,18700,1,-1,1.0
18699,18701,18699,2,-2,2.0
18700,18701,18700,1,-1,1.0
18700,18701,18700,1,-1,1.0
18700,18701,18701,1,1,1.0
18700,18701,18701,2,2,2.0
18700,18701,18701,2,2,2.0
18701,18702,18701,1,-1,1.0
18700,18701,18701,1,1,1.0
18699,18701,18701,1,1,1.0
18701,18702,18701,2,-2,2.0
18700,18702,18702,1,1,1.0
18700,18702,18702,1,1,1.0
18700,18702,18702,1,1,1.0
18700,18702,18702,1,1,1.0
18700,18702,18701,1,1,-1.0
18700,18702,18702,1,1,1.0
18700,18701,18701,5,5,5.0
18700,18701,18701,1,1,1.0
18700,18702,18702,1,1,1.0
18701,18703,18702,2,2,-2.0
18701,18702,18701,1,-1,1.0
18700,18702,18700,3,-3,3.0
18700,18702,18699,3,-3,3.0
18699,18700,18699,1,-1,1.0
18699,18700,18699,4,-4,4.0
18698,18699,18699,1,1,1.0
18698,18699,18699,2,2,2.0
18698,18699,18698,1,-1,1.0
18698,18699,18698,3,-3,3.0
18698,18699,18699,1,1,1.0
18698,18699,18698,1,-1,1.0
18697,18699,18698,1,-1,1.0
18698,18699,18699,1,1,1.0
18699,18700,18699,3,-3,3.0
18699,18700,18700,1,1,1.0
18699,18700,18700,1,1,1.0
18700,18701,18700,1,-1,1.0
18700,18701,18701,2,2,2.0
18700,18702,18700,2,-2,2.0
18701,18702,18702,1,1,1.0
18701,18702,18702,3,3,3.0
18701,18702,18702,1,1,1.0
18701,18702,18701,1,-1,1.0
18701,18702,18701,1,-1,1.0
18701,18702,18701,1,-1,1.0
18701,18702,18702,2,2,2.0
18701,18702,18702,1,1,1.0
18701,18703,18701,3,-3,3.0
18702,18703,18702,1,-1,1.0
18700,18701,18701,1,1,1.0
18700,18701,18701,1,1,1.0
18700,18701,18700,3,-3,3.0
18700,18701,18700,2,-2,2.0
18700,18701,18700,3,-3,3.0
18700,18701,18700,1,-1,1.0
18699,18700,18700,1,1,1.0
18699,18700,18700,3,3,3.0
18699,18700,18700,1,1,1.0
18699,18700,18699,2,-2,2.0
18699,18700,18699,1,-1,1.0
18698,18700,18698,2,-2,2.0
18698,18700,18699,1,-1,1.0
18698,18700,18699,1,-1,1.0
18699,18700,18700,1,1,1.0
18699,18700,18700,1,1,1.0
18699,18700,18700,1,1,1.0
18699,18700,18699,1,-1,1.0
18699,18700,18699,1,-1,1.0
18698,18700,18698,1,-1,1.0
18699,18700,18699,1,-1,1.0
18699,18700,18700,1,1,1.0
18699,18700,18699,1,-1,1.0
18698,18700,18698,1,-1,1.0
18698,18700,18700,1,1,1.0
18698,18700,18699,3,3,-3.0
18698,18700,18699,2,2,-2.0
18698,18700,18698,1,-1,1.0
18698,18700,18699,1,-1,1.0
18698,18699,18699,10,10,10.0
18698,18699,18700,22,22,-22.0
18698,18699,18701,23,23,-23.0
18699,18701,18699,1,-1,1.0
18699,18701,18699,2,-2,2.0
18698,18700,18699,1,-1,1.0
18698,18700,18698,1,-1,1.0
18699,18700,18700,1,1,1.0
18699,18700,18700,1,1,1.0
18699,18700,18700,2,2,2.0
18700,18701,18701,1,1,1.0
18700,18701,18700,3,-3,3.0
18700,18701,18699,5,-5,5.0
18700,18701,18701,1,1,1.0
18700,18701,18700,2,-2,2.0
18700,18701,18700,1,-1,1.0
18699,18701,18699,5,-5,5.0
18698,18700,18700,1,1,1.0
18699,18701,18700,1,1,-1.0
18699,18701,18701,9,9,9.0
18701,18702,18702,12,12,12.0
18701,18702,18702,1,1,1.0
18701,18702,18702,1,1,1.0
18701,18702,18702,1,1,1.0
18701,18702,18701,1,-1,1.0
18701,18702,18701,1,-1,1.0
18701,18702,18702,1,1,1.0
18700,18702,18700,2,-2,2.0
18699,18700,18700,1,1,1.0
18699,18700,18701,2,2,-2.0
18699,18700,18699,1,-1,1.0
18699,18700,18699,2,-2,2.0
18699,18700,18699,1,-1,1.0
18698,18699,18699,1,1,1.0
18698,18699,18698,1,-1,1.0
18698,18699,18698,2,-2,2.0
18698,18699,18698,1,-1,1.0
18698,18699,18698,2,-2,2.0
18698,18699,18698,1,-1,1.0
18697,18699,18699,1,1,1.0
18697,18699,18699,1,1,1.0
18698,18699,18699,1,1,1.0
18698,18699,18698,1,-1,1.0
18697,18699,18697,1,-1,1.0
18697,18699,18697,2,-2,2.0
18697,18699,18697,1,-1,1.0
18697,18699,18697,2,-2,2.0
18697,18698,18697,1,-1,1.0
18696,18697,18696,1,-1,1.0
18696,18697,18697,1,1,1.0
18696,18697,18697,1,1,1.0
18696,18697,18697,1,1,1.0
18697,18698,18697,1,-1,1.0
18696,18697,18697,1,1,1.0
18696,18698,18696,2,-2,2.0
18697,18698,18698,1,1,1.0
18697,18699,18698,2,2,-2.0
18697,18699,18699,1,1,1.0
18697,18698,18697,1,-1,1.0
18697,18698,18697,1,-1,1.0
18697,18698,18698,1,1,1.0
18697,18698,18698,4,4,4.0
18697,18698,18699,23,23,-23.0
18697,18698,18700,1,1,-1.0
18699,18700,18699,2,-2,2.0
18698,18700,18700,5,5,5.0
18699,18700,18699,1,-1,1.0
18698,18700,18698,1,-1,1.0
18698,18700,18698,4,-4,4.0
18698,18700,18697,1,-1,1.0
18697,18699,18699,5,5,5.0
18698,18700,18699,2,2,-2.0
18698,18700,18698,1,-1,1.0
18697,18698,18697,1,-1,1.0
18697,18698,18697,1,-1,1.0
18697,18698,18697,1,-1,1.0
18697,18698,18697,1,-1,1.0
18697,18699,18697,2,-2,2.0
18697,18699,18699,3,3,3.0
18697,18699,18698,2,2,-2.0
18697,18699,18699,1,1,1.0
18697,18699,18698,5,5,-5.0
18698,18699,18698,3,-3,3.0
18698,18699,18698,2,-2,2.0
18698,18699,18697,6,-6,6.0
18697,18699,18699,3,3,3.0
18697,18699,18697,3,-3,3.0
18697,18698,18697,11,-11,11.0
18697,18698,18697,3,-3,3.0
18697,18698,18697,1,-1,1.0
18697,18698,18698,1,1,1.0
18697,18698,18697,2,-2,2.0
18697,18698,18697,1,-1,1.0
18697,18698,18697,1,-1,1.0
18696,18697,18697,1,1,1.0
18696,18697,18697,1,1,1.0
18696,18697,18697,1,1,1.0
18697,18698,18697,3,-3,3.0
18697,18698,18698,1,1,1.0
18697,18699,18699,1,1,1.0
18698,18699,18699,1,1,1.0
18698,18700,18699,1,1,-1.0
18699,18700,18699,2,-2,2.0
18699,18700,18699,1,-1,1.0
18699,18700,18699,1,-1,1.0
18699,18700,18700,1,1,1.0
18699,18700,18700,2,2,2.0
18699,18700,18700,1,1,1.0
18699,18700,18700,1,1,1.0
18699,18700,18700,3,3,3.0
18699,18700,18699,1,-1,1.0
18699,18700,18699,1,-1,1.0
18699,18700,18699,1,-1,1.0
18699,18700,18700,1,1,1.0
18699,18700,18700,1,1,1.0
18699,18701,18700,1,1,-1.0
18699,18701,18700,1,1,-1.0
18699,18701,18699,12,-12,12.0
18699,18701,18700,2,-2,2.0
18700,18701,18701,1,1,1.0
18700,18701,18701,1,1,1.0
18700,18701,18701,1,1,1.0
18700,18701,18701,4,4,4.0
18700,18702,18702,1,1,1.0
18700,18702,18702,1,1,1.0
18701,18702,18702,2,2,2.0
18701,18702,18702,1,1,1.0
18702,18703,18703,7,7,7.0
18702,18703,18703,1,1,1.0
18702,18703,18703,1,1,1.0
18702,18703,18702,5,-5,5.0
18702,18703,18703,1,1,1.0
18702,18703,18703,3,3,3.0
18702,18703,18703,1,1,1.0
18702,18703,18703,1,1,1.0
18702,18703,18703,5,5,5.0
18702,18704,18703,2,2,-2.0
18702,18704,18704,8,8,8.0
18702,18704,18705,22,22,-22.0
18704,18705,18705,1,1,1.0
18704,18705,18705,1,1,1.0
18704,18705,18704,4,-4,4.0
18704,18705,18703,1,-1,1.0
18704,18705,18705,3,3,3.0
18704,18705,18705,3,3,3.0
18704,18705,18705,1,1,1.0
18705,18706,18705,1,-1,1.0
18705,18706,18706,1,1,1.0
18705,18706,18706,1,1,1.0
18705,18706,18706,2,2,2.0
18705,18706,18706,1,1,1.0
18705,18706,18706,1,1,1.0
18705,18706,18706,1,1,1.0
18705,18706,18706,1,1,1.0
18705,18706,18706,1,1,1.0
18705,18706,18706,1,1,1.0
18705,18707,18706,1,1,-1.0
18705,18706,18706,2,2,2.0
18705,18706,18705,1,-1,1.0
18705,18706,18705,2,-2,2.0
18705,18706,18706,1,1,1.0
18705,18706,18706,2,2,2.0
18705,18706,18706,5,5,5.0
18705,18706,18706,1,1,1.0
18705,18706,18706,4,4,4.0
18705,18706,18705,9,-9,9.0
18704,18705,18704,1,-1,1.0
18704,18705,18704,7,-7,7.0
18703,18705,18703,1,-1,1.0
18703,18705,18703,1,-1,1.0
18703,18704,18704,1,1,1.0
18703,18704,18703,6,-6,6.0
18702,18704,18702,1,-1,1.0
18702,18703,18702,1,-1,1.0
18702,18703,18702,1,-1,1.0
18702,18703,18703,1,1,1.0
18702,18703,18702,1,-1,1.0
18702,18703,18703,1,1,1.0
18702,18704,18702,1,-1,1.0
18702,18704,18702,1,-1,1.0
18702,18704,18702,1,-1,1.0
18702,18703,18703,5,5,5.0
18702,18704,18702,5,-5,5.0
18702,18704,18701,12,-12,12.0
18702,18704,18701,1,-1,1.0
18702,18704,18701,2,-2,2.0
18702,18704,18702,1,-1,1.0
18702,18704,18704,1,1,1.0
18703,18704,18703,1,-1,1.0
18703,18704,18704,3,3,3.0
18703,18704,18704,1,1,1.0
18703,18704,18704,2,2,2.0
18704,18705,18705,1,1,1.0
18704,18705,18705,1,1,1.0
18704,18705,18705,2,2,2.0
18705,18706,18706,1,1,1.0
18705,18706,18705,1,-1,1.0
18705,18706,18706,2,2,2.0
18705,18706,18706,1,1,1.0
18705,18706,18706,1,1,1.0
18705,18706,18705,1,-1,1.0
18705,18706,18705,1,-1,1.0
18705,18706,18705,2,-2,2.0
18703,18705,18705,1,1,1.0
18703,18705,18705,2,2,2.0
18704,18705,18705,1,1,1.0
18704,18705,18706,17,17,-17.0
18704,18705,18707,2,2,-2.0
18705,18706,18705,1,-1,1.0
18704,18705,18706,5,5,-5.0
18705,18706,18706,2,2,2.0
18705,18706,18705,1,-1,1.0
18704,18706,18706,4,4,4.0
18704,18706,18707,1,1,-1.0
18704,18706,18706,2,2,2.0
18704,18706,18706,1,1,1.0
18705,18706,18705,1,-1,1.0
18705,18706,18705,5,-5,5.0
18704,18705,18705,1,1,1.0
18704,18706,18706,6,6,6.0
18706,18707,18707,1,1,1.0
18706,18707,18707,3,3,3.0
18706,18707,18707,1,1,1.0
18706,18707,18707,1,1,1.0
18706,18707,18707,1,1,1.0
18707,18708,18708,3,3,3.0
18707,18708,18708,1,1,1.0
18707,18708,18708,1,1,1.0
18707,18708,18708,1,1,1.0
18707,18708,18708,2,2,2.0
18707,18708,18708,1,1,1.0
18707,18708,18708,2,2,2.0
18707,18708,18708,2,2,2.0
18707,18708,18708,2,2,2.0
18707,18708,18708,1,1,1.0
18707,18708,18708,4,4,4.0
18707,18708,18708,1,1,1.0
18707,18708,18708,1,1,1.0
18707,18708,18708,1,1,1.0
18707,18708,18708,1,1,1.0
18708,18709,18708,1,-1,1.0
18708,18709,18708,1,-1,1.0
18708,18709,18707,4,-4,4.0
18707,18709,18708,1,-1,1.0
18708,18709,18708,1,-1,1.0
18707,18709,18709,1,1,1.0
18707,18709,18709,1,1,1.0
18707,18709,18709,1,1,1.0
18707,18709,18709,1,1,1.0
18707,18709,18709,1,1,1.0
18707,18709,18709,1,1,1.0
18707,18709,18709,2,2,2.0
18707,18709,18709,3,3,3.0
18707,18709,18709,16,16,16.0
18707,18709,18709,4,4,4.0
18707,18709,18710,12,12,-12.0
18707,18709,18710,3,3,-3.0
18707,18709,18710,1,1,-1.0
18707,18709,18710,6,6,-6.0
18707,18709,18710,1,1,-1.0
18707,18709,18710,1,1,-1.0
18707,18709,18710,1,1,-1.0
18709,18710,18710,1,1,1.0
18709,18710,18710,1,1,1.0
18709,18710,18710,1,1,1.0
18709,18710,18709,2,-2,2.0
18709,18710,18709,2,-2,2.0
18708,18710,18708,1,-1,1.0
18709,18710,18709,1,-1,1.0
18709,18710,18710,4,4,4.0
18709,18710,18710,3,3,3.0
18709,18710,18710,1,1,1.0
18709,18710,18710,2,2,2.0
18709,18710,18709,1,-1,1.0
18709,18710,18709,1,-1,1.0
18708,18710,18710,1,1,1.0
18708,18710,18710,3,3,3.0
18708,18709,18709,1,1,1.0
18708,18710,18710,2,2,2.0
18708,18710,18709,1,1,-1.0
18708,18710,18709,2,2,-2.0
18708,18710,18710,1,1,1.0
18708,18709,18709,1,1,1.0
18708,18709,18708,2,-2,2.0
18708,18709,18708,1,-1,1.0
18708,18709,18708,2,-2,2.0
18707,18708,18708,2,2,2.0
18707,18708,18708,2,2,2.0
18707,18708,18708,2,2,2.0
18707,18708,18708,2,2,2.0
18707,18708,18707,1,-1,1.0
18706,18708,18708,2,2,2.0
18706,18709,18706,1,-1,1.0
18707,18709,18709,1,1,1.0
18707,18708,18708,1,1,1.0
18707,18708,18709,2,2,-2.0
18707,18709,18709,1,1,1.0
18707,18709,18707,1,-1,1.0
18707,18709,18708,1,-1,1.0
18707,18708,18708,1,1,1.0
18707,18708,18708,1,1,1.0
18707,18708,18708,1,1,1.0
18707,18709,18707,1,-1,1.0
18707,18709,18707,1,-1,1.0
18708,18709,18709,1,1,1.0
18708,18709,18709,1,1,1.0
18708,18709,18709,1,1,1.0
18708,18709,18708,1,-1,1.0
18708,18709,18709,3,3,3.0
18708,18709,18709,1,1,1.0
18708,18709,18709,1,1,1.0
18708,18709,18709,2,2,2.0
18708,18709,18709,1,1,1.0
18708,18709,18709,1,1,1.0
18708,18709,18709,3,3,3.0
18708,18709,18709,5,5,5.0
18708,18709,18709,2,2,2.0
18708,18709,18709,1,1,1.0
18708,18709,18709,1,1,1.0
18708,18709,18709,2,2,2.0
18708,18709,18709,1,1,1.0
18708,18709,18709,2,2,2.0
18709,18710,18710,16,16,16.0
18710,18711,18711,1,1,1.0
18710,18711,18711,2,2,2.0
18710,18711,18711,1,1,1.0
18710,18711,18711,1,1,1.0
18710,18711,18711,1,1,1.0
18710,18711,18711,4,4,4.0
18710,18711,18711,3,3,3.0
18710,18711,18711,1,1,1.0
18710,18711,18711,1,1,1.0
18710,18711,18711,1,1,1.0
18710,18711,18711,1,1,1.0
18710,18711,18711,1,1,1.0
18710,18711,18710,5,-5,5.0
18710,18711,18710,1,-1,1.0
18710,18711,18711,1,1,1.0
18710,18711,18711,1,1,1.0
18710,18711,18711,1,1,1.0
18710,18711,18712,2,2,-2.0
18711,18712,18711,1,-1,1.0
18711,18712,18710,1,-1,1.0
18711,18712,18712,1,1,1.0
18710,18712,18712,1,1,1.0
18710,18712,18712,20,20,20.0
18711,18712,18711,3,-3,3.0
18711,18712,18712,3,3,3.0
18711,18712,18711,1,-1,1.0
18711,18712,18712,2,2,2.0
18711,18712,18712,6,6,6.0
18712,18713,18712,1,-1,1.0
18712,18713,18712,1,-1,1.0
18712,18713,18713,7,7,7.0
18712,18713,18712,1,-1,1.0
18712,18713,18713,3,3,3.0
18712,18713,18712,2,-2,2.0
18712,18713,18712,1,-1,1.0
18712,18713,18713,1,1,1.0
18712,18713,18713,1,1,1.0
18711,18713,18713,1,1,1.0
18711,18713,18713,1,1,1.0
18711,18713,18713,1,1,1.0
18711,18713,18711,4,-4,4.0
18712,18713,18713,2,2,2.0
18712,18713,18713,1,1,1.0
18712,18713,18712,1,-1,1.0
18711,18713,18713,4,4,4.0
18711,18713,18713,1,1,1.0
18711,18713,18711,2,-2,2.0
18711,18713,18711,2,-2,2.0
18711,18712,18712,1,1,1.0
18711,18713,18712,2,2,-2.0
18711,18713,18713,18,18,18.0
18712,18714,18712,1,-1,1.0
18711,18713,18713,1,1,1.0
18712,18713,18713,1,1,1.0
18712,18713,18712,1,-1,1.0
18712,18713,18712,1,-1,1.0
18712,18713,18712,1,-1,1.0
18711,18712,18712,2,2,2.0
18711,18712,18712,1,1,1.0
18711,18712,18712,1,1,1.0
18711,18712,18712,4,4,4.0
18711,18712,18712,1,1,1.0
18711,18712,18712,1,1,1.0
18711,18712,18711,2,-2,2.0
18711,18712,18711,1,-1,1.0
18711,18712,18711,4,-4,4.0
18710,18711,18711,1,1,1.0
18710,18711,18711,1,1,1.0
18710,18711,18711,1,1,1.0
18710,18711,18710,1,-1,1.0
18710,18711,18710,4,-4,4.0
18710,18711,18711,1,1,1.0
18710,18711,18711,2,2,2.0
18710,18711,18710,1,-1,1.0
18710,18711,18711,1,1,1.0
18710,18711,18711,3,3,3.0
18710,18711,18710,10,-10,10.0
18710,18711,18710,1,-1,1.0
18710,18711,18710,2,-2,2.0
18710,18711,18710,5,-5,5.0
18710,18711,18710,1,-1,1.0
18709,18711,18711,1,1,1.0
18709,18711,18711,1,1,1.0
18710,18711,18711,1,1,1.0
18710,18711,18711,3,3,3.0
18710,18711,18711,17,17,17.0
18710,18711,18712,2,2,-2.0
18710,18712,18710,1,-1,1.0
18709,18711,18711,1,1,1.0
18709,18710,18710,1,1,1.0
18709,18710,18711,1,1,-1.0
18710,18711,18710,1,-1,1.0
18709,18710,18709,3,-3,3.0
18709,18710,18710,1,1,1.0
18709,18711,18709,1,-1,1.0
18710,18711,18710,2,-2,2.0
18710,18711,18709,8,-8,8.0
18709,18710,18709,1,-1,1.0
18709,18710,18710,3,3,3.0
18709,18710,18709,1,-1,1.0
18709,18710,18709,1,-1,1.0
18709,18710,18709,1,-1,1.0
18709,18710,18709,1,-1,1.0
18709,18710,18709,1,-1,1.0
18709,18710,18709,1,-1,1.0
18709,18710,18709,1,-1,1.0
18709,18710,18709,1,-1,1.0
18709,18710,18709,1,-1,1.0
18709,18710,18709,1,-1,1.0
18709,18710,18710,1,1,1.0
18709,18710,18709,1,-1,1.0
18708,18710,18710,2,2,2.0
18708,18709,18709,1,1,1.0
18708,18709,18708,1,-1,1.0
18708,18709,18709,1,1,1.0
18709,18710,18709,1,-1,1.0
18709,18710,18709,1,-1,1.0
18709,18710,18709,1,-1,1.0
18708,18710,18708,1,-1,1.0
18708,18710,18709,1,-1,1.0
18708,18710,18708,1,-1,1.0
18708,18709,18708,9,-9,9.0
18708,18709,18708,1,-1,1.0
18707,18708,18707,1,-1,1.0
18707,18708,18707,1,-1,1.0
18707,18708,18707,1,-1,1.0
18707,18708,18708,1,1,1.0
18708,18709,18709,1,1,1.0
18708,18709,18709,3,3,3.0
18709,18710,18710,1,1,1.0
18709,18710,18709,1,-1,1.0
18709,18710,18708,1,-1,1.0
18708,18710,18708,1,-1,1.0
18708,18710,18708,1,-1,1.0
18708,18710,18708,1,-1,1.0
18708,18710,18708,1,-1,1.0
18707,18708,18708,2,2,2.0
18708,18710,18708,1,-1,1.0
18708,18709,18708,1,-1,1.0
18708,18709,18708,2,-2,2.0
18707,18709,18709,1,1,1.0
18707,18709,18707,1,-1,1.0
18707,18709,18709,1,1,1.0
18707,18709,18709,1,1,1.0
18708,18709,18709,2,2,2.0
18708,18709,18709,1,1,1.0
18708,18709,18709,1,1,1.0
18708,18709,18708,3,-3,3.0
18707,18709,18709,1,1,1.0
18708,18709,18709,6,6,6.0
18708,18709,18709,2,2,2.0
18708,18709,18709,3,3,3.0
18708,18709,18709,1,1,1.0
18708,18709,18709,1,1,1.0
18708,18710,18710,3,3,3.0
18709,18710,18710,1,1,1.0
18709,18710,18709,1,-1,1.0
18709,18710,18709,1,-1,1.0
18709,18710,18710,1,1,1.0
18709,18710,18710,1,1,1.0
18709,18710,18709,1,-1,1.0
18709,18710,18709,1,-1,1.0
18708,18709,18709,1,1,1.0
18708,18709,18709,1,1,1.0
18708,18709,18708,4,-4,4.0
18708,18709,18708,1,-1,1.0
18707,18708,18707,1,-1,1.0
18707,18708,18707,1,-1,1.0
18706,18707,18707,4,4,4.0
18706,18707,18707,2,2,2.0
18706,18707,18706,1,-1,1.0
18706,18707,18706,1,-1,1.0
18706,18707,18706,4,-4,4.0
18706,18707,18706,3,-3,3.0
18706,18707,18706,1,-1,1.0
18706,18707,18706,7,-7,7.0
18706,18707,18706,1,-1,1.0
18706,18707,18706,1,-1,1.0
18706,18707,18706,2,-2,2.0
18706,18707,18706,1,-1,1.0
18706,18707,18706,5,-5,5.0
18706,18707,18706,1,-1,1.0
18706,18707,18706,1,-1,1.0
18706,18707,18706,1,-1,1.0
18705,18706,18705,6,-6,6.0
18705,18706,18705,3,-3,3.0
18704,18705,18704,1,-1,1.0
18704,18706,18704,1,-1,1.0
18704,18706,18704,1,-1,1.0
18704,18705,18705,1,1,1.0
18704,18705,18706,1,1,-1.0
18704,18705,18706,1,1,-1.0
18706,18707,18706,1,-1,1.0
18706,18707,18706,1,-1,1.0
18706,18707,18706,1,-1,1.0
18705,18707,18706,1,-1,1.0
18706,18707,18707,1,1,1.0
18706,18707,18706,5,-5,5.0
18705,18706,18706,1,1,1.0
18705,18707,18705,2,-2,2.0
18705,18707,18705,1,-1,1.0
18704,18706,18704,1,-1,1.0
18704,18706,18704,1,-1,1.0
18704,18705,18705,1,1,1.0
18704,18705,18704,6,-6,6.0
18703,18704,18703,7,-7,7.0
18702,18704,18702,1,-1,1.0
18702,18704,18702,3,-3,3.0
18702,18704,18702,1,-1,1.0
18702,18704,18702,1,-1,1.0
18702,18704,18704,1,1,1.0
18702,18704,18702,3,-3,3.0
18702,18704,18702,1,-1,1.0
18702,18704,18702,1,-1,1.0
18702,18704,18704,1,1,1.0
18703,18704,18703,5,-5,5.0
18703,18704,18703,5,-5,5.0
18703,18704,18703,1,-1,1.0
18702,18703,18703,1,1,1.0
18702,18703,18702,2,-2,2.0
18702,18703,18702,2,-2,2.0
18702,18703,18702,2,-2,2.0
18702,18703,18703,1,1,1.0
18702,18703,18703,1,1,1.0
18702,18703,18703,4,4,4.0
18703,18704,18704,1,1,1.0
18703,18704,18703,1,-1,1.0
18703,18704,18704,1,1,1.0
18703,18704,18704,3,3,3.0
18703,18704,18704,1,1,1.0
18703,18704,18704,1,1,1.0
18703,18704,18704,1,1,1.0
18703,18704,18704,1,1,1.0
18704,18705,18705,1,1,1.0
18704,18705,18705,1,1,1.0
18704,18705,18705,1,1,1.0
18704,18705,18705,1,1,1.0
18704,18705,18705,1,1,1.0
18705,18706,18705,1,-1,1.0
18704,18705,18705,1,1,1.0
18704,18705,18704,3,-3,3.0
18704,18705,18705,1,1,1.0
18704,18705,18704,4,-4,4.0
18703,18704,18703,1,-1,1.0
18703,18704,18703,1,-1,1.0
18703,18704,18704,1,1,1.0
18703,18704,18703,1,-1,1.0
18702,18703,18703,1,1,1.0
18702,18704,18704,2,2,2.0
18703,18704,18703,1,-1,1.0
18703,18704,18703,3,-3,3.0
18702,18703,18703,1,1,1.0
18703,18704,18703,4,-4,4.0
18702,18703,18703,1,1,1.0
18703,18704,18704,1,1,1.0
18703,18704,18704,2,2,2.0
18703,18704,18704,3,3,3.0
18703,18704,18704,2,2,2.0
18703,18704,18704,1,1,1.0
18703,18704,18704,1,1,1.0
18703,18704,18704,1,1,1.0
18703,18704,18704,2,2,2.0
18703,18704,18704,1,1,1.0
18704,18705,18704,1,-1,1.0
18704,18705,18704,1,-1,1.0
18704,18705,18705,1,1,1.0
18704,18705,18705,1,1,1.0
18704,18706,18704,1,-1,1.0
18704,18706,18705,2,-2,2.0
18704,18705,18704,1,-1,1.0
18703,18705,18705,1,1,1.0
18705,18706,18705,1,-1,1.0
18705,18706,18706,1,1,1.0
18705,18706,18706,1,1,1.0
18705,18706,18706,1,1,1.0
18705,18706,18706,1,1,1.0
18706,18707,18707,1,1,1.0
18706,18707,18707,1,1,1.0
18706,18707,18707,1,1,1.0
18707,18708,18708,1,1,1.0
18707,18708,18708,1,1,1.0
18707,18708,18708,3,3,3.0
18707,18708,18708,2,2,2.0
18708,18709,18708,1,-1,1.0
18708,18709,18709,1,1,1.0
18708,18709,18709,1,1,1.0
18708,18709,18709,1,1,1.0
18708,18709,18709,2,2,2.0
18708,18710,18709,2,2,-2.0
18708,18710,18710,1,1,1.0
18708,18710,18710,1,1,1.0
18708,18710,18710,1,1,1.0
18708,18709,18709,2,2,2.0
18708,18709,18709,2,2,2.0
18708,18709,18709,1,1,1.0
18708,18709,18709,1,1,1.0
18708,18709,18708,1,-1,1.0
18708,18709,18708,1,-1,1.0
18708,18709,18708,1,-1,1.0
18708,18709,18708,1,-1,1.0
18706,18708,18707,1,-1,1.0
18707,18708,18707,1,-1,1.0
18707,18709,18707,1,-1,1.0
18707,18709,18707,1,-1,1.0
18708,18709,18708,1,-1,1.0
18707,18708,18708,1,1,1.0
18707,18708,18708,1,1,1.0
18707,18708,18708,1,1,1.0
18708,18709,18709,4,4,4.0
18708,18710,18709,1,1,-1.0
18708,18710,18710,5,5,5.0
18708,18710,18710,1,1,1.0
18708,18710,18710,1,1,1.0
18708,18710,18710,1,1,1.0
18708,18710,18710,1,1,1.0
18708,18710,18709,1,1,-1.0
18708,18710,18708,2,-2,2.0
18708,18710,18708,3,-3,3.0
18707,18708,18707,1,-1,1.0
18707,18708,18708,1,1,1.0
18707,18708,18708,1,1,1.0
18707,18708,18708,1,1,1.0
18707,18708,18709,1,1,-1.0
18707,18708,18709,4,4,-4.0
18709,18710,18710,1,1,1.0
18709,18710,18710,1,1,1.0
18710,18711,18710,1,-1,1.0
18710,18711,18710,1,-1,1.0
18709,18710,18709,2,-2,2.0
18708,18709,18708,1,-1,1.0
18708,18709,18708,1,-1,1.0
18707,18708,18707,1,-1,1.0
18707,18708,18707,1,-1,1.0
18705,18707,18707,2,2,2.0
18705,18707,18708,1,1,-1.0
18705,18707,18707,1,1,1.0
18706,18707,18707,1,1,1.0
18706,18707,18707,1,1,1.0
18706,18707,18706,1,-1,1.0
18706,18707,18707,1,1,1.0
18708,18709,18708,2,-2,2.0
18708,18709,18708,1,-1,1.0
18708,18710,18709,2,-2,2.0
18708,18710,18708,1,-1,1.0
18708,18710,18710,1,1,1.0
18708,18710,18710,1,1,1.0
18709,18710,18710,2,2,2.0
18709,18710,18710,1,1,1.0
18709,18710,18710,3,3,3.0
18710,18711,18710,4,-4,4.0
18709,18710,18710,1,1,1.0
18709,18710,18709,1,-1,1.0
18708,18709,18708,2,-2,2.0
18708,18709,18708,1,-1,1.0
18708,18709,18709,1,1,1.0
18708,18709,18709,1,1,1.0
18708,18709,18709,1,1,1.0
18708,18709,18709,3,3,3.0
18708,18709,18709,1,1,1.0
18708,18709,18708,1,-1,1.0
18708,18709,18709,1,1,1.0
18708,18709,18709,1,1,1.0
18708,18709,18709,2,2,2.0
18709,18710,18709,1,-1,1.0
18709,18710,18710,2,2,2.0
18709,18710,18710,2,2,2.0
18709,18710,18710,1,1,1.0
18709,18710,18710,3,3,3.0
18709,18710,18710,1,1,1.0
18709,18710,18709,1,-1,1.0
18709,18711,18710,2,-2,2.0
18709,18711,18710,1,-1,1.0
18710,18711,18711,4,4,4.0
18710,18711,18711,3,3,3.0
18710,18711,18711,1,1,1.0
18710,18712,18710,1,-1,1.0
18711,18712,18711,1,-1,1.0
18710,18711,18711,2,2,2.0
18710,18711,18710,1,-1,1.0
18710,18711,18710,1,-1,1.0
18710,18711,18710,2,-2,2.0
18710,18711,18710,1,-1,1.0
18710,18711,18710,1,-1,1.0
18710,18711,18710,2,-2,2.0
18710,18711,18710,2,-2,2.0
18709,18710,18709,1,-1,1.0
18708,18709,18709,1,1,1.0
18710,18711,18711,3,3,3.0
18710,18711,18711,1,1,1.0
18709,18711,18711,2,2,2.0
18710,18712,18711,1,1,-1.0
18710,18712,18712,1,1,1.0
18710,18712,18712,1,1,1.0
18710,18712,18712,1,1,1.0
18710,18712,18711,1,1,-1.0
18709,18712,18712,1,1,1.0
18710,18712,18712,2,2,2.0
18710,18712,18711,1,1,-1.0
18710,18712,18712,3,3,3.0
18710,18712,18712,2,2,2.0
18710,18712,18712,2,2,2.0
18710,18712,18712,1,1,1.0
18711,18712,18712,1,1,1.0
18711,18712,18712,1,1,1.0
18711,18712,18712,1,1,1.0
18711,18712,18712,1,1,1.0
18711,18712,18712,6,6,6.0
18711,18712,18713,1,1,-1.0
18711,18713,18713,1,1,1.0
18711,18713,18713,12,12,12.0
18713,18714,18714,1,1,1.0
18713,18714,18714,1,1,1.0
18713,18714,18714,1,1,1.0
18713,18714,18714,3,3,3.0
18713,18714,18714,3,3,3.0
18713,18714,18714,1,1,1.0
18713,18714,18714,4,4,4.0
18713,18714,18714,1,1,1.0
18713,18714,18714,1,1,1.0
18713,18714,18714,2,2,2.0
18713,18714,18714,2,2,2.0
18713,18714,18714,2,2,2.0
18713,18714,18714,1,1,1.0
18713,18714,18714,9,9,9.0
18714,18715,18715,2,2,2.0
18714,18715,18715,1,1,1.0
18714,18715,18714,3,-3,3.0
18714,18715,18715,6,6,6.0
18714,18715,18715,1,1,1.0
18714,18715,18715,4,4,4.0
18714,18715,18715,1,1,1.0
18714,18715,18715,1,1,1.0
18714,18715,18715,1,1,1.0
18714,18715,18715,1,1,1.0
18714,18715,18715,2,2,2.0
18714,18715,18715,1,1,1.0
18714,18715,18715,2,2,2.0
18714,18715,18715,3,3,3.0
18714,18715,18715,1,1,1.0
18714,18715,18715,1,1,1.0
18714,18715,18715,1,1,1.0
18714,18715,18715,3,3,3.0
18714,18715,18715,1,1,1.0
18714,18715,18715,1,1,1.0
18714,18715,18715,1,1,1.0
18714,18715,18715,1,1,1.0
18714,18715,18714,4,-4,4.0
18714,18715,18715,1,1,1.0
18714,18715,18715,1,1,1.0
18714,18715,18714,1,-1,1.0
18714,18715,18715,1,1,1.0
18714,18715,18715,1,1,1.0
18714,18715,18715,3,3,3.0
18714,18715,18715,2,2,2.0
18714,18715,18715,3,3,3.0
18714,18715,18715,9,9,9.0
18714,18716,18715,2,2,-2.0
18715,18716,18715,1,-1,1.0
18715,18716,18715,1,-1,1.0
18715,18716,18715,1,-1,1.0
18715,18716,18715,1,-1,1.0
18715,18716,18715,2,-2,2.0
18715,18716,18715,1,-1,1.0
18714,18715,18714,2,-2,2.0
18714,18715,18715,2,2,2.0
18714,18715,18715,1,1,1.0
18714,18715,18715,1,1,1.0
18714,18715,18715,1,1,1.0
18714,18715,18714,9,-9,9.0
18713,18714,18714,2,2,2.0
18713,18714,18714,1,1,1.0
18713,18714,18714,2,2,2.0
18713,18715,18714,1,1,-1.0
18714,18715,18714,1,-1,1.0
18714,18715,18714,1,-1,1.0
18714,18715,18714,2,-2,2.0
18714,18715,18715,2,2,2.0
18714,18715,18715,1,1,1.0
18714,18715,18715,1,1,1.0
18714,18715,18715,1,1,1.0
18714,18715,18715,1,1,1.0
18714,18715,18715,1,1,1.0
18714,18716,18715,1,1,-1.0
18714,18716,18716,1,1,1.0
18715,18716,18716,2,2,2.0
18715,18716,18716,1,1,1.0
18715,18716,18716,1,1,1.0
18715,18716,18716,2,2,2.0
18715,18716,18716,1,1,1.0
18715,18716,18715,2,-2,2.0
18715,18716,18716,3,3,3.0
18715,18716,18715,2,-2,2.0
18715,18716,18716,1,1,1.0
18715,18716,18716,2,2,2.0
18715,18716,18715,1,-1,1.0
18715,18716,18716,1,1,1.0
18715,18716,18716,2,2,2.0
18715,18716,18716,1,1,1.0
18715,18716,18716,3,3,3.0
18715,18716,18716,3,3,3.0
18715,18716,18716,2,2,2.0
18715,18716,18715,2,-2,2.0
18715,18716,18715,3,-3,3.0
18715,18716,18714,2,-2,2.0
18714,18716,18714,1,-1,1.0
18714,18716,18716,5,5,5.0
18714,18715,18715,1,1,1.0
18714,18715,18714,3,-3,3.0
18714,18715,18714,18,-18,18.0
18713,18714,18714,4,4,4.0
18713,18714,18713,2,-2,2.0
18713,18714,18714,1,1,1.0
18713,18714,18714,5,5,5.0
18713,18714,18714,2,2,2.0
18713,18714,18713,1,-1,1.0
18713,18714,18714,4,4,4.0
18713,18715,18713,2,-2,2.0
18713,18714,18714,1,1,1.0
18713,18715,18713,1,-1,1.0
18713,18714,18713,1,-1,1.0
18713,18714,18713,2,-2,2.0
18713,18714,18713,2,-2,2.0
18713,18714,18713,2,-2,2.0
18713,18714,18713,2,-2,2.0
18713,18714,18713,1,-1,1.0
18713,18714,18714,1,1,1.0
18713,18714,18714,2,2,2.0
18713,18715,18713,2,-2,2.0
18713,18715,18713,1,-1,1.0
18713,18715,18713,2,-2,2.0
18713,18715,18713,1,-1,1.0
18712,18713,18713,1,1,1.0
18713,18714,18714,2,2,2.0
18714,18715,18715,1,1,1.0
18714,18715,18714,1,-1,1.0
18714,18715,18714,1,-1,1.0
18714,18715,18715,1,1,1.0
18714,18715,18715,1,1,1.0
18714,18715,18715,2,2,2.0
18714,18715,18715,1,1,1.0
18714,18715,18714,1,-1,1.0
18714,18715,18714,6,-6,6.0
18713,18715,18714,3,-3,3.0
18713,18715,18714,1,-1,1.0
18713,18715,18714,1,-1,1.0
18713,18715,18715,1,1,1.0
18713,18715,18715,1,1,1.0
18713,18715,18715,2,2,2.0
18713,18715,18716,3,3,-3.0
18713,18715,18715,1,1,1.0
18713,18715,18715,1,1,1.0
18713,18715,18714,3,3,-3.0
18713,18714,18713,1,-1,1.0
18712,18713,18713,4,4,4.0
18712,18713,18714,6,6,-6.0
18712,18714,18712,1,-1,1.0
18712,18713,18712,5,-5,5.0
18712,18713,18712,1,-1,1.0
18712,18713,18712,1,-1,1.0
18711,18713,18712,1,-1,1.0
18712,18713,18712,1,-1,1.0
18711,18712,18711,5,-5,5.0
18711,18712,18711,2,-2,2.0
18711,18712,18710,2,-2,2.0
18711,18712,18710,1,-1,1.0
18710,18711,18710,1,-1,1.0
18710,18711,18711,1,1,1.0
18710,18711,18710,1,-1,1.0
18710,18711,18710,7,-7,7.0
18710,18711,18710,3,-3,3.0
18710,18711,18710,1,-1,1.0
18710,18711,18710,3,-3,3.0
18709,18710,18709,1,-1,1.0
18709,18710,18710,2,2,2.0
18709,18710,18709,1,-1,1.0
18709,18710,18710,2,2,2.0
18709,18710,18710,1,1,1.0
18709,18710,18709,3,-3,3.0
18709,18710,18708,2,-2,2.0
18708,18710,18708,8,-8,8.0
18708,18709,18709,1,1,1.0
18708,18709,18708,1,-1,1.0
18708,18709,18709,3,3,3.0
18709,18711,18711,1,1,1.0
18709,18711,18711,1,1,1.0
18710,18711,18710,2,-2,2.0
18710,18711,18710,1,-1,1.0
18710,18711,18710,1,-1,1.0
18710,18711,18710,2,-2,2.0
18709,18710,18709,34,-34,34.0
18709,18710,18708,1,-1,1.0
18709,18710,18708,2,-2,2.0
18709,18710,18708,1,-1,1.0
18709,18710,18708,1,-1,1.0
18709,18710,18708,1,-1,1.0
18709,18710,18708,1,-1,1.0
18709,18710,18708,1,-1,1.0
18708,18709,18708,2,-2,2.0
18708,18709,18708,11,-11,11.0
18707,18708,18708,1,1,1.0
18707,18708,18707,1,-1,1.0
18707,18708,18707,2,-2,2.0
18707,18708,18708,1,1,1.0
18708,18710,18708,1,-1,1.0
18708,18710,18710,2,2,2.0
18709,18710,18709,1,-1,1.0
18707,18708,18708,1,1,1.0
18707,18708,18707,2,-2,2.0
18707,18708,18707,3,-3,3.0
18706,18708,18708,1,1,1.0
18706,18708,18708,1,1,1.0
18707,18708,18708,3,3,3.0
18707,18708,18708,1,1,1.0
18707,18708,18708,1,1,1.0
18707,18708,18708,2,2,2.0
18707,18708,18708,1,1,1.0
18707,18708,18708,1,1,1.0
18707,18708,18708,5,5,5.0
18707,18708,18707,3,-3,3.0
18707,18708,18707,1,-1,1.0
18706,18707,18706,2,-2,2.0
18706,18707,18707,2,2,2.0
18707,18708,18707,2,-2,2.0
18707,18708,18708,4,4,4.0
18708,18709,18708,1,-1,1.0
18708,18709,18708,1,-1,1.0
18708,18709,18707,1,-1,1.0
18707,18708,18708,1,1,1.0
18707,18708,18707,1,-1,1.0
18707,18708,18707,1,-1,1.0
18707,18708,18707,1,-1,1.0
18707,18708,18707,1,-1,1.0
18707,18708,18707,1,-1,1.0
18707,18708,18707,1,-1,1.0
18707,18708,18707,1,-1,1.0
18707,18708,18707,1,-1,1.0
18707,18708,18707,1,-1,1.0
18707,18708,18707,2,-2,2.0
18707,18708,18707,1,-1,1.0
18706,18707,18707,1,1,1.0
18706,18708,18706,2,-2,2.0
18706,18708,18707,1,-1,1.0
18706,18708,18707,1,-1,1.0
18707,18708,18707,2,-2,2.0
18707,18708,18708,1,1,1.0
18707,18708,18708,1,1,1.0
18707,18708,18708,1,1,1.0
18707,18708,18708,2,2,2.0
18707,18708,18708,1,1,1.0
18708,18709,18708,2,-2,2.0
18708,18709,18707,6,-6,6.0
18708,18709,18707,1,-1,1.0
18708,18709,18707,1,-1,1.0
18708,18709,18707,4,-4,4.0
18708,18709,18707,1,-1,1.0
18708,18709,18707,1,-1,1.0
18708,18709,18707,4,-4,4.0
18708,18709,18707,4,-4,4.0
18708,18709,18707,1,-1,1.0
18708,18709,18707,5,-5,5.0
18708,18709,18706,2,-2,2.0
18708,18709,18706,1,-1,1.0
18708,18709,18706,4,-4,4.0
18708,18709,18706,1,-1,1.0
18708,18709,18706,1,-1,1.0
18708,18709,18706,4,-4,4.0
18708,18709,18706,1,-1,1.0
18708,18709,18706,2,-2,2.0
18706,18707,18706,1,-1,1.0
18706,18707,18706,1,-1,1.0
18706,18707,18706,1,-1,1.0
18706,18707,18706,1,-1,1.0
18706,18707,18706,1,-1,1.0
18706,18707,18706,1,-1,1.0
18706,18707,18706,1,-1,1.0
18706,18707,18706,1,-1,1.0
18706,18707,18706,1,-1,1.0
18706,18707,18706,2,-2,2.0
18706,18707,18706,1,-1,1.0
18706,18707,18706,2,-2,2.0
18706,18707,18706,1,-1,1.0
18706,18707,18706,2,-2,2.0
18706,18707,18706,8,-8,8.0
18706,18707,18706,1,-1,1.0
18705,18706,18705,1,-1,1.0
18705,18706,18705,1,-1,1.0
18705,18706,18705,1,-1,1.0
18705,18706,18705,1,-1,1.0
18705,18706,18705,1,-1,1.0
18705,18706,18705,8,-8,8.0
18705,18706,18705,1,-1,1.0
18705,18706,18705,1,-1,1.0
18705,18706,18705,1,-1,1.0
18705,18706,18705,1,-1,1.0
18704,18705,18704,1,-1,1.0
18704,18705,18705,1,1,1.0
18704,18705,18705,3,3,3.0
18704,18705,18705,2,2,2.0
18704,18705,18704,4,-4,4.0
18703,18704,18703,1,-1,1.0
18703,18704,18704,1,1,1.0
18703,18704,18703,5,-5,5.0
18703,18704,18703,1,-1,1.0
18703,18704,18704,1,1,1.0
18703,18704,18703,1,-1,1.0
18703,18704,18704,1,1,1.0
18703,18705,18703,3,-3,3.0
18703,18705,18703,1,-1,1.0
18703,18705,18703,4,-4,4.0
18703,18705,18704,2,-2,2.0
18703,18705,18704,1,-1,1.0
18703,18705,18703,1,-1,1.0
18703,18705,18704,1,-1,1.0
18703,18705,18704,1,-1,1.0
18703,18705,18703,4,-4,4.0
18703,18705,18703,1,-1,1.0
18703,18704,18703,2,-2,2.0
18703,18704,18703,4,-4,4.0
18702,18704,18702,1,-1,1.0
18702,18704,18702,2,-2,2.0
18702,18704,18702,1,-1,1.0
18702,18703,18703,3,3,3.0
18703,18704,18703,3,-3,3.0
18703,18704,18703,1,-1,1.0
18703,18704,18703,1,-1,1.0
18703,18704,18703,1,-1,1.0
18703,18704,18703,3,-3,3.0
18703,18704,18704,2,2,2.0
18703,18704,18703,1,-1,1.0
18703,18704,18703,3,-3,3.0
18703,18704,18704,2,2,2.0
18703,18704,18704,3,3,3.0
18703,18704,18704,2,2,2.0
18704,18705,18705,1,1,1.0
18704,18705,18705,1,1,1.0
18704,18705,18704,1,-1,1.0
18703,18705,18704,1,-1,1.0
18703,18704,18704,1,1,1.0
18703,18704,18704,1,1,1.0
18703,18704,18704,2,2,2.0
18703,18704,18704,1,1,1.0
18703,18704,18704,1,1,1.0
18703,18704,18704,2,2,2.0
18704,18705,18704,1,-1,1.0
18704,18705,18704,2,-2,2.0
18703,18705,18703,2,-2,2.0
18704,18705,18704,1,-1,1.0
18704,18705,18703,4,-4,4.0
18704,18705,18704,1,-1,1.0
18704,18705,18704,1,-1,1.0
18703,18705,18703,2,-2,2.0
18703,18704,18703,1,-1,1.0
18703,18704,18704,1,1,1.0
18703,18704,18704,3,3,3.0
18703,18704,18704,1,1,1.0
18704,18705,18704,1,-1,1.0
18703,18704,18703,1,-1,1.0
18703,18704,18703,1,-1,1.0
18703,18704,18703,1,-1,1.0
18703,18704,18703,1,-1,1.0
18703,18704,18703,1,-1,1.0
18703,18704,18704,2,2,2.0
18703,18704,18704,2,2,2.0
18703,18704,18704,1,1,1.0
18703,18704,18704,1,1,1.0
18703,18704,18704,2,2,2.0
18704,18705,18704,1,-1,1.0
18704,18705,18704,1,-1,1.0
18704,18705,18704,1,-1,1.0
18703,18705,18703,1,-1,1.0
18703,18705,18703,1,-1,1.0
18703,18704,18703,3,-3,3.0
18703,18704,18703,3,-3,3.0
18703,18704,18703,1,-1,1.0
18703,18704,18703,2,-2,2.0
18703,18704,18703,1,-1,1.0
18703,18704,18703,1,-1,1.0
18703,18704,18703,2,-2,2.0
18703,18704,18703,1,-1,1.0
18703,18704,18703,2,-2,2.0
18703,18704,18703,1,-1,1.0
18703,18704,18703,1,-1,1.0
18703,18704,18704,1,1,1.0
18703,18704,18703,1,-1,1.0
18703,18704,18703,1,-1,1.0
18703,18704,18703,1,-1,1.0
18703,18704,18703,4,-4,4.0
18703,18704,18702,1,-1,1.0
18702,18704,18702,3,-3,3.0
18702,18703,18702,2,-2,2.0
18702,18703,18702,1,-1,1.0
18702,18703,18703,1,1,1.0
18702,18703,18703,2,2,2.0
18702,18703,18703,2,2,2.0
18702,18703,18703,2,2,2.0
18702,18703,18703,4,4,4.0
18703,18704,18703,12,-12,12.0
18703,18704,18703,2,-2,2.0
18703,18704,18703,1,-1,1.0
18703,18704,18703,1,-1,1.0
18703,18704,18703,1,-1,1.0
18703,18704,18703,1,-1,1.0
18703,18704,18703,1,-1,1.0
18703,18704,18703,2,-2,2.0
18702,18703,18703,1,1,1.0
18702,18703,18703,2,2,2.0
18702,18703,18703,1,1,1.0
18703,18704,18703,1,-1,1.0
18703,18704,18703,1,-1,1.0
18702,18703,18702,1,-1,1.0
18702,18703,18703,2,2,2.0
18702,18703,18703,2,2,2.0
18703,18704,18703,1,-1,1.0
18703,18704,18703,1,-1,1.0
18703,18704,18703,1,-1,1.0
18702,18704,18703,1,-1,1.0
18702,18704,18703,1,-1,1.0
18702,18704,18702,1,-1,1.0
18702,18704,18704,1,1,1.0
18702,18704,18704,2,2,2.0
18703,18704,18703,2,-2,2.0
18703,18704,18703,2,-2,2.0
18703,18704,18703,1,-1,1.0
18703,18704,18703,1,-1,1.0
18703,18704,18703,1,-1,1.0
18703,18704,18703,1,-1,1.0
18703,18704,18703,1,-1,1.0
18703,18704,18703,2,-2,2.0
18702,18703,18703,1,1,1.0
18702,18703,18702,3,-3,3.0
18702,18703,18702,2,-2,2.0
18702,18703,18702,2,-2,2.0
18702,18703,18702,1,-1,1.0
18702,18703,18702,1,-1,1.0
18702,18703,18702,1,-1,1.0
18702,18703,18702,3,-3,3.0
18702,18703,18702,2,-2,2.0
18702,18703,18702,1,-1,1.0
18702,18703,18702,1,-1,1.0
18702,18703,18702,1,-1,1.0
18702,18703,18702,1,-1,1.0
18702,18703,18702,1,-1,1.0
18702,18703,18702,1,-1,1.0
18701,18703,18701,1,-1,1.0
18701,18703,18701,1,-1,1.0
18701,18703,18701,1,-1,1.0
18701,18703,18701,1,-1,1.0
18701,18703,18701,1,-1,1.0
18701,18702,18701,1,-1,1.0
18701,18702,18701,1,-1,1.0
18701,18702,18702,3,3,3.0
18701,18702,18703,17,17,-17.0
18701,18703,18701,1,-1,1.0
18701,18703,18701,1,-1,1.0
18701,18702,18702,2,2,2.0
18702,18703,18702,1,-1,1.0
18702,18703,18702,1,-1,1.0
18702,18703,18702,1,-1,1.0
18702,18703,18702,1,-1,1.0
18702,18703,18702,1,-1,1.0
18702,18703,18702,1,-1,1.0
18702,18703,18702,1,-1,1.0
18702,18703,18702,1,-1,1.0
18702,18703,18702,3,-3,3.0
18701,18702,18701,2,-2,2.0
18701,18702,18701,2,-2,2.0
18701,18702,18701,1,-1,1.0
18701,18702,18701,2,-2,2.0
18701,18702,18701,3,-3,3.0
18701,18702,18701,7,-7,7.0
18700,18701,18701,8,8,8.0
18700,18701,18701,1,1,1.0
18700,18701,18701,5,5,5.0
18700,18702,18700,2,-2,2.0
18700,18702,18700,1,-1,1.0
18700,18702,18700,1,-1,1.0
18700,18701,18700,3,-3,3.0
18700,18701,18700,2,-2,2.0
18700,18701,18700,1,-1,1.0
18700,18701,18701,1,1,1.0
18700,18701,18700,1,-1,1.0
18700,18701,18700,1,-1,1.0
18700,18701,18700,3,-3,3.0
18700,18701,18700,1,-1,1.0
18700,18701,18700,1,-1,1.0
18700,18701,18700,1,-1,1.0
18700,18701,18700,1,-1,1.0
18700,18701,18700,1,-1,1.0
18700,18701,18700,1,-1,1.0
18700,18701,18700,1,-1,1.0
18700,18701,18700,1,-1,1.0
18700,18701,18700,1,-1,1.0
18700,18701,18700,1,-1,1.0
18699,18700,18699,1,-1,1.0
18699,18700,18699,1,-1,1.0
18699,18700,18699,1,-1,1.0
18699,18700,18699,1,-1,1.0
18699,18700,18699,1,-1,1.0
18699,18700,18699,1,-1,1.0
18699,18700,18699,4,-4,4.0
18699,18700,18699,1,-1,1.0
18698,18699,18698,1,-1,1.0
18698,18699,18698,1,-1,1.0
18698,18699,18698,1,-1,1.0
18698,18699,18698,2,-2,2.0
18698,18699,18698,5,-5,5.0
18698,18699,18698,1,-1,1.0
18698,18699,18698,1,-1,1.0
18698,18699,18698,10,-10,10.0
18697,18698,18698,1,1,1.0
18697,18698,18697,1,-1,1.0
18697,18698,18697,1,-1,1.0
18697,18698,18698,1,1,1.0
18697,18698,18698,5,5,5.0
18697,18698,18697,1,-1,1.0
18697,18698,18697,3,-3,3.0
18696,18698,18697,1,-1,1.0
18696,18697,18697,1,1,1.0
18696,18697,18697,1,1,1.0
18696,18698,18698,2,2,2.0
18696,18697,18696,2,-2,2.0
18696,18697,18696,6,-6,6.0
18696,18697,18696,6,-6,6.0
18696,18697,18696,1,-1,1.0
18696,18697,18697,2,2,2.0
18696,18697,18697,1,1,1.0
18697,18698,18697,2,-2,2.0
18697,18698,18697,1,-1,1.0
18696,18698,18696,3,-3,3.0
18696,18698,18697,1,-1,1.0
18696,18698,18696,2,-2,2.0
18697,18698,18697,1,-1,1.0
18697,18698,18697,1,-1,1.0
18696,18697,18697,1,1,1.0
18696,18697,18697,1,1,1.0
18696,18697,18696,1,-1,1.0
18696,18697,18696,1,-1,1.0
18696,18697,18696,1,-1,1.0
18696,18697,18696,1,-1,1.0
18696,18697,18696,1,-1,1.0
18696,18697,18697,1,1,1.0
18696,18697,18696,1,-1,1.0
18696,18697,18697,10,10,10.0
18696,18697,18696,2,-2,2.0
18696,18697,18697,1,1,1.0
18696,18697,18696,1,-1,1.0
18696,18697,18696,1,-1,1.0
18696,18697,18696,3,-3,3.0
18696,18697,18697,3,3,3.0
18696,18697,18697,1,1,1.0
18696,18697,18697,2,2,2.0
18696,18697,18697,1,1,1.0
18696,18697,18697,3,3,3.0
18696,18697,18697,2,2,2.0
18696,18697,18697,1,1,1.0
18696,18697,18697,2,2,2.0
18697,18698,18698,1,1,1.0
18697,18698,18698,6,6,6.0
18697,18698,18697,2,-2,2.0
18697,18698,18696,1,-1,1.0
18697,18698,18698,6,6,6.0
18697,18698,18699,21,21,-21.0
18697,18698,18700,8,8,-8.0
18698,18700,18700,1,1,1.0
18699,18700,18700,1,1,1.0
18699,18700,18700,1,1,1.0
18699,18700,18700,1,1,1.0
18699,18700,18700,1,1,1.0
18699,18700,18700,1,1,1.0
18699,18700,18700,1,1,1.0
18700,18701,18701,3,3,3.0
18700,18701,18701,4,4,4.0
18700,18701,18700,1,-1,1.0
18700,18701,18700,1,-1,1.0
18699,18700,18700,1,1,1.0
18699,18700,18700,1,1,1.0
18699,18700,18699,1,-1,1.0
18699,18700,18699,2,-2,2.0
18699,18700,18699,1,-1,1.0
18699,18700,18699,1,-1,1.0
18696,18699,18697,1,-1,1.0
18697,18698,18698,1,1,1.0
18698,18699,18698,1,-1,1.0
18697,18698,18698,2,2,2.0
18697,18698,18698,2,2,2.0
18697,18698,18697,1,-1,1.0
18697,18698,18697,1,-1,1.0
18697,18698,18697,1,-1,1.0
18696,18697,18697,1,1,1.0
18697,18698,18698,2,2,2.0
18697,18698,18698,2,2,2.0
18697,18698,18698,1,1,1.0
18697,18699,18697,2,-2,2.0
18698,18699,18699,1,1,1.0
18698,18699,18699,1,1,1.0
18698,18699,18699,1,1,1.0
18698,18699,18699,1,1,1.0
18699,18700,18699,1,-1,1.0
18699,18700,18699,1,-1,1.0
18699,18700,18699,1,-1,1.0
18698,18700,18698,3,-3,3.0
18698,18699,18699,2,2,2.0
18698,18700,18699,2,2,-2.0
18699,18700,18699,4,-4,4.0
18698,18699,18698,4,-4,4.0
18697,18698,18697,3,-3,3.0
18697,18698,18697,1,-1,1.0
18697,18698,18697,1,-1,1.0
18697,18698,18697,3,-3,3.0
18696,18698,18697,1,-1,1.0
18696,18697,18696,3,-3,3.0
18696,18697,18696,1,-1,1.0
18696,18697,18696,1,-1,1.0
18696,18697,18697,1,1,1.0
18696,18697,18697,1,1,1.0
18696,18697,18697,1,1,1.0
18696,18697,18696,5,-5,5.0
18696,18697,18696,1,-1,1.0
18696,18697,18696,3,-3,3.0
18696,18697,18696,1,-1,1.0
18696,18697,18697,1,1,1.0
18696,18697,18697,4,4,4.0
18696,18697,18697,1,1,1.0
18696,18697,18697,1,1,1.0
18696,18697,18697,2,2,2.0
18696,18698,18698,1,1,1.0
18696,18698,18698,1,1,1.0
18696,18698,18696,1,-1,1.0
18696,18698,18696,1,-1,1.0
18696,18697,18696,1,-1,1.0
18695,18696,18696,1,1,1.0
18695,18696,18696,4,4,4.0
18695,18696,18696,1,1,1.0
18695,18696,18695,1,-1,1.0
18695,18696,18695,1,-1,1.0
18695,18696,18695,1,-1,1.0
18695,18696,18695,1,-1,1.0
18695,18696,18695,6,-6,6.0
18695,18696,18696,2,2,2.0
18695,18696,18695,1,-1,1.0
18695,18696,18695,1,-1,1.0
18695,18696,18695,1,-1,1.0
18695,18696,18695,1,-1,1.0
18695,18696,18695,2,-2,2.0
18695,18696,18695,4,-4,4.0
18695,18696,18695,2,-2,2.0
18695,18696,18695,1,-1,1.0
18695,18696,18695,1,-1,1.0
18695,18696,18695,2,-2,2.0
18695,18696,18695,2,-2,2.0
18695,18696,18695,1,-1,1.0
18695,18696,18695,1,-1,1.0
18695,18696,18695,1,-1,1.0
18695,18696,18695,1,-1,1.0
18694,18695,18694,1,-1,1.0
18694,18695,18694,1,-1,1.0
18694,18695,18694,1,-1,1.0
18694,18695,18694,1,-1,1.0
18694,18695,18694,1,-1,1.0
18694,18695,18694,1,-1,1.0
18694,18695,18694,1,-1,1.0
18694,18695,18694,1,-1,1.0
18694,18695,18694,9,-9,9.0
18694,18695,18694,1,-1,1.0
18694,18695,18694,1,-1,1.0
18694,18695,18694,1,-1,1.0
18693,18694,18693,1,-1,1.0
18693,18694,18693,1,-1,1.0
18693,18694,18693,2,-2,2.0
18693,18694,18693,10,-10,10.0
18693,18694,18693,1,-1,1.0
18692,18693,18692,1,-1,1.0
18692,18693,18692,1,-1,1.0
18692,18693,18692,1,-1,1.0
18692,18693,18693,1,1,1.0
18692,18693,18692,1,-1,1.0
18692,18693,18692,1,-1,1.0
18692,18693,18692,5,-5,5.0
18692,18693,18692,1,-1,1.0
18692,18693,18692,2,-2,2.0
18692,18693,18692,1,-1,1.0
18692,18693,18692,1,-1,1.0
18692,18693,18692,1,-1,1.0
18692,18693,18692,1,-1,1.0
18692,18693,18692,1,-1,1.0
18692,18693,18692,1,-1,1.0
18692,18693,18692,1,-1,1.0
18692,18693,18692,1,-1,1.0
18691,18692,18691,1,-1,1.0
18691,18692,18691,5,-5,5.0
18691,18692,18691,1,-1,1.0
18691,18692,18691,2,-2,2.0
18691,18692,18691,1,-1,1.0
18691,18692,18692,1,1,1.0
18691,18692,18691,1,-1,1.0
18691,18692,18691,1,-1,1.0
18691,18692,18691,2,-2,2.0
18691,18692,18692,1,1,1.0
18691,18692,18692,2,2,2.0
18691,18692,18691,1,-1,1.0
18691,18692,18691,1,-1,1.0
18691,18692,18691,1,-1,1.0
18691,18692,18691,1,-1,1.0
18691,18692,18691,1,-1,1.0
18691,18692,18691,1,-1,1.0
18691,18692,18691,1,-1,1.0
18691,18692,18691,1,-1,1.0
18691,18692,18691,1,-1,1.0
18691,18692,18691,1,-1,1.0
18691,18692,18691,1,-1,1.0
18690,18691,18691,1,1,1.0
18690,18691,18690,30,-30,30.0
18690,18691,18690,2,-2,2.0
18690,18691,18690,1,-1,1.0
18690,18691,18690,3,-3,3.0
18690,18691,18690,9,-9,9.0
18690,18691,18690,1,-1,1.0
18690,18691,18690,1,-1,1.0
18689,18690,18689,1,-1,1.0
18689,18690,18689,1,-1,1.0
18689,18690,18689,1,-1,1.0
18689,18690,18689,1,-1,1.0
18689,18690,18689,5,-5,5.0
18688,18690,18689,1,-1,1.0
18688,18690,18689,1,-1,1.0
18689,18690,18690,1,1,1.0
18689,18690,18689,1,-1,1.0
18689,18690,18689,1,-1,1.0
18689,18690,18690,5,5,5.0
18689,18691,18690,1,1,-1.0
18689,18691,18689,1,-1,1.0
18689,18691,18689,1,-1,1.0
18690,18691,18691,16,16,16.0
18690,18691,18691,2,2,2.0
18691,18692,18691,4,-4,4.0
18691,18692,18691,1,-1,1.0
18691,18692,18691,1,-1,1.0
18690,18692,18692,1,1,1.0
18691,18692,18691,1,-1,1.0
18691,18692,18692,1,1,1.0
18691,18692,18692,1,1,1.0
18691,18692,18692,1,1,1.0
18691,18692,18692,1,1,1.0
18691,18692,18692,2,2,2.0
18691,18692,18692,1,1,1.0
18691,18693,18691,2,-2,2.0
18691,18692,18691,2,-2,2.0
18691,18692,18692,1,1,1.0
18691,18692,18692,1,1,1.0
18691,18692,18691,2,-2,2.0
18691,18692,18692,1,1,1.0
18691,18692,18692,5,5,5.0
18692,18693,18692,1,-1,1.0
18691,18692,18692,1,1,1.0
18692,18693,18692,1,-1,1.0
18692,18693,18692,1,-1,1.0
18692,18693,18693,1,1,1.0
18692,18693,18693,1,1,1.0
18692,18693,18693,3,3,3.0
18692,18693,18693,1,1,1.0
18692,18693,18693,2,2,2.0
18692,18693,18693,1,1,1.0
18693,18694,18693,7,-7,7.0
18693,18694,18692,1,-1,1.0
18693,18694,18693,2,-2,2.0
18693,18694,18693,2,-2,2.0
18693,18694,18693,1,-1,1.0
18693,18694,18693,1,-1,1.0
18693,18694,18693,2,-2,2.0
18693,18694,18693,1,-1,1.0
18693,18694,18693,1,-1,1.0
18693,18694,18693,1,-1,1.0
18693,18694,18693,1,-1,1.0
18693,18694,18693,1,-1,1.0
18693,18694,18694,1,1,1.0
18693,18694,18694,1,1,1.0
18693,18694,18694,1,1,1.0
18693,18694,18694,1,1,1.0
18693,18694,18694,1,1,1.0
18693,18694,18694,4,4,4.0
18693,18694,18694,1,1,1.0
18693,18694,18694,1,1,1.0
18693,18694,18694,1,1,1.0
18694,18695,18694,1,-1,1.0
18693,18695,18694,1,-1,1.0
18693,18695,18694,2,-2,2.0
18693,18695,18694,1,-1,1.0
18694,18695,18694,1,-1,1.0
18693,18695,18694,3,-3,3.0
18693,18695,18694,1,-1,1.0
18694,18695,18694,2,-2,2.0
18694,18695,18694,1,-1,1.0
18693,18694,18694,1,1,1.0
18693,18694,18694,5,5,5.0
18694,18695,18694,1,-1,1.0
18693,18695,18693,1,-1,1.0
18693,18694,18694,1,1,1.0
18693,18694,18694,2,2,2.0
18693,18694,18693,1,-1,1.0
18692,18693,18693,4,4,4.0
18692,18693,18693,4,4,4.0
18692,18693,18693,1,1,1.0
18692,18693,18692,2,-2,2.0
18692,18693,18692,1,-1,1.0
18692,18693,18692,1,-1,1.0
18691,18692,18692,1,1,1.0
18692,18693,18692,3,-3,3.0
18691,18692,18692,3,3,3.0
18691,18693,18692,2,2,-2.0
18691,18693,18692,4,4,-4.0
18691,18693,18691,8,-8,8.0
18692,18693,18692,1,-1,1.0
18692,18693,18692,3,-3,3.0
18692,18693,18692,2,-2,2.0
18691,18692,18691,1,-1,1.0
18691,18692,18692,1,1,1.0
18691,18692,18692,1,1,1.0
18691,18692,18691,2,-2,2.0
18691,18692,18691,1,-1,1.0
18691,18692,18691,1,-1,1.0
18691,18692,18691,1,-1,1.0
18691,18692,18691,1,-1,1.0
18691,18692,18691,1,-1,1.0
18690,18691,18690,2,-2,2.0
18690,18691,18690,1,-1,1.0
18690,18691,18691,3,3,3.0
18690,18691,18690,2,-2,2.0
18690,18691,18691,1,1,1.0
18690,18691,18690,1,-1,1.0
18690,18691,18690,1,-1,1.0
18690,18691,18690,10,-10,10.0
18690,18691,18690,5,-5,5.0
18690,18691,18690,1,-1,1.0
18690,18691,18691,1,1,1.0
18690,18691,18690,1,-1,1.0
18690,18691,18690,1,-1,1.0
18690,18691,18690,2,-2,2.0
18690,18691,18690,1,-1,1.0
18689,18690,18689,1,-1,1.0
18689,18690,18689,1,-1,1.0
18689,18690,18689,1,-1,1.0
18689,18690,18689,1,-1,1.0
18688,18689,18688,1,-1,1.0
18688,18689,18688,1,-1,1.0
18688,18689,18688,1,-1,1.0
18688,18689,18688,1,-1,1.0
18688,18689,18689,1,1,1.0
18688,18689,18689,1,1,1.0
18688,18689,18688,1,-1,1.0
18688,18689,18689,1,1,1.0
18688,18690,18688,10,-10,10.0
18688,18689,18689,1,1,1.0
18688,18689,18688,1,-1,1.0
18688,18689,18688,2,-2,2.0
18688,18689,18688,1,-1,1.0
18688,18689,18688,1,-1,1.0
18688,18689,18689,1,1,1.0
18688,18689,18688,1,-1,1.0
18688,18689,18688,1,-1,1.0
18688,18689,18688,3,-3,3.0
18688,18689,18688,8,-8,8.0
18687,18688,18687,1,-1,1.0
18687,18688,18687,6,-6,6.0
18686,18687,18687,1,1,1.0
18686,18687,18687,1,1,1.0
18686,18687,18686,1,-1,1.0
18686,18687,18686,2,-2,2.0
18686,18687,18686,2,-2,2.0
18686,18687,18686,1,-1,1.0
18686,18687,18687,1,1,1.0
18686,18687,18686,2,-2,2.0
18686,18687,18686,1,-1,1.0
18686,18687,18686,1,-1,1.0
18686,18687,18686,4,-4,4.0
18686,18687,18686,1,-1,1.0
18686,18687,18687,5,5,5.0
18686,18688,18686,1,-1,1.0
18686,18688,18686,1,-1,1.0
18686,18688,18686,9,-9,9.0
18685,18687,18686,2,-2,2.0
18685,18687,18686,2,-2,2.0
18685,18687,18686,2,-2,2.0
18685,18687,18686,2,-2,2.0
18685,18687,18685,2,-2,2.0
18685,18687,18685,1,-1,1.0
18685,18687,18685,1,-1,1.0
18685,18686,18685,1,-1,1.0
18685,18686,18685,1,-1,1.0
18685,18686,18685,1,-1,1.0
18685,18686,18685,1,-1,1.0
18685,18686,18686,1,1,1.0
18685,18686,18685,1,-1,1.0
18685,18686,18685,1,-1,1.0
18685,18686,18686,2,2,2.0
18686,18687,18686,1,-1,1.0
18686,18687,18686,1,-1,1.0
18686,18687,18687,1,1,1.0
18686,18687,18686,1,-1,1.0
18686,18687,18686,5,-5,5.0
18686,18687,18686,2,-2,2.0
18686,18687,18686,4,-4,4.0
18686,18687,18687,3,3,3.0
18686,18687,18687,2,2,2.0
18686,18687,18687,1,1,1.0
18686,18687,18687,1,1,1.0
18686,18687,18687,3,3,3.0
18686,18687,18686,1,-1,1.0
18686,18687,18686,1,-1,1.0
18686,18688,18686,2,-2,2.0
18686,18688,18687,2,-2,2.0
18686,18688,18686,1,-1,1.0
18686,18688,18686,1,-1,1.0
18686,18688,18686,1,-1,1.0
18686,18687,18686,2,-2,2.0
18686,18687,18687,1,1,1.0
18686,18688,18686,2,-2,2.0
18686,18688,18686,2,-2,2.0
18686,18688,18686,1,-1,1.0
18686,18688,18686,1,-1,1.0
18686,18688,18686,1,-1,1.0
18686,18688,18686,2,-2,2.0
18686,18688,18688,12,12,12.0
18687,18689,18689,1,1,1.0
18687,18689,18688,1,1,-1.0
18688,18689,18689,1,1,1.0
18688,18689,18689,1,1,1.0
18689,18690,18690,1,1,1.0
18689,18690,18690,5,5,5.0
18689,18690,18689,2,-2,2.0
18689,18690,18690,1,1,1.0
18689,18690,18690,2,2,2.0
18689,18690,18690,1,1,1.0
18689,18690,18690,1,1,1.0
18689,18690,18690,1,1,1.0
18689,18690,18690,2,2,2.0
18690,18691,18691,5,5,5.0
18690,18691,18691,1,1,1.0
18690,18691,18691,1,1,1.0
18690,18691,18692,3,3,-3.0
18691,18692,18692,1,1,1.0
18691,18692,18692,1,1,1.0
18691,18692,18691,1,-1,1.0
18691,18692,18692,1,1,1.0
18691,18692,18691,1,-1,1.0
18691,18692,18691,1,-1,1.0
18691,18692,18692,1,1,1.0
18691,18692,18692,1,1,1.0
18691,18692,18691,1,-1,1.0
18691,18692,18691,1,-1,1.0
18691,18692,18691,2,-2,2.0
18691,18692,18691,1,-1,1.0
18690,18691,18690,2,-2,2.0
18690,18691,18691,1,1,1.0
18690,18691,18691,1,1,1.0
18690,18691,18691,1,1,1.0
18690,18692,18691,1,1,-1.0
18690,18692,18691,1,1,-1.0
18690,18692,18692,1,1,1.0
18690,18692,18692,4,4,4.0
18691,18693,18691,1,-1,1.0
18690,18693,18691,1,-1,1.0
18690,18693,18691,1,-1,1.0
18691,18692,18692,1,1,1.0
18691,18692,18692,2,2,2.0
18691,18692,18692,1,1,1.0
18691,18692,18692,1,1,1.0
18691,18692,18692,2,2,2.0
18692,18693,18692,1,-1,1.0
18692,18693,18692,1,-1,1.0
18692,18693,18692,1,-1,1.0
18692,18693,18692,3,-3,3.0
18692,18693,18691,2,-2,2.0
18691,18693,18693,1,1,1.0
18692,18693,18693,1,1,1.0
18692,18693,18693,1,1,1.0
18692,18693,18693,1,1,1.0
18692,18693,18693,2,2,2.0
18692,18693,18692,1,-1,1.0
18692,18693,18692,6,-6,6.0
18692,18693,18692,2,-2,2.0
18692,18693,18692,1,-1,1.0
18692,18693,18691,1,-1,1.0
18691,18693,18691,12,-12,12.0
18691,18693,18691,4,-4,4.0
18691,18693,18690,4,-4,4.0
18691,18693,18690,2,-2,2.0
18690,18691,18690,2,-2,2.0
18690,18691,18690,1,-1,1.0
18689,18690,18689,3,-3,3.0
18689,18690,18689,1,-1,1.0
18689,18690,18689,1,-1,1.0
18689,18690,18689,1,-1,1.0
18688,18689,18688,1,-1,1.0
18688,18689,18688,2,-2,2.0
18688,18689,18688,3,-3,3.0
18688,18689,18688,1,-1,1.0
18688,18689,18688,1,-1,1.0
18687,18688,18687,1,-1,1.0
18686,18688,18688,3,3,3.0
18686,18688,18688,1,1,1.0
18688,18690,18690,2,2,2.0
18689,18690,18690,1,1,1.0
18689,18691,18689,2,-2,2.0
18689,18691,18690,2,-2,2.0
18689,18691,18690,3,-3,3.0
18690,18691,18690,2,-2,2.0
18690,18691,18691,1,1,1.0
18690,18691,18691,1,1,1.0
18691,18692,18692,1,1,1.0
18691,18692,18691,1,-1,1.0
18691,18692,18691,1,-1,1.0
18691,18692,18691,1,-1,1.0
18691,18692,18691,1,-1,1.0
18690,18691,18690,1,-1,1.0
18690,18691,18690,1,-1,1.0
18689,18690,18689,1,-1,1.0
18689,18690,18689,2,-2,2.0
18689,18690,18689,3,-3,3.0
18688,18689,18688,3,-3,3.0
18688,18689,18688,1,-1,1.0
18688,18689,18688,1,-1,1.0
18687,18689,18687,4,-4,4.0
18687,18689,18687,4,-4,4.0
18687,18689,18688,1,-1,1.0
18688,18690,18688,1,-1,1.0
18688,18690,18688,1,-1,1.0
18688,18690,18689,1,-1,1.0
18688,18690,18689,1,-1,1.0
18689,18691,18690,1,-1,1.0
18690,18691,18691,1,1,1.0
18690,18691,18691,1,1,1.0
18691,18692,18692,1,1,1.0
18691,18692,18691,2,-2,2.0
18691,18692,18691,1,-1,1.0
18691,18692,18692,1,1,1.0
18691,18692,18691,1,-1,1.0
18691,18692,18691,1,-1,1.0
18690,18692,18690,4,-4,4.0
18690,18692,18690,1,-1,1.0
18688,18689,18689,1,1,1.0
18688,18689,18688,1,-1,1.0
18688,18689,18688,1,-1,1.0
18688,18689,18688,1,-1,1.0
18688,18689,18688,1,-1,1.0
18688,18689,18688,1,-1,1.0
18687,18688,18687,2,-2,2.0
18687,18688,18687,2,-2,2.0
18687,18688,18687,1,-1,1.0
18687,18688,18687,1,-1,1.0
18687,18688,18687,1,-1,1.0
18686,18687,18687,3,3,3.0
18687,18688,18688,1,1,1.0
18687,18688,18687,2,-2,2.0
18686,18687,18686,1,-1,1.0
18686,18687,18686,1,-1,1.0
18686,18687,18686,17,-17,17.0
18685,18687,18686,1,-1,1.0
18685,18687,18685,2,-2,2.0
18685,18687,18685,5,-5,5.0
18685,18687,18685,1,-1,1.0
18685,18687,18685,1,-1,1.0
18685,18687,18685,1,-1,1.0
18685,18687,18685,1,-1,1.0
18685,18686,18685,1,-1,1.0
18685,18686,18685,1,-1,1.0
18685,18686,18686,1,1,1.0
18685,18687,18685,2,-2,2.0
18686,18687,18686,1,-1,1.0
18686,18687,18686,1,-1,1.0
18686,18687,18686,1,-1,1.0
18686,18688,18687,1,-1,1.0
18686,18687,18686,1,-1,1.0
18686,18687,18686,1,-1,1.0
18685,18686,18685,3,-3,3.0
18685,18686,18685,1,-1,1.0
18685,18686,18685,2,-2,2.0
18684,18685,18685,2,2,2.0
18684,18685,18685,1,1,1.0
18685,18686,18685,1,-1,1.0
18685,18686,18685,2,-2,2.0
18684,18685,18685,2,2,2.0
18684,18685,18685,1,1,1.0
18684,18685,18685,1,1,1.0
18685,18686,18686,2,2,2.0
18685,18686,18685,1,-1,1.0
18685,18686,18686,1,1,1.0
18685,18686,18686,1,1,1.0
18685,18686,18686,3,3,3.0
18685,18687,18686,1,1,-1.0
18685,18687,18686,1,1,-1.0
18685,18687,18686,1,1,-1.0
18685,18687,18686,3,3,-3.0
18685,18687,18686,1,1,-1.0
18685,18687,18686,1,1,-1.0
18685,18687,18686,1,1,-1.0
18685,18687,18686,1,1,-1.0
18685,18687,18686,2,2,-2.0
18685,18687,18686,1,1,-1.0
18685,18687,18686,1,1,-1.0
18685,18687,18686,1,1,-1.0
18685,18687,18686,1,1,-1.0
18685,18687,18686,1,1,-1.0
18685,18687,18686,1,1,-1.0
18685,18687,18686,1,1,-1.0
18686,18687,18686,1,-1,1.0
18686,18687,18686,1,-1,1.0
18686,18687,18686,2,-2,2.0
18686,18687,18687,1,1,1.0
18686,18687,18687,1,1,1.0
18686,18688,18687,1,1,-1.0
18686,18688,18687,1,1,-1.0
18687,18688,18688,1,1,1.0
18687,18688,18688,2,2,2.0
18687,18688,18688,2,2,2.0
18688,18689,18689,1,1,1.0
18688,18689,18689,1,1,1.0
18688,18690,18688,1,-1,1.0
18688,18690,18689,1,-1,1.0
18688,18689,18689,1,1,1.0
18688,18689,18689,1,1,1.0
18688,18689,18688,1,-1,1.0
18688,18689,18688,3,-3,3.0
18686,18688,18688,1,1,1.0
18686,18688,18688,2,2,2.0
18686,18687,18686,1,-1,1.0
18686,18687,18686,2,-2,2.0
18686,18687,18686,1,-1,1.0
18686,18687,18686,1,-1,1.0
18685,18686,18685,1,-1,1.0
18685,18686,18685,2,-2,2.0
18685,18686,18685,2,-2,2.0
18685,18686,18685,4,-4,4.0
18684,18685,18685,1,1,1.0
18684,18685,18684,1,-1,1.0
18684,18685,18684,1,-1,1.0
18684,18685,18684,2,-2,2.0
18684,18685,18684,1,-1,1.0
18684,18685,18684,2,-2,2.0
18684,18685,18684,2,-2,2.0
18684,18685,18684,3,-3,3.0
18684,18685,18684,1,-1,1.0
18684,18685,18684,1,-1,1.0
18683,18684,18683,1,-1,1.0
18683,18684,18684,1,1,1.0
18683,18684,18683,2,-2,2.0
18683,18684,18683,1,-1,1.0
18683,18684,18683,3,-3,3.0
18683,18684,18683,1,-1,1.0
18683,18684,18683,1,-1,1.0
18683,18684,18683,1,-1,1.0
18683,18684,18683,1,-1,1.0
18683,18684,18684,1,1,1.0
18683,18684,18683,3,-3,3.0
18683,18684,18683,4,-4,4.0
18683,18684,18683,1,-1,1.0
18682,18684,18683,1,-1,1.0
18682,18684,18682,1,-1,1.0
18682,18684,18682,1,-1,1.0
18682,18684,18682,1,-1,1.0
18682,18683,18682,1,-1,1.0
18682,18683,18682,2,-2,2.0
18682,18683,18682,1,-1,1.0
18682,18683,18682,2,-2,2.0
18682,18683,18682,1,-1,1.0
18682,18683,18682,1,-1,1.0
18682,18683,18682,1,-1,1.0
18682,18683,18683,1,1,1.0
18682,18683,18682,1,-1,1.0
18682,18683,18683,1,1,1.0
18682,18683,18682,1,-1,1.0
18682,18683,18682,1,-1,1.0
18682,18683,18682,1,-1,1.0
18682,18683,18682,2,-2,2.0
18682,18683,18682,2,-2,2.0
18682,18683,18682,1,-1,1.0
18682,18683,18683,1,1,1.0
18682,18683,18682,1,-1,1.0
18682,18683,18682,2,-2,2.0
18682,18683,18682,1,-1,1.0
18682,18683,18682,1,-1,1.0
18682,18683,18682,1,-1,1.0
18682,18683,18682,1,-1,1.0
18682,18683,18682,1,-1,1.0
18682,18683,18682,1,-1,1.0
18682,18683,18682,1,-1,1.0
18682,18683,18683,3,3,3.0
18682,18683,18683,1,1,1.0
18682,18683,18682,2,-2,2.0
18682,18683,18683,1,1,1.0
18682,18683,18682,1,-1,1.0
18682,18683,18682,1,-1,1.0
18682,18683,18682,3,-3,3.0
18681,18682,18681,3,-3,3.0
18681,18682,18681,3,-3,3.0
18681,18682,18681,3,-3,3.0
18681,18682,18681,4,-4,4.0
18680,18681,18681,1,1,1.0
18680,18681,18681,1,1,1.0
18680,18681,18680,7,-7,7.0
18680,18681,18680,3,-3,3.0
18680,18681,18680,1,-1,1.0
18680,18681,18680,3,-3,3.0
18680,18681,18681,1,1,1.0
18680,18681,18680,1,-1,1.0
18680,18681,18680,10,-10,10.0
18680,18681,18680,2,-2,2.0
18680,18681,18681,2,2,2.0
18680,18681,18680,3,-3,3.0
18680,18681,18680,1,-1,1.0
18680,18681,18680,1,-1,1.0
18680,18681,18680,1,-1,1.0
18680,18681,18680,1,-1,1.0
18680,18681,18680,1,-1,1.0
18680,18681,18680,1,-1,1.0
18680,18681,18680,1,-1,1.0
18680,18681,18680,1,-1,1.0
18680,18681,18680,1,-1,1.0
18680,18681,18680,1,-1,1.0
18680,18681,18680,1,-1,1.0
18680,18681,18680,1,-1,1.0
18680,18681,18680,1,-1,1.0
18680,18681,18680,1,-1,1.0
18680,18681,18680,1,-1,1.0
18680,18681,18680,1,-1,1.0
18680,18681,18680,2,-2,2.0
18680,18681,18680,1,-1,1.0
18680,18681,18680,1,-1,1.0
18680,18681,18680,1,-1,1.0
18680,18681,18680,1,-1,1.0
18680,18681,18680,1,-1,1.0
18680,18681,18680,1,-1,1.0
18679,18680,18679,1,-1,1.0
18679,18680,18679,1,-1,1.0
18679,18680,18679,1,-1,1.0
18679,18680,18680,1,1,1.0
18679,18680,18679,4,-4,4.0
18679,18680,18679,1,-1,1.0
18679,18680,18680,2,2,2.0
18679,18680,18679,1,-1,1.0
18679,18680,18679,1,-1,1.0
18679,18680,18679,1,-1,1.0
18679,18680,18680,3,3,3.0
18679,18680,18679,1,-1,1.0
18679,18680,18680,1,1,1.0
18679,18680,18680,1,1,1.0
18679,18680,18679,1,-1,1.0
18679,18680,18680,2,2,2.0
18679,18680,18679,1,-1,1.0
18679,18680,18679,4,-4,4.0
18679,18680,18679,1,-1,1.0
18679,18680,18679,1,-1,1.0
18679,18680,18679,1,-1,1.0
18679,18680,18679,1,-1,1.0
18679,18680,18679,1,-1,1.0
18679,18680,18679,1,-1,1.0
18679,18680,18679,1,-1,1.0
18679,18680,18679,1,-1,1.0
18679,18680,18679,4,-4,4.0
18678,18680,18678,1,-1,1.0
18678,18680,18679,1,-1,1.0
18678,18680,18678,1,-1,1.0
18678,18680,18678,2,-2,2.0
18678,18679,18678,1,-1,1.0
18678,18679,18678,1,-1,1.0
18678,18679,18678,2,-2,2.0
18678,18679,18678,1,-1,1.0
18678,18679,18678,1,-1,1.0
18678,18679,18678,1,-1,1.0
18678,18679,18678,1,-1,1.0
18678,18679,18678,1,-1,1.0
18678,18679,18679,1,1,1.0
18678,18679,18678,1,-1,1.0
18678,18679,18679,1,1,1.0
18678,18679,18679,1,1,1.0
18678,18679,18679,2,2,2.0
18678,18679,18679,4,4,4.0
18678,18679,18679,1,1,1.0
18678,18679,18679,1,1,1.0
18679,18680,18679,2,-2,2.0
18679,18680,18680,1,1,1.0
18679,18680,18680,1,1,1.0
18679,18680,18680,2,2,2.0
18679,18680,18680,6,6,6.0
18679,18680,18680,4,4,4.0
18679,18680,18680,2,2,2.0
18680,18681,18680,5,-5,5.0
18680,18681,18680,1,-1,1.0
18679,18680,18680,1,1,1.0
18679,18680,18680,2,2,2.0
18680,18681,18681,1,1,1.0
18680,18681,18680,1,-1,1.0
18680,18681,18681,3,3,3.0
18680,18681,18681,1,1,1.0
18680,18681,18681,1,1,1.0
18680,18681,18681,1,1,1.0
18680,18681,18681,1,1,1.0
18680,18681,18681,4,4,4.0
18680,18681,18681,1,1,1.0
18680,18681,18681,1,1,1.0
18680,18681,18681,1,1,1.0
18680,18681,18681,1,1,1.0
18680,18681,18681,5,5,5.0
18680,18681,18681,1,1,1.0
18680,18681,18681,1,1,1.0
18681,18683,18682,3,3,-3.0
18681,18683,18681,2,-2,2.0
18681,18683,18681,1,-1,1.0
18681,18683,18682,1,-1,1.0
18681,18682,18681,1,-1,1.0
18681,18682,18682,1,1,1.0
18681,18682,18681,2,-2,2.0
18681,18682,18682,1,1,1.0
18681,18682,18682,1,1,1.0
18681,18682,18682,2,2,2.0
18681,18682,18681,1,-1,1.0
18681,18682,18681,1,-1,1.0
18681,18682,18681,1,-1,1.0
18681,18682,18681,6,-6,6.0
18681,18682,18681,1,-1,1.0
18681,18682,18681,2,-2,2.0
18680,18681,18680,1,-1,1.0
18680,18681,18680,1,-1,1.0
18680,18681,18680,1,-1,1.0
18680,18681,18680,4,-4,4.0
18679,18680,18679,1,-1,1.0
18679,18680,18680,1,1,1.0
18679,18680,18679,3,-3,3.0
18679,18680,18679,3,-3,3.0
18678,18679,18679,1,1,1.0
18678,18680,18678,5,-5,5.0
18678,18679,18679,1,1,1.0
18679,18680,18680,3,3,3.0
18679,18680,18680,1,1,1.0
18680,18681,18681,1,1,1.0
18681,18682,18681,1,-1,1.0
18681,18682,18682,1,1,1.0
18681,18682,18682,2,2,2.0
18681,18682,18682,1,1,1.0
18681,18683,18683,5,5,5.0
18683,18684,18683,1,-1,1.0
18683,18684,18683,1,-1,1.0
18683,18684,18684,5,5,5.0
18683,18684,18684,2,2,2.0
18683,18684,18683,1,-1,1.0
18682,18684,18684,2,2,2.0
18684,18685,18685,1,1,1.0
18684,18685,18685,1,1,1.0
18684,18685,18685,1,1,1.0
18684,18685,18685,1,1,1.0
18684,18685,18684,1,-1,1.0
18684,18685,18684,1,-1,1.0
18684,18685,18684,1,-1,1.0
18684,18685,18684,1,-1,1.0
18684,18685,18684,2,-2,2.0
18683,18685,18683,1,-1,1.0
18683,18685,18683,2,-2,2.0
18683,18685,18685,1,1,1.0
18683,18685,18685,2,2,2.0
18684,18685,18685,1,1,1.0
18685,18686,18685,1,-1,1.0
18685,18686,18686,1,1,1.0
18684,18686,18686,2,2,2.0
18684,18686,18686,1,1,1.0
18685,18686,18686,2,2,2.0
18685,18686,18685,1,-1,1.0
18684,18686,18686,2,2,2.0
18684,18686,18686,2,2,2.0
18684,18686,18685,1,1,-1.0
18685,18687,18685,1,-1,1.0
18685,18686,18685,1,-1,1.0
18685,18686,18685,3,-3,3.0
18685,18686,18686,2,2,2.0
18686,18687,18686,1,-1,1.0
18686,18687,18686,1,-1,1.0
18685,18686,18686,2,2,2.0
18685,18686,18685,1,-1,1.0
18685,18686,18685,1,-1,1.0
18685,18686,18685,2,-2,2.0
18685,18686,18686,1,1,1.0
18686,18687,18687,3,3,3.0
18686,18688,18687,1,1,-1.0
18686,18688,18687,1,1,-1.0
18686,18688,18687,1,1,-1.0
18686,18688,18688,4,4,4.0
18686,18688,18688,1,1,1.0
18686,18688,18687,1,1,-1.0
18686,18689,18689,1,1,1.0
18686,18688,18688,1,1,1.0
18687,18688,18688,1,1,1.0
18687,18688,18688,1,1,1.0
18687,18688,18687,3,-3,3.0
18686,18687,18686,1,-1,1.0
18686,18687,18686,1,-1,1.0
18686,18687,18686,2,-2,2.0
18685,18686,18685,1,-1,1.0
18685,18686,18685,1,-1,1.0
18685,18686,18685,1,-1,1.0
18685,18686,18685,2,-2,2.0
18685,18686,18685,1,-1,1.0
18684,18685,18685,1,1,1.0
18684,18686,18686,1,1,1.0
18685,18686,18686,5,5,5.0
18685,18687,18687,1,1,1.0
18685,18687,18687,1,1,1.0
18685,18687,18687,1,1,1.0
18685,18687,18687,2,2,2.0
18685,18687,18687,4,4,4.0
18685,18687,18687,1,1,1.0
18685,18687,18685,1,-1,1.0
18685,18687,18685,4,-4,4.0
18685,18687,18687,1,1,1.0
18685,18686,18686,1,1,1.0
18685,18686,18685,2,-2,2.0
18685,18686,18686,1,1,1.0
18685,18686,18685,1,-1,1.0
18685,18687,18685,1,-1,1.0
18685,18687,18685,1,-1,1.0
18685,18687,18685,3,-3,3.0
18684,18685,18685,2,2,2.0
18684,18685,18686,4,4,-4.0
18684,18685,18686,1,1,-1.0
18686,18687,18686,1,-1,1.0
18686,18687,18686,1,-1,1.0
18686,18687,18687,2,2,2.0
18686,18687,18687,3,3,3.0
18687,18688,18687,2,-2,2.0
18687,18688,18687,1,-1,1.0
18686,18687,18687,2,2,2.0
18686,18687,18687,2,2,2.0
18687,18688,18687,1,-1,1.0
18687,18688,18687,3,-3,3.0
18686,18688,18687,1,-1,1.0
18686,18687,18686,1,-1,1.0
18687,18688,18688,2,2,2.0
18687,18688,18688,1,1,1.0
18687,18688,18687,2,-2,2.0
18687,18688,18688,2,2,2.0
18687,18688,18687,2,-2,2.0
18687,18688,18687,1,-1,1.0
18687,18688,18688,4,4,4.0
18687,18688,18688,1,1,1.0
18687,18688,18688,2,2,2.0
18687,18688,18688,2,2,2.0
18687,18688,18688,1,1,1.0
18687,18688,18688,1,1,1.0
18687,18688,18688,2,2,2.0
18687,18689,18688,1,1,-1.0
18687,18688,18687,1,-1,1.0
18687,18689,18687,5,-5,5.0
18688,18689,18688,1,-1,1.0
18688,18689,18689,3,3,3.0
18688,18689,18689,2,2,2.0
18688,18689,18689,1,1,1.0
18688,18689,18689,2,2,2.0
18688,18689,18688,1,-1,1.0
18688,18689,18688,1,-1,1.0
18688,18689,18688,1,-1,1.0
18688,18689,18688,1,-1,1.0
18687,18688,18687,1,-1,1.0
18687,18688,18687,1,-1,1.0
18687,18688,18687,1,-1,1.0
18687,18688,18687,1,-1,1.0
18687,18688,18687,1,-1,1.0
18687,18688,18687,1,-1,1.0
18687,18688,18687,1,-1,1.0
18686,18688,18688,3,3,3.0
18687,18688,18687,1,-1,1.0
18687,18688,18686,2,-2,2.0
18687,18688,18687,1,-1,1.0
18687,18688,18687,1,-1,1.0
18686,18688,18687,1,-1,1.0
18687,18688,18688,1,1,1.0
18687,18688,18687,2,-2,2.0
18686,18687,18686,1,-1,1.0
18686,18687,18686,1,-1,1.0
18686,18687,18686,1,-1,1.0
18686,18687,18686,4,-4,4.0
18686,18687,18686,1,-1,1.0
18686,18687,18686,1,-1,1.0
18686,18687,18686,1,-1,1.0
18686,18687,18686,1,-1,1.0
18686,18687,18686,1,-1,1.0
18686,18687,18686,2,-2,2.0
18686,18687,18686,1,-1,1.0
18685,18687,18686,1,-1,1.0
18685,18686,18686,1,1,1.0
18686,18687,18686,2,-2,2.0
18685,18686,18686,1,1,1.0
18685,18686,18686,1,1,1.0
18685,18686,18686,1,1,1.0
18685,18686,18686,3,3,3.0
18685,18686,18686,3,3,3.0
18686,18688,18686,4,-4,4.0
18685,18686,18685,12,-12,12.0
18685,18686,18685,1,-1,1.0
18685,18686,18686,1,1,1.0
18685,18686,18686,1,1,1.0
18685,18686,18686,1,1,1.0
18685,18686,18686,1,1,1.0
18685,18686,18686,1,1,1.0
18686,18687,18687,1,1,1.0
18686,18687,18687,1,1,1.0
18686,18687,18687,1,1,1.0
18686,18687,18687,1,1,1.0
18686,18687,18687,1,1,1.0
18686,18687,18687,1,1,1.0
18687,18688,18688,1,1,1.0
18687,18688,18688,2,2,2.0
18688,18689,18689,3,3,3.0
18689,18690,18689,2,-2,2.0
18689,18690,18689,1,-1,1.0
18689,18690,18689,1,-1,1.0
18688,18690,18690,5,5,5.0
18688,18690,18690,1,1,1.0
18688,18690,18690,1,1,1.0
18688,18690,18690,7,7,7.0
18688,18690,18689,1,1,-1.0
18688,18690,18690,5,5,5.0
18689,18690,18690,3,3,3.0
18689,18691,18690,1,1,-1.0
18689,18691,18690,1,1,-1.0
18689,18691,18690,1,1,-1.0
18689,18691,18690,1,1,-1.0
18690,18691,18691,1,1,1.0
18690,18691,18691,1,1,1.0
18690,18691,18691,1,1,1.0
18690,18691,18691,2,2,2.0
18690,18692,18690,5,-5,5.0
18690,18692,18690,1,-1,1.0
18689,18690,18690,1,1,1.0
18689,18691,18691,1,1,1.0
18689,18690,18690,1,1,1.0
18689,18690,18690,1,1,1.0
18690,18691,18690,1,-1,1.0
18690,18691,18691,1,1,1.0
18690,18691,18691,1,1,1.0
18690,18691,18691,1,1,1.0
18690,18691,18691,3,3,3.0
18690,18692,18690,2,-2,2.0
18690,18691,18690,1,-1,1.0
18690,18691,18691,5,5,5.0
18690,18691,18691,2,2,2.0
18691,18692,18691,2,-2,2.0
18691,18692,18692,1,1,1.0
18691,18692,18692,2,2,2.0
18691,18692,18692,1,1,1.0
18691,18692,18692,2,2,2.0
18691,18692,18692,1,1,1.0
18691,18692,18692,3,3,3.0
18691,18692,18692,1,1,1.0
18691,18692,18692,1,1,1.0
18691,18692,18692,1,1,1.0
18692,18693,18692,1,-1,1.0
18692,18693,18693,5,5,5.0
18692,18693,18692,1,-1,1.0
18692,18693,18693,1,1,1.0
18692,18693,18693,4,4,4.0
18692,18693,18693,1,1,1.0
18692,18693,18693,1,1,1.0
18692,18693,18692,1,-1,1.0
18692,18693,18693,2,2,2.0
18692,18693,18694,1,1,-1.0
18692,18694,18694,1,1,1.0
18692,18694,18694,1,1,1.0
18692,18694,18694,1,1,1.0
18692,18694,18694,1,1,1.0
18692,18694,18694,1,1,1.0
18692,18694,18694,1,1,1.0
18692,18694,18694,1,1,1.0
18692,18694,18692,5,-5,5.0
18691,18693,18691,1,-1,1.0
18691,18693,18693,1,1,1.0
18691,18693,18693,2,2,2.0
18691,18693,18693,1,1,1.0
18691,18693,18693,5,5,5.0
18691,18692,18692,1,1,1.0
18691,18692,18692,1,1,1.0
18691,18692,18692,1,1,1.0
18691,18692,18691,2,-2,2.0
18691,18692,18691,2,-2,2.0
18691,18692,18691,1,-1,1.0
18690,18691,18690,1,-1,1.0
18690,18691,18691,2,2,2.0
18690,18691,18691,1,1,1.0
18690,18691,18690,2,-2,2.0
18690,18691,18690,2,-2,2.0
18690,18691,18690,2,-2,2.0
18688,18690,18689,1,-1,1.0
18688,18690,18689,1,-1,1.0
18688,18690,18690,1,1,1.0
18688,18690,18689,1,1,-1.0
18688,18690,18690,1,1,1.0
18689,18690,18689,1,-1,1.0
18689,18690,18689,1,-1,1.0
18688,18690,18688,5,-5,5.0
18688,18689,18688,1,-1,1.0
18688,18689,18688,1,-1,1.0
18688,18689,18688,1,-1,1.0
18688,18689,18688,1,-1,1.0
18687,18689,18687,1,-1,1.0
18687,18688,18687,1,-1,1.0
18687,18689,18688,4,-4,4.0
18687,18688,18687,2,-2,2.0
18687,18688,18688,2,2,2.0
18687,18688,18687,2,-2,2.0
18687,18688,18687,1,-1,1.0
18687,18688,18687,1,-1,1.0
18687,18688,18687,1,-1,1.0
18687,18688,18687,1,-1,1.0
18687,18688,18687,1,-1,1.0
18687,18688,18687,3,-3,3.0
18686,18687,18687,1,1,1.0
18686,18687,18686,3,-3,3.0
18686,18687,18686,1,-1,1.0
18685,18687,18687,1,1,1.0
18685,18687,18686,1,1,-1.0
18685,18687,18686,1,1,-1.0
18685,18687,18685,1,-1,1.0
18685,18686,18685,1,-1,1.0
18685,18686,18685,1,-1,1.0
18685,18686,18686,1,1,1.0
18685,18686,18685,1,-1,1.0
18685,18686,18685,1,-1,1.0
18685,18686,18685,1,-1,1.0
18685,18686,18685,1,-1,1.0
18685,18686,18685,1,-1,1.0
18685,18686,18685,1,-1,1.0
18685,18686,18684,1,-1,1.0
18685,18686,18684,1,-1,1.0
18685,18686,18684,1,-1,1.0
18685,18686,18684,1,-1,1.0
18685,18686,18684,1,-1,1.0
18685,18686,18684,1,-1,1.0
18685,18686,18684,1,-1,1.0
18683,18684,18684,1,1,1.0
18683,18684,18684,1,1,1.0
18683,18684,18684,1,1,1.0
18683,18684,18683,3,-3,3.0
18683,18684,18683,1,-1,1.0
18683,18684,18683,1,-1,1.0
18683,18684,18683,1,-1,1.0
18683,18684,18683,2,-2,2.0
18683,18684,18683,1,-1,1.0
18683,18684,18683,1,-1,1.0
18683,18684,18683,1,-1,1.0
18683,18684,18683,3,-3,3.0
18683,18684,18683,1,-1,1.0
18683,18684,18682,1,-1,1.0
18682,18684,18682,1,-1,1.0
18682,18684,18684,1,1,1.0
18682,18684,18682,1,-1,1.0
18682,18684,18684,1,1,1.0
18683,18684,18684,2,2,2.0
18683,18684,18684,4,4,4.0
18683,18684,18684,1,1,1.0
18683,18684,18684,1,1,1.0
18683,18684,18684,1,1,1.0
18683,18684,18684,1,1,1.0
18684,18685,18685,1,1,1.0
18685,18686,18686,1,1,1.0
18686,18687,18686,1,-1,1.0
18686,18687,18686,1,-1,1.0
18686,18687,18686,1,-1,1.0
18686,18687,18686,2,-2,2.0
18686,18687,18687,1,1,1.0
18686,18687,18687,1,1,1.0
18686,18687,18687,1,1,1.0
18686,18687,18687,1,1,1.0
18686,18687,18687,1,1,1.0
18686,18687,18687,1,1,1.0
18686,18687,18687,1,1,1.0
18686,18687,18687,1,1,1.0
18686,18687,18687,1,1,1.0
18687,18688,18687,1,-1,1.0
18687,18688,18688,3,3,3.0
18687,18688,18689,7,7,-7.0
18689,18690,18690,1,1,1.0
18689,18690,18690,5,5,5.0
18689,18690,18690,2,2,2.0
18689,18690,18690,1,1,1.0
18689,18690,18690,1,1,1.0
18689,18690,18690,1,1,1.0
18689,18690,18690,2,2,2.0
18689,18690,18689,4,-4,4.0
18689,18690,18690,1,1,1.0
18689,18690,18690,1,1,1.0
18688,18690,18690,1,1,1.0
18689,18691,18689,1,-1,1.0
18689,18690,18690,1,1,1.0
18689,18690,18691,9,9,-9.0
18689,18690,18690,1,1,1.0
18689,18690,18689,2,-2,2.0
18689,18690,18689,1,-1,1.0
18688,18689,18688,1,-1,1.0
18687,18689,18689,1,1,1.0
18687,18689,18687,1,-1,1.0
18687,18689,18687,1,-1,1.0
18688,18690,18689,1,-1,1.0
18688,18690,18688,1,-1,1.0
18688,18690,18688,2,-2,2.0
18688,18690,18688,1,-1,1.0
18688,18689,18688,1,-1,1.0
18687,18689,18687,1,-1,1.0
18687,18689,18689,1,1,1.0
18687,18689,18687,1,-1,1.0
18687,18689,18687,1,-1,1.0
18687,18689,18687,1,-1,1.0
18687,18689,18687,1,-1,1.0
18687,18689,18687,1,-1,1.0
18688,18689,18688,2,-2,2.0
18688,18689,18689,1,1,1.0
18688,18689,18689,1,1,1.0
18689,18690,18689,1,-1,1.0
18689,18690,18690,1,1,1.0
18689,18690,18690,1,1,1.0
18689,18690,18690,1,1,1.0
18690,18691,18691,2,2,2.0
18690,18691,18691,2,2,2.0
18690,18691,18691,1,1,1.0
18690,18691,18691,2,2,2.0
18691,18692,18692,1,1,1.0
18690,18692,18692,1,1,1.0
18691,18692,18692,1,1,1.0
18691,18692,18692,2,2,2.0
18691,18692,18691,5,-5,5.0
18691,18692,18691,2,-2,2.0
18691,18692,18690,1,-1,1.0
18688,18690,18690,1,1,1.0
18688,18690,18690,1,1,1.0
18687,18689,18687,1,-1,1.0
18687,18689,18687,3,-3,3.0
18686,18689,18688,1,1,-1.0
18687,18689,18688,1,1,-1.0
18688,18690,18688,1,-1,1.0
18688,18689,18688,1,-1,1.0
18686,18688,18688,1,1,1.0
18687,18688,18687,1,-1,1.0
18686,18687,18687,3,3,3.0
18686,18687,18687,3,3,3.0
18686,18688,18687,1,1,-1.0
18686,18688,18687,1,1,-1.0
18686,18688,18687,1,1,-1.0
18686,18688,18687,2,2,-2.0
18687,18688,18688,1,1,1.0
18687,18688,18687,1,-1,1.0
18686,18687,18687,1,1,1.0
18686,18687,18687,2,2,2.0
18686,18687,18686,1,-1,1.0
18686,18687,18686,5,-5,5.0
18686,18687,18686,1,-1,1.0
18686,18687,18686,4,-4,4.0
18686,18687,18686,1,-1,1.0
18686,18687,18686,1,-1,1.0
18686,18687,18687,2,2,2.0
18686,18687,18687,2,2,2.0
18686,18687,18687,1,1,1.0
18686,18687,18687,1,1,1.0
18686,18687,18688,2,2,-2.0
18687,18688,18687,5,-5,5.0
18687,18688,18688,1,1,1.0
18687,18688,18687,1,-1,1.0
18687,18688,18687,1,-1,1.0
18686,18687,18687,1,1,1.0
18686,18687,18687,1,1,1.0
18687,18688,18688,1,1,1.0
18687,18688,18688,2,2,2.0
18686,18689,18686,1,-1,1.0
18685,18686,18685,4,-4,4.0
18685,18686,18685,2,-2,2.0
18685,18686,18685,1,-1,1.0
18685,18686,18685,1,-1,1.0
18685,18686,18685,1,-1,1.0
18684,18685,18684,5,-5,5.0
18684,18685,18684,5,-5,5.0
18683,18685,18684,1,-1,1.0
18683,18685,18683,1,-1,1.0
18684,18685,18684,1,-1,1.0
18683,18684,18683,1,-1,1.0
18683,18684,18683,2,-2,2.0
18683,18684,18683,1,-1,1.0
18683,18684,18683,1,-1,1.0
18683,18684,18683,1,-1,1.0
18682,18683,18682,3,-3,3.0
18682,18683,18682,1,-1,1.0
18682,18683,18682,1,-1,1.0
18682,18683,18682,1,-1,1.0
18682,18683,18682,1,-1,1.0
18682,18683,18681,1,-1,1.0
18681,18682,18681,1,-1,1.0
18681,18682,18681,1,-1,1.0
18681,18682,18681,1,-1,1.0
18681,18682,18681,1,-1,1.0
18681,18682,18681,1,-1,1.0
18681,18682,18681,1,-1,1.0
18681,18682,18681,1,-1,1.0
18681,18682,18681,2,-2,2.0
18681,18682,18681,3,-3,3.0
18681,18682,18681,3,-3,3.0
18681,18682,18681,1,-1,1.0
18681,18682,18681,1,-1,1.0
18681,18682,18681,1,-1,1.0
18681,18682,18682,1,1,1.0
18681,18682,18682,3,3,3.0
18682,18683,18683,1,1,1.0
18682,18683,18683,1,1,1.0
18682,18683,18683,1,1,1.0
18682,18683,18683,2,2,2.0
18682,18683,18683,1,1,1.0
18682,18684,18684,1,1,1.0
18682,18684,18684,6,6,6.0
18682,18684,18684,3,3,3.0
18682,18684,18685,1,1,-1.0
18685,18686,18686,1,1,1.0
18685,18686,18686,1,1,1.0
18685,18686,18686,1,1,1.0
18685,18686,18686,2,2,2.0
18686,18688,18686,4,-4,4.0
18686,18688,18686,1,-1,1.0
18686,18688,18686,1,-1,1.0
18686,18687,18686,10,-10,10.0
18685,18687,18687,1,1,1.0
18685,18686,18685,2,-2,2.0
18685,18686,18685,1,-1,1.0
18685,18686,18685,2,-2,2.0
18684,18685,18685,1,1,1.0
18685,18686,18686,1,1,1.0
18685,18686,18685,1,-1,1.0
18685,18686,18685,1,-1,1.0
18684,18685,18685,1,1,1.0
18684,18685,18684,1,-1,1.0
18684,18685,18684,3,-3,3.0
18683,18684,18684,1,1,1.0
18683,18684,18684,1,1,1.0
18683,18684,18683,5,-5,5.0
18682,18683,18682,2,-2,2.0
18682,18683,18682,2,-2,2.0
18682,18683,18682,1,-1,1.0
18681,18683,18683,1,1,1.0
18682,18683,18682,1,-1,1.0
18682,18684,18682,1,-1,1.0
18682,18683,18683,1,1,1.0
18683,18684,18683,2,-2,2.0
18682,18684,18684,1,1,1.0
18683,18684,18684,1,1,1.0
18683,18684,18684,1,1,1.0
18683,18685,18683,2,-2,2.0
18683,18684,18684,3,3,3.0
18683,18684,18683,1,-1,1.0
18683,18684,18683,1,-1,1.0
18682,18683,18682,2,-2,2.0
18682,18683,18681,2,-2,2.0
18681,18683,18683,2,2,2.0
18681,18682,18682,1,1,1.0
18682,18683,18683,5,5,5.0
18683,18684,18683,1,-1,1.0
18682,18683,18682,1,-1,1.0
18682,18683,18682,2,-2,2.0
18682,18683,18682,5,-5,5.0
18684,18685,18685,2,2,2.0
18684,18685,18685,2,2,2.0
18684,18685,18685,1,1,1.0
18684,18685,18685,2,2,2.0
18685,18686,18685,1,-1,1.0
18685,18686,18685,1,-1,1.0
18685,18686,18686,1,1,1.0
18685,18686,18686,2,2,2.0
18685,18686,18686,1,1,1.0
18685,18686,18686,1,1,1.0
18685,18687,18685,1,-1,1.0
18685,18687,18685,1,-1,1.0
18685,18687,18685,1,-1,1.0
18685,18687,18685,2,-2,2.0
18684,18686,18686,1,1,1.0
18684,18686,18686,1,1,1.0
18684,18686,18686,1,1,1.0
18684,18686,18684,1,-1,1.0
18685,18686,18685,1,-1,1.0
18685,18686,18685,1,-1,1.0
18684,18686,18684,1,-1,1.0
18684,18686,18684,1,-1,1.0
18684,18686,18684,1,-1,1.0
18684,18685,18684,1,-1,1.0
18684,18685,18684,2,-2,2.0
18684,18685,18685,1,1,1.0
18684,18685,18684,1,-1,1.0
18684,18685,18684,2,-2,2.0
18684,18685,18684,1,-1,1.0
18684,18685,18684,1,-1,1.0
18684,18685,18684,1,-1,1.0
18684,18685,18684,1,-1,1.0
18684,18686,18684,2,-2,2.0
18684,18686,18684,1,-1,1.0
18683,18684,18684,1,1,1.0
18683,18684,18683,2,-2,2.0
18683,18684,18683,1,-1,1.0
18683,18684,18683,1,-1,1.0
18682,18684,18684,4,4,4.0
18684,18685,18684,2,-2,2.0
18684,18685,18685,1,1,1.0
18684,18685,18685,1,1,1.0
18684,18685,18685,1,1,1.0
18684,18685,18685,1,1,1.0
18684,18685,18685,1,1,1.0
18684,18685,18685,1,1,1.0
18684,18685,18685,1,1,1.0
18684,18685,18685,2,2,2.0
18685,18686,18685,4,-4,4.0
18684,18685,18684,1,-1,1.0
18682,18683,18683,1,1,1.0
18683,18684,18683,1,-1,1.0
18683,18684,18683,1,-1,1.0
18683,18684,18683,2,-2,2.0
18682,18683,18683,3,3,3.0
18683,18684,18683,1,-1,1.0
18683,18684,18683,1,-1,1.0
18683,18684,18682,2,-2,2.0
18682,18683,18683,2,2,2.0
18682,18683,18682,16,-16,16.0
18681,18682,18682,2,2,2.0
18681,18682,18682,1,1,1.0
18681,18682,18682,1,1,1.0
18681,18682,18682,1,1,1.0
18681,18682,18682,1,1,1.0
18681,18682,18682,1,1,1.0
18681,18682,18682,1,1,1.0
18681,18682,18682,1,1,1.0
18681,18682,18682,1,1,1.0
18682,18683,18682,2,-2,2.0
18681,18682,18681,1,-1,1.0
18681,18682,18681,2,-2,2.0
18681,18682,18681,6,-6,6.0
18681,18682,18681,1,-1,1.0
18681,18682,18681,2,-2,2.0
18681,18682,18681,2,-2,2.0
18680,18682,18682,1,1,1.0
18680,18682,18682,1,1,1.0
18682,18683,18682,1,-1,1.0
18681,18683,18683,1,1,1.0
18681,18684,18681,1,-1,1.0
18681,18684,18683,1,1,-1.0
18682,18683,18682,1,-1,1.0
18682,18683,18683,2,2,2.0
18682,18683,18683,1,1,1.0
18683,18684,18683,2,-2,2.0
18683,18684,18683,1,-1,1.0
18682,18683,18683,1,1,1.0
18682,18683,18683,2,2,2.0
18682,18684,18682,1,-1,1.0
18682,18684,18683,2,-2,2.0
18683,18684,18683,1,-1,1.0
18683,18684,18684,1,1,1.0
18683,18684,18684,1,1,1.0
18683,18684,18684,3,3,3.0
18684,18685,18685,1,1,1.0
18685,18686,18686,5,5,5.0
18685,18686,18686,2,2,2.0
18685,18686,18686,1,1,1.0
18685,18686,18686,1,1,1.0
18685,18687,18685,1,-1,1.0
18685,18687,18686,1,-1,1.0
18684,18686,18684,2,-2,2.0
18684,18686,18684,2,-2,2.0
18684,18686,18684,2,-2,2.0
18683,18685,18683,8,-8,8.0
18683,18684,18683,3,-3,3.0
18683,18684,18684,5,5,5.0
18683,18684,18684,5,5,5.0
18684,18686,18685,2,2,-2.0
18684,18686,18684,1,-1,1.0
18684,18686,18684,2,-2,2.0
18683,18686,18683,1,-1,1.0
18683,18686,18686,5,5,5.0
18685,18687,18686,1,1,-1.0
18685,18687,18685,1,-1,1.0
18685,18687,18686,1,-1,1.0
18685,18687,18685,1,-1,1.0
18686,18687,18687,1,1,1.0
18686,18687,18687,4,4,4.0
18686,18687,18687,1,1,1.0
18686,18687,18687,1,1,1.0
18686,18688,18687,1,1,-1.0
18686,18687,18687,1,1,1.0
18686,18687,18687,1,1,1.0
18686,18687,18687,1,1,1.0
18687,18688,18687,1,-1,1.0
18687,18688,18687,1,-1,1.0
18687,18688,18688,1,1,1.0
18687,18688,18688,1,1,1.0
18687,18688,18688,2,2,2.0
18687,18688,18688,1,1,1.0
18687,18688,18688,1,1,1.0
18687,18689,18689,3,3,3.0
18688,18689,18689,1,1,1.0
18687,18689,18689,1,1,1.0
18687,18688,18688,3,3,3.0
18687,18688,18688,1,1,1.0
18687,18688,18688,1,1,1.0
18688,18689,18688,1,-1,1.0
18688,18689,18688,1,-1,1.0
18688,18689,18688,3,-3,3.0
18687,18688,18688,1,1,1.0
18687,18688,18688,1,1,1.0
18687,18689,18689,2,2,2.0
18687,18689,18688,1,1,-1.0
18687,18688,18688,1,1,1.0
18687,18688,18688,1,1,1.0
18687,18688,18688,1,1,1.0
18687,18688,18688,3,3,3.0
18687,18688,18688,1,1,1.0
18687,18689,18687,1,-1,1.0
18687,18689,18688,2,-2,2.0
18687,18689,18687,1,-1,1.0
18687,18689,18688,1,-1,1.0
18688,18689,18689,1,1,1.0
18688,18689,18689,1,1,1.0
18688,18689,18689,4,4,4.0
18688,18689,18689,1,1,1.0
18688,18689,18688,2,-2,2.0
18688,18689,18689,2,2,2.0
18688,18689,18689,1,1,1.0
18688,18689,18689,1,1,1.0
18688,18690,18690,5,5,5.0
18689,18690,18690,1,1,1.0
18689,18690,18690,1,1,1.0
18688,18690,18690,1,1,1.0
18688,18690,18690,1,1,1.0
18689,18690,18689,1,-1,1.0
18688,18689,18688,1,-1,1.0
18688,18689,18689,1,1,1.0
18688,18689,18689,2,2,2.0
18688,18689,18689,1,1,1.0
18688,18689,18689,1,1,1.0
18688,18689,18689,1,1,1.0
18688,18689,18689,1,1,1.0
18688,18689,18689,1,1,1.0
18688,18690,18690,1,1,1.0
18689,18690,18689,1,-1,1.0
18688,18690,18688,2,-2,2.0
18688,18690,18688,1,-1,1.0
18688,18690,18690,3,3,3.0
18688,18690,18690,1,1,1.0
18688,18690,18688,1,-1,1.0
18688,18689,18689,1,1,1.0
18688,18690,18688,1,-1,1.0
18688,18690,18689,1,-1,1.0
18688,18689,18689,1,1,1.0
18688,18689,18688,1,-1,1.0
18688,18689,18688,4,-4,4.0
18688,18689,18688,2,-2,2.0
18688,18689,18688,1,-1,1.0
18687,18688,18687,1,-1,1.0
18687,18688,18687,1,-1,1.0
18687,18688,18687,1,-1,1.0
18687,18688,18687,2,-2,2.0
18687,18688,18687,2,-2,2.0
18687,18688,18687,1,-1,1.0
18687,18688,18687,3,-3,3.0
18687,18688,18687,1,-1,1.0
18686,18687,18686,4,-4,4.0
18686,18687,18687,1,1,1.0
18686,18688,18688,6,6,6.0
18685,18687,18685,5,-5,5.0
18685,18686,18685,1,-1,1.0
18685,18686,18685,1,-1,1.0
18685,18686,18685,1,-1,1.0
18684,18686,18684,1,-1,1.0
18684,18686,18684,3,-3,3.0
18684,18686,18685,1,-1,1.0
18684,18686,18685,1,-1,1.0
18685,18686,18686,1,1,1.0
18686,18687,18687,1,1,1.0
18686,18687,18687,1,1,1.0
18687,18688,18687,1,-1,1.0
18687,18688,18688,1,1,1.0
18687,18689,18688,1,1,-1.0
18688,18689,18689,1,1,1.0
18688,18689,18689,1,1,1.0
18688,18689,18689,2,2,2.0
18689,18690,18690,1,1,1.0
18689,18690,18690,2,2,2.0
18690,18691,18690,1,-1,1.0
18690,18691,18690,1,-1,1.0
18690,18691,18690,3,-3,3.0
18690,18691,18690,1,-1,1.0
18688,18690,18690,1,1,1.0
18687,18689,18688,1,1,-1.0
18687,18689,18689,1,1,1.0
18688,18689,18688,2,-2,2.0
18688,18689,18688,1,-1,1.0
18688,18690,18689,1,-1,1.0
18688,18690,18689,6,-6,6.0
18689,18690,18690,1,1,1.0
18689,18690,18690,31,31,31.0
18690,18691,18691,10,10,10.0
18690,18692,18691,1,1,-1.0
18691,18692,18692,1,1,1.0
18691,18692,18692,1,1,1.0
18691,18692,18691,1,-1,1.0
18691,18692,18692,1,1,1.0
18691,18692,18692,1,1,1.0
18691,18692,18692,11,11,11.0
18692,18693,18692,2,-2,2.0
18692,18693,18691,3,-3,3.0
18692,18693,18692,1,-1,1.0
18691,18692,18692,1,1,1.0
18691,18692,18691,1,-1,1.0
18691,18692,18691,1,-1,1.0
18691,18692,18691,1,-1,1.0
18691,18692,18691,1,-1,1.0
18691,18692,18691,2,-2,2.0
18691,18692,18691,1,-1,1.0
18690,18691,18691,1,1,1.0
18691,18692,18691,1,-1,1.0
18691,18692,18691,1,-1,1.0
18690,18692,18691,1,-1,1.0
18691,18692,18691,1,-1,1.0
18690,18692,18692,3,3,3.0
18690,18692,18692,1,1,1.0
18690,18692,18692,1,1,1.0
18692,18693,18692,1,-1,1.0
18692,18693,18693,1,1,1.0
18692,18693,18693,1,1,1.0
18692,18693,18693,1,1,1.0
18692,18693,18693,1,1,1.0
18692,18693,18693,8,8,8.0
18693,18694,18693,1,-1,1.0
18693,18694,18693,1,-1,1.0
18693,18694,18693,1,-1,1.0
18693,18694,18693,2,-2,2.0
18692,18693,18693,4,4,4.0
18692,18694,18694,21,21,21.0
18694,18695,18695,1,1,1.0
18694,18695,18695,1,1,1.0
18694,18695,18694,1,-1,1.0
18694,18695,18695,1,1,1.0
18694,18695,18694,1,-1,1.0
18694,18695,18695,8,8,8.0
18694,18695,18695,2,2,2.0
18694,18695,18695,1,1,1.0
18694,18695,18695,15,15,15.0
18695,18696,18695,1,-1,1.0
18695,18696,18696,5,5,5.0
18695,18696,18696,2,2,2.0
18695,18696,18696,1,1,1.0
18695,18696,18696,2,2,2.0
18695,18697,18695,3,-3,3.0
18695,18696,18696,1,1,1.0
18695,18696,18696,1,1,1.0
18696,18697,18696,1,-1,1.0
18695,18697,18696,1,-1,1.0
18696,18697,18697,2,2,2.0
18696,18697,18697,1,1,1.0
18696,18697,18697,6,6,6.0
18696,18697,18697,1,1,1.0
18696,18697,18697,1,1,1.0
18696,18697,18697,1,1,1.0
18696,18697,18697,2,2,2.0
18696,18697,18697,1,1,1.0
18696,18697,18697,1,1,1.0
18696,18697,18697,1,1,1.0
18697,18698,18697,1,-1,1.0
18697,18698,18698,1,1,1.0
18697,18698,18698,1,1,1.0
18697,18698,18698,1,1,1.0
18697,18698,18697,10,-10,10.0
18696,18697,18697,1,1,1.0
18696,18697,18697,3,3,3.0
18696,18698,18696,2,-2,2.0
18697,18698,18697,2,-2,2.0
18696,18697,18696,7,-7,7.0
18695,18697,18697,1,1,1.0
18695,18697,18697,2,2,2.0
18695,18697,18696,1,1,-1.0
18696,18697,18697,2,2,2.0
18696,18697,18696,1,-1,1.0
18696,18697,18696,11,-11,11.0
18695,18696,18696,1,1,1.0
18695,18696,18696,1,1,1.0
18695,18696,18696,3,3,3.0
18696,18697,18696,1,-1,1.0
18696,18697,18696,1,-1,1.0
18696,18697,18696,1,-1,1.0
18696,18697,18697,1,1,1.0
18696,18697,18696,2,-2,2.0
18696,18697,18697,2,2,2.0
18696,18697,18697,3,3,3.0
18697,18698,18697,1,-1,1.0
18697,18698,18698,4,4,4.0
18697,18698,18698,2,2,2.0
18697,18698,18698,1,1,1.0
18697,18698,18698,3,3,3.0
18697,18699,18698,1,1,-1.0
18697,18699,18698,1,1,-1.0
18698,18699,18699,2,2,2.0
18698,18699,18699,1,1,1.0
18698,18699,18699,1,1,1.0
18698,18699,18699,1,1,1.0
18698,18699,18698,1,-1,1.0
18698,18699,18699,3,3,3.0
18699,18700,18700,23,23,23.0
18699,18700,18701,4,4,-4.0
18699,18700,18699,1,-1,1.0
18699,18700,18701,1,1,-1.0
18699,18700,18699,1,-1,1.0
18699,18700,18700,1,1,1.0
18699,18700,18700,1,1,1.0
18699,18700,18701,1,1,-1.0
18699,18701,18701,3,3,3.0
18700,18701,18700,1,-1,1.0
18700,18701,18700,1,-1,1.0
18700,18701,18700,1,-1,1.0
18700,18701,18700,1,-1,1.0
18700,18701,18701,1,1,1.0
18700,18701,18701,4,4,4.0
18700,18701,18701,2,2,2.0
18701,18702,18701,6,-6,6.0
18701,18702,18702,2,2,2.0
18701,18702,18702,1,1,1.0
18701,18702,18702,1,1,1.0
18701,18702,18702,1,1,1.0
18701,18702,18701,2,-2,2.0
18701,18702,18702,1,1,1.0
18701,18702,18701,1,-1,1.0
18701,18702,18701,4,-4,4.0
18701,18702,18702,1,1,1.0
18701,18702,18702,2,2,2.0
18701,18702,18702,3,3,3.0
18701,18702,18702,7,7,7.0
18701,18702,18702,3,3,3.0
18701,18702,18701,2,-2,2.0
18701,18702,18701,1,-1,1.0
18701,18702,18701,1,-1,1.0
18700,18702,18702,1,1,1.0
18700,18702,18700,3,-3,3.0
18700,18702,18700,1,-1,1.0
18700,18702,18701,1,-1,1.0
18700,18701,18701,1,1,1.0
18700,18701,18701,1,1,1.0
18700,18701,18701,2,2,2.0
18701,18702,18702,1,1,1.0
18701,18703,18703,1,1,1.0
18701,18703,18703,1,1,1.0
18701,18703,18703,2,2,2.0
18701,18703,18703,1,1,1.0
18701,18703,18703,1,1,1.0
18701,18703,18701,2,-2,2.0
18701,18703,18703,1,1,1.0
18702,18703,18702,1,-1,1.0
18702,18703,18703,2,2,2.0
18702,18703,18703,1,1,1.0
18702,18703,18703,2,2,2.0
18702,18704,18704,1,1,1.0
18702,18704,18704,1,1,1.0
18702,18704,18704,1,1,1.0
18703,18704,18703,1,-1,1.0
18703,18704,18703,2,-2,2.0
18702,18703,18703,1,1,1.0
18702,18703,18702,1,-1,1.0
18702,18703,18703,2,2,2.0
18702,18703,18702,1,-1,1.0
18702,18703,18702,1,-1,1.0
18702,18703,18702,2,-2,2.0
18702,18703,18702,4,-4,4.0
18701,18702,18702,1,1,1.0
18701,18702,18702,1,1,1.0
18701,18702,18701,1,-1,1.0
18701,18702,18702,2,2,2.0
18702,18703,18703,1,1,1.0
18702,18703,18703,1,1,1.0
18701,18702,18702,1,1,1.0
18701,18703,18701,1,-1,1.0
18701,18703,18701,2,-2,2.0
18701,18703,18701,1,-1,1.0
18701,18703,18701,1,-1,1.0
18701,18703,18701,1,-1,1.0
18701,18703,18701,1,-1,1.0
18700,18702,18700,1,-1,1.0
18701,18702,18701,1,-1,1.0
18701,18702,18702,1,1,1.0
18700,18702,18700,1,-1,1.0
18700,18702,18702,1,1,1.0
18700,18702,18702,1,1,1.0
18700,18701,18700,1,-1,1.0
18700,18701,18700,1,-1,1.0
18700,18701,18700,4,-4,4.0
18700,18701,18700,1,-1,1.0
18700,18701,18700,2,-2,2.0
18700,18701,18700,2,-2,2.0
18700,18701,18700,1,-1,1.0
18700,18701,18700,1,-1,1.0
18700,18701,18700,2,-2,2.0
18700,18701,18701,5,5,5.0
18700,18701,18700,1,-1,1.0
18700,18701,18701,1,1,1.0
18700,18701,18701,1,1,1.0
18700,18702,18702,2,2,2.0
18700,18702,18702,1,1,1.0
18700,18702,18701,1,1,-1.0
18700,18702,18702,1,1,1.0
18700,18702,18701,1,1,-1.0
18701,18702,18701,2,-2,2.0
18700,18701,18700,3,-3,3.0
18700,18701,18700,2,-2,2.0
18700,18701,18700,1,-1,1.0
18700,18701,18700,2,-2,2.0
18700,18701,18700,1,-1,1.0
18700,18701,18700,1,-1,1.0
18700,18701,18700,1,-1,1.0
18699,18700,18699,1,-1,1.0
18699,18700,18699,1,-1,1.0
18699,18700,18699,2,-2,2.0
18698,18699,18699,1,1,1.0
18698,18699,18699,5,5,5.0
18698,18699,18699,1,1,1.0
18698,18699,18698,5,-5,5.0
18698,18699,18698,2,-2,2.0
18698,18699,18698,2,-2,2.0
18698,18699,18699,1,1,1.0
18698,18699,18698,1,-1,1.0
18698,18699,18698,1,-1,1.0
18697,18699,18698,1,-1,1.0
18698,18699,18699,1,1,1.0
18699,18700,18699,1,-1,1.0
18698,18700,18698,2,-2,2.0
18698,18699,18698,1,-1,1.0
18698,18699,18699,4,4,4.0
18698,18699,18698,3,-3,3.0
18698,18699,18698,2,-2,2.0
18698,18699,18698,1,-1,1.0
18698,18699,18698,1,-1,1.0
18697,18699,18699,2,2,2.0
18698,18699,18699,2,2,2.0
18699,18700,18699,2,-2,2.0
18698,18699,18698,1,-1,1.0
18698,18699,18698,3,-3,3.0
18698,18699,18698,2,-2,2.0
18697,18698,18698,3,3,3.0
18698,18699,18699,1,1,1.0
18697,18699,18697,1,-1,1.0
18698,18699,18698,1,-1,1.0
18697,18699,18699,1,1,1.0
18697,18699,18697,1,-1,1.0
18697,18699,18697,1,-1,1.0
18697,18698,18697,1,-1,1.0
18697,18698,18697,2,-2,2.0
18696,18697,18696,1,-1,1.0
18696,18697,18696,1,-1,1.0
18696,18697,18696,2,-2,2.0
18695,18696,18695,1,-1,1.0
18695,18696,18695,3,-3,3.0
18695,18696,18695,3,-3,3.0
18695,18696,18695,3,-3,3.0
18695,18696,18696,1,1,1.0
18694,18696,18695,2,2,-2.0
18694,18696,18696,2,2,2.0
18695,18696,18696,1,1,1.0
18695,18696,18697,1,1,-1.0
18697,18698,18698,1,1,1.0
18697,18698,18698,1,1,1.0
18697,18698,18697,2,-2,2.0
18695,18697,18697,1,1,1.0
18696,18697,18697,1,1,1.0
18698,18699,18698,2,-2,2.0
18698,18699,18699,1,1,1.0
18698,18699,18699,1,1,1.0
18698,18699,18699,1,1,1.0
18698,18699,18699,2,2,2.0
18698,18699,18699,1,1,1.0
18698,18700,18698,1,-1,1.0
18699,18700,18700,10,10,10.0
18699,18700,18700,2,2,2.0
18699,18700,18700,1,1,1.0
18699,18700,18700,1,1,1.0
18699,18700,18700,1,1,1.0
18700,18701,18700,1,-1,1.0
18699,18701,18701,1,1,1.0
18700,18701,18700,1,-1,1.0
18700,18701,18700,6,-6,6.0
18700,18701,18699,6,-6,6.0
18699,18701,18701,2,2,2.0
18699,18700,18700,1,1,1.0
18699,18700,18700,1,1,1.0
18699,18700,18700,1,1,1.0
18699,18700,18700,2,2,2.0
18699,18700,18700,2,2,2.0
18699,18700,18700,1,1,1.0
18699,18700,18700,1,1,1.0
18699,18700,18700,2,2,2.0
18699,18700,18699,1,-1,1.0
18699,18700,18700,2,2,2.0
18699,18700,18699,1,-1,1.0
18699,18700,18699,1,-1,1.0
18699,18700,18699,1,-1,1.0
18699,18700,18700,2,2,2.0
18699,18700,18699,5,-5,5.0
18699,18700,18700,2,2,2.0
18699,18700,18700,1,1,1.0
18699,18700,18700,2,2,2.0
18699,18700,18700,1,1,1.0
18699,18700,18700,1,1,1.0
18699,18700,18700,1,1,1.0
18699,18701,18700,4,4,-4.0
18700,18701,18700,1,-1,1.0
18700,18701,18701,2,2,2.0
18700,18701,18701,9,9,9.0
18701,18702,18702,2,2,2.0
18701,18702,18702,1,1,1.0
18701,18702,18702,1,1,1.0
18701,18702,18702,3,3,3.0
18702,18703,18703,1,1,1.0
18702,18703,18703,2,2,2.0
18702,18703,18702,1,-1,1.0
18702,18703,18703,1,1,1.0
18702,18703,18703,1,1,1.0
18702,18703,18703,1,1,1.0
18702,18703,18703,2,2,2.0
18702,18703,18703,1,1,1.0
18702,18703,18703,1,1,1.0
18702,18703,18703,1,1,1.0
18703,18704,18704,8,8,8.0
18703,18705,18703,1,-1,1.0
18703,18705,18705,1,1,1.0
18703,18705,18705,3,3,3.0
18703,18705,18705,1,1,1.0
18703,18705,18703,1,-1,1.0
18703,18705,18705,3,3,3.0
18703,18705,18704,1,1,-1.0
18703,18705,18705,1,1,1.0
18703,18705,18705,1,1,1.0
18704,18706,18706,1,1,1.0
18705,18706,18706,4,4,4.0
18705,18706,18706,1,1,1.0
18705,18706,18706,18,18,18.0
18705,18706,18707,1,1,-1.0
18705,18706,18707,1,1,-1.0
18705,18707,18707,1,1,1.0
18705,18707,18707,1,1,1.0
18705,18707,18707,1,1,1.0
18705,18707,18707,1,1,1.0
18705,18707,18707,1,1,1.0
18705,18707,18705,1,-1,1.0
18705,18707,18707,1,1,1.0
18706,18707,18707,3,3,3.0
18706,18707,18706,1,-1,1.0
18706,18707,18706,1,-1,1.0
18706,18707,18706,1,-1,1.0
18706,18707,18706,1,-1,1.0
18706,18707,18706,1,-1,1.0
18705,18706,18706,1,1,1.0
18705,18706,18707,1,1,-1.0
18705,18706,18707,1,1,-1.0
18706,18707,18706,4,-4,4.0
18706,18707,18706,1,-1,1.0
18705,18707,18705,1,-1,1.0
18706,18707,18706,1,-1,1.0
18706,18707,18706,1,-1,1.0
18706,18707,18705,1,-1,1.0
18705,18707,18706,1,-1,1.0
18705,18707,18705,1,-1,1.0
18705,18707,18705,1,-1,1.0
18705,18707,18705,1,-1,1.0
18705,18706,18705,1,-1,1.0
18705,18706,18706,2,2,2.0
18705,18706,18706,3,3,3.0
18705,18707,18706,1,1,-1.0
18705,18706,18706,1,1,1.0
18705,18706,18706,2,2,2.0
18705,18706,18705,1,-1,1.0
18705,18706,18705,4,-4,4.0
18705,18706,18705,5,-5,5.0
18705,18706,18705,2,-2,2.0
18704,18705,18705,4,4,4.0
18705,18706,18705,2,-2,2.0
18705,18706,18705,2,-2,2.0
18705,18706,18705,1,-1,1.0
18705,18706,18706,1,1,1.0
18705,18706,18706,1,1,1.0
18705,18706,18705,1,-1,1.0
18705,18706,18705,1,-1,1.0
18705,18706,18705,4,-4,4.0
18705,18706,18705,1,-1,1.0
18705,18706,18705,2,-2,2.0
18705,18706,18705,2,-2,2.0
18705,18706,18705,1,-1,1.0
18705,18706,18705,1,-1,1.0
18705,18706,18705,2,-2,2.0
18705,18706,18705,6,-6,6.0
18704,18705,18704,1,-1,1.0
18704,18705,18704,1,-1,1.0
18704,18705,18704,1,-1,1.0
18704,18705,18704,1,-1,1.0
18704,18705,18704,1,-1,1.0
18704,18705,18704,6,-6,6.0
18704,18705,18703,4,-4,4.0
18703,18704,18703,1,-1,1.0
18703,18704,18703,1,-1,1.0
18703,18704,18703,1,-1,1.0
18703,18704,18703,4,-4,4.0
18702,18703,18702,1,-1,1.0
18702,18703,18702,1,-1,1.0
18702,18703,18702,1,-1,1.0
18702,18703,18702,1,-1,1.0
18702,18703,18702,1,-1,1.0
18702,18703,18702,1,-1,1.0
18701,18702,18702,1,1,1.0
18701,18702,18701,1,-1,1.0
18700,18701,18701,2,2,2.0
18700,18701,18701,1,1,1.0
18701,18703,18701,1,-1,1.0
18702,18704,18702,1,-1,1.0
18703,18704,18703,1,-1,1.0
18702,18704,18702,1,-1,1.0
18700,18702,18701,1,-1,1.0
18701,18702,18702,1,1,1.0
18701,18702,18702,1,1,1.0
18702,18703,18703,1,1,1.0
18701,18703,18701,1,-1,1.0
18700,18702,18702,1,1,1.0
18700,18701,18700,3,-3,3.0
18700,18701,18700,1,-1,1.0
18698,18699,18699,2,2,2.0
18698,18700,18698,2,-2,2.0
18698,18700,18699,1,-1,1.0
18698,18699,18698,1,-1,1.0
18698,18699,18698,1,-1,1.0
18698,18699,18698,3,-3,3.0
18697,18698,18697,1,-1,1.0
18697,18698,18697,1,-1,1.0
18697,18698,18697,1,-1,1.0
18697,18698,18697,1,-1,1.0
18696,18697,18696,1,-1,1.0
18696,18697,18696,1,-1,1.0
18696,18697,18696,1,-1,1.0
18696,18697,18696,1,-1,1.0
18696,18697,18697,2,2,2.0
18696,18697,18696,1,-1,1.0
18696,18697,18697,2,2,2.0
18696,18697,18697,3,3,3.0
18696,18697,18696,2,-2,2.0
18696,18697,18697,1,1,1.0
18696,18697,18697,1,1,1.0
18696,18697,18697,2,2,2.0
18696,18697,18697,1,1,1.0
18696,18698,18697,1,1,-1.0
18696,18698,18698,1,1,1.0
18697,18698,18698,1,1,1.0
18697,18698,18698,3,3,3.0
18697,18698,18698,1,1,1.0
18697,18698,18698,1,1,1.0
18698,18699,18699,1,1,1.0
18698,18699,18699,1,1,1.0
18698,18700,18700,1,1,1.0
18699,18700,18700,1,1,1.0
18699,18700,18700,1,1,1.0
18699,18700,18700,1,1,1.0
18700,18701,18700,2,-2,2.0
18699,18700,18700,2,2,2.0
18699,18700,18700,1,1,1.0
18700,18701,18700,1,-1,1.0
18700,18701,18701,1,1,1.0
18700,18703,18701,2,-2,2.0
18701,18703,18701,1,-1,1.0
18702,18703,18703,2,2,2.0
18702,18704,18702,1,-1,1.0
18702,18704,18703,1,-1,1.0
18702,18704,18703,1,-1,1.0
18702,18704,18703,1,-1,1.0
18702,18704,18703,1,-1,1.0
18703,18704,18703,1,-1,1.0
18702,18704,18704,1,1,1.0
18702,18703,18702,1,-1,1.0
18701,18703,18703,1,1,1.0
18702,18703,18703,1,1,1.0
18702,18703,18703,1,1,1.0
18702,18703,18703,1,1,1.0
18702,18703,18702,1,-1,1.0
18702,18704,18702,2,-2,2.0
18702,18703,18702,1,-1,1.0
18702,18703,18702,1,-1,1.0
18702,18703,18703,1,1,1.0
18702,18703,18703,1,1,1.0
18702,18703,18702,1,-1,1.0
18702,18703,18703,1,1,1.0
18702,18703,18703,1,1,1.0
18702,18703,18703,1,1,1.0
18702,18703,18702,1,-1,1.0
18702,18703,18702,1,-1,1.0
18702,18703,18702,1,-1,1.0
18702,18703,18702,1,-1,1.0
18701,18702,18701,1,-1,1.0
18701,18702,18701,1,-1,1.0
18701,18702,18701,2,-2,2.0
18701,18702,18701,1,-1,1.0
18700,18702,18701,2,-2,2.0
18701,18703,18701,1,-1,1.0
18701,18703,18701,1,-1,1.0
18701,18702,18702,1,1,1.0
18701,18702,18702,1,1,1.0
18701,18702,18702,1,1,1.0
18702,18703,18703,1,1,1.0
18702,18703,18703,2,2,2.0
18702,18703,18703,1,1,1.0
18702,18703,18703,2,2,2.0
18701,18704,18701,1,-1,1.0
18702,18703,18702,1,-1,1.0
18701,18702,18701,2,-2,2.0
18701,18702,18701,2,-2,2.0
18700,18702,18701,1,-1,1.0
18700,18701,18700,1,-1,1.0
18700,18701,18700,2,-2,2.0
18700,18701,18700,2,-2,2.0
18700,18701,18700,1,-1,1.0
18700,18701,18700,2,-2,2.0
18700,18701,18700,1,-1,1.0
18700,18701,18700,1,-1,1.0
18699,18700,18700,1,1,1.0
18699,18700,18700,1,1,1.0
18699,18700,18699,1,-1,1.0
18699,18700,18699,1,-1,1.0
18699,18700,18699,1,-1,1.0
18698,18700,18698,1,-1,1.0
18698,18699,18698,1,-1,1.0
18698,18699,18699,1,1,1.0
18698,18699,18699,2,2,2.0
18698,18699,18698,2,-2,2.0
18697,18698,18699,3,3,-3.0
18697,18698,18700,7,7,-7.0
18697,18698,18701,1,1,-1.0
18700,18701,18701,1,1,1.0
18701,18702,18702,5,5,5.0
18701,18702,18701,1,-1,1.0
18701,18702,18701,2,-2,2.0
18700,18701,18700,1,-1,1.0
18700,18701,18700,1,-1,1.0
18699,18700,18700,1,1,1.0
18700,18702,18700,2,-2,2.0
18700,18701,18701,1,1,1.0
18700,18701,18701,1,1,1.0
18701,18702,18701,1,-1,1.0
18701,18702,18701,1,-1,1.0
18701,18702,18701,1,-1,1.0
18700,18701,18701,1,1,1.0
18701,18702,18702,1,1,1.0
18701,18702,18702,1,1,1.0
18702,18703,18702,2,-2,2.0
18702,18703,18702,4,-4,4.0
18701,18702,18702,1,1,1.0
18702,18703,18703,1,1,1.0
18702,18703,18703,9,9,9.0
18702,18703,18703,1,1,1.0
18702,18703,18703,1,1,1.0
18703,18704,18703,1,-1,1.0
18703,18704,18703,1,-1,1.0
18703,18704,18703,2,-2,2.0
18702,18703,18703,1,1,1.0
18702,18703,18703,2,2,2.0
18702,18704,18704,1,1,1.0
18703,18704,18704,1,1,1.0
18703,18705,18703,5,-5,5.0
18703,18705,18703,1,-1,1.0
18703,18705,18704,2,-2,2.0
18703,18704,18703,1,-1,1.0
18703,18704,18704,2,2,2.0
18703,18704,18703,1,-1,1.0
18703,18704,18704,1,1,1.0
18703,18704,18704,2,2,2.0
18703,18705,18705,15,15,15.0
18705,18706,18706,1,1,1.0
18705,18706,18706,5,5,5.0
18705,18706,18706,1,1,1.0
18705,18706,18706,1,1,1.0
18705,18706,18706,1,1,1.0
18705,18706,18706,1,1,1.0
18705,18706,18706,1,1,1.0
18705,18706,18706,1,1,1.0
18705,18706,18706,1,1,1.0
18705,18706,18706,2,2,2.0
18705,18706,18706,3,3,3.0
18706,18707,18707,1,1,1.0
18706,18707,18706,1,-1,1.0
18706,18707,18706,1,-1,1.0
18705,18706,18705,1,-1,1.0
18705,18706,18705,1,-1,1.0
18705,18706,18705,1,-1,1.0
18705,18706,18705,3,-3,3.0
18705,18706,18706,1,1,1.0
18705,18706,18706,2,2,2.0
18706,18707,18706,3,-3,3.0
18706,18707,18706,1,-1,1.0
18706,18707,18706,1,-1,1.0
18706,18707,18706,2,-2,2.0
18706,18707,18706,6,-6,6.0
18705,18707,18705,2,-2,2.0
18705,18706,18706,1,1,1.0
18705,18706,18706,1,1,1.0
18705,18706,18706,1,1,1.0
18705,18706,18706,1,1,1.0
18705,18706,18707,6,6,-6.0
18705,18706,18706,10,10,10.0
18706,18707,18706,2,-2,2.0
18706,18707,18706,1,-1,1.0
18706,18707,18707,2,2,2.0
18707,18708,18707,1,-1,1.0
18706,18707,18707,1,1,1.0
18706,18707,18707,1,1,1.0
18706,18707,18707,2,2,2.0
18706,18707,18707,1,1,1.0
18707,18708,18707,1,-1,1.0
18706,18708,18708,1,1,1.0
18706,18708,18708,1,1,1.0
18706,18708,18708,1,1,1.0
18707,18708,18707,1,-1,1.0
18706,18707,18707,1,1,1.0
18706,18707,18706,1,-1,1.0
18706,18707,18706,7,-7,7.0
18706,18707,18706,1,-1,1.0
18705,18706,18705,1,-1,1.0
18705,18706,18705,1,-1,1.0
18705,18706,18705,1,-1,1.0
18705,18706,18705,1,-1,1.0
18705,18706,18706,1,1,1.0
18705,18706,18705,5,-5,5.0
18705,18706,18705,1,-1,1.0
18705,18706,18705,1,-1,1.0
18705,18706,18705,1,-1,1.0
18705,18706,18705,4,-4,4.0
18705,18706,18705,1,-1,1.0
18705,18706,18705,4,-4,4.0
18705,18706,18705,1,-1,1.0
18705,18706,18705,1,-1,1.0
18705,18706,18705,1,-1,1.0
18705,18706,18705,10,-10,10.0
18705,18706,18705,3,-3,3.0
18705,18706,18705,1,-1,1.0
18705,18706,18705,1,-1,1.0
18705,18706,18705,1,-1,1.0
18705,18706,18705,1,-1,1.0
18705,18706,18705,2,-2,2.0
18705,18706,18705,1,-1,1.0
18704,18705,18704,1,-1,1.0
18704,18705,18704,1,-1,1.0
18704,18705,18704,1,-1,1.0
18704,18705,18704,1,-1,1.0
18703,18704,18703,2,-2,2.0
18703,18704,18703,1,-1,1.0
18703,18704,18703,1,-1,1.0
18703,18704,18704,2,2,2.0
18703,18704,18704,1,1,1.0
18703,18704,18703,1,-1,1.0
18703,18704,18703,1,-1,1.0
18702,18703,18702,1,-1,1.0
18701,18703,18702,1,-1,1.0
18701,18702,18702,1,1,1.0
18702,18703,18701,1,-1,1.0
18701,18703,18701,1,-1,1.0
18701,18703,18701,1,-1,1.0
18701,18702,18701,4,-4,4.0
18700,18701,18700,4,-4,4.0
18700,18701,18701,2,2,2.0
18701,18703,18703,1,1,1.0
18701,18703,18703,1,1,1.0
18701,18702,18701,4,-4,4.0
18700,18701,18700,3,-3,3.0
18700,18701,18700,1,-1,1.0
18700,18701,18700,1,-1,1.0
18700,18701,18700,3,-3,3.0
18699,18700,18700,2,2,2.0
18700,18702,18700,3,-3,3.0
18701,18702,18701,1,-1,1.0
18701,18702,18701,1,-1,1.0
18700,18701,18701,1,1,1.0
18700,18701,18701,1,1,1.0
18700,18701,18701,1,1,1.0
18700,18701,18701,4,4,4.0
18700,18702,18701,1,1,-1.0
18700,18701,18701,1,1,1.0
18700,18701,18701,1,1,1.0
18700,18701,18701,1,1,1.0
18700,18701,18701,1,1,1.0
18700,18701,18701,1,1,1.0
18701,18702,18701,1,-1,1.0
18700,18702,18700,1,-1,1.0
18700,18701,18701,1,1,1.0
18700,18701,18701,1,1,1.0
18700,18701,18701,1,1,1.0
18700,18701,18700,3,-3,3.0
18700,18701,18700,1,-1,1.0
18700,18701,18700,1,-1,1.0
18700,18701,18700,4,-4,4.0
18700,18701,18700,1,-1,1.0
18700,18701,18700,3,-3,3.0
18700,18701,18700,2,-2,2.0
18700,18701,18700,1,-1,1.0
18699,18700,18700,1,1,1.0
18699,18700,18700,1,1,1.0
18699,18701,18699,7,-7,7.0
18698,18700,18698,1,-1,1.0
18698,18700,18700,4,4,4.0
18698,18700,18700,1,1,1.0
18698,18700,18700,1,1,1.0
18699,18700,18699,1,-1,1.0
18699,18700,18698,2,-2,2.0
18699,18700,18698,4,-4,4.0
18698,18700,18698,4,-4,4.0
18698,18700,18698,2,-2,2.0
18698,18700,18698,1,-1,1.0
18698,18699,18699,1,1,1.0
18698,18699,18699,1,1,1.0
18698,18699,18698,1,-1,1.0
18698,18699,18698,1,-1,1.0
18698,18699,18698,1,-1,1.0
18697,18698,18697,1,-1,1.0
18697,18698,18697,1,-1,1.0
18697,18698,18697,1,-1,1.0
18697,18698,18697,1,-1,1.0
18697,18698,18697,1,-1,1.0
18697,18698,18697,2,-2,2.0
18696,18698,18698,10,10,10.0
18696,18698,18697,2,2,-2.0
18696,18698,18697,1,1,-1.0
18696,18698,18697,1,1,-1.0
18696,18697,18697,2,2,2.0
18696,18697,18697,1,1,1.0
18696,18697,18697,3,3,3.0
18696,18697,18698,6,6,-6.0
18696,18697,18698,1,1,-1.0
18696,18697,18699,6,6,-6.0
18696,18697,18699,1,1,-1.0
18696,18697,18700,3,3,-3.0
18696,18697,18700,4,4,-4.0
18696,18697,18701,2,2,-2.0
18696,18697,18701,1,1,-1.0
18696,18697,18701,2,2,-2.0
18696,18697,18701,2,2,-2.0
18701,18702,18702,1,1,1.0
18701,18702,18702,1,1,1.0
18701,18702,18702,2,2,2.0
18701,18702,18702,1,1,1.0
18701,18702,18702,1,1,1.0
18702,18703,18702,1,-1,1.0
18702,18703,18703,1,1,1.0
18702,18703,18702,1,-1,1.0
18702,18703,18703,1,1,1.0
18703,18704,18703,4,-4,4.0
18703,18704,18703,1,-1,1.0
18703,18704,18703,2,-2,2.0
18703,18704,18703,1,-1,1.0
18703,18704,18703,1,-1,1.0
18703,18704,18703,3,-3,3.0
18703,18704,18703,1,-1,1.0
18702,18703,18703,2,2,2.0
18702,18703,18703,2,2,2.0
18703,18704,18703,1,-1,1.0
18702,18703,18703,1,1,1.0
18702,18703,18703,1,1,1.0
18702,18704,18702,1,-1,1.0
18702,18703,18703,1,1,1.0
18702,18703,18703,1,1,1.0
18703,18704,18703,5,-5,5.0
18703,18704,18703,1,-1,1.0
18703,18704,18703,1,-1,1.0
18701,18702,18701,1,-1,1.0
18701,18702,18701,3,-3,3.0
18701,18702,18701,1,-1,1.0
18699,18701,18700,3,-3,3.0
18699,18701,18700,3,-3,3.0
18699,18701,18701,2,2,2.0
18699,18701,18700,1,1,-1.0
18700,18701,18701,1,1,1.0
18701,18702,18702,1,1,1.0
18701,18702,18702,1,1,1.0
18701,18702,18702,1,1,1.0
18701,18702,18702,1,1,1.0
18701,18703,18702,1,1,-1.0
18701,18703,18702,1,1,-1.0
18702,18703,18703,1,1,1.0
18702,18703,18703,1,1,1.0
18702,18703,18703,1,1,1.0
18702,18703,18703,1,1,1.0
18702,18703,18703,1,1,1.0
18703,18704,18704,1,1,1.0
18703,18704,18704,1,1,1.0
18703,18704,18704,1,1,1.0
18704,18705,18705,1,1,1.0
18703,18705,18705,1,1,1.0
18703,18704,18704,1,1,1.0
18703,18704,18704,1,1,1.0
18704,18705,18704,2,-2,2.0
18703,18705,18705,1,1,1.0
18703,18704,18704,1,1,1.0
18704,18705,18704,1,-1,1.0
18703,18704,18703,3,-3,3.0
18703,18704,18703,2,-2,2.0
18703,18704,18703,2,-2,2.0
18703,18704,18704,1,1,1.0
18703,18704,18703,2,-2,2.0
18703,18704,18703,5,-5,5.0
18703,18704,18704,1,1,1.0
18703,18704,18704,1,1,1.0
18703,18704,18704,1,1,1.0
18703,18704,18704,2,2,2.0
18704,18705,18705,2,2,2.0
18704,18705,18705,1,1,1.0
18704,18705,18705,1,1,1.0
18704,18705,18705,1,1,1.0
18704,18705,18705,1,1,1.0
18704,18705,18705,6,6,6.0
18704,18705,18705,1,1,1.0
18704,18705,18705,1,1,1.0
18704,18705,18705,1,1,1.0
18704,18705,18705,1,1,1.0
18704,18705,18705,1,1,1.0
18704,18705,18705,1,1,1.0
18704,18706,18706,4,4,4.0
18704,18706,18706,3,3,3.0
18704,18706,18706,3,3,3.0
18704,18706,18707,6,6,-6.0
18704,18706,18707,1,1,-1.0
18704,18706,18707,1,1,-1.0
18704,18706,18707,3,3,-3.0
18704,18706,18707,3,3,-3.0
18704,18706,18707,1,1,-1.0
18704,18706,18707,2,2,-2.0
18704,18706,18707,1,1,-1.0
18707,18708,18708,26,26,26.0
18707,18708,18709,1,1,-1.0
18708,18709,18709,1,1,1.0
18708,18709,18709,1,1,1.0
18708,18709,18709,8,8,8.0
18708,18709,18709,1,1,1.0
18708,18709,18709,1,1,1.0
18708,18709,18708,1,-1,1.0
18708,18709,18708,8,-8,8.0
18708,18709,18709,1,1,1.0
18708,18709,18708,1,-1,1.0
18707,18709,18709,1,1,1.0
18708,18709,18709,1,1,1.0
18708,18709,18709,1,1,1.0
18708,18709,18709,1,1,1.0
18708,18709,18709,1,1,1.0
18708,18709,18708,2,-2,2.0
18708,18709,18708,4,-4,4.0
18708,18709,18708,3,-3,3.0
18708,18709,18707,2,-2,2.0
18708,18709,18707,2,-2,2.0
18708,18709,18707,3,-3,3.0
18708,18709,18706,3,-3,3.0
18708,18709,18706,1,-1,1.0
18708,18709,18706,8,-8,8.0
18708,18709,18706,2,-2,2.0
18705,18706,18705,1,-1,1.0
18705,18706,18705,1,-1,1.0
18705,18707,18705,1,-1,1.0
18705,18707,18707,1,1,1.0
18707,18709,18709,2,2,2.0
18707,18708,18707,3,-3,3.0
18707,18708,18707,1,-1,1.0
18707,18708,18708,1,1,1.0
18708,18709,18709,4,4,4.0
18708,18710,18708,1,-1,1.0
18708,18710,18708,4,-4,4.0
18707,18708,18708,1,1,1.0
18707,18709,18709,1,1,1.0
18707,18709,18708,1,1,-1.0
18707,18709,18709,1,1,1.0
18707,18709,18709,1,1,1.0
18708,18710,18710,24,24,24.0
18710,18711,18710,1,-1,1.0
18710,18711,18711,1,1,1.0
18710,18711,18711,1,1,1.0
18710,18711,18711,1,1,1.0
18710,18711,18710,1,-1,1.0
18710,18711,18711,1,1,1.0
18710,18711,18711,1,1,1.0
18710,18711,18711,1,1,1.0
18710,18711,18711,1,1,1.0
18710,18711,18711,1,1,1.0
18710,18711,18711,1,1,1.0
18710,18711,18711,3,3,3.0
18710,18711,18711,1,1,1.0
18710,18711,18711,1,1,1.0
18710,18711,18710,1,-1,1.0
18710,18711,18711,1,1,1.0
18710,18711,18711,1,1,1.0
18710,18711,18711,1,1,1.0
18710,18711,18711,1,1,1.0
18710,18711,18711,1,1,1.0
18710,18711,18711,1,1,1.0
18710,18711,18711,1,1,1.0
18710,18711,18710,2,-2,2.0
18710,18711,18711,10,10,10.0
18710,18712,18712,5,5,5.0
18710,18712,18712,5,5,5.0
18710,18712,18710,1,-1,1.0
18710,18712,18711,2,-2,2.0
18710,18711,18711,4,4,4.0
18710,18711,18711,4,4,4.0
18710,18711,18711,5,5,5.0
18710,18711,18710,1,-1,1.0
18710,18711,18710,1,-1,1.0
18710,18711,18710,1,-1,1.0
18710,18711,18710,1,-1,1.0
18710,18711,18710,1,-1,1.0
18710,18711,18710,1,-1,1.0
18710,18711,18710,1,-1,1.0
18709,18711,18711,5,5,5.0
18709,18711,18711,3,3,3.0
18710,18711,18711,3,3,3.0
18710,18711,18711,1,1,1.0
18710,18712,18712,1,1,1.0
18710,18712,18711,2,2,-2.0
18710,18712,18712,1,1,1.0
18710,18712,18711,2,2,-2.0
18710,18712,18712,1,1,1.0
18710,18712,18711,1,1,-1.0
18710,18712,18711,1,1,-1.0
18710,18712,18711,1,1,-1.0
18710,18712,18711,1,1,-1.0
18711,18712,18711,1,-1,1.0
18711,18712,18711,1,-1,1.0
18711,18712,18711,1,-1,1.0
18710,18711,18711,1,1,1.0
18711,18712,18711,1,-1,1.0
18711,18712,18711,2,-2,2.0
18711,18712,18711,1,-1,1.0
18711,18712,18712,2,2,2.0
18711,18712,18712,5,5,5.0
18711,18712,18711,1,-1,1.0
18711,18712,18711,1,-1,1.0
18711,18712,18711,1,-1,1.0
18711,18712,18711,1,-1,1.0
18711,18712,18711,2,-2,2.0
18710,18712,18712,1,1,1.0
18710,18712,18711,1,1,-1.0
18711,18712,18712,1,1,1.0
18711,18712,18711,1,-1,1.0
18711,18712,18712,1,1,1.0
18711,18712,18711,1,-1,1.0
18711,18712,18712,1,1,1.0
18711,18712,18712,1,1,1.0
18711,18712,18712,1,1,1.0
18711,18712,18712,1,1,1.0
18711,18712,18712,1,1,1.0
18711,18712,18712,18,18,18.0
18711,18712,18712,1,1,1.0
18711,18712,18712,1,1,1.0
18711,18712,18712,3,3,3.0
18711,18712,18712,1,1,1.0
18711,18712,18712,1,1,1.0
18711,18712,18712,1,1,1.0
18711,18712,18712,1,1,1.0
18711,18712,18712,1,1,1.0
18711,18713,18711,1,-1,1.0
18712,18713,18713,2,2,2.0
18712,18713,18713,2,2,2.0
18712,18713,18713,3,3,3.0
18712,18713,18713,2,2,2.0
18712,18713,18713,1,1,1.0
18712,18713,18713,1,1,1.0
18712,18713,18713,1,1,1.0
18712,18713,18713,2,2,2.0
18712,18713,18713,1,1,1.0
18712,18713,18713,1,1,1.0
18712,18713,18713,2,2,2.0
18712,18713,18713,1,1,1.0
18712,18714,18714,1,1,1.0
18712,18714,18712,4,-4,4.0
18712,18713,18713,1,1,1.0
18712,18713,18713,1,1,1.0
18712,18714,18714,5,5,5.0
18712,18713,18713,1,1,1.0
18712,18714,18714,1,1,1.0
18713,18714,18712,1,-1,1.0
18712,18713,18713,1,1,1.0
18712,18714,18712,10,-10,10.0
18712,18714,18712,1,-1,1.0
18712,18713,18712,2,-2,2.0
18712,18713,18713,1,1,1.0
18713,18714,18713,1,-1,1.0
18713,18714,18714,1,1,1.0
18713,18714,18713,1,-1,1.0
18713,18714,18713,3,-3,3.0
18713,18714,18713,1,-1,1.0
18713,18714,18713,2,-2,2.0
18712,18714,18714,7,7,7.0
18712,18714,18714,3,3,3.0
18712,18714,18714,1,1,1.0
18712,18714,18714,1,1,1.0
18712,18714,18714,2,2,2.0
18713,18714,18714,1,1,1.0
18713,18714,18714,3,3,3.0
18713,18714,18714,1,1,1.0
18713,18714,18714,1,1,1.0
18713,18714,18714,1,1,1.0
18713,18714,18714,1,1,1.0
18713,18714,18714,1,1,1.0
18713,18714,18714,1,1,1.0
18713,18714,18714,1,1,1.0
18713,18714,18714,3,3,3.0
18713,18714,18713,2,-2,2.0
18713,18714,18713,1,-1,1.0
18713,18714,18713,1,-1,1.0
18713,18714,18713,1,-1,1.0
18713,18714,18713,3,-3,3.0
18713,18714,18713,2,-2,2.0
18713,18714,18713,1,-1,1.0
18713,18714,18713,3,-3,3.0
18713,18714,18713,2,-2,2.0
18713,18714,18713,1,-1,1.0
18713,18714,18713,1,-1,1.0
18713,18714,18713,2,-2,2.0
18713,18714,18713,2,-2,2.0
18712,18713,18712,1,-1,1.0
18712,18713,18712,1,-1,1.0
18712,18713,18712,1,-1,1.0
18711,18712,18711,1,-1,1.0
18711,18712,18712,2,2,2.0
18711,18712,18711,1,-1,1.0
18711,18712,18711,2,-2,2.0
18711,18712,18711,2,-2,2.0
18711,18712,18711,1,-1,1.0
18711,18712,18711,1,-1,1.0
18711,18712,18711,1,-1,1.0
18710,18711,18711,5,5,5.0
18710,18711,18711,13,13,13.0
18711,18712,18712,11,11,11.0
18710,18712,18710,2,-2,2.0
18710,18712,18710,1,-1,1.0
18710,18712,18710,1,-1,1.0
18710,18712,18711,1,-1,1.0
18711,18712,18711,1,-1,1.0
18711,18712,18712,2,2,2.0
18711,18712,18712,2,2,2.0
18711,18712,18712,1,1,1.0
18711,18712,18712,1,1,1.0
18711,18712,18712,1,1,1.0
18711,18712,18712,3,3,3.0
18711,18712,18712,1,1,1.0
18711,18712,18712,2,2,2.0
18711,18712,18712,1,1,1.0
18711,18712,18712,1,1,1.0
18712,18713,18712,4,-4,4.0
18711,18713,18713,8,8,8.0
18712,18714,18712,1,-1,1.0
18712,18714,18712,5,-5,5.0
18711,18713,18711,2,-2,2.0
18711,18713,18713,1,1,1.0
18711,18712,18711,2,-2,2.0
18710,18712,18711,1,-1,1.0
18710,18711,18711,1,1,1.0
18710,18711,18711,1,1,1.0
18710,18711,18710,1,-1,1.0
18710,18711,18711,5,5,5.0
18710,18712,18711,1,1,-1.0
18710,18712,18711,2,2,-2.0
18711,18712,18711,2,-2,2.0
18711,18712,18711,1,-1,1.0
18711,18712,18711,1,-1,1.0
18711,18712,18712,1,1,1.0
18711,18712,18712,1,1,1.0
18711,18712,18712,1,1,1.0
18711,18712,18712,1,1,1.0
18711,18712,18712,1,1,1.0
18711,18712,18712,1,1,1.0
18711,18712,18712,1,1,1.0
18711,18712,18712,2,2,2.0
18711,18712,18712,1,1,1.0
18712,18713,18713,1,1,1.0
18712,18713,18713,1,1,1.0
18712,18713,18713,1,1,1.0
18712,18713,18713,1,1,1.0
18712,18713,18713,1,1,1.0
18712,18713,18713,1,1,1.0
18712,18713,18713,1,1,1.0
18713,18714,18714,1,1,1.0
18713,18714,18714,1,1,1.0
18713,18714,18714,1,1,1.0
18713,18714,18714,4,4,4.0
18714,18715,18715,1,1,1.0
18714,18715,18715,4,4,4.0
18714,18715,18714,2,-2,2.0
18714,18715,18715,2,2,2.0
18714,18715,18715,1,1,1.0
18714,18715,18715,1,1,1.0
18714,18715,18714,3,-3,3.0
18714,18715,18714,1,-1,1.0
18713,18714,18713,1,-1,1.0
18713,18714,18713,1,-1,1.0
18713,18714,18713,1,-1,1.0
18713,18714,18713,1,-1,1.0
18713,18714,18713,2,-2,2.0
18712,18713,18713,1,1,1.0
18713,18714,18713,1,-1,1.0
18713,18714,18714,5,5,5.0
18713,18715,18713,1,-1,1.0
18714,18715,18715,1,1,1.0
18714,18715,18714,1,-1,1.0
18713,18715,18715,1,1,1.0
18713,18714,18714,6,6,6.0
18713,18714,18714,6,6,6.0
18713,18714,18714,2,2,2.0
18714,18715,18714,1,-1,1.0
18714,18715,18714,1,-1,1.0
18714,18715,18714,1,-1,1.0
18714,18715,18714,1,-1,1.0
18714,18715,18714,4,-4,4.0
18714,18715,18714,1,-1,1.0
18714,18715,18714,1,-1,1.0
18713,18714,18713,1,-1,1.0
18713,18714,18713,1,-1,1.0
18713,18714,18713,2,-2,2.0
18713,18714,18713,2,-2,2.0
18712,18713,18712,2,-2,2.0
18712,18713,18712,1,-1,1.0
18712,18713,18713,1,1,1.0
18712,18713,18712,1,-1,1.0
18712,18713,18712,2,-2,2.0
18712,18713,18712,1,-1,1.0
18712,18713,18712,1,-1,1.0
18712,18713,18712,1,-1,1.0
18712,18713,18712,1,-1,1.0
18712,18713,18712,1,-1,1.0
18712,18714,18713,3,-3,3.0
18713,18714,18714,1,1,1.0
18713,18714,18713,2,-2,2.0
18712,18714,18714,1,1,1.0
18712,18714,18714,1,1,1.0
18712,18714,18714,2,2,2.0
18712,18714,18712,1,-1,1.0
18712,18713,18712,2,-2,2.0
18712,18713,18711,3,-3,3.0
18711,18713,18713,1,1,1.0
18712,18714,18712,5,-5,5.0
18712,18713,18712,1,-1,1.0
18712,18713,18712,1,-1,1.0
18712,18713,18712,1,-1,1.0
18712,18713,18712,1,-1,1.0
18712,18713,18712,3,-3,3.0
18711,18712,18712,1,1,1.0
18711,18712,18712,1,1,1.0
18711,18712,18712,1,1,1.0
18711,18712,18712,8,8,8.0
18711,18713,18712,1,1,-1.0
18712,18713,18712,1,-1,1.0
18711,18712,18712,1,1,1.0
18711,18713,18713,1,1,1.0
18711,18713,18711,3,-3,3.0
18711,18713,18711,2,-2,2.0
18711,18712,18711,3,-3,3.0
18711,18712,18711,2,-2,2.0
18710,18712,18712,1,1,1.0
18711,18712,18712,1,1,1.0
18711,18712,18712,1,1,1.0
18711,18712,18711,1,-1,1.0
18711,18712,18712,1,1,1.0
18711,18712,18711,1,-1,1.0
18710,18711,18710,1,-1,1.0
18710,18711,18710,1,-1,1.0
18710,18711,18710,1,-1,1.0
18710,18711,18710,1,-1,1.0
18710,18711,18710,1,-1,1.0
18710,18711,18711,3,3,3.0
18710,18711,18710,1,-1,1.0
18710,18711,18711,2,2,2.0
18710,18711,18711,1,1,1.0
18710,18711,18711,2,2,2.0
18710,18711,18711,1,1,1.0
18710,18711,18711,3,3,3.0
18710,18711,18711,1,1,1.0
18710,18711,18711,1,1,1.0
18710,18711,18711,1,1,1.0
18710,18711,18711,1,1,1.0
18710,18711,18711,1,1,1.0
18710,18711,18711,1,1,1.0
18710,18711,18711,1,1,1.0
18710,18711,18710,1,-1,1.0
18710,18711,18711,1,1,1.0
18710,18711,18711,1,1,1.0
18710,18711,18711,1,1,1.0
18710,18711,18711,1,1,1.0
18710,18711,18712,1,1,-1.0
18712,18713,18713,1,1,1.0
18712,18713,18712,3,-3,3.0
18712,18713,18712,2,-2,2.0
18712,18713,18712,1,-1,1.0
18712,18713,18712,1,-1,1.0
18712,18713,18712,1,-1,1.0
18712,18713,18712,1,-1,1.0
18712,18713,18712,1,-1,1.0
18712,18713,18712,2,-2,2.0
18712,18713,18712,1,-1,1.0
18712,18713,18712,5,-5,5.0
18711,18712,18711,1,-1,1.0
18711,18712,18711,4,-4,4.0
18710,18711,18710,1,-1,1.0
18710,18711,18710,1,-1,1.0
18710,18711,18711,1,1,1.0
18710,18711,18710,1,-1,1.0
18710,18711,18710,1,-1,1.0
18710,18711,18710,1,-1,1.0
18710,18711,18712,2,2,-2.0
18711,18713,18711,3,-3,3.0
18711,18713,18712,5,-5,5.0
18711,18713,18712,1,-1,1.0
18711,18713,18712,2,-2,2.0
18712,18713,18712,1,-1,1.0
18712,18713,18712,1,-1,1.0
18712,18713,18713,2,2,2.0
18712,18713,18713,1,1,1.0
18712,18713,18713,2,2,2.0
18712,18713,18713,2,2,2.0
18712,18714,18713,1,1,-1.0
18712,18713,18712,2,-2,2.0
18712,18713,18713,1,1,1.0
18712,18713,18713,8,8,8.0
18712,18714,18714,10,10,10.0
18714,18715,18714,4,-4,4.0
18714,18715,18713,6,-6,6.0
18712,18714,18714,1,1,1.0
18712,18714,18713,1,1,-1.0
18713,18714,18713,1,-1,1.0
18713,18714,18713,2,-2,2.0
18712,18713,18713,1,1,1.0
18713,18714,18713,1,-1,1.0
18713,18714,18714,8,8,8.0
18714,18715,18714,1,-1,1.0
18714,18715,18714,1,-1,1.0
18714,18715,18714,1,-1,1.0
18714,18715,18714,1,-1,1.0
18714,18715,18714,2,-2,2.0
18714,18715,18714,1,-1,1.0
18714,18715,18714,1,-1,1.0
18713,18715,18714,1,-1,1.0
18713,18715,18715,2,2,2.0
18713,18715,18714,2,2,-2.0
18714,18715,18715,1,1,1.0
18714,18715,18714,1,-1,1.0
18714,18715,18715,1,1,1.0
18714,18715,18715,2,2,2.0
18714,18715,18715,1,1,1.0
18714,18715,18715,1,1,1.0
18714,18715,18715,1,1,1.0
18714,18715,18715,3,3,3.0
18714,18715,18715,1,1,1.0
18714,18715,18715,1,1,1.0
18714,18715,18715,1,1,1.0
18714,18715,18715,1,1,1.0
18714,18715,18715,1,1,1.0
18714,18716,18716,1,1,1.0
18714,18716,18716,4,4,4.0
18714,18716,18716,4,4,4.0
18714,18716,18716,8,8,8.0
18714,18716,18717,2,2,-2.0
18714,18716,18717,8,8,-8.0
18714,18716,18717,8,8,-8.0
18714,18716,18717,2,2,-2.0
18716,18717,18717,1,1,1.0
18716,18717,18717,1,1,1.0
18716,18717,18717,1,1,1.0
18716,18717,18717,2,2,2.0
18716,18717,18717,1,1,1.0
18716,18717,18717,1,1,1.0
18716,18717,18717,2,2,2.0
18716,18717,18718,4,4,-4.0
18716,18717,18718,1,1,-1.0
18716,18717,18718,1,1,-1.0
18716,18718,18717,1,1,-1.0
18716,18718,18718,1,1,1.0
18716,18718,18718,1,1,1.0
18717,18718,18718,2,2,2.0
18717,18718,18718,6,6,6.0
18717,18718,18718,6,6,6.0
18717,18718,18718,6,6,6.0
18717,18718,18717,1,-1,1.0
18717,18718,18718,1,1,1.0
18717,18718,18718,2,2,2.0
18717,18718,18718,2,2,2.0
18717,18719,18718,1,1,-1.0
18717,18718,18717,1,-1,1.0
18717,18718,18718,1,1,1.0
18717,18719,18717,1,-1,1.0
18717,18719,18719,8,8,8.0
18718,18719,18719,2,2,2.0
18718,18719,18719,1,1,1.0
18718,18719,18719,1,1,1.0
18718,18719,18719,1,1,1.0
18718,18719,18719,1,1,1.0
18718,18719,18720,1,1,-1.0
18718,18720,18720,1,1,1.0
18718,18720,18720,5,5,5.0
18718,18720,18719,1,1,-1.0
18718,18720,18720,5,5,5.0
18719,18720,18720,10,10,10.0
18719,18720,18720,3,3,3.0
18719,18720,18720,1,1,1.0
18719,18721,18721,1,1,1.0
18719,18721,18721,3,3,3.0
18720,18721,18721,1,1,1.0
18720,18721,18722,3,3,-3.0
18720,18721,18722,2,2,-2.0
18720,18721,18722,3,3,-3.0
18720,18721,18722,1,1,-1.0
18720,18722,18722,6,6,6.0
18720,18722,18722,1,1,1.0
18720,18722,18722,3,3,3.0
18720,18722,18722,9,9,9.0
18720,18722,18723,7,7,-7.0
18720,18722,18723,1,1,-1.0
18722,18723,18723,1,1,1.0
18722,18723,18723,1,1,1.0
18722,18723,18723,2,2,2.0
18722,18723,18722,1,-1,1.0
18722,18723,18723,1,1,1.0
18722,18723,18723,1,1,1.0
18722,18723,18723,1,1,1.0
18722,18723,18723,5,5,5.0
18722,18723,18723,3,3,3.0
18722,18723,18723,3,3,3.0
18722,18723,18723,1,1,1.0
18722,18723,18723,2,2,2.0
18722,18724,18722,1,-1,1.0
18722,18724,18722,1,-1,1.0
18722,18723,18723,1,1,1.0
18722,18723,18723,2,2,2.0
18722,18724,18724,1,1,1.0
18722,18724,18724,1,1,1.0
18723,18724,18724,24,24,24.0
18723,18724,18724,1,1,1.0
18723,18724,18724,1,1,1.0
18723,18724,18724,1,1,1.0
18723,18725,18723,2,-2,2.0
18723,18725,18725,2,2,2.0
18723,18725,18725,3,3,3.0
18723,18725,18725,2,2,2.0
18723,18725,18725,1,1,1.0
18723,18725,18725,1,1,1.0
18723,18725,18725,3,3,3.0
18723,18725,18725,1,1,1.0
18723,18725,18725,2,2,2.0
18723,18725,18725,2,2,2.0
18723,18725,18725,2,2,2.0
18723,18725,18725,1,1,1.0
18723,18725,18725,1,1,1.0
18723,18725,18725,1,1,1.0
18723,18725,18725,1,1,1.0
18724,18725,18725,1,1,1.0
18724,18725,18725,3,3,3.0
18724,18725,18724,1,-1,1.0
18724,18725,18725,3,3,3.0
18724,18725,18725,2,2,2.0
18724,18725,18725,1,1,1.0
18724,18725,18725,3,3,3.0
18724,18725,18724,1,-1,1.0
18724,18725,18724,2,-2,2.0
18724,18725,18724,1,-1,1.0
18724,18725,18724,1,-1,1.0
18724,18725,18725,1,1,1.0
18724,18725,18724,1,-1,1.0
18724,18725,18724,1,-1,1.0
18724,18725,18724,2,-2,2.0
18724,18725,18723,8,-8,8.0
18723,18724,18724,1,1,1.0
18723,18724,18724,1,1,1.0
18723,18724,18723,1,-1,1.0
18722,18724,18722,9,-9,9.0
18722,18724,18722,1,-1,1.0
18721,18722,18722,1,1,1.0
18721,18722,18721,3,-3,3.0
18721,18722,18721,1,-1,1.0
18721,18722,18721,1,-1,1.0
18721,18722,18721,3,-3,3.0
18721,18722,18721,1,-1,1.0
18721,18722,18721,1,-1,1.0
18721,18722,18722,5,5,5.0
18721,18722,18721,1,-1,1.0
18721,18722,18722,1,1,1.0
18721,18722,18722,1,1,1.0
18721,18722,18722,1,1,1.0
18722,18724,18723,1,1,-1.0
18722,18724,18722,2,-2,2.0
18722,18724,18722,1,-1,1.0
18722,18723,18722,2,-2,2.0
18722,18723,18722,2,-2,2.0
18722,18723,18722,1,-1,1.0
18722,18723,18723,1,1,1.0
18722,18723,18723,1,1,1.0
18722,18723,18723,7,7,7.0
18722,18723,18723,1,1,1.0
18722,18723,18723,1,1,1.0
18722,18723,18723,1,1,1.0
18722,18723,18723,1,1,1.0
18722,18723,18723,1,1,1.0
18722,18724,18723,1,1,-1.0
18723,18724,18723,1,-1,1.0
18723,18724,18723,5,-5,5.0
18723,18724,18723,1,-1,1.0
18723,18724,18723,1,-1,1.0
18723,18724,18724,1,1,1.0
18723,18724,18723,2,-2,2.0
18723,18724,18723,1,-1,1.0
18723,18724,18724,6,6,6.0
18724,18725,18725,1,1,1.0
18724,18725,18725,1,1,1.0
18724,18725,18725,1,1,1.0
18724,18725,18724,1,-1,1.0
18724,18725,18725,1,1,1.0
18724,18725,18725,1,1,1.0
18724,18725,18725,1,1,1.0
18724,18725,18725,1,1,1.0
18724,18725,18725,1,1,1.0
18724,18725,18724,4,-4,4.0
18724,18725,18725,1,1,1.0
18724,18725,18725,7,7,7.0
18724,18725,18725,2,2,2.0
18724,18725,18724,1,-1,1.0
18724,18725,18724,1,-1,1.0
18724,18725,18725,3,3,3.0
18723,18725,18725,2,2,2.0
18725,18726,18725,1,-1,1.0
18725,18726,18725,1,-1,1.0
18725,18726,18725,1,-1,1.0
18725,18726,18726,1,1,1.0
18725,18726,18726,1,1,1.0
18725,18726,18726,1,1,1.0
18725,18726,18725,1,-1,1.0
18725,18726,18726,1,1,1.0
18725,18726,18725,1,-1,1.0
18725,18726,18725,1,-1,1.0
18725,18726,18726,6,6,6.0
18725,18726,18726,6,6,6.0
18725,18726,18726,2,2,2.0
18725,18726,18726,6,6,6.0
18725,18726,18726,1,1,1.0
18725,18727,18727,1,1,1.0
18726,18727,18727,1,1,1.0
18726,18727,18727,5,5,5.0
18726,18727,18728,7,7,-7.0
18727,18728,18727,1,-1,1.0
18727,18728,18727,1,-1,1.0
18727,18728,18727,7,-7,7.0
18726,18727,18727,2,2,2.0
18726,18727,18727,1,1,1.0
18726,18727,18726,5,-5,5.0
18726,18727,18726,2,-2,2.0
18725,18727,18727,1,1,1.0
18725,18727,18727,1,1,1.0
18725,18727,18725,1,-1,1.0
18726,18727,18727,1,1,1.0
18726,18727,18727,1,1,1.0
18726,18727,18726,2,-2,2.0
18726,18727,18727,1,1,1.0
18726,18727,18726,1,-1,1.0
18726,18727,18726,1,-1,1.0
18726,18727,18727,2,2,2.0
18726,18727,18726,3,-3,3.0
18726,18727,18726,1,-1,1.0
18726,18727,18727,1,1,1.0
18726,18727,18726,1,-1,1.0
18726,18727,18727,1,1,1.0
18726,18727,18727,13,13,13.0
18726,18727,18728,11,11,-11.0
18726,18727,18727,2,2,2.0
18726,18727,18728,1,1,-1.0
18727,18728,18727,3,-3,3.0
18727,18728,18727,4,-4,4.0
18727,18728,18728,1,1,1.0
18727,18728,18727,5,-5,5.0
18726,18727,18727,1,1,1.0
18726,18727,18727,3,3,3.0
18727,18728,18727,1,-1,1.0
18727,18728,18727,1,-1,1.0
18727,18728,18728,1,1,1.0
18727,18728,18728,8,8,8.0
18727,18728,18727,1,-1,1.0
18727,18728,18727,31,-31,31.0
18727,18728,18727,4,-4,4.0
18727,18728,18727,1,-1,1.0
18727,18728,18727,1,-1,1.0
18727,18728,18727,1,-1,1.0
18727,18728,18727,3,-3,3.0
18727,18728,18727,1,-1,1.0
18727,18728,18727,1,-1,1.0
18727,18728,18727,1,-1,1.0
18727,18728,18727,1,-1,1.0
18727,18728,18727,2,-2,2.0
18727,18728,18727,1,-1,1.0
18727,18728,18727,1,-1,1.0
18727,18728,18727,1,-1,1.0
18727,18728,18727,1,-1,1.0
18727,18728,18726,9,-9,9.0
18727,18728,18725,1,-1,1.0
18725,18727,18727,1,1,1.0
18725,18727,18727,1,1,1.0
18725,18727,18727,1,1,1.0
18725,18727,18725,2,-2,2.0
18725,18727,18727,1,1,1.0
18725,18726,18725,2,-2,2.0
18725,18726,18725,2,-2,2.0
18725,18726,18725,2,-2,2.0
18725,18726,18725,2,-2,2.0
18725,18726,18725,1,-1,1.0
18724,18725,18724,1,-1,1.0
18724,18725,18724,1,-1,1.0
18724,18725,18724,1,-1,1.0
18723,18724,18723,1,-1,1.0
18723,18724,18724,2,2,2.0
18723,18724,18724,1,1,1.0
18723,18724,18723,1,-1,1.0
18723,18724,18724,5,5,5.0
18724,18725,18724,4,-4,4.0
18724,18725,18724,1,-1,1.0
18724,18725,18724,1,-1,1.0
18724,18725,18724,3,-3,3.0
18724,18725,18724,1,-1,1.0
18724,18725,18724,2,-2,2.0
18724,18725,18724,3,-3,3.0
18723,18724,18723,1,-1,1.0
18723,18724,18724,1,1,1.0
18723,18724,18724,1,1,1.0
18723,18724,18724,1,1,1.0
18723,18724,18723,1,-1,1.0
18723,18724,18724,1,1,1.0
18723,18724,18723,1,-1,1.0
18723,18724,18724,10,10,10.0
18723,18724,18723,2,-2,2.0
18723,18724,18723,10,-10,10.0
18722,18723,18723,1,1,1.0
18722,18723,18723,4,4,4.0
18722,18723,18723,1,1,1.0
18722,18723,18723,1,1,1.0
18722,18723,18723,1,1,1.0
18722,18723,18723,1,1,1.0
18722,18723,18723,10,10,10.0
18722,18724,18722,5,-5,5.0
18722,18723,18722,1,-1,1.0
18722,18723,18722,3,-3,3.0
18721,18722,18722,1,1,1.0
18721,18722,18722,1,1,1.0
18721,18722,18721,9,-9,9.0
18721,18722,18720,1,-1,1.0
18720,18722,18720,10,-10,10.0
18720,18721,18720,3,-3,3.0
18720,18721,18720,3,-3,3.0
18720,18721,18720,2,-2,2.0
18719,18720,18719,1,-1,1.0
18719,18720,18719,1,-1,1.0
18719,18720,18719,2,-2,2.0
18719,18720,18719,1,-1,1.0
18719,18720,18719,1,-1,1.0
18719,18720,18719,1,-1,1.0
18718,18719,18719,1,1,1.0
18718,18719,18718,2,-2,2.0
18718,18719,18718,1,-1,1.0
18718,18719,18718,1,-1,1.0
18718,18719,18718,5,-5,5.0
18718,18719,18718,1,-1,1.0
18718,18719,18718,1,-1,1.0
18718,18719,18718,2,-2,2.0
18718,18719,18718,2,-2,2.0
18718,18719,18719,1,1,1.0
18718,18719,18718,1,-1,1.0
18718,18719,18718,1,-1,1.0
18719,18721,18719,1,-1,1.0
18719,18720,18719,1,-1,1.0
18719,18720,18720,2,2,2.0
18719,18720,18719,2,-2,2.0
18719,18720,18719,1,-1,1.0
18719,18720,18718,1,-1,1.0
18718,18720,18720,1,1,1.0
18718,18720,18720,1,1,1.0
18718,18720,18718,3,-3,3.0
18718,18720,18720,1,1,1.0
18718,18720,18720,2,2,2.0
18719,18720,18719,1,-1,1.0
18719,18720,18720,5,5,5.0
18719,18720,18720,1,1,1.0
18719,18720,18720,1,1,1.0
18719,18720,18720,3,3,3.0
18720,18721,18720,1,-1,1.0
18720,18721,18721,1,1,1.0
18720,18721,18720,1,-1,1.0
18720,18721,18721,1,1,1.0
18721,18722,18722,2,2,2.0
18721,18722,18722,1,1,1.0
18721,18723,18723,3,3,3.0
18722,18723,18723,1,1,1.0
18722,18723,18723,2,2,2.0
18722,18723,18723,1,1,1.0
18722,18723,18723,2,2,2.0
18722,18723,18723,1,1,1.0
18722,18723,18722,1,-1,1.0
18722,18723,18723,1,1,1.0
18722,18723,18723,1,1,1.0
18722,18723,18723,1,1,1.0
18722,18723,18723,1,1,1.0
18722,18723,18722,1,-1,1.0
18721,18723,18723,1,1,1.0
18722,18723,18723,1,1,1.0
18722,18723,18723,1,1,1.0
18722,18724,18722,1,-1,1.0
18722,18723,18722,1,-1,1.0
18722,18723,18723,2,2,2.0
18722,18724,18724,1,1,1.0
18722,18724,18724,1,1,1.0
18723,18724,18724,1,1,1.0
18723,18724,18724,1,1,1.0
18723,18725,18725,6,6,6.0
18723,18725,18725,1,1,1.0
18725,18726,18725,1,-1,1.0
18725,18726,18725,2,-2,2.0
18725,18726,18725,1,-1,1.0
18725,18726,18725,1,-1,1.0
18725,18726,18725,2,-2,2.0
18725,18726,18725,1,-1,1.0
18722,18723,18723,1,1,1.0
18723,18724,18724,1,1,1.0
18723,18724,18723,1,-1,1.0
18722,18724,18724,1,1,1.0
18723,18724,18724,1,1,1.0
18723,18724,18724,2,2,2.0
18722,18724,18724,1,1,1.0
18722,18724,18724,3,3,3.0
18722,18724,18722,9,-9,9.0
18721,18722,18721,1,-1,1.0
18721,18722,18721,3,-3,3.0
18720,18722,18720,7,-7,7.0
18720,18722,18719,3,-3,3.0
18719,18721,18719,1,-1,1.0
18719,18721,18719,10,-10,10.0
18720,18721,18720,2,-2,2.0
18720,18721,18721,1,1,1.0
18721,18723,18721,10,-10,10.0
18720,18722,18720,3,-3,3.0
18721,18722,18721,1,-1,1.0
18721,18722,18720,2,-2,2.0
18720,18722,18721,1,-1,1.0
18720,18721,18721,1,1,1.0
18721,18722,18721,1,-1,1.0
18721,18722,18721,6,-6,6.0
18721,18722,18721,1,-1,1.0
18721,18722,18721,1,-1,1.0
18721,18722,18722,1,1,1.0
18720,18722,18722,1,1,1.0
18721,18722,18722,6,6,6.0
18721,18723,18723,4,4,4.0
18720,18721,18721,1,1,1.0
18720,18721,18720,1,-1,1.0
18720,18721,18720,1,-1,1.0
18719,18721,18721,1,1,1.0
18720,18721,18720,1,-1,1.0
18719,18721,18721,1,1,1.0
18719,18721,18721,3,3,3.0
18720,18722,18720,5,-5,5.0
18720,18722,18719,5,-5,5.0
18720,18721,18720,1,-1,1.0
18720,18721,18719,9,-9,9.0
18720,18721,18721,1,1,1.0
18720,18721,18721,1,1,1.0
18720,18721,18721,2,2,2.0
18720,18721,18721,1,1,1.0
18721,18722,18721,1,-1,1.0
18721,18722,18721,2,-2,2.0
18720,18722,18720,2,-2,2.0
18719,18722,18722,1,1,1.0
18720,18722,18720,2,-2,2.0
18719,18722,18720,1,-1,1.0
18719,18721,18720,2,-2,2.0
18720,18721,18720,1,-1,1.0
18719,18721,18719,1,-1,1.0
18719,18720,18719,1,-1,1.0
18719,18720,18719,4,-4,4.0
18719,18720,18719,2,-2,2.0
18719,18720,18719,1,-1,1.0
18719,18720,18719,2,-2,2.0
18719,18720,18719,4,-4,4.0
18719,18720,18719,1,-1,1.0
18719,18720,18719,4,-4,4.0
18719,18720,18719,1,-1,1.0
18719,18720,18719,1,-1,1.0
18719,18720,18719,3,-3,3.0
18719,18720,18719,5,-5,5.0
18719,18720,18719,1,-1,1.0
18718,18719,18718,7,-7,7.0
18718,18719,18718,1,-1,1.0
18718,18719,18718,12,-12,12.0
18717,18718,18718,3,3,3.0
18717,18718,18718,1,1,1.0
18717,18718,18717,3,-3,3.0
18717,18718,18718,1,1,1.0
18717,18718,18718,3,3,3.0
18717,18718,18717,6,-6,6.0
18717,18718,18717,1,-1,1.0
18717,18718,18717,1,-1,1.0
18717,18718,18717,1,-1,1.0
18716,18717,18717,2,2,2.0
18716,18717,18717,1,1,1.0
18716,18717,18716,1,-1,1.0
18716,18717,18716,1,-1,1.0
18716,18717,18716,2,-2,2.0
18716,18717,18716,1,-1,1.0
18716,18717,18716,2,-2,2.0
18716,18717,18716,1,-1,1.0
18716,18717,18716,1,-1,1.0
18716,18717,18716,1,-1,1.0
18716,18717,18716,1,-1,1.0
18716,18717,18716,1,-1,1.0
18716,18717,18716,1,-1,1.0
18716,18717,18716,1,-1,1.0
18716,18717,18716,1,-1,1.0
18716,18717,18716,3,-3,3.0
18716,18717,18717,5,5,5.0
18716,18717,18717,3,3,3.0
18717,18718,18718,2,2,2.0
18717,18719,18719,1,1,1.0
18717,18719,18719,1,1,1.0
18717,18719,18719,1,1,1.0
18717,18719,18719,1,1,1.0
18717,18719,18719,1,1,1.0
18717,18719,18719,1,1,1.0
18717,18719,18717,4,-4,4.0
18717,18719,18717,6,-6,6.0
18716,18718,18716,5,-5,5.0
18717,18718,18717,1,-1,1.0
18717,18718,18716,3,-3,3.0
18716,18718,18718,1,1,1.0
18716,18718,18718,1,1,1.0
18717,18718,18718,1,1,1.0
18717,18718,18718,1,1,1.0
18717,18718,18718,1,1,1.0
18717,18718,18718,1,1,1.0
18717,18718,18718,1,1,1.0
18717,18718,18719,1,1,-1.0
18717,18719,18719,1,1,1.0
18717,18719,18719,1,1,1.0
18717,18719,18719,1,1,1.0
18718,18719,18719,1,1,1.0
18718,18720,18720,1,1,1.0
18718,18720,18720,1,1,1.0
18718,18720,18720,1,1,1.0
18718,18720,18720,1,1,1.0
18718,18719,18718,1,-1,1.0
18717,18718,18717,1,-1,1.0
18717,18718,18717,1,-1,1.0
18717,18718,18717,1,-1,1.0
18717,18718,18717,2,-2,2.0
18716,18717,18716,1,-1,1.0
18716,18717,18716,1,-1,1.0
18716,18717,18717,1,1,1.0
18716,18717,18716,16,-16,16.0
18715,18716,18715,1,-1,1.0
18715,18716,18715,2,-2,2.0
18715,18716,18715,2,-2,2.0
18715,18716,18715,8,-8,8.0
18715,18716,18715,1,-1,1.0
18715,18716,18715,1,-1,1.0
18714,18715,18714,1,-1,1.0
18714,18715,18714,1,-1,1.0
18714,18715,18714,1,-1,1.0
18714,18715,18714,1,-1,1.0
18713,18714,18713,2,-2,2.0
18713,18714,18713,2,-2,2.0
18713,18714,18713,1,-1,1.0
18713,18714,18713,1,-1,1.0
18713,18714,18714,2,2,2.0
18714,18716,18714,2,-2,2.0
18714,18716,18713,2,-2,2.0
18713,18714,18714,2,2,2.0
18713,18715,18715,1,1,1.0
18714,18715,18714,2,-2,2.0
18714,18715,18713,4,-4,4.0
18714,18715,18713,6,-6,6.0
18714,18715,18713,5,-5,5.0
18714,18715,18712,11,-11,11.0
18712,18714,18714,1,1,1.0
18712,18714,18712,2,-2,2.0
18713,18715,18713,1,-1,1.0
18713,18715,18713,1,-1,1.0
18713,18715,18715,1,1,1.0
18713,18715,18713,1,-1,1.0
18713,18715,18713,2,-2,2.0
18713,18715,18712,3,-3,3.0
18712,18714,18712,1,-1,1.0
18712,18713,18712,1,-1,1.0
18712,18713,18713,1,1,1.0
18712,18713,18713,1,1,1.0
18712,18713,18713,1,1,1.0
18712,18713,18712,1,-1,1.0
18712,18713,18712,1,-1,1.0
18712,18713,18713,1,1,1.0
18712,18713,18712,1,-1,1.0
18712,18713,18712,2,-2,2.0
18712,18713,18711,1,-1,1.0
18711,18713,18711,1,-1,1.0
18712,18713,18712,1,-1,1.0
18712,18713,18713,5,5,5.0
18712,18713,18712,1,-1,1.0
18712,18713,18713,1,1,1.0
18712,18713,18713,5,5,5.0
18713,18714,18714,1,1,1.0
18713,18714,18714,2,2,2.0
18713,18715,18714,1,1,-1.0
18714,18715,18714,2,-2,2.0
18714,18715,18714,1,-1,1.0
18714,18715,18714,1,-1,1.0
18713,18715,18715,1,1,1.0
18715,18716,18715,1,-1,1.0
18714,18716,18716,1,1,1.0
18715,18716,18716,1,1,1.0
18715,18716,18716,3,3,3.0
18715,18716,18716,2,2,2.0
18715,18716,18715,1,-1,1.0
18715,18716,18715,6,-6,6.0
18715,18716,18714,15,-15,15.0
18714,18715,18714,1,-1,1.0
18714,18715,18714,1,-1,1.0
18714,18715,18715,1,1,1.0
18714,18715,18715,1,1,1.0
18714,18715,18715,1,1,1.0
18714,18715,18715,1,1,1.0
18714,18715,18715,1,1,1.0
18714,18715,18715,1,1,1.0
18714,18716,18714,2,-2,2.0
18714,18715,18714,2,-2,2.0
18714,18715,18714,2,-2,2.0
18714,18715,18714,1,-1,1.0
18713,18714,18714,1,1,1.0
18713,18715,18715,1,1,1.0
18714,18715,18714,5,-5,5.0
18714,18715,18715,3,3,3.0
18715,18716,18715,2,-2,2.0
18715,18716,18714,3,-3,3.0
18714,18715,18715,1,1,1.0
18714,18715,18714,2,-2,2.0
18714,18715,18715,5,5,5.0
18714,18715,18715,2,2,2.0
18714,18715,18716,2,2,-2.0
18715,18716,18715,4,-4,4.0
18715,18716,18714,1,-1,1.0
18714,18716,18714,1,-1,1.0
18715,18716,18715,1,-1,1.0
18715,18716,18715,1,-1,1.0
18715,18716,18716,1,1,1.0
18715,18716,18715,2,-2,2.0
18714,18715,18714,1,-1,1.0
18714,18715,18715,4,4,4.0
18714,18715,18714,6,-6,6.0
18714,18715,18714,1,-1,1.0
18714,18715,18714,1,-1,1.0
18714,18715,18714,1,-1,1.0
18714,18715,18714,1,-1,1.0
18714,18715,18714,1,-1,1.0
18713,18714,18714,4,4,4.0
18713,18714,18713,1,-1,1.0
18713,18714,18713,1,-1,1.0
18713,18714,18713,1,-1,1.0
18713,18714,18713,1,-1,1.0
18713,18714,18713,3,-3,3.0
18713,18714,18713,1,-1,1.0
18712,18714,18714,1,1,1.0
18713,18714,18713,1,-1,1.0
18713,18714,18713,1,-1,1.0
18712,18713,18713,1,1,1.0
18712,18713,18713,1,1,1.0
18712,18713,18713,1,1,1.0
18712,18713,18713,1,1,1.0
18712,18713,18713,1,1,1.0
18712,18713,18713,1,1,1.0
18712,18713,18713,2,2,2.0
18712,18713,18713,1,1,1.0
18712,18713,18713,1,1,1.0
18712,18713,18713,9,9,9.0
18713,18714,18714,1,1,1.0
18713,18714,18714,1,1,1.0
18713,18714,18713,1,-1,1.0
18713,18714,18713,1,-1,1.0
18712,18713,18713,1,1,1.0
18712,18713,18713,1,1,1.0
18712,18713,18712,1,-1,1.0
18712,18713,18712,1,-1,1.0
18712,18713,18712,2,-2,2.0
18712,18713,18712,1,-1,1.0
18712,18713,18712,1,-1,1.0
18712,18713,18712,1,-1,1.0
18712,18713,18712,1,-1,1.0
18711,18712,18711,3,-3,3.0
18711,18712,18711,1,-1,1.0
18711,18712,18711,1,-1,1.0
18711,18712,18711,1,-1,1.0
18711,18712,18711,1,-1,1.0
18711,18712,18711,1,-1,1.0
18711,18712,18711,1,-1,1.0
18711,18712,18711,1,-1,1.0
18710,18712,18712,1,1,1.0
18711,18712,18711,1,-1,1.0
18710,18712,18710,1,-1,1.0
18710,18711,18710,1,-1,1.0
18710,18711,18710,1,-1,1.0
18710,18711,18710,2,-2,2.0
18710,18711,18711,1,1,1.0
18710,18711,18710,1,-1,1.0
18710,18711,18711,2,2,2.0
18710,18711,18711,1,1,1.0
18710,18711,18711,1,1,1.0
18711,18712,18711,1,-1,1.0
18710,18712,18710,5,-5,5.0
18710,18712,18711,1,-1,1.0
18711,18712,18711,1,-1,1.0
18711,18712,18712,2,2,2.0
18711,18713,18712,1,1,-1.0
18711,18713,18712,3,3,-3.0
18711,18713,18712,1,1,-1.0
18711,18713,18712,1,1,-1.0
18711,18713,18711,6,-6,6.0
18711,18713,18711,1,-1,1.0
18711,18713,18711,1,-1,1.0
18711,18712,18711,1,-1,1.0
18711,18712,18711,1,-1,1.0
18710,18712,18710,1,-1,1.0
18710,18712,18712,2,2,2.0
18710,18711,18711,1,1,1.0
18710,18711,18710,1,-1,1.0
18710,18711,18710,1,-1,1.0
18710,18711,18710,1,-1,1.0
18710,18711,18710,1,-1,1.0
18710,18711,18710,3,-3,3.0
18710,18711,18710,1,-1,1.0
18710,18711,18710,1,-1,1.0
18710,18711,18710,1,-1,1.0
18710,18711,18710,1,-1,1.0
18710,18711,18710,1,-1,1.0
18710,18711,18710,1,-1,1.0
18710,18711,18710,1,-1,1.0
18710,18711,18710,2,-2,2.0
18709,18711,18709,1,-1,1.0
18709,18711,18709,1,-1,1.0
18709,18711,18709,2,-2,2.0
18709,18711,18709,1,-1,1.0
18709,18710,18709,1,-1,1.0
18709,18710,18709,2,-2,2.0
18709,18710,18709,3,-3,3.0
18709,18710,18709,2,-2,2.0
18708,18710,18708,2,-2,2.0
18708,18710,18708,4,-4,4.0
18708,18709,18708,1,-1,1.0
18708,18709,18709,1,1,1.0
18708,18709,18709,1,1,1.0
18709,18710,18709,1,-1,1.0
18708,18710,18708,1,-1,1.0
18708,18709,18708,2,-2,2.0
18708,18709,18709,1,1,1.0
18709,18710,18710,2,2,2.0
18709,18710,18710,2,2,2.0
18709,18710,18710,1,1,1.0
18709,18710,18710,1,1,1.0
18710,18711,18710,1,-1,1.0
18710,18711,18711,3,3,3.0
18710,18712,18710,2,-2,2.0
18711,18712,18711,1,-1,1.0
18711,18712,18711,2,-2,2.0
18711,18712,18712,1,1,1.0
18711,18712,18712,2,2,2.0
18711,18712,18712,1,1,1.0
18711,18712,18713,1,1,-1.0
18711,18712,18713,1,1,-1.0
18711,18712,18713,2,2,-2.0
18712,18714,18713,1,1,-1.0
18713,18715,18713,1,-1,1.0
18713,18715,18714,1,-1,1.0
18713,18715,18714,1,-1,1.0
18713,18715,18714,1,-1,1.0
18713,18714,18714,1,1,1.0
18713,18714,18713,3,-3,3.0
18712,18714,18712,1,-1,1.0
18711,18712,18711,3,-3,3.0
18710,18712,18710,1,-1,1.0
18710,18712,18710,1,-1,1.0
18710,18711,18711,3,3,3.0
18711,18712,18712,1,1,1.0
18712,18713,18713,1,1,1.0
18712,18713,18713,1,1,1.0
18712,18713,18714,6,6,-6.0
18712,18714,18714,4,4,4.0
18712,18714,18714,2,2,2.0
18713,18714,18713,1,-1,1.0
18713,18714,18714,2,2,2.0
18713,18714,18714,2,2,2.0
18714,18715,18714,1,-1,1.0
18714,18715,18714,4,-4,4.0
18713,18714,18714,1,1,1.0
18713,18714,18714,1,1,1.0
18713,18714,18714,2,2,2.0
18713,18714,18714,3,3,3.0
18714,18715,18715,2,2,2.0
18714,18715,18715,1,1,1.0
18714,18715,18715,1,1,1.0
18714,18715,18715,9,9,9.0
18715,18716,18715,2,-2,2.0
18714,18716,18714,1,-1,1.0
18713,18715,18715,1,1,1.0
18713,18715,18715,1,1,1.0
18713,18715,18715,1,1,1.0
18715,18716,18715,1,-1,1.0
18715,18716,18715,3,-3,3.0
18715,18716,18715,1,-1,1.0
18715,18716,18715,3,-3,3.0
18715,18716,18715,2,-2,2.0
18713,18714,18714,2,2,2.0
18713,18714,18713,7,-7,7.0
18713,18714,18713,3,-3,3.0
18713,18714,18712,1,-1,1.0
18713,18714,18712,7,-7,7.0
18711,18713,18711,1,-1,1.0
18712,18714,18713,1,-1,1.0
18712,18713,18713,1,1,1.0
18712,18714,18712,1,-1,1.0
18713,18714,18713,1,-1,1.0
18713,18714,18713,2,-2,2.0
18713,18714,18714,1,1,1.0
18713,18714,18714,1,1,1.0
18713,18714,18714,1,1,1.0
18713,18714,18715,2,2,-2.0
18714,18715,18714,1,-1,1.0
18714,18715,18714,1,-1,1.0
18714,18715,18714,1,-1,1.0
18714,18715,18714,1,-1,1.0
18714,18715,18714,3,-3,3.0
18712,18714,18713,1,-1,1.0
18714,18715,18714,1,-1,1.0
18714,18715,18715,3,3,3.0
18715,18716,18715,1,-1,1.0
18715,18716,18715,1,-1,1.0
18715,18716,18716,1,1,1.0
18715,18716,18716,1,1,1.0
18715,18716,18716,2,2,2.0
18715,18716,18716,1,1,1.0
18716,18717,18717,2,2,2.0
18716,18717,18717,5,5,5.0
18716,18717,18716,9,-9,9.0
18715,18716,18716,1,1,1.0
18715,18716,18716,1,1,1.0
18715,18716,18716,1,1,1.0
18716,18717,18717,1,1,1.0
18716,18717,18716,1,-1,1.0
18716,18717,18717,1,1,1.0
18716,18717,18717,1,1,1.0
18716,18717,18717,1,1,1.0
18716,18717,18717,1,1,1.0
18716,18717,18717,1,1,1.0
18716,18717,18717,1,1,1.0
18716,18717,18716,9,-9,9.0
18715,18716,18716,1,1,1.0
18715,18716,18716,1,1,1.0
18716,18717,18716,1,-1,1.0
18715,18716,18716,2,2,2.0
18715,18716,18716,1,1,1.0
18715,18716,18716,1,1,1.0
18716,18717,18717,11,11,11.0
18717,18718,18718,1,1,1.0
18717,18718,18718,8,8,8.0
18718,18719,18719,9,9,9.0
18719,18720,18720,1,1,1.0
18719,18720,18720,10,10,10.0
18719,18720,18720,1,1,1.0
18719,18720,18720,1,1,1.0
18719,18720,18720,4,4,4.0
18719,18720,18720,1,1,1.0
18719,18720,18720,1,1,1.0
18719,18720,18719,1,-1,1.0
18719,18720,18720,1,1,1.0
18719,18721,18720,1,1,-1.0
18719,18721,18720,1,1,-1.0
18719,18721,18719,1,-1,1.0
18719,18720,18719,2,-2,2.0
18719,18720,18720,1,1,1.0
18719,18720,18720,1,1,1.0
18719,18720,18720,1,1,1.0
18719,18720,18719,1,-1,1.0
18719,18720,18720,1,1,1.0
18719,18720,18720,1,1,1.0
18719,18720,18719,2,-2,2.0
18719,18720,18720,2,2,2.0
18719,18721,18720,1,1,-1.0
18719,18721,18721,1,1,1.0
18719,18721,18721,4,4,4.0
18719,18721,18721,1,1,1.0
18719,18721,18721,2,2,2.0
18719,18721,18721,1,1,1.0
18720,18721,18721,1,1,1.0
18720,18721,18720,1,-1,1.0
18720,18721,18720,1,-1,1.0
18720,18721,18720,1,-1,1.0
18720,18721,18720,1,-1,1.0
18720,18721,18720,1,-1,1.0
18720,18721,18721,2,2,2.0
18720,18721,18721,1,1,1.0
18720,18721,18721,2,2,2.0
18720,18721,18721,1,1,1.0
18720,18721,18721,1,1,1.0
18720,18721,18721,1,1,1.0
18720,18721,18721,1,1,1.0
18720,18721,18721,1,1,1.0
18720,18721,18721,1,1,1.0
18720,18721,18721,1,1,1.0
18720,18721,18721,2,2,2.0
18720,18721,18721,2,2,2.0
18721,18722,18722,2,2,2.0
18721,18722,18722,1,1,1.0
18721,18722,18722,1,1,1.0
18721,18722,18722,1,1,1.0
18721,18722,18722,1,1,1.0
18721,18722,18722,3,3,3.0
18721,18722,18722,2,2,2.0
18721,18722,18722,1,1,1.0
18721,18722,18722,1,1,1.0
18721,18722,18722,4,4,4.0
18721,18722,18722,1,1,1.0
18721,18722,18722,5,5,5.0
18722,18723,18723,9,9,9.0
18722,18723,18723,1,1,1.0
18722,18723,18723,1,1,1.0
18722,18723,18722,1,-1,1.0
18722,18723,18723,2,2,2.0
18722,18723,18723,2,2,2.0
18722,18723,18724,7,7,-7.0
18723,18725,18723,3,-3,3.0
18724,18725,18724,1,-1,1.0
18724,18725,18724,1,-1,1.0
18724,18725,18724,1,-1,1.0
18724,18725,18724,1,-1,1.0
18723,18724,18723,1,-1,1.0
18723,18724,18723,2,-2,2.0
18723,18724,18723,1,-1,1.0
18722,18723,18722,1,-1,1.0
18722,18723,18722,1,-1,1.0
18722,18724,18722,1,-1,1.0
18722,18724,18722,1,-1,1.0
18722,18723,18723,3,3,3.0
18722,18723,18723,1,1,1.0
18722,18723,18723,2,2,2.0
18722,18723,18722,7,-7,7.0
18721,18722,18721,1,-1,1.0
18721,18722,18721,1,-1,1.0
18721,18722,18721,1,-1,1.0
18720,18721,18721,1,1,1.0
18720,18721,18721,1,1,1.0
18720,18721,18721,1,1,1.0
18720,18722,18722,1,1,1.0
18721,18722,18721,2,-2,2.0
18720,18722,18722,1,1,1.0
18721,18722,18722,1,1,1.0
18721,18724,18724,2,2,2.0
18723,18724,18724,5,5,5.0
18723,18724,18724,1,1,1.0
18723,18724,18724,1,1,1.0
18723,18724,18724,2,2,2.0
18724,18725,18724,1,-1,1.0
18724,18725,18724,2,-2,2.0
18724,18725,18725,1,1,1.0
18724,18725,18725,1,1,1.0
18724,18725,18725,1,1,1.0
18724,18725,18725,1,1,1.0
18724,18725,18725,6,6,6.0
18724,18725,18725,6,6,6.0
18725,18726,18725,1,-1,1.0
18725,18726,18725,1,-1,1.0
18725,18726,18726,1,1,1.0
18725,18726,18726,4,4,4.0
18725,18726,18725,3,-3,3.0
18725,18726,18724,4,-4,4.0
18724,18726,18724,5,-5,5.0
18724,18726,18726,1,1,1.0
18725,18726,18726,1,1,1.0
18726,18727,18726,1,-1,1.0
18724,18725,18725,2,2,2.0
18724,18725,18726,4,4,-4.0
18724,18725,18726,2,2,-2.0
18724,18725,18726,3,3,-3.0
18724,18725,18724,5,-5,5.0
18723,18726,18725,1,1,-1.0
18723,18725,18724,1,1,-1.0
18724,18725,18724,2,-2,2.0
18723,18724,18723,1,-1,1.0
18723,18724,18724,3,3,3.0
18723,18725,18724,1,1,-1.0
18723,18724,18724,1,1,1.0
18723,18724,18723,5,-5,5.0
18723,18724,18723,1,-1,1.0
18723,18724,18723,1,-1,1.0
18722,18724,18723,1,-1,1.0
18722,18724,18722,2,-2,2.0
18721,18723,18723,2,2,2.0
18721,18722,18722,1,1,1.0
18721,18722,18722,1,1,1.0
18721,18722,18722,1,1,1.0
18721,18722,18721,1,-1,1.0
18721,18722,18721,2,-2,2.0
18721,18722,18721,1,-1,1.0
18720,18722,18721,1,-1,1.0
18720,18722,18722,9,9,9.0
18720,18722,18722,1,1,1.0
18720,18721,18720,1,-1,1.0
18720,18721,18720,2,-2,2.0
18720,18721,18720,1,-1,1.0
18720,18721,18720,1,-1,1.0
18720,18721,18720,1,-1,1.0
18719,18720,18720,2,2,2.0
18720,18721,18720,1,-1,1.0
18720,18721,18721,2,2,2.0
18720,18721,18721,2,2,2.0
18720,18721,18721,2,2,2.0
18720,18721,18721,1,1,1.0
18721,18722,18721,1,-1,1.0
18720,18721,18721,2,2,2.0
18720,18721,18720,1,-1,1.0
18720,18721,18720,1,-1,1.0
18720,18721,18720,1,-1,1.0
18720,18721,18720,1,-1,1.0
18719,18720,18719,2,-2,2.0
18719,18720,18720,1,1,1.0
18719,18720,18720,1,1,1.0
18719,18720,18720,1,1,1.0
18719,18720,18720,1,1,1.0
18720,18721,18720,1,-1,1.0
18719,18721,18721,1,1,1.0
18720,18721,18720,1,-1,1.0
18720,18721,18720,1,-1,1.0
18720,18721,18721,1,1,1.0
18721,18722,18722,1,1,1.0
18721,18722,18722,1,1,1.0
18721,18722,18722,3,3,3.0
18722,18723,18723,1,1,1.0
18722,18723,18722,1,-1,1.0
18722,18723,18722,1,-1,1.0
18720,18721,18721,1,1,1.0
18720,18722,18722,1,1,1.0
18720,18721,18720,1,-1,1.0
18720,18721,18720,1,-1,1.0
18720,18721,18720,2,-2,2.0
18720,18721,18720,1,-1,1.0
18720,18721,18720,1,-1,1.0
18720,18721,18720,6,-6,6.0
18720,18721,18720,1,-1,1.0
18720,18721,18720,2,-2,2.0
18720,18721,18720,1,-1,1.0
18720,18721,18720,1,-1,1.0
18720,18721,18720,2,-2,2.0
18720,18721,18720,1,-1,1.0
18720,18721,18720,1,-1,1.0
18720,18721,18720,1,-1,1.0
18720,18721,18720,1,-1,1.0
18719,18720,18720,1,1,1.0
18719,18720,18720,1,1,1.0
18719,18720,18719,1,-1,1.0
18719,18720,18720,2,2,2.0
18719,18720,18720,2,2,2.0
18719,18720,18720,1,1,1.0
18720,18721,18721,1,1,1.0
18720,18721,18721,2,2,2.0
18720,18721,18721,2,2,2.0
18721,18722,18721,1,-1,1.0
18721,18722,18721,1,-1,1.0
18720,18721,18721,1,1,1.0
18720,18721,18721,1,1,1.0
18720,18721,18721,8,8,8.0
18721,18722,18721,3,-3,3.0
18721,18722,18720,2,-2,2.0
18720,18721,18721,1,1,1.0
18720,18721,18721,1,1,1.0
18721,18722,18722,2,2,2.0
18722,18723,18722,4,-4,4.0
18722,18723,18722,6,-6,6.0
18722,18723,18722,4,-4,4.0
18722,18723,18722,2,-2,2.0
18722,18723,18722,5,-5,5.0
18721,18722,18722,1,1,1.0
18722,18723,18722,1,-1,1.0
18722,18723,18723,1,1,1.0
18722,18723,18723,7,7,7.0
18722,18723,18723,3,3,3.0
18722,18723,18723,1,1,1.0
18723,18724,18723,3,-3,3.0
18723,18724,18723,8,-8,8.0
18722,18724,18723,1,-1,1.0
18722,18723,18722,1,-1,1.0
18722,18723,18722,6,-6,6.0
18722,18723,18722,1,-1,1.0
18721,18722,18721,2,-2,2.0
18721,18722,18721,1,-1,1.0
18721,18722,18721,2,-2,2.0
18721,18722,18721,1,-1,1.0
18720,18721,18720,1,-1,1.0
18720,18721,18721,1,1,1.0
18720,18721,18720,2,-2,2.0
18720,18721,18720,4,-4,4.0
18720,18721,18720,1,-1,1.0
18719,18720,18719,2,-2,2.0
18719,18720,18719,2,-2,2.0
18719,18720,18719,1,-1,1.0
18719,18720,18719,1,-1,1.0
18719,18720,18719,1,-1,1.0
18718,18719,18718,1,-1,1.0
18718,18719,18718,1,-1,1.0
18718,18719,18718,1,-1,1.0
18718,18719,18718,1,-1,1.0
18717,18719,18717,1,-1,1.0
18717,18718,18717,1,-1,1.0
18717,18718,18717,1,-1,1.0
18717,18718,18717,1,-1,1.0
18717,18718,18717,1,-1,1.0
18717,18718,18717,1,-1,1.0
18717,18718,18717,1,-1,1.0
18716,18718,18718,1,1,1.0
18716,18718,18716,1,-1,1.0
18716,18718,18716,2,-2,2.0
18716,18718,18716,1,-1,1.0
18716,18718,18716,1,-1,1.0
18716,18718,18716,1,-1,1.0
18716,18718,18716,1,-1,1.0
18716,18717,18716,1,-1,1.0
18716,18717,18717,2,2,2.0
18716,18717,18717,1,1,1.0
18716,18717,18717,1,1,1.0
18716,18717,18717,1,1,1.0
18717,18718,18718,1,1,1.0
18717,18718,18718,2,2,2.0
18718,18719,18719,1,1,1.0
18719,18720,18720,3,3,3.0
18721,18722,18721,2,-2,2.0
18720,18722,18721,1,-1,1.0
18720,18722,18721,1,-1,1.0
18721,18722,18721,1,-1,1.0
18721,18722,18721,1,-1,1.0
18721,18723,18721,1,-1,1.0
18720,18721,18720,3,-3,3.0
18720,18721,18720,1,-1,1.0
18719,18721,18721,1,1,1.0
18719,18721,18719,1,-1,1.0
18718,18720,18718,5,-5,5.0
18718,18720,18718,1,-1,1.0
18718,18720,18718,1,-1,1.0
18718,18719,18718,1,-1,1.0
18717,18719,18717,1,-1,1.0
18717,18719,18717,2,-2,2.0
18717,18718,18717,1,-1,1.0
18717,18718,18717,1,-1,1.0
18716,18717,18716,1,-1,1.0
18716,18717,18717,1,1,1.0
18717,18718,18718,1,1,1.0
18717,18718,18718,8,8,8.0
18717,18718,18718,2,2,2.0
18718,18719,18719,1,1,1.0
18720,18722,18720,1,-1,1.0
18719,18720,18719,1,-1,1.0
18719,18720,18719,1,-1,1.0
18719,18720,18719,2,-2,2.0
18718,18719,18719,1,1,1.0
18718,18719,18718,1,-1,1.0
18718,18719,18718,1,-1,1.0
18717,18718,18718,1,1,1.0
18717,18718,18718,3,3,3.0
18719,18721,18719,2,-2,2.0
18718,18719,18719,3,3,3.0
18718,18721,18718,1,-1,1.0
18720,18721,18720,1,-1,1.0
18719,18721,18720,1,-1,1.0
18720,18721,18721,1,1,1.0
18719,18721,18719,1,-1,1.0
18718,18719,18719,1,1,1.0
18718,18719,18719,1,1,1.0
18718,18719,18718,1,-1,1.0
18718,18719,18718,1,-1,1.0
18718,18719,18718,4,-4,4.0
18718,18719,18718,2,-2,2.0
18717,18718,18717,2,-2,2.0
18717,18718,18716,1,-1,1.0
18717,18718,18716,1,-1,1.0
18717,18718,18716,1,-1,1.0
18717,18718,18716,1,-1,1.0
18717,18718,18716,1,-1,1.0
18717,18718,18716,1,-1,1.0
18717,18718,18716,1,-1,1.0
18717,18718,18716,1,-1,1.0
18717,18718,18716,1,-1,1.0
18715,18716,18715,1,-1,1.0
18715,18716,18715,1,-1,1.0
18715,18716,18715,1,-1,1.0
18715,18716,18715,4,-4,4.0
18715,18716,18715,4,-4,4.0
18715,18716,18714,6,-6,6.0
18714,18715,18714,4,-4,4.0
18714,18715,18714,3,-3,3.0
18714,18715,18714,1,-1,1.0
18714,18715,18714,1,-1,1.0
18714,18715,18713,2,-2,2.0
18714,18715,18713,1,-1,1.0
18714,18715,18713,1,-1,1.0
18712,18714,18712,1,-1,1.0
18712,18713,18713,1,1,1.0
18712,18714,18714,2,2,2.0
18712,18713,18713,1,1,1.0
18712,18713,18713,2,2,2.0
18712,18714,18712,1,-1,1.0
18712,18713,18712,1,-1,1.0
18712,18713,18713,1,1,1.0
18713,18714,18714,2,2,2.0
18713,18714,18714,1,1,1.0
18713,18714,18713,1,-1,1.0
18713,18714,18713,1,-1,1.0
18713,18714,18713,3,-3,3.0
18712,18714,18712,1,-1,1.0
18713,18714,18713,1,-1,1.0
18713,18714,18713,1,-1,1.0
18712,18713,18712,4,-4,4.0
18712,18713,18713,1,1,1.0
18712,18713,18712,1,-1,1.0
18712,18713,18712,1,-1,1.0
18712,18713,18712,1,-1,1.0
18712,18713,18712,1,-1,1.0
18712,18713,18712,1,-1,1.0
18711,18712,18712,1,1,1.0
18711,18712,18712,1,1,1.0
18711,18712,18712,2,2,2.0
18712,18713,18712,2,-2,2.0
18712,18713,18712,2,-2,2.0
18712,18713,18712,1,-1,1.0
18711,18712,18712,1,1,1.0
18711,18712,18711,1,-1,1.0
18711,18712,18711,1,-1,1.0
18711,18712,18711,1,-1,1.0
18711,18712,18711,2,-2,2.0
18711,18712,18711,1,-1,1.0
18711,18712,18711,1,-1,1.0
18711,18712,18711,1,-1,1.0
18711,18712,18711,1,-1,1.0
18711,18712,18711,1,-1,1.0
18711,18712,18712,2,2,2.0
18711,18712,18711,1,-1,1.0
18711,18712,18711,1,-1,1.0
18710,18711,18710,1,-1,1.0
18710,18711,18710,1,-1,1.0
18710,18711,18710,4,-4,4.0
18710,18711,18710,1,-1,1.0
18710,18711,18710,1,-1,1.0
18710,18711,18710,1,-1,1.0
18710,18711,18710,1,-1,1.0
18710,18711,18710,1,-1,1.0
18710,18711,18710,5,-5,5.0
18710,18711,18710,4,-4,4.0
18710,18711,18710,4,-4,4.0
18710,18711,18710,1,-1,1.0
18710,18711,18710,2,-2,2.0
18710,18711,18709,1,-1,1.0
18710,18711,18709,1,-1,1.0
18710,18711,18709,1,-1,1.0
18710,18711,18709,7,-7,7.0
18708,18709,18709,1,1,1.0
18708,18709,18708,1,-1,1.0
18708,18709,18708,1,-1,1.0
18708,18709,18708,2,-2,2.0
18708,18709,18708,1,-1,1.0
18708,18709,18708,1,-1,1.0
18708,18709,18708,3,-3,3.0
18708,18709,18708,2,-2,2.0
18708,18709,18708,1,-1,1.0
18708,18709,18708,2,-2,2.0
18708,18709,18708,2,-2,2.0
18708,18709,18708,1,-1,1.0
18708,18709,18708,1,-1,1.0
18708,18709,18708,1,-1,1.0
18708,18709,18708,1,-1,1.0
18708,18709,18708,3,-3,3.0
18708,18709,18708,8,-8,8.0
18707,18708,18707,1,-1,1.0
18707,18708,18707,2,-2,2.0
18707,18708,18707,1,-1,1.0
18707,18708,18707,1,-1,1.0
18707,18708,18707,1,-1,1.0
18707,18708,18707,1,-1,1.0
18707,18708,18707,1,-1,1.0
18707,18708,18707,1,-1,1.0
18706,18707,18707,2,2,2.0
18706,18707,18706,2,-2,2.0
18706,18707,18706,2,-2,2.0
18706,18707,18706,1,-1,1.0
18706,18707,18706,1,-1,1.0
18706,18707,18706,1,-1,1.0
18706,18707,18706,2,-2,2.0
18706,18707,18706,1,-1,1.0
18706,18707,18706,4,-4,4.0
18706,18707,18706,1,-1,1.0
18706,18707,18706,1,-1,1.0
18706,18707,18707,1,1,1.0
18706,18707,18706,2,-2,2.0
18706,18707,18706,2,-2,2.0
18706,18707,18705,20,-20,20.0
18706,18707,18705,1,-1,1.0
18705,18706,18705,1,-1,1.0
18705,18706,18705,1,-1,1.0
18705,18706,18705,1,-1,1.0
18705,18706,18705,4,-4,4.0
18704,18706,18704,8,-8,8.0
18704,18706,18704,1,-1,1.0
18704,18706,18704,1,-1,1.0
18704,18706,18704,2,-2,2.0
18704,18705,18705,1,1,1.0
18704,18705,18704,3,-3,3.0
18703,18705,18703,2,-2,2.0
18703,18705,18703,1,-1,1.0
18703,18705,18703,1,-1,1.0
18703,18704,18703,1,-1,1.0
18703,18704,18703,1,-1,1.0
18703,18704,18703,1,-1,1.0
18703,18704,18703,1,-1,1.0
18703,18704,18704,1,1,1.0
18703,18704,18704,1,1,1.0
18703,18704,18704,3,3,3.0
18703,18704,18703,2,-2,2.0
18703,18704,18704,1,1,1.0
18703,18704,18703,6,-6,6.0
18703,18704,18703,2,-2,2.0
18703,18704,18703,1,-1,1.0
18702,18704,18703,2,-2,2.0
18702,18704,18702,3,-3,3.0
18702,18704,18702,20,-20,20.0
18702,18704,18702,1,-1,1.0
18702,18704,18704,1,1,1.0
18702,18704,18703,1,1,-1.0
18702,18703,18702,3,-3,3.0
18702,18703,18702,1,-1,1.0
18702,18703,18702,4,-4,4.0
18702,18703,18703,4,4,4.0
18702,18703,18704,8,8,-8.0
18703,18704,18703,1,-1,1.0
18703,18704,18704,2,2,2.0
18703,18704,18704,1,1,1.0
18704,18705,18704,1,-1,1.0
18704,18705,18705,1,1,1.0
18704,18705,18704,1,-1,1.0
18703,18705,18703,5,-5,5.0
18703,18705,18703,2,-2,2.0
18703,18705,18702,5,-5,5.0
18703,18705,18702,7,-7,7.0
18702,18704,18702,2,-2,2.0
18702,18704,18702,1,-1,1.0
18702,18704,18702,1,-1,1.0
18702,18704,18704,2,2,2.0
18702,18704,18702,2,-2,2.0
18702,18704,18702,1,-1,1.0
18703,18704,18704,3,3,3.0
18704,18705,18704,1,-1,1.0
18704,18705,18705,11,11,11.0
18705,18706,18706,1,1,1.0
18704,18705,18705,1,1,1.0
18704,18706,18704,1,-1,1.0
18704,18705,18705,1,1,1.0
18704,18706,18706,1,1,1.0
18704,18706,18704,1,-1,1.0
18705,18706,18706,1,1,1.0
18705,18706,18706,6,6,6.0
18705,18706,18706,2,2,2.0
18706,18707,18707,2,2,2.0
18705,18707,18707,1,1,1.0
18706,18707,18706,1,-1,1.0
18706,18707,18706,1,-1,1.0
18704,18706,18705,1,-1,1.0
18704,18706,18705,1,-1,1.0
18704,18706,18704,2,-2,2.0
18704,18706,18704,13,-13,13.0
18703,18704,18704,1,1,1.0
18703,18704,18703,1,-1,1.0
18703,18704,18703,2,-2,2.0
18703,18704,18704,1,1,1.0
18703,18704,18703,1,-1,1.0
18703,18704,18704,1,1,1.0
18703,18704,18703,1,-1,1.0
18703,18704,18703,2,-2,2.0
18703,18704,18704,2,2,2.0
18703,18704,18704,1,1,1.0
18703,18704,18703,1,-1,1.0
18703,18704,18703,1,-1,1.0
18703,18704,18704,1,1,1.0
18703,18704,18704,1,1,1.0
18703,18704,18704,1,1,1.0
18704,18705,18704,1,-1,1.0
18703,18704,18703,1,-1,1.0
18703,18704,18704,1,1,1.0
18704,18705,18704,1,-1,1.0
18704,18705,18704,1,-1,1.0
18704,18705,18705,1,1,1.0
18704,18705,18705,1,1,1.0
18704,18705,18705,1,1,1.0
18704,18705,18704,2,-2,2.0
18704,18705,18704,1,-1,1.0
18704,18705,18705,1,1,1.0
18704,18705,18705,1,1,1.0
18704,18706,18704,1,-1,1.0
18704,18706,18706,1,1,1.0
18704,18706,18706,1,1,1.0
18704,18706,18704,1,-1,1.0
18705,18706,18706,1,1,1.0
18705,18706,18705,2,-2,2.0
18705,18706,18704,2,-2,2.0
18704,18706,18706,1,1,1.0
18704,18706,18706,1,1,1.0
18705,18706,18705,3,-3,3.0
18705,18706,18706,1,1,1.0
18705,18706,18705,1,-1,1.0
18705,18706,18705,2,-2,2.0
18705,18706,18706,1,1,1.0
18705,18706,18705,2,-2,2.0
18705,18706,18704,2,-2,2.0
18705,18706,18705,1,-1,1.0
18705,18706,18706,1,1,1.0
18704,18706,18704,1,-1,1.0
18704,18706,18705,1,-1,1.0
18704,18706,18704,1,-1,1.0
18704,18706,18706,1,1,1.0
18704,18705,18704,2,-2,2.0
18704,18705,18705,3,3,3.0
18704,18706,18706,1,1,1.0
18704,18705,18705,1,1,1.0
18705,18706,18705,6,-6,6.0
18704,18706,18704,1,-1,1.0
18704,18706,18706,1,1,1.0
18704,18706,18704,1,-1,1.0
18704,18705,18705,1,1,1.0
18704,18705,18704,1,-1,1.0
18704,18705,18704,1,-1,1.0
18704,18705,18705,1,1,1.0
18704,18705,18704,2,-2,2.0
18704,18705,18705,1,1,1.0
18704,18705,18704,5,-5,5.0
18704,18705,18705,1,1,1.0
18704,18705,18704,1,-1,1.0
18703,18705,18704,1,-1,1.0
18703,18704,18703,1,-1,1.0
18703,18704,18703,2,-2,2.0
18703,18704,18703,4,-4,4.0
18703,18704,18703,4,-4,4.0
18702,18704,18704,1,1,1.0
18702,18704,18702,1,-1,1.0
18702,18704,18704,1,1,1.0
18702,18704,18704,1,1,1.0
18702,18704,18704,1,1,1.0
18703,18704,18704,1,1,1.0
18703,18704,18704,1,1,1.0
18703,18705,18703,1,-1,1.0
18703,18705,18705,1,1,1.0
18703,18704,18704,1,1,1.0
18703,18704,18704,1,1,1.0
18703,18704,18704,1,1,1.0
18703,18704,18703,1,-1,1.0
18703,18704,18703,2,-2,2.0
18703,18704,18703,1,-1,1.0
18703,18704,18704,1,1,1.0
18703,18704,18703,1,-1,1.0
18703,18704,18704,1,1,1.0
18703,18704,18704,4,4,4.0
18703,18705,18703,1,-1,1.0
18703,18705,18705,1,1,1.0
18704,18705,18704,1,-1,1.0
18704,18705,18703,2,-2,2.0
18703,18704,18703,1,-1,1.0
18703,18704,18704,1,1,1.0
18703,18704,18704,1,1,1.0
18703,18704,18703,1,-1,1.0
18703,18704,18704,1,1,1.0
18703,18704,18704,1,1,1.0
18703,18704,18704,1,1,1.0
18703,18705,18705,1,1,1.0
18703,18705,18703,1,-1,1.0
18703,18705,18705,1,1,1.0
18703,18705,18705,1,1,1.0
18703,18704,18703,1,-1,1.0
18703,18704,18704,1,1,1.0
18704,18705,18705,1,1,1.0
18704,18705,18704,1,-1,1.0
18704,18705,18705,1,1,1.0
18704,18705,18705,1,1,1.0
18704,18705,18705,2,2,2.0
18704,18705,18704,4,-4,4.0
18703,18704,18703,1,-1,1.0
18703,18704,18704,1,1,1.0
18703,18705,18704,1,1,-1.0
18703,18704,18704,1,1,1.0
18703,18704,18703,1,-1,1.0
18703,18704,18704,1,1,1.0
18704,18705,18704,1,-1,1.0
18704,18705,18705,1,1,1.0
18704,18705,18704,1,-1,1.0
18704,18705,18704,1,-1,1.0
18704,18705,18704,1,-1,1.0
18704,18705,18704,1,-1,1.0
18704,18705,18704,1,-1,1.0
18704,18705,18704,1,-1,1.0
18703,18704,18704,3,3,3.0
18703,18704,18704,1,1,1.0
18703,18704,18703,1,-1,1.0
18703,18704,18703,1,-1,1.0
18703,18704,18703,1,-1,1.0
18703,18704,18703,1,-1,1.0
18703,18704,18703,1,-1,1.0
18703,18704,18703,1,-1,1.0
18703,18704,18703,1,-1,1.0
18703,18704,18703,1,-1,1.0
18703,18704,18703,1,-1,1.0
18703,18704,18703,1,-1,1.0
18703,18704,18703,1,-1,1.0
18703,18704,18703,1,-1,1.0
18703,18704,18703,1,-1,1.0
18702,18704,18702,1,-1,1.0
18702,18703,18702,1,-1,1.0
18702,18703,18703,2,2,2.0
18703,18704,18703,1,-1,1.0
18702,18704,18702,1,-1,1.0
18702,18704,18702,1,-1,1.0
18702,18704,18702,1,-1,1.0
18702,18703,18702,1,-1,1.0
18702,18703,18703,1,1,1.0
18703,18704,18704,3,3,3.0
18703,18704,18704,1,1,1.0
18703,18704,18704,1,1,1.0
18704,18705,18704,1,-1,1.0
18704,18705,18704,1,-1,1.0
18704,18705,18704,1,-1,1.0
18704,18705,18704,1,-1,1.0
18704,18705,18705,1,1,1.0
18704,18705,18705,1,1,1.0
18704,18705,18705,1,1,1.0
18704,18705,18705,1,1,1.0
18704,18705,18705,4,4,4.0
18704,18705,18705,1,1,1.0
18704,18705,18705,1,1,1.0
18704,18705,18705,1,1,1.0
18704,18705,18705,1,1,1.0
18704,18705,18705,4,4,4.0
18704,18705,18705,1,1,1.0
18704,18705,18705,1,1,1.0
18705,18706,18705,1,-1,1.0
18705,18706,18705,3,-3,3.0
18704,18706,18705,3,-3,3.0
18705,18706,18705,1,-1,1.0
18705,18706,18705,2,-2,2.0
18704,18706,18704,1,-1,1.0
18704,18706,18704,1,-1,1.0
18704,18706,18704,1,-1,1.0
18704,18706,18704,1,-1,1.0
18704,18706,18704,1,-1,1.0
18704,18706,18705,2,-2,2.0
18704,18706,18705,2,-2,2.0
18705,18706,18705,2,-2,2.0
18705,18706,18705,1,-1,1.0
18705,18706,18705,1,-1,1.0
18705,18706,18705,1,-1,1.0
18704,18705,18705,1,1,1.0
18705,18706,18705,1,-1,1.0
18704,18706,18704,1,-1,1.0
18705,18706,18706,5,5,5.0
18705,18706,18706,1,1,1.0
18705,18706,18706,2,2,2.0
18705,18706,18706,1,1,1.0
18705,18707,18705,2,-2,2.0
18705,18707,18705,4,-4,4.0
18706,18707,18706,1,-1,1.0
18706,18707,18707,2,2,2.0
18706,18707,18707,1,1,1.0
18706,18707,18707,1,1,1.0
18706,18707,18706,1,-1,1.0
18706,18707,18707,1,1,1.0
18706,18707,18707,1,1,1.0
18706,18707,18707,2,2,2.0
18706,18707,18707,1,1,1.0
18706,18707,18706,1,-1,1.0
18706,18707,18706,1,-1,1.0
18706,18707,18706,2,-2,2.0
18706,18707,18706,1,-1,1.0
18706,18707,18706,1,-1,1.0
18706,18707,18706,2,-2,2.0
18705,18706,18705,1,-1,1.0
18705,18706,18705,1,-1,1.0
18705,18706,18705,1,-1,1.0
18705,18706,18705,1,-1,1.0
18705,18706,18705,1,-1,1.0
18704,18706,18705,1,-1,1.0
18704,18706,18704,1,-1,1.0
18704,18706,18704,1,-1,1.0
18704,18706,18704,1,-1,1.0
18704,18705,18704,1,-1,1.0
18704,18705,18704,1,-1,1.0
18704,18705,18704,2,-2,2.0
18704,18705,18704,1,-1,1.0
18704,18705,18704,2,-2,2.0
18704,18705,18704,1,-1,1.0
18704,18705,18704,2,-2,2.0
18704,18705,18704,3,-3,3.0
18703,18705,18703,1,-1,1.0
18703,18704,18703,1,-1,1.0
18703,18704,18703,5,-5,5.0
18703,18704,18703,1,-1,1.0
18703,18704,18703,1,-1,1.0
18703,18704,18703,1,-1,1.0
18703,18704,18703,2,-2,2.0
18702,18703,18702,1,-1,1.0
18702,18703,18702,1,-1,1.0
18702,18703,18702,1,-1,1.0
18702,18704,18702,1,-1,1.0
18702,18704,18702,1,-1,1.0
18702,18704,18704,2,2,2.0
18702,18704,18704,1,1,1.0
18703,18704,18703,1,-1,1.0
18703,18704,18703,1,-1,1.0
18703,18704,18704,1,1,1.0
18703,18704,18704,1,1,1.0
18703,18704,18703,1,-1,1.0
18703,18704,18703,1,-1,1.0
18703,18704,18703,1,-1,1.0
18702,18703,18703,1,1,1.0
18702,18703,18703,1,1,1.0
18702,18703,18702,1,-1,1.0
18702,18703,18703,1,1,1.0
18702,18703,18703,2,2,2.0
18702,18703,18703,2,2,2.0
18703,18704,18703,1,-1,1.0
18703,18704,18703,1,-1,1.0
18703,18704,18704,3,3,3.0
18704,18705,18704,1,-1,1.0
18704,18705,18704,1,-1,1.0
18704,18705,18705,3,3,3.0
18704,18705,18705,1,1,1.0
18704,18705,18705,1,1,1.0
18704,18705,18705,1,1,1.0
18704,18705,18705,1,1,1.0
18705,18706,18705,1,-1,1.0
18705,18706,18706,1,1,1.0
18705,18707,18705,1,-1,1.0
18705,18706,18705,2,-2,2.0
18705,18706,18703,1,-1,1.0
18705,18706,18703,1,-1,1.0
18705,18706,18703,1,-1,1.0
18705,18706,18703,2,-2,2.0
18705,18706,18703,2,-2,2.0
18705,18706,18703,3,-3,3.0
18705,18706,18703,2,-2,2.0
18705,18706,18703,1,-1,1.0
18705,18706,18703,2,-2,2.0
18705,18706,18703,1,-1,1.0
18703,18704,18703,1,-1,1.0
18703,18704,18704,1,1,1.0
18703,18704,18704,1,1,1.0
18703,18704,18704,1,1,1.0
18703,18704,18703,1,-1,1.0
18703,18704,18703,3,-3,3.0
18703,18704,18704,1,1,1.0
18703,18704,18704,1,1,1.0
18704,18705,18705,1,1,1.0
18704,18706,18706,1,1,1.0
18704,18706,18706,4,4,4.0
18705,18707,18707,1,1,1.0
18706,18707,18706,1,-1,1.0
18706,18707,18707,1,1,1.0
18706,18707,18707,1,1,1.0
18706,18707,18707,4,4,4.0
18706,18707,18707,1,1,1.0
18706,18707,18707,2,2,2.0
18707,18708,18707,1,-1,1.0
18706,18708,18706,1,-1,1.0
18706,18707,18706,3,-3,3.0
18706,18707,18706,1,-1,1.0
18705,18707,18707,1,1,1.0
18705,18707,18706,1,1,-1.0
18705,18707,18707,1,1,1.0
18705,18706,18705,3,-3,3.0
18704,18706,18706,1,1,1.0
18705,18706,18706,1,1,1.0
18705,18706,18705,1,-1,1.0
18705,18706,18706,1,1,1.0
18705,18706,18705,1,-1,1.0
18706,18707,18707,1,1,1.0
18706,18707,18707,1,1,1.0
18706,18707,18707,1,1,1.0
18707,18708,18707,1,-1,1.0
18707,18708,18707,1,-1,1.0
18707,18708,18707,1,-1,1.0
18706,18708,18707,1,-1,1.0
18706,18708,18706,3,-3,3.0
18707,18708,18707,1,-1,1.0
18707,18708,18707,1,-1,1.0
18707,18708,18707,2,-2,2.0
18706,18707,18707,1,1,1.0
18707,18708,18707,1,-1,1.0
18707,18708,18707,1,-1,1.0
18707,18708,18707,1,-1,1.0
18707,18708,18707,1,-1,1.0
18707,18708,18707,1,-1,1.0
18707,18708,18707,1,-1,1.0
18707,18708,18707,1,-1,1.0
18706,18707,18706,1,-1,1.0
18706,18707,18706,1,-1,1.0
18706,18707,18706,1,-1,1.0
18706,18707,18706,2,-2,2.0
18706,18707,18706,3,-3,3.0
18706,18707,18706,1,-1,1.0
18705,18707,18706,1,-1,1.0
18705,18707,18707,1,1,1.0
18706,18707,18707,1,1,1.0
18706,18707,18707,1,1,1.0
18706,18707,18707,2,2,2.0
18706,18708,18708,2,2,2.0
18707,18708,18707,1,-1,1.0
18707,18708,18707,1,-1,1.0
18707,18708,18707,1,-1,1.0
18706,18707,18707,3,3,3.0
18706,18707,18706,1,-1,1.0
18706,18707,18706,1,-1,1.0
18705,18706,18706,1,1,1.0
18705,18706,18706,1,1,1.0
18705,18706,18706,1,1,1.0
18705,18706,18705,2,-2,2.0
18705,18706,18705,1,-1,1.0
18705,18706,18705,2,-2,2.0
18704,18705,18705,1,1,1.0
18704,18705,18704,2,-2,2.0
18704,18705,18704,1,-1,1.0
18703,18705,18703,5,-5,5.0
18703,18705,18704,1,-1,1.0
18703,18705,18704,1,-1,1.0
18703,18705,18704,1,-1,1.0
18703,18705,18704,1,-1,1.0
18703,18704,18704,1,1,1.0
18703,18704,18704,1,1,1.0
18703,18704,18704,1,1,1.0
18703,18704,18703,1,-1,1.0
18703,18704,18703,3,-3,3.0
18703,18704,18703,1,-1,1.0
18703,18704,18703,1,-1,1.0
18702,18704,18702,1,-1,1.0
18702,18704,18702,1,-1,1.0
18702,18703,18702,1,-1,1.0
18702,18703,18702,1,-1,1.0
18702,18703,18702,1,-1,1.0
18702,18703,18702,29,-29,29.0
18702,18703,18701,4,-4,4.0
18701,18702,18701,2,-2,2.0
18701,18702,18701,1,-1,1.0
18701,18702,18701,1,-1,1.0
18701,18702,18701,1,-1,1.0
18700,18702,18700,1,-1,1.0
18700,18702,18700,1,-1,1.0
18700,18702,18700,1,-1,1.0
18700,18702,18700,1,-1,1.0
18700,18702,18700,1,-1,1.0
18700,18702,18700,2,-2,2.0
18700,18702,18700,1,-1,1.0
18700,18702,18700,2,-2,2.0
18700,18701,18700,2,-2,2.0
18700,18701,18700,1,-1,1.0
18700,18701,18700,2,-2,2.0
18700,18701,18700,1,-1,1.0
18700,18701,18700,5,-5,5.0
18700,18701,18700,1,-1,1.0
18700,18701,18700,1,-1,1.0
18700,18701,18700,1,-1,1.0
18700,18701,18700,1,-1,1.0
18700,18701,18700,2,-2,2.0
18700,18701,18700,1,-1,1.0
18700,18701,18700,1,-1,1.0
18700,18701,18700,1,-1,1.0
18700,18701,18700,1,-1,1.0
18700,18701,18700,1,-1,1.0
18700,18701,18700,1,-1,1.0
18700,18701,18700,1,-1,1.0
18700,18701,18700,1,-1,1.0
18700,18701,18700,24,-24,24.0
18700,18701,18699,1,-1,1.0
18699,18700,18699,2,-2,2.0
18699,18700,18699,1,-1,1.0
18699,18700,18699,2,-2,2.0
18698,18700,18698,2,-2,2.0
18698,18699,18698,2,-2,2.0
18698,18699,18698,1,-1,1.0
18698,18699,18699,2,2,2.0
18698,18699,18699,1,1,1.0
18698,18699,18698,5,-5,5.0
18698,18699,18698,1,-1,1.0
18698,18699,18698,1,-1,1.0
18698,18699,18698,1,-1,1.0
18698,18699,18698,1,-1,1.0
18698,18699,18698,1,-1,1.0
18698,18699,18698,1,-1,1.0
18698,18699,18698,1,-1,1.0
18698,18699,18698,21,-21,21.0
18697,18698,18697,18,-18,18.0
18697,18698,18697,1,-1,1.0
18697,18698,18697,2,-2,2.0
18697,18698,18697,1,-1,1.0
18697,18698,18697,2,-2,2.0
18697,18698,18697,1,-1,1.0
18697,18698,18697,3,-3,3.0
18697,18698,18697,1,-1,1.0
18696,18698,18696,1,-1,1.0
18696,18698,18696,3,-3,3.0
18695,18697,18695,1,-1,1.0
18695,18697,18695,2,-2,2.0
18695,18697,18695,2,-2,2.0
18695,18697,18695,2,-2,2.0
18695,18697,18695,2,-2,2.0
18695,18697,18695,5,-5,5.0
18695,18696,18695,1,-1,1.0
18695,18696,18695,1,-1,1.0
18695,18696,18695,1,-1,1.0
18695,18696,18695,1,-1,1.0
18695,18696,18695,1,-1,1.0
18695,18696,18695,1,-1,1.0
18695,18696,18695,1,-1,1.0
18695,18696,18695,1,-1,1.0
18695,18696,18695,1,-1,1.0
18695,18696,18695,1,-1,1.0
18695,18696,18695,1,-1,1.0
18694,18695,18694,1,-1,1.0
18694,18695,18694,1,-1,1.0
18694,18695,18694,1,-1,1.0
18694,18695,18694,1,-1,1.0
18694,18695,18694,1,-1,1.0
18694,18695,18694,2,-2,2.0
18694,18695,18694,1,-1,1.0
18694,18695,18694,15,-15,15.0
18694,18695,18693,11,-11,11.0
18694,18695,18692,4,-4,4.0
18692,18694,18692,1,-1,1.0
18692,18694,18692,1,-1,1.0
18692,18694,18692,1,-1,1.0
18692,18694,18694,1,1,1.0
18692,18694,18692,4,-4,4.0
18692,18694,18691,1,-1,1.0
18692,18694,18692,1,-1,1.0
18692,18694,18692,1,-1,1.0
18692,18694,18692,1,-1,1.0
18692,18694,18694,1,1,1.0
18693,18694,18694,1,1,1.0
18693,18694,18694,3,3,3.0
18694,18695,18694,1,-1,1.0
18694,18695,18695,1,1,1.0
18695,18696,18695,2,-2,2.0
18694,18696,18694,2,-2,2.0
18694,18696,18694,3,-3,3.0
18693,18694,18693,1,-1,1.0
18693,18694,18693,1,-1,1.0
18691,18693,18693,1,1,1.0
18693,18694,18694,2,2,2.0
18693,18695,18693,1,-1,1.0
18693,18695,18693,2,-2,2.0
18693,18695,18693,1,-1,1.0
18693,18695,18693,1,-1,1.0
18693,18695,18693,2,-2,2.0
18693,18694,18694,1,1,1.0
18693,18694,18694,1,1,1.0
18693,18694,18693,1,-1,1.0
18693,18694,18693,1,-1,1.0
18693,18694,18693,7,-7,7.0
18693,18694,18693,1,-1,1.0
18691,18693,18693,2,2,2.0
18691,18693,18691,1,-1,1.0
18691,18692,18692,2,2,2.0
18691,18692,18691,2,-2,2.0
18691,18692,18691,2,-2,2.0
18691,18692,18691,1,-1,1.0
18691,18692,18691,2,-2,2.0
18691,18692,18692,1,1,1.0
18691,18692,18691,1,-1,1.0
18691,18692,18691,2,-2,2.0
18691,18692,18691,5,-5,5.0
18691,18692,18691,1,-1,1.0
18691,18692,18691,1,-1,1.0
18691,18692,18691,1,-1,1.0
18691,18692,18691,2,-2,2.0
18690,18692,18692,1,1,1.0
18690,18692,18692,1,1,1.0
18690,18692,18692,1,1,1.0
18692,18693,18692,1,-1,1.0
18692,18693,18692,2,-2,2.0
18692,18693,18692,1,-1,1.0
18692,18693,18691,3,-3,3.0
18691,18692,18692,1,1,1.0
18691,18692,18692,1,1,1.0
18691,18693,18691,1,-1,1.0
18691,18693,18693,1,1,1.0
18691,18692,18692,1,1,1.0
18692,18693,18692,2,-2,2.0
18691,18692,18692,1,1,1.0
18691,18692,18692,2,2,2.0
18691,18692,18692,1,1,1.0
18691,18692,18692,1,1,1.0
18691,18692,18692,1,1,1.0
18691,18692,18692,1,1,1.0
18691,18692,18692,1,1,1.0
18691,18692,18692,1,1,1.0
18691,18692,18691,5,-5,5.0
18690,18692,18692,1,1,1.0
18690,18692,18690,4,-4,4.0
18690,18692,18690,5,-5,5.0
18690,18692,18690,5,-5,5.0
18690,18691,18690,1,-1,1.0
18690,18691,18691,1,1,1.0
18690,18691,18690,3,-3,3.0
18690,18691,18690,2,-2,2.0
18690,18691,18690,3,-3,3.0
18690,18691,18690,4,-4,4.0
18690,18691,18691,1,1,1.0
18690,18691,18691,1,1,1.0
18691,18692,18691,1,-1,1.0
18690,18692,18690,2,-2,2.0
18690,18691,18690,1,-1,1.0
18690,18691,18690,1,-1,1.0
18690,18691,18690,1,-1,1.0
18690,18691,18690,1,-1,1.0
18690,18691,18690,2,-2,2.0
18690,18691,18691,1,1,1.0
18690,18691,18691,3,3,3.0
18691,18692,18691,1,-1,1.0
18691,18692,18691,1,-1,1.0
18691,18692,18691,2,-2,2.0
18691,18692,18690,1,-1,1.0
18691,18692,18690,1,-1,1.0
18691,18692,18690,1,-1,1.0
18691,18692,18690,1,-1,1.0
18691,18692,18690,1,-1,1.0
18691,18692,18690,1,-1,1.0
18691,18692,18690,1,-1,1.0
18691,18692,18690,1,-1,1.0
18691,18692,18690,1,-1,1.0
18691,18692,18690,2,-2,2.0
18691,18692,18690,1,-1,1.0
18691,18692,18690,2,-2,2.0
18691,18692,18690,1,-1,1.0
18691,18692,18690,1,-1,1.0
18691,18692,18690,4,-4,4.0
18691,18692,18690,1,-1,1.0
18691,18692,18690,1,-1,1.0
18691,18692,18690,1,-1,1.0
18691,18692,18690,1,-1,1.0
18691,18692,18689,1,-1,1.0
18691,18692,18689,1,-1,1.0
18691,18692,18689,1,-1,1.0
18691,18692,18689,1,-1,1.0
18691,18692,18689,2,-2,2.0
18691,18692,18689,5,-5,5.0
18691,18692,18689,1,-1,1.0
18688,18689,18689,1,1,1.0
18688,18689,18688,5,-5,5.0
18688,18690,18688,5,-5,5.0
18688,18690,18690,5,5,5.0
18689,18691,18689,1,-1,1.0
18689,18690,18689,5,-5,5.0
18688,18690,18689,3,-3,3.0
18688,18690,18690,2,2,2.0
18688,18690,18688,1,-1,1.0
18689,18690,18690,1,1,1.0
18689,18690,18690,2,2,2.0
18689,18690,18690,1,1,1.0
18689,18690,18690,1,1,1.0
18690,18691,18690,1,-1,1.0
18689,18691,18689,4,-4,4.0
18689,18691,18688,4,-4,4.0
18689,18690,18690,4,4,4.0
18690,18691,18691,5,5,5.0
18691,18692,18691,1,-1,1.0
18691,18692,18691,1,-1,1.0
18691,18692,18691,2,-2,2.0
18691,18692,18692,5,5,5.0
18692,18693,18692,1,-1,1.0
18692,18693,18693,1,1,1.0
18692,18693,18693,1,1,1.0
18692,18693,18693,1,1,1.0
18692,18693,18693,1,1,1.0
18692,18693,18693,1,1,1.0
18693,18694,18693,1,-1,1.0
18693,18694,18693,1,-1,1.0
18693,18694,18694,1,1,1.0
18693,18694,18694,1,1,1.0
18693,18694,18693,1,-1,1.0
18693,18694,18694,1,1,1.0
18693,18694,18693,1,-1,1.0
18693,18694,18693,1,-1,1.0
18693,18694,18693,1,-1,1.0
18693,18694,18694,1,1,1.0
18693,18694,18694,1,1,1.0
18693,18694,18694,1,1,1.0
18694,18695,18695,1,1,1.0
18694,18695,18695,1,1,1.0
18694,18695,18695,1,1,1.0
18694,18695,18695,3,3,3.0
18695,18696,18696,1,1,1.0
18695,18696,18696,1,1,1.0
18695,18696,18696,3,3,3.0
18695,18696,18696,1,1,1.0
18695,18696,18696,1,1,1.0
18695,18696,18696,1,1,1.0
18695,18696,18696,1,1,1.0
18695,18696,18696,1,1,1.0
18695,18696,18696,1,1,1.0
18695,18696,18696,1,1,1.0
18696,18697,18696,1,-1,1.0
18696,18697,18696,2,-2,2.0
18696,18697,18695,1,-1,1.0
18696,18697,18696,1,-1,1.0
18695,18696,18695,1,-1,1.0
18695,18696,18695,1,-1,1.0
18695,18696,18696,1,1,1.0
18695,18697,18696,1,1,-1.0
18696,18697,18696,1,-1,1.0
18694,18696,18696,1,1,1.0
18696,18697,18696,1,-1,1.0
18696,18697,18696,4,-4,4.0
18696,18697,18697,1,1,1.0
18695,18697,18697,2,2,2.0
18695,18697,18697,1,1,1.0
18695,18696,18696,1,1,1.0
18696,18697,18696,1,-1,1.0
18696,18697,18696,1,-1,1.0
18695,18696,18695,1,-1,1.0
18695,18696,18695,1,-1,1.0
18695,18696,18695,1,-1,1.0
18695,18696,18695,1,-1,1.0
18695,18696,18695,1,-1,1.0
18694,18696,18695,3,-3,3.0
18694,18696,18695,2,-2,2.0
18694,18696,18695,2,-2,2.0
18694,18696,18694,2,-2,2.0
18694,18696,18695,1,-1,1.0
18694,18696,18694,1,-1,1.0
18694,18696,18694,3,-3,3.0
18694,18695,18694,2,-2,2.0
18694,18695,18694,1,-1,1.0
18693,18694,18694,1,1,1.0
18693,18694,18693,1,-1,1.0
18692,18694,18694,1,1,1.0
18692,18694,18692,1,-1,1.0
18691,18693,18693,1,1,1.0
18691,18694,18692,1,-1,1.0
18691,18694,18692,1,-1,1.0
18691,18692,18692,1,1,1.0
18691,18692,18691,1,-1,1.0
18691,18692,18691,1,-1,1.0
18692,18693,18692,1,-1,1.0
18692,18693,18692,1,-1,1.0
18692,18693,18692,2,-2,2.0
18692,18693,18692,1,-1,1.0
18692,18693,18692,1,-1,1.0
18692,18693,18693,5,5,5.0
18692,18693,18692,1,-1,1.0
18692,18693,18693,1,1,1.0
18692,18693,18693,3,3,3.0
18692,18693,18693,1,1,1.0
18692,18693,18692,2,-2,2.0
18692,18693,18692,1,-1,1.0
18692,18693,18692,1,-1,1.0
18692,18693,18692,1,-1,1.0
18692,18693,18692,1,-1,1.0
18692,18693,18692,1,-1,1.0
18692,18693,18692,1,-1,1.0
18692,18693,18692,1,-1,1.0
18692,18693,18692,1,-1,1.0
18691,18692,18692,1,1,1.0
18691,18693,18692,1,1,-1.0
18691,18693,18691,2,-2,2.0
18691,18693,18691,1,-1,1.0
18691,18693,18691,1,-1,1.0
18691,18693,18691,5,-5,5.0
18691,18693,18691,1,-1,1.0
18691,18693,18691,1,-1,1.0
18691,18693,18692,1,-1,1.0
18690,18692,18692,4,4,4.0
18690,18692,18692,2,2,2.0
18690,18692,18691,1,1,-1.0
18690,18692,18691,3,3,-3.0
18690,18692,18691,1,1,-1.0
18690,18692,18691,1,1,-1.0
18690,18692,18691,1,1,-1.0
18691,18692,18691,1,-1,1.0
18691,18692,18692,1,1,1.0
18691,18692,18692,1,1,1.0
18692,18693,18693,1,1,1.0
18692,18693,18693,3,3,3.0
18692,18693,18693,1,1,1.0
18692,18693,18693,1,1,1.0
18692,18693,18693,1,1,1.0
18692,18694,18692,5,-5,5.0
18692,18694,18692,5,-5,5.0
18692,18694,18692,2,-2,2.0
18692,18694,18694,1,1,1.0
18692,18694,18692,1,-1,1.0
18692,18694,18692,1,-1,1.0
18692,18693,18692,1,-1,1.0
18692,18693,18692,1,-1,1.0
18691,18693,18691,4,-4,4.0
18690,18692,18690,1,-1,1.0
18690,18692,18692,3,3,3.0
18690,18692,18692,1,1,1.0
18691,18692,18691,1,-1,1.0
18690,18691,18691,6,6,6.0
18690,18691,18692,2,2,-2.0
18691,18692,18691,1,-1,1.0
18691,18692,18691,1,-1,1.0
18691,18692,18691,1,-1,1.0
18691,18692,18692,1,1,1.0
18691,18692,18691,1,-1,1.0
18691,18692,18691,3,-3,3.0
18691,18692,18691,1,-1,1.0
18691,18692,18692,1,1,1.0
18691,18692,18691,5,-5,5.0
18691,18692,18690,8,-8,8.0
18690,18691,18691,1,1,1.0
18691,18692,18692,1,1,1.0
18691,18692,18692,3,3,3.0
18691,18693,18692,1,1,-1.0
18691,18692,18691,4,-4,4.0
18690,18692,18690,5,-5,5.0
18690,18692,18690,3,-3,3.0
18689,18691,18690,1,-1,1.0
18689,18691,18690,1,-1,1.0
18690,18691,18690,2,-2,2.0
18690,18691,18689,1,-1,1.0
18690,18691,18689,7,-7,7.0
18689,18690,18690,1,1,1.0
18689,18690,18690,1,1,1.0
18690,18691,18690,1,-1,1.0
18690,18691,18690,1,-1,1.0
18690,18691,18690,1,-1,1.0
18689,18690,18690,1,1,1.0
18689,18690,18690,1,1,1.0
18689,18690,18690,1,1,1.0
18689,18690,18690,1,1,1.0
18689,18690,18690,1,1,1.0
18689,18690,18690,1,1,1.0
18689,18690,18690,1,1,1.0
18689,18691,18691,1,1,1.0
18689,18690,18690,1,1,1.0
18689,18690,18690,1,1,1.0
18690,18691,18690,1,-1,1.0
18690,18691,18691,3,3,3.0
18691,18692,18692,2,2,2.0
18691,18692,18691,1,-1,1.0
18691,18692,18692,3,3,3.0
18692,18693,18692,1,-1,1.0
18692,18693,18692,1,-1,1.0
18692,18693,18692,1,-1,1.0
18692,18693,18692,3,-3,3.0
18691,18693,18691,1,-1,1.0
18691,18692,18692,1,1,1.0
18692,18693,18692,1,-1,1.0
18691,18692,18692,2,2,2.0
18691,18693,18691,1,-1,1.0
18692,18693,18692,1,-1,1.0
18692,18693,18692,1,-1,1.0
18692,18693,18692,1,-1,1.0
18691,18692,18692,1,1,1.0
18692,18693,18692,1,-1,1.0
18692,18693,18692,1,-1,1.0
18692,18693,18692,1,-1,1.0
18691,18693,18691,1,-1,1.0
18691,18693,18691,1,-1,1.0
18691,18693,18691,1,-1,1.0
18691,18692,18691,1,-1,1.0
18691,18692,18691,1,-1,1.0
18691,18692,18691,1,-1,1.0
18691,18692,18691,1,-1,1.0
18691,18692,18691,1,-1,1.0
18690,18692,18690,1,-1,1.0
18691,18692,18691,1,-1,1.0
18691,18692,18691,1,-1,1.0
18691,18692,18691,1,-1,1.0
18691,18692,18691,2,-2,2.0
18690,18691,18691,1,1,1.0
18691,18692,18692,1,1,1.0
18691,18693,18691,1,-1,1.0
18691,18693,18691,1,-1,1.0
18691,18693,18693,1,1,1.0
18691,18693,18693,1,1,1.0
18691,18693,18693,1,1,1.0
18691,18692,18692,11,11,11.0
18691,18693,18692,1,1,-1.0
18692,18693,18692,1,-1,1.0
18692,18693,18692,1,-1,1.0
18692,18693,18692,1,-1,1.0
18692,18693,18692,1,-1,1.0
18692,18693,18692,1,-1,1.0
18692,18693,18692,1,-1,1.0
18692,18693,18692,1,-1,1.0
18692,18693,18693,1,1,1.0
18692,18693,18692,3,-3,3.0
18691,18692,18692,1,1,1.0
18691,18692,18692,1,1,1.0
18692,18693,18692,1,-1,1.0
18692,18693,18693,2,2,2.0
18692,18693,18693,1,1,1.0
18692,18693,18693,2,2,2.0
18692,18693,18694,2,2,-2.0
18693,18694,18694,1,1,1.0
18694,18695,18695,2,2,2.0
18694,18695,18695,2,2,2.0
18694,18695,18695,1,1,1.0
18694,18695,18695,1,1,1.0
18694,18695,18695,1,1,1.0
18694,18695,18695,1,1,1.0
18694,18695,18695,2,2,2.0
18694,18695,18695,1,1,1.0
18694,18695,18695,1,1,1.0
18694,18695,18695,1,1,1.0
18694,18695,18695,1,1,1.0
18694,18695,18695,10,10,10.0
18695,18696,18695,1,-1,1.0
18695,18696,18696,1,1,1.0
18695,18696,18696,2,2,2.0
18695,18696,18696,1,1,1.0
18695,18696,18696,1,1,1.0
18695,18696,18696,1,1,1.0
18695,18696,18696,1,1,1.0
18695,18696,18696,2,2,2.0
18696,18697,18697,1,1,1.0
18696,18697,18697,2,2,2.0
18696,18697,18697,1,1,1.0
18696,18697,18697,1,1,1.0
18696,18697,18697,1,1,1.0
18697,18698,18697,1,-1,1.0
18696,18698,18697,2,-2,2.0
18697,18698,18698,4,4,4.0
18697,18698,18698,2,2,2.0
18697,18698,18698,2,2,2.0
18697,18698,18697,1,-1,1.0
18697,18698,18698,1,1,1.0
18697,18698,18698,1,1,1.0
18697,18698,18698,1,1,1.0
18698,18699,18699,2,2,2.0
18698,18699,18699,1,1,1.0
18698,18699,18699,1,1,1.0
18698,18699,18699,1,1,1.0
18698,18699,18699,1,1,1.0
18698,18699,18699,1,1,1.0
18698,18699,18699,1,1,1.0
18698,18699,18698,1,-1,1.0
18699,18700,18699,1,-1,1.0
18699,18700,18700,6,6,6.0
18699,18700,18699,1,-1,1.0
18699,18700,18699,5,-5,5.0
18699,18700,18700,4,4,4.0
18700,18701,18700,1,-1,1.0
18700,18701,18701,2,2,2.0
18700,18701,18700,1,-1,1.0
18700,18701,18701,1,1,1.0
18700,18701,18701,1,1,1.0
18700,18701,18701,2,2,2.0
18700,18702,18702,1,1,1.0
18700,18702,18702,3,3,3.0
18700,18702,18703,14,14,-14.0
18701,18703,18703,1,1,1.0
18701,18703,18701,1,-1,1.0
18701,18703,18703,1,1,1.0
18701,18703,18703,2,2,2.0
18701,18703,18701,1,-1,1.0
18702,18703,18702,4,-4,4.0
18701,18703,18703,1,1,1.0
18701,18703,18703,2,2,2.0
18703,18704,18704,1,1,1.0
18703,18704,18704,1,1,1.0
18703,18704,18703,3,-3,3.0
18702,18703,18703,1,1,1.0
18702,18704,18704,1,1,1.0
18702,18703,18703,1,1,1.0
18703,18704,18704,8,8,8.0
18703,18704,18705,8,8,-8.0
18704,18706,18705,1,1,-1.0
18704,18706,18706,1,1,1.0
18704,18706,18706,3,3,3.0
18704,18706,18704,1,-1,1.0
18704,18705,18704,1,-1,1.0
18704,18705,18705,7,7,7.0
18704,18705,18705,4,4,4.0
18704,18705,18705,4,4,4.0
18704,18705,18705,1,1,1.0
18704,18705,18705,3,3,3.0
18705,18706,18706,2,2,2.0
18705,18706,18705,5,-5,5.0
18705,18706,18705,1,-1,1.0
18705,18706,18705,1,-1,1.0
18705,18706,18706,1,1,1.0
18705,18706,18706,1,1,1.0
18705,18706,18705,1,-1,1.0
18705,18706,18705,1,-1,1.0
18705,18706,18705,3,-3,3.0
18705,18706,18705,1,-1,1.0
18704,18705,18705,1,1,1.0
18704,18705,18704,10,-10,10.0
18703,18704,18703,1,-1,1.0
18703,18704,18703,1,-1,1.0
18703,18704,18703,1,-1,1.0
18703,18704,18703,3,-3,3.0
18702,18704,18704,2,2,2.0
18702,18704,18704,1,1,1.0
18703,18704,18704,1,1,1.0
18703,18704,18703,1,-1,1.0
18703,18704,18703,1,-1,1.0
18703,18704,18703,1,-1,1.0
18702,18704,18702,1,-1,1.0
18702,18703,18702,1,-1,1.0
18702,18703,18702,3,-3,3.0
18702,18703,18702,2,-2,2.0
18702,18703,18702,1,-1,1.0
18702,18703,18702,1,-1,1.0
18702,18703,18702,2,-2,2.0
18702,18703,18702,1,-1,1.0
18702,18703,18702,1,-1,1.0
18702,18703,18702,1,-1,1.0
18702,18703,18701,1,-1,1.0
18701,18702,18701,1,-1,1.0
18701,18702,18701,1,-1,1.0
18700,18701,18701,1,1,1.0
18700,18701,18700,2,-2,2.0
18700,18701,18700,1,-1,1.0
18700,18701,18700,1,-1,1.0
18699,18700,18700,1,1,1.0
18700,18701,18700,1,-1,1.0
18699,18700,18699,1,-1,1.0
18699,18700,18699,1,-1,1.0
18699,18700,18699,1,-1,1.0
18699,18700,18699,1,-1,1.0
18699,18700,18699,1,-1,1.0
18698,18699,18699,3,3,3.0
18698,18699,18700,2,2,-2.0
18699,18700,18699,1,-1,1.0
18698,18699,18698,1,-1,1.0
18698,18699,18698,1,-1,1.0
18698,18699,18698,1,-1,1.0
18698,18699,18699,1,1,1.0
18699,18700,18700,4,4,4.0
18699,18700,18700,1,1,1.0
18699,18700,18700,1,1,1.0
18699,18700,18700,7,7,7.0
18700,18701,18700,1,-1,1.0
18700,18702,18700,1,-1,1.0
18700,18702,18700,1,-1,1.0
18700,18701,18701,1,1,1.0
18701,18702,18701,1,-1,1.0
18701,18702,18701,3,-3,3.0
18701,18702,18701,1,-1,1.0
18701,18702,18700,2,-2,2.0
18701,18702,18700,1,-1,1.0
18701,18702,18700,2,-2,2.0
18701,18702,18700,1,-1,1.0
18699,18700,18700,1,1,1.0
18700,18701,18700,1,-1,1.0
18699,18701,18699,1,-1,1.0
18699,18700,18699,1,-1,1.0
18699,18700,18699,1,-1,1.0
18698,18699,18699,1,1,1.0
18699,18700,18699,1,-1,1.0
18698,18699,18699,1,1,1.0
18699,18700,18700,3,3,3.0
18701,18702,18701,2,-2,2.0
18701,18702,18701,3,-3,3.0
18701,18702,18702,2,2,2.0
18701,18702,18702,4,4,4.0
18701,18702,18702,1,1,1.0
18701,18702,18702,2,2,2.0
18701,18702,18702,2,2,2.0
18702,18703,18703,1,1,1.0
18702,18703,18703,2,2,2.0
18703,18704,18703,1,-1,1.0
18703,18704,18703,1,-1,1.0
18702,18704,18704,1,1,1.0
18703,18704,18703,1,-1,1.0
18703,18704,18704,1,1,1.0
18703,18704,18704,2,2,2.0
18703,18704,18704,1,1,1.0
18704,18705,18704,1,-1,1.0
18703,18704,18704,2,2,2.0
18703,18704,18704,1,1,1.0
18703,18704,18703,1,-1,1.0
18701,18703,18703,1,1,1.0
18701,18703,18703,2,2,2.0
18702,18704,18702,1,-1,1.0
18702,18704,18702,1,-1,1.0
18702,18703,18702,1,-1,1.0
18702,18703,18703,3,3,3.0
18703,18704,18704,1,1,1.0
18703,18704,18704,1,1,1.0
18703,18704,18704,1,1,1.0
18703,18704,18704,1,1,1.0
18703,18704,18703,1,-1,1.0
18703,18704,18703,1,-1,1.0
18703,18704,18704,2,2,2.0
18703,18704,18703,1,-1,1.0
18703,18704,18704,1,1,1.0
18703,18704,18704,1,1,1.0
18704,18705,18705,11,11,11.0
18705,18706,18705,1,-1,1.0
18705,18706,18706,1,1,1.0
18705,18706,18706,1,1,1.0
18705,18706,18706,3,3,3.0
18705,18706,18706,1,1,1.0
18705,18706,18706,1,1,1.0
18705,18706,18706,1,1,1.0
18705,18706,18706,1,1,1.0
18706,18707,18706,1,-1,1.0
18706,18707,18706,2,-2,2.0
18706,18707,18707,2,2,2.0
18706,18707,18707,1,1,1.0
18706,18707,18707,1,1,1.0
18706,18707,18707,1,1,1.0
18706,18707,18707,1,1,1.0
18706,18707,18707,1,1,1.0
18706,18707,18707,1,1,1.0
18706,18707,18707,1,1,1.0
18706,18707,18706,3,-3,3.0
18705,18706,18706,1,1,1.0
18705,18707,18705,1,-1,1.0
18705,18707,18705,2,-2,2.0
18705,18707,18705,1,-1,1.0
18704,18706,18706,1,1,1.0
18705,18707,18705,1,-1,1.0
18706,18708,18706,2,-2,2.0
18705,18707,18707,1,1,1.0
18705,18707,18705,1,-1,1.0
18705,18706,18706,1,1,1.0
18706,18707,18707,4,4,4.0
18707,18708,18707,1,-1,1.0
18707,18708,18707,1,-1,1.0
18707,18708,18707,1,-1,1.0
18707,18708,18707,1,-1,1.0
18707,18708,18707,1,-1,1.0
18707,18708,18708,1,1,1.0
18707,18708,18708,1,1,1.0
18707,18708,18708,1,1,1.0
18707,18708,18708,1,1,1.0
18707,18708,18708,1,1,1.0
18707,18708,18708,2,2,2.0
18707,18708,18708,1,1,1.0
18707,18708,18708,1,1,1.0
18707,18708,18709,1,1,-1.0
18708,18709,18709,1,1,1.0
18708,18709,18709,1,1,1.0
18708,18709,18709,2,2,2.0
18708,18709,18709,3,3,3.0
18708,18709,18709,1,1,1.0
18708,18709,18709,1,1,1.0
18708,18709,18708,2,-2,2.0
18708,18709,18708,1,-1,1.0
18708,18709,18709,1,1,1.0
18708,18709,18709,1,1,1.0
18708,18709,18709,1,1,1.0
18708,18709,18709,1,1,1.0
18708,18709,18709,1,1,1.0
18708,18709,18709,1,1,1.0
18708,18709,18709,1,1,1.0
18708,18709,18709,1,1,1.0
18708,18709,18709,2,2,2.0
18708,18709,18709,2,2,2.0
18708,18709,18709,2,2,2.0
18708,18709,18709,1,1,1.0
18709,18710,18710,2,2,2.0
18709,18710,18710,5,5,5.0
18709,18710,18710,1,1,1.0
18709,18710,18710,1,1,1.0
18709,18711,18711,1,1,1.0
18709,18710,18709,1,-1,1.0
18709,18710,18709,4,-4,4.0
18709,18710,18709,2,-2,2.0
18708,18709,18708,1,-1,1.0
18708,18709,18709,1,1,1.0
18708,18709,18709,3,3,3.0
18708,18709,18709,1,1,1.0
18709,18710,18709,1,-1,1.0
18709,18710,18709,1,-1,1.0
18708,18709,18708,1,-1,1.0
18707,18708,18708,2,2,2.0
18708,18709,18708,1,-1,1.0
18707,18708,18708,2,2,2.0
18708,18709,18708,6,-6,6.0
18708,18709,18708,1,-1,1.0
18707,18709,18709,1,1,1.0
18708,18709,18709,1,1,1.0
18709,18711,18711,1,1,1.0
18710,18711,18711,1,1,1.0
18710,18711,18710,1,-1,1.0
18710,18711,18711,2,2,2.0
18710,18711,18711,1,1,1.0
18710,18711,18711,1,1,1.0
18710,18711,18711,2,2,2.0
18710,18711,18711,2,2,2.0
18710,18711,18711,1,1,1.0
18710,18711,18711,6,6,6.0
18711,18712,18711,1,-1,1.0
18711,18712,18711,1,-1,1.0
18711,18712,18711,1,-1,1.0
18711,18712,18711,3,-3,3.0
18710,18712,18710,1,-1,1.0
18710,18712,18712,2,2,2.0
18710,18711,18711,6,6,6.0
18710,18711,18711,1,1,1.0
18710,18711,18711,1,1,1.0
18710,18711,18711,3,3,3.0
18711,18712,18711,4,-4,4.0
18711,18712,18711,1,-1,1.0
18711,18712,18711,1,-1,1.0
18711,18712,18712,1,1,1.0
18710,18712,18711,1,1,-1.0
18711,18712,18711,1,-1,1.0
18711,18712,18711,1,-1,1.0
18711,18712,18712,2,2,2.0
18711,18712,18711,1,-1,1.0
18711,18712,18712,1,1,1.0
18711,18712,18712,1,1,1.0
18711,18712,18712,1,1,1.0
18711,18712,18712,1,1,1.0
18711,18712,18712,1,1,1.0
18711,18712,18712,2,2,2.0
18711,18712,18712,1,1,1.0
18711,18712,18712,1,1,1.0
18711,18712,18712,1,1,1.0
18712,18713,18712,2,-2,2.0
18711,18712,18712,1,1,1.0
18711,18712,18711,1,-1,1.0
18711,18712,18711,2,-2,2.0
18711,18712,18711,1,-1,1.0
18710,18711,18711,6,6,6.0
18710,18711,18712,6,6,-6.0
18710,18711,18711,1,1,1.0
18710,18711,18710,1,-1,1.0
18710,18711,18711,1,1,1.0
18711,18712,18711,2,-2,2.0
18712,18713,18712,1,-1,1.0
18712,18713,18711,3,-3,3.0
18711,18713,18711,1,-1,1.0
18711,18712,18712,1,1,1.0
18711,18712,18712,1,1,1.0
18711,18712,18712,4,4,4.0
18712,18713,18712,2,-2,2.0
18712,18713,18712,2,-2,2.0
18712,18713,18712,3,-3,3.0
18711,18713,18711,4,-4,4.0
18711,18713,18710,6,-6,6.0
18710,18712,18712,2,2,2.0
18711,18712,18712,1,1,1.0
18711,18712,18711,5,-5,5.0
18711,18712,18710,6,-6,6.0
18710,18712,18712,2,2,2.0
18710,18712,18712,1,1,1.0
18710,18711,18710,1,-1,1.0
18710,18711,18710,1,-1,1.0
18710,18711,18710,8,-8,8.0
18709,18710,18710,1,1,1.0
18709,18710,18711,1,1,-1.0
18709,18710,18711,1,1,-1.0
18709,18710,18711,1,1,-1.0
18709,18710,18710,1,1,1.0
18709,18710,18709,1,-1,1.0
18709,18710,18709,3,-3,3.0
18709,18710,18709,1,-1,1.0
18709,18710,18709,2,-2,2.0
18709,18710,18709,1,-1,1.0
18709,18710,18709,1,-1,1.0
18709,18710,18709,5,-5,5.0
18709,18710,18709,2,-2,2.0
18709,18710,18709,2,-2,2.0
18709,18710,18709,1,-1,1.0
18709,18710,18709,7,-7,7.0
18708,18709,18709,1,1,1.0
18708,18709,18708,1,-1,1.0
18708,18709,18708,3,-3,3.0
18708,18709,18708,1,-1,1.0
18708,18709,18709,1,1,1.0
18708,18709,18709,1,1,1.0
18708,18709,18708,1,-1,1.0
18708,18709,18708,2,-2,2.0
18707,18709,18709,1,1,1.0
18707,18709,18709,1,1,1.0
18707,18708,18708,3,3,3.0
18707,18708,18708,1,1,1.0
18707,18709,18707,1,-1,1.0
18707,18709,18707,1,-1,1.0
18707,18708,18707,1,-1,1.0
18707,18708,18707,1,-1,1.0
18707,18708,18707,1,-1,1.0
18706,18707,18707,1,1,1.0
18706,18707,18707,1,1,1.0
18707,18708,18707,1,-1,1.0
18707,18708,18707,3,-3,3.0
18707,18708,18707,1,-1,1.0
18707,18708,18707,1,-1,1.0
18707,18708,18706,1,-1,1.0
18706,18708,18706,1,-1,1.0
18707,18708,18707,1,-1,1.0
18707,18708,18706,3,-3,3.0
18707,18708,18708,3,3,3.0
18708,18709,18708,2,-2,2.0
18707,18708,18708,1,1,1.0
18707,18708,18708,2,2,2.0
18708,18709,18708,2,-2,2.0
18707,18709,18707,1,-1,1.0
18707,18709,18709,6,6,6.0
18707,18709,18707,2,-2,2.0
18708,18709,18708,1,-1,1.0
18708,18709,18709,1,1,1.0
18708,18709,18709,2,2,2.0
18708,18709,18709,1,1,1.0
18708,18709,18709,1,1,1.0
18708,18709,18709,1,1,1.0
18708,18709,18709,1,1,1.0
18708,18709,18709,5,5,5.0
18710,18711,18711,1,1,1.0
18710,18711,18711,1,1,1.0
18710,18711,18711,1,1,1.0
18711,18712,18711,1,-1,1.0
18710,18712,18710,1,-1,1.0
18711,18712,18711,1,-1,1.0
18710,18711,18711,5,5,5.0
18710,18711,18712,25,25,-25.0
18710,18711,18710,1,-1,1.0
18710,18711,18711,1,1,1.0
18710,18711,18711,1,1,1.0
18710,18711,18710,1,-1,1.0
18710,18712,18710,1,-1,1.0
18711,18712,18711,1,-1,1.0
18710,18712,18710,1,-1,1.0
18710,18712,18712,24,24,24.0
18710,18712,18713,6,6,-6.0
18712,18713,18713,1,1,1.0
18712,18713,18712,4,-4,4.0
18712,18713,18711,1,-1,1.0
18711,18713,18713,2,2,2.0
18712,18713,18712,1,-1,1.0
18712,18713,18712,1,-1,1.0
18712,18713,18712,1,-1,1.0
18711,18713,18711,1,-1,1.0
18711,18713,18713,2,2,2.0
18711,18713,18713,2,2,2.0
18712,18713,18712,1,-1,1.0
18712,18713,18712,1,-1,1.0
18712,18713,18713,1,1,1.0
18712,18713,18713,1,1,1.0
18712,18713,18713,3,3,3.0
18712,18713,18713,3,3,3.0
18712,18713,18713,1,1,1.0
18712,18713,18713,1,1,1.0
18712,18713,18713,1,1,1.0
18712,18713,18713,1,1,1.0
18712,18713,18713,2,2,2.0
18712,18713,18714,1,1,-1.0
18712,18714,18714,4,4,4.0
18713,18714,18713,1,-1,1.0
18712,18714,18712,1,-1,1.0
18712,18713,18712,1,-1,1.0
18712,18713,18713,1,1,1.0
18712,18713,18712,1,-1,1.0
18711,18713,18711,1,-1,1.0
18711,18713,18711,1,-1,1.0
18711,18713,18711,1,-1,1.0
18712,18713,18712,1,-1,1.0
18712,18713,18712,2,-2,2.0
18712,18713,18713,1,1,1.0
18712,18713,18712,1,-1,1.0
18711,18712,18711,2,-2,2.0
18711,18712,18711,1,-1,1.0
18711,18712,18711,1,-1,1.0
18711,18712,18712,1,1,1.0
18711,18712,18711,1,-1,1.0
18711,18712,18711,1,-1,1.0
18711,18712,18711,1,-1,1.0
18711,18712,18711,1,-1,1.0
18711,18712,18711,1,-1,1.0
18711,18712,18711,1,-1,1.0
18711,18712,18711,22,-22,22.0
18711,18712,18712,3,3,3.0
18711,18712,18712,1,1,1.0
18711,18712,18712,1,1,1.0
18712,18713,18712,2,-2,2.0
18712,18713,18712,1,-1,1.0
18712,18713,18712,1,-1,1.0
18711,18712,18712,1,1,1.0
18711,18712,18711,6,-6,6.0
18711,18712,18710,24,-24,24.0
18709,18710,18710,1,1,1.0
18709,18710,18710,1,1,1.0
18711,18712,18711,1,-1,1.0
18711,18712,18712,1,1,1.0
18711,18712,18712,1,1,1.0
18711,18712,18712,2,2,2.0
18711,18712,18713,12,12,-12.0
18711,18712,18714,16,16,-16.0
18711,18712,18712,1,1,1.0
18711,18712,18713,1,1,-1.0
18712,18713,18713,1,1,1.0
18712,18713,18712,1,-1,1.0
18712,18713,18713,7,7,7.0
18712,18713,18712,3,-3,3.0
18712,18713,18713,5,5,5.0
18712,18713,18712,1,-1,1.0
18712,18713,18712,1,-1,1.0
18712,18713,18713,1,1,1.0
18712,18713,18713,1,1,1.0
18712,18713,18713,3,3,3.0
18712,18714,18714,1,1,1.0
18712,18714,18714,1,1,1.0
18713,18714,18713,1,-1,1.0
18712,18714,18712,2,-2,2.0
18712,18713,18712,1,-1,1.0
18712,18713,18712,1,-1,1.0
18712,18713,18712,1,-1,1.0
18712,18713,18712,1,-1,1.0
18712,18713,18712,3,-3,3.0
18712,18713,18712,2,-2,2.0
18712,18713,18712,5,-5,5.0
18711,18712,18711,1,-1,1.0
18711,18712,18711,1,-1,1.0
18710,18712,18712,1,1,1.0
18710,18711,18711,1,1,1.0
18710,18711,18711,1,1,1.0
18711,18712,18711,4,-4,4.0
18711,18712,18711,1,-1,1.0
18711,18712,18711,1,-1,1.0
18710,18711,18710,1,-1,1.0
18710,18711,18710,1,-1,1.0
18710,18711,18710,1,-1,1.0
18710,18711,18710,10,-10,10.0
18710,18711,18710,1,-1,1.0
18710,18711,18710,1,-1,1.0
18710,18711,18710,1,-1,1.0
18709,18710,18710,4,4,4.0
18709,18710,18710,2,2,2.0
18709,18710,18710,1,1,1.0
18710,18711,18710,1,-1,1.0
18710,18711,18710,1,-1,1.0
18710,18711,18710,1,-1,1.0
18710,18711,18710,1,-1,1.0
18710,18711,18710,1,-1,1.0
18709,18710,18709,1,-1,1.0
18709,18710,18709,2,-2,2.0
18709,18710,18709,3,-3,3.0
18709,18710,18709,1,-1,1.0
18709,18710,18709,1,-1,1.0
18709,18710,18709,9,-9,9.0
18708,18709,18708,4,-4,4.0
18708,18709,18708,1,-1,1.0
18708,18709,18708,1,-1,1.0
18708,18709,18708,1,-1,1.0
18708,18709,18708,3,-3,3.0
18707,18708,18708,1,1,1.0
18707,18708,18707,1,-1,1.0
18707,18708,18708,1,1,1.0
18707,18708,18707,2,-2,2.0
18707,18708,18708,1,1,1.0
18707,18708,18707,2,-2,2.0
18707,18708,18707,1,-1,1.0
18706,18707,18707,1,1,1.0
18706,18707,18706,1,-1,1.0
18706,18707,18706,1,-1,1.0
18706,18707,18706,1,-1,1.0
18706,18707,18706,2,-2,2.0
18706,18707,18706,1,-1,1.0
18706,18707,18706,1,-1,1.0
18706,18707,18706,1,-1,1.0
18706,18707,18706,1,-1,1.0
18706,18707,18706,1,-1,1.0
18705,18706,18706,1,1,1.0
18705,18706,18705,6,-6,6.0
18705,18706,18705,6,-6,6.0
18705,18706,18705,1,-1,1.0
18705,18706,18705,1,-1,1.0
18704,18705,18704,1,-1,1.0
18704,18705,18704,1,-1,1.0
18704,18705,18704,2,-2,2.0
18704,18705,18703,2,-2,2.0
18704,18705,18704,1,-1,1.0
18704,18705,18703,5,-5,5.0
18703,18704,18703,2,-2,2.0
18703,18704,18703,5,-5,5.0
18703,18704,18703,1,-1,1.0
18703,18704,18704,4,4,4.0
18703,18704,18704,2,2,2.0
18703,18704,18703,1,-1,1.0
18703,18704,18704,3,3,3.0
18703,18704,18704,1,1,1.0
18704,18705,18705,1,1,1.0
18704,18705,18705,1,1,1.0
18704,18705,18705,1,1,1.0
18704,18705,18705,8,8,8.0
18705,18706,18706,1,1,1.0
18705,18706,18706,3,3,3.0
18705,18706,18706,2,2,2.0
18706,18707,18706,1,-1,1.0
18704,18706,18706,3,3,3.0
18705,18706,18705,1,-1,1.0
18703,18705,18704,2,-2,2.0
18703,18704,18703,1,-1,1.0
18703,18704,18703,1,-1,1.0
18703,18704,18703,3,-3,3.0
18702,18703,18702,1,-1,1.0
18702,18703,18702,1,-1,1.0
18702,18703,18702,1,-1,1.0
18702,18703,18702,1,-1,1.0
18702,18703,18702,1,-1,1.0
18701,18703,18701,1,-1,1.0
18701,18703,18701,1,-1,1.0
18701,18703,18701,1,-1,1.0
18701,18703,18701,1,-1,1.0
18701,18703,18702,1,-1,1.0
18701,18703,18703,1,1,1.0
18701,18702,18702,1,1,1.0
18701,18702,18701,1,-1,1.0
18702,18703,18703,2,2,2.0
18702,18703,18703,1,1,1.0
18702,18704,18702,1,-1,1.0
18701,18702,18702,1,1,1.0
18701,18702,18701,2,-2,2.0
18701,18702,18701,5,-5,5.0
18700,18702,18700,1,-1,1.0
18700,18701,18700,1,-1,1.0
18700,18701,18701,2,2,2.0
18700,18701,18700,1,-1,1.0
18700,18701,18700,1,-1,1.0
18700,18701,18700,2,-2,2.0
18700,18701,18701,1,1,1.0
18700,18701,18700,4,-4,4.0
18700,18701,18700,7,-7,7.0
18700,18701,18700,1,-1,1.0
18699,18700,18699,2,-2,2.0
18699,18700,18699,1,-1,1.0
18699,18700,18700,1,1,1.0
18700,18701,18700,1,-1,1.0
18700,18701,18700,1,-1,1.0
18700,18701,18701,2,2,2.0
18700,18701,18700,1,-1,1.0
18699,18700,18699,1,-1,1.0
18699,18700,18699,2,-2,2.0
18698,18700,18700,1,1,1.0
18698,18700,18700,1,1,1.0
18699,18700,18700,2,2,2.0
18699,18700,18700,1,1,1.0
18699,18700,18700,1,1,1.0
18699,18700,18700,1,1,1.0
18699,18700,18699,1,-1,1.0
18698,18700,18700,1,1,1.0
18698,18700,18700,1,1,1.0
18698,18699,18698,2,-2,2.0
18698,18699,18698,8,-8,8.0
18697,18699,18698,1,-1,1.0
18698,18699,18698,1,-1,1.0
18697,18699,18698,1,-1,1.0
18697,18699,18698,1,-1,1.0
18697,18699,18697,1,-1,1.0
18697,18698,18697,1,-1,1.0
18697,18698,18697,1,-1,1.0
18697,18698,18697,1,-1,1.0
18697,18698,18697,3,-3,3.0
18697,18698,18697,1,-1,1.0
18696,18697,18697,1,1,1.0
18696,18697,18697,1,1,1.0
18696,18697,18697,2,2,2.0
18696,18698,18696,1,-1,1.0
18696,18698,18696,10,-10,10.0
18696,18698,18696,5,-5,5.0
18696,18698,18696,5,-5,5.0
18696,18698,18696,1,-1,1.0
18696,18697,18697,1,1,1.0
18696,18697,18696,5,-5,5.0
18695,18696,18695,7,-7,7.0
18694,18695,18694,1,-1,1.0
18694,18695,18694,2,-2,2.0
18694,18695,18694,1,-1,1.0
18694,18695,18694,1,-1,1.0
18694,18695,18695,18,18,18.0
18695,18696,18695,1,-1,1.0
18695,18696,18696,1,1,1.0
18695,18696,18695,1,-1,1.0
18695,18696,18695,4,-4,4.0
18695,18696,18694,4,-4,4.0
18694,18696,18696,1,1,1.0
18694,18696,18694,1,-1,1.0
18694,18696,18696,1,1,1.0
18695,18696,18696,1,1,1.0
18695,18696,18696,1,1,1.0
18695,18696,18695,5,-5,5.0
18694,18695,18695,1,1,1.0
18695,18696,18696,1,1,1.0
18695,18696,18696,5,5,5.0
18695,18696,18696,1,1,1.0
18695,18696,18696,2,2,2.0
18695,18696,18696,1,1,1.0
18695,18696,18696,2,2,2.0
18696,18697,18697,2,2,2.0
18696,18697,18697,1,1,1.0
18696,18697,18697,1,1,1.0
18696,18697,18698,1,1,-1.0
18696,18697,18698,1,1,-1.0
18698,18700,18700,1,1,1.0
18698,18699,18699,1,1,1.0
18698,18699,18699,1,1,1.0
18698,18699,18699,2,2,2.0
18698,18699,18699,3,3,3.0
18698,18699,18699,4,4,4.0
18698,18699,18699,2,2,2.0
18698,18699,18699,1,1,1.0
18699,18700,18699,1,-1,1.0
18699,18700,18700,6,6,6.0
18700,18701,18701,1,1,1.0
18700,18701,18701,1,1,1.0
18700,18701,18701,2,2,2.0
18700,18701,18700,1,-1,1.0
18700,18701,18699,1,-1,1.0
18700,18702,18700,1,-1,1.0
18700,18701,18700,1,-1,1.0
18700,18701,18700,3,-3,3.0
18699,18701,18699,2,-2,2.0
18699,18700,18699,2,-2,2.0
18698,18699,18699,3,3,3.0
18699,18700,18700,1,1,1.0
18699,18700,18700,1,1,1.0
18699,18700,18699,1,-1,1.0
18699,18700,18699,1,-1,1.0
18699,18700,18699,3,-3,3.0
18699,18700,18699,5,-5,5.0
18699,18700,18699,1,-1,1.0
18698,18699,18699,1,1,1.0
18698,18699,18698,1,-1,1.0
18698,18699,18698,1,-1,1.0
18698,18699,18698,2,-2,2.0
18698,18699,18698,1,-1,1.0
18698,18699,18698,3,-3,3.0
18698,18699,18698,1,-1,1.0
18697,18698,18698,1,1,1.0
18697,18698,18698,1,1,1.0
18697,18698,18697,1,-1,1.0
18697,18698,18697,1,-1,1.0
18696,18697,18696,4,-4,4.0
18695,18696,18696,1,1,1.0
18695,18696,18696,2,2,2.0
18696,18697,18696,1,-1,1.0
18696,18697,18695,4,-4,4.0
18695,18696,18695,3,-3,3.0
18695,18696,18695,2,-2,2.0
18695,18696,18695,1,-1,1.0
18695,18696,18694,1,-1,1.0
18694,18696,18694,1,-1,1.0
18694,18696,18694,5,-5,5.0
18694,18695,18695,1,1,1.0
18694,18695,18695,1,1,1.0
18694,18695,18694,1,-1,1.0
18694,18695,18694,1,-1,1.0
18694,18695,18694,1,-1,1.0
18694,18695,18694,2,-2,2.0
18693,18694,18694,1,1,1.0
18693,18694,18693,1,-1,1.0
18693,18694,18693,3,-3,3.0
18692,18693,18693,1,1,1.0
18692,18693,18693,1,1,1.0
18693,18694,18693,1,-1,1.0
18693,18694,18693,4,-4,4.0
18692,18693,18693,1,1,1.0
18692,18693,18693,1,1,1.0
18692,18694,18692,1,-1,1.0
18692,18693,18692,8,-8,8.0
18692,18693,18691,2,-2,2.0
18691,18693,18693,4,4,4.0
18692,18693,18692,1,-1,1.0
18691,18692,18691,1,-1,1.0
18691,18692,18691,10,-10,10.0
18691,18692,18691,1,-1,1.0
18691,18692,18691,1,-1,1.0
18691,18692,18691,1,-1,1.0
18691,18692,18691,1,-1,1.0
18690,18692,18690,2,-2,2.0
18690,18692,18691,1,-1,1.0
18690,18691,18691,1,1,1.0
18690,18692,18690,1,-1,1.0
18690,18691,18691,1,1,1.0
18690,18691,18690,4,-4,4.0
18690,18691,18690,1,-1,1.0
18690,18691,18690,1,-1,1.0
18690,18691,18690,1,-1,1.0
18690,18691,18690,1,-1,1.0
18690,18691,18690,1,-1,1.0
18690,18691,18690,1,-1,1.0
18690,18691,18690,2,-2,2.0
18690,18691,18690,1,-1,1.0
18690,18691,18690,1,-1,1.0
18690,18691,18690,1,-1,1.0
18690,18691,18690,30,-30,30.0
18689,18690,18690,1,1,1.0
18689,18690,18690,1,1,1.0
18689,18690,18689,1,-1,1.0
18689,18690,18689,1,-1,1.0
18689,18690,18690,1,1,1.0
18689,18690,18690,1,1,1.0
18689,18690,18690,1,1,1.0
18690,18691,18690,1,-1,1.0
18690,18691,18690,1,-1,1.0
18689,18690,18690,1,1,1.0
18689,18691,18691,1,1,1.0
18689,18691,18691,1,1,1.0
18690,18691,18691,1,1,1.0
18690,18691,18691,1,1,1.0
18690,18691,18691,1,1,1.0
18690,18691,18691,1,1,1.0
18691,18693,18691,1,-1,1.0
18690,18692,18691,1,-1,1.0
18690,18692,18690,5,-5,5.0
18690,18692,18690,1,-1,1.0
18690,18691,18690,2,-2,2.0
18690,18691,18690,1,-1,1.0
18689,18691,18690,1,-1,1.0
18690,18691,18690,1,-1,1.0
18690,18691,18690,1,-1,1.0
18689,18691,18691,3,3,3.0
18690,18691,18691,1,1,1.0
18691,18692,18692,3,3,3.0
18691,18692,18692,1,1,1.0
18691,18693,18691,2,-2,2.0
18691,18693,18693,1,1,1.0
18691,18692,18692,1,1,1.0
18691,18692,18692,3,3,3.0
18691,18692,18692,1,1,1.0
18691,18692,18692,1,1,1.0
18691,18692,18692,1,1,1.0
18691,18692,18692,1,1,1.0
18691,18692,18692,1,1,1.0
18691,18692,18692,2,2,2.0
18692,18693,18692,3,-3,3.0
18692,18693,18692,3,-3,3.0
18692,18693,18693,1,1,1.0
18692,18693,18693,1,1,1.0
18692,18693,18693,2,2,2.0
18692,18693,18693,1,1,1.0
18692,18694,18692,2,-2,2.0
18692,18694,18692,1,-1,1.0
18691,18693,18693,1,1,1.0
18692,18693,18693,2,2,2.0
18692,18693,18693,1,1,1.0
18692,18693,18693,2,2,2.0
18693,18694,18693,2,-2,2.0
18693,18694,18692,15,-15,15.0
18693,18694,18693,2,-2,2.0
18693,18694,18693,1,-1,1.0
18692,18693,18693,1,1,1.0
18692,18693,18693,1,1,1.0
18692,18693,18692,2,-2,2.0
18692,18693,18692,1,-1,1.0
18692,18693,18692,3,-3,3.0
18692,18693,18692,7,-7,7.0
18692,18693,18692,3,-3,3.0
18691,18692,18691,1,-1,1.0
18691,18692,18691,1,-1,1.0
18691,18692,18691,1,-1,1.0
18691,18692,18691,1,-1,1.0
18691,18692,18691,1,-1,1.0
18691,18692,18691,2,-2,2.0
18690,18691,18690,1,-1,1.0
18690,18691,18690,1,-1,1.0
18690,18691,18690,1,-1,1.0
18690,18691,18690,1,-1,1.0
18690,18691,18690,1,-1,1.0
18690,18691,18690,1,-1,1.0
18690,18691,18690,1,-1,1.0
18690,18691,18690,1,-1,1.0
18690,18691,18690,1,-1,1.0
18689,18691,18689,1,-1,1.0
18689,18691,18689,1,-1,1.0
18689,18691,18691,1,1,1.0
18689,18691,18691,3,3,3.0
18689,18691,18690,1,1,-1.0
18689,18691,18691,2,2,2.0
18689,18692,18689,1,-1,1.0
18689,18691,18689,1,-1,1.0
18689,18691,18689,1,-1,1.0
18689,18691,18690,1,-1,1.0
18689,18691,18689,2,-2,2.0
18689,18690,18689,1,-1,1.0
18689,18690,18689,1,-1,1.0
18689,18690,18689,1,-1,1.0
18689,18690,18689,1,-1,1.0
18689,18690,18690,1,1,1.0
18689,18690,18689,1,-1,1.0
18689,18690,18689,1,-1,1.0
18689,18690,18689,1,-1,1.0
18689,18690,18689,1,-1,1.0
18689,18690,18689,1,-1,1.0
18689,18690,18690,5,5,5.0
18689,18690,18689,7,-7,7.0
18688,18689,18689,1,1,1.0
18688,18689,18689,1,1,1.0
18688,18689,18689,1,1,1.0
18688,18689,18689,1,1,1.0
18688,18689,18689,1,1,1.0
18688,18689,18689,1,1,1.0
18688,18689,18689,1,1,1.0
18688,18689,18689,1,1,1.0
18689,18690,18690,1,1,1.0
18689,18690,18690,1,1,1.0
18689,18690,18690,1,1,1.0
18689,18690,18690,1,1,1.0
18689,18690,18690,1,1,1.0
18690,18691,18690,1,-1,1.0
18690,18691,18690,1,-1,1.0
18689,18690,18690,2,2,2.0
18689,18690,18689,2,-2,2.0
18689,18690,18689,1,-1,1.0
18689,18690,18689,1,-1,1.0
18689,18690,18689,1,-1,1.0
18689,18690,18689,2,-2,2.0
18689,18690,18689,1,-1,1.0
18689,18690,18689,1,-1,1.0
18689,18690,18689,2,-2,2.0
18688,18689,18688,3,-3,3.0
18688,18689,18688,4,-4,4.0
18688,18689,18688,26,-26,26.0
18687,18688,18687,1,-1,1.0
18687,18688,18687,1,-1,1.0
18687,18688,18687,1,-1,1.0
18687,18688,18687,2,-2,2.0
18687,18688,18687,1,-1,1.0
18687,18688,18687,1,-1,1.0
18687,18688,18687,1,-1,1.0
18687,18688,18687,1,-1,1.0
18687,18688,18687,2,-2,2.0
18687,18688,18687,1,-1,1.0
18687,18688,18687,2,-2,2.0
18687,18688,18687,1,-1,1.0
18687,18688,18686,1,-1,1.0
18686,18688,18686,2,-2,2.0
18686,18688,18688,5,5,5.0
18686,18688,18686,2,-2,2.0
18686,18688,18686,1,-1,1.0
18686,18687,18686,6,-6,6.0
18686,18687,18686,1,-1,1.0
18685,18686,18686,3,3,3.0
18685,18686,18685,22,-22,22.0
18684,18685,18684,1,-1,1.0
18684,18685,18684,3,-3,3.0
18684,18685,18684,5,-5,5.0
18684,18685,18683,13,-13,13.0
18684,18685,18683,5,-5,5.0
18683,18685,18683,1,-1,1.0
18683,18685,18685,3,3,3.0
18684,18685,18684,2,-2,2.0
18684,18685,18684,1,-1,1.0
18684,18685,18683,7,-7,7.0
18683,18685,18684,2,-2,2.0
18683,18684,18684,2,2,2.0
18684,18685,18684,1,-1,1.0
18684,18685,18684,1,-1,1.0
18684,18685,18684,2,-2,2.0
18684,18685,18684,1,-1,1.0
18684,18685,18684,1,-1,1.0
18683,18685,18683,1,-1,1.0
18683,18684,18683,1,-1,1.0
18683,18684,18683,1,-1,1.0
18683,18684,18684,1,1,1.0
18683,18685,18685,1,1,1.0
18683,18684,18684,1,1,1.0
18683,18685,18685,1,1,1.0
18683,18685,18683,1,-1,1.0
18683,18684,18683,1,-1,1.0
18683,18684,18684,1,1,1.0
18683,18684,18683,3,-3,3.0
18683,18684,18683,1,-1,1.0
18683,18684,18683,1,-1,1.0
18683,18684,18683,1,-1,1.0
18683,18684,18684,1,1,1.0
18683,18684,18684,1,1,1.0
18683,18684,18684,1,1,1.0
18683,18684,18684,1,1,1.0
18683,18684,18684,1,1,1.0
18683,18684,18684,10,10,10.0
18683,18684,18683,6,-6,6.0
18683,18684,18683,6,-6,6.0
18683,18684,18683,1,-1,1.0
18682,18683,18682,6,-6,6.0
18682,18683,18682,1,-1,1.0
18682,18683,18683,1,1,1.0
18682,18683,18683,1,1,1.0
18682,18683,18683,1,1,1.0
18682,18683,18682,1,-1,1.0
18682,18683,18683,3,3,3.0
18682,18683,18684,7,7,-7.0
18682,18683,18683,2,2,2.0
18682,18683,18683,4,4,4.0
18682,18683,18684,1,1,-1.0
18682,18684,18684,1,1,1.0
18683,18684,18683,2,-2,2.0
18683,18684,18682,3,-3,3.0
18683,18684,18684,8,8,8.0
18684,18685,18684,2,-2,2.0
18684,18685,18684,4,-4,4.0
18684,18685,18684,1,-1,1.0
18684,18685,18684,1,-1,1.0
18684,18685,18684,1,-1,1.0
18684,18685,18684,2,-2,2.0
18684,18685,18685,1,1,1.0
18684,18685,18684,1,-1,1.0
18684,18685,18684,1,-1,1.0
18684,18685,18685,1,1,1.0
18684,18685,18685,2,2,2.0
18684,18685,18685,1,1,1.0
18684,18685,18685,1,1,1.0
18685,18687,18685,1,-1,1.0
18684,18686,18686,1,1,1.0
18685,18686,18685,1,-1,1.0
18685,18686,18685,1,-1,1.0
18685,18686,18685,2,-2,2.0
18685,18686,18684,7,-7,7.0
18683,18686,18685,1,1,-1.0
18684,18685,18685,1,1,1.0
18684,18686,18684,2,-2,2.0
18683,18684,18684,1,1,1.0
18683,18684,18683,3,-3,3.0
18683,18684,18684,1,1,1.0
18683,18684,18683,3,-3,3.0
18683,18684,18683,1,-1,1.0
18683,18684,18683,1,-1,1.0
18683,18684,18683,1,-1,1.0
18683,18684,18683,4,-4,4.0
18683,18684,18683,1,-1,1.0
18683,18684,18684,1,1,1.0
18683,18684,18683,1,-1,1.0
18683,18684,18683,1,-1,1.0
18683,18684,18683,1,-1,1.0
18683,18684,18683,2,-2,2.0
18683,18684,18683,1,-1,1.0
18683,18684,18683,1,-1,1.0
18683,18684,18683,1,-1,1.0
18683,18684,18683,1,-1,1.0
18683,18684,18683,1,-1,1.0
18683,18684,18683,1,-1,1.0
18683,18684,18682,1,-1,1.0
18682,18683,18682,6,-6,6.0
18682,18683,18682,1,-1,1.0
18682,18683,18682,2,-2,2.0
18682,18683,18682,1,-1,1.0
18681,18682,18682,1,1,1.0
18681,18682,18681,3,-3,3.0
18681,18682,18681,1,-1,1.0
18681,18682,18681,1,-1,1.0
18681,18682,18682,1,1,1.0
18681,18682,18682,4,4,4.0
18681,18682,18682,1,1,1.0
18681,18682,18681,2,-2,2.0
18681,18682,18681,1,-1,1.0
18681,18682,18682,1,1,1.0
18681,18682,18682,1,1,1.0
18681,18682,18682,1,1,1.0
18681,18683,18683,5,5,5.0
18682,18684,18682,1,-1,1.0
18682,18684,18684,3,3,3.0
18683,18684,18683,2,-2,2.0
18683,18684,18683,1,-1,1.0
18683,18684,18683,1,-1,1.0
18683,18684,18682,2,-2,2.0
18683,18684,18682,1,-1,1.0
18683,18684,18682,1,-1,1.0
18683,18684,18682,1,-1,1.0
18683,18684,18681,2,-2,2.0
18682,18683,18682,1,-1,1.0
18682,18684,18684,1,1,1.0
18682,18683,18683,1,1,1.0
18682,18683,18683,1,1,1.0
18682,18683,18683,5,5,5.0
18683,18684,18683,1,-1,1.0
18683,18684,18683,2,-2,2.0
18683,18684,18682,2,-2,2.0
18682,18684,18684,4,4,4.0
18682,18684,18682,1,-1,1.0
18682,18684,18684,1,1,1.0
18682,18684,18684,1,1,1.0
18682,18683,18682,15,-15,15.0
18682,18683,18682,3,-3,3.0
18681,18682,18682,2,2,2.0
18682,18683,18682,5,-5,5.0
18682,18683,18682,1,-1,1.0
18681,18683,18682,1,-1,1.0
18681,18682,18682,1,1,1.0
18681,18682,18681,2,-2,2.0
18681,18682,18682,2,2,2.0
18681,18682,18682,1,1,1.0
18681,18682,18681,3,-3,3.0
18681,18682,18681,10,-10,10.0
18681,18682,18681,1,-1,1.0
18681,18682,18682,1,1,1.0
18681,18682,18681,4,-4,4.0
18681,18682,18682,1,1,1.0
18681,18682,18681,2,-2,2.0
18681,18682,18682,1,1,1.0
18681,18682,18682,1,1,1.0
18681,18682,18681,1,-1,1.0
18681,18682,18681,2,-2,2.0
18681,18682,18681,1,-1,1.0
18681,18682,18681,1,-1,1.0
18681,18682,18681,1,-1,1.0
18681,18682,18681,5,-5,5.0
18681,18682,18681,1,-1,1.0
18681,18682,18681,3,-3,3.0
18681,18682,18681,5,-5,5.0
18680,18681,18681,5,5,5.0
18680,18681,18680,2,-2,2.0
18680,18681,18680,1,-1,1.0
18680,18681,18680,1,-1,1.0
18680,18681,18680,5,-5,5.0
18680,18681,18681,1,1,1.0
18680,18681,18680,2,-2,2.0
18680,18681,18680,20,-20,20.0
18680,18681,18680,1,-1,1.0
18680,18681,18680,1,-1,1.0
18680,18681,18680,1,-1,1.0
18680,18681,18680,4,-4,4.0
18680,18681,18680,3,-3,3.0
18680,18681,18680,1,-1,1.0
18679,18681,18679,2,-2,2.0
18679,18681,18679,1,-1,1.0
18679,18681,18679,1,-1,1.0
18679,18681,18679,2,-2,2.0
18679,18681,18679,1,-1,1.0
18678,18680,18678,1,-1,1.0
18678,18680,18678,4,-4,4.0
18678,18680,18678,5,-5,5.0
18678,18680,18678,1,-1,1.0
18678,18680,18678,1,-1,1.0
18678,18680,18678,1,-1,1.0
18678,18680,18678,1,-1,1.0
18678,18680,18678,1,-1,1.0
18678,18680,18678,1,-1,1.0
18678,18680,18678,1,-1,1.0
18678,18679,18679,1,1,1.0
18678,18679,18678,1,-1,1.0
18678,18679,18678,1,-1,1.0
18678,18679,18679,1,1,1.0
18679,18680,18680,2,2,2.0
18679,18680,18680,1,1,1.0
18679,18680,18680,1,1,1.0
18679,18681,18679,4,-4,4.0
18679,18681,18679,2,-2,2.0
18679,18681,18679,1,-1,1.0
18679,18681,18679,1,-1,1.0
18679,18681,18679,2,-2,2.0
18679,18681,18679,2,-2,2.0
18678,18681,18678,1,-1,1.0
18678,18680,18680,1,1,1.0
18678,18680,18678,2,-2,2.0
18679,18680,18679,1,-1,1.0
18679,18680,18678,1,-1,1.0
18678,18680,18680,1,1,1.0
18680,18681,18680,3,-3,3.0
18679,18681,18679,4,-4,4.0
18679,18681,18679,1,-1,1.0
18679,18680,18679,1,-1,1.0
18679,18680,18680,1,1,1.0
18680,18681,18680,6,-6,6.0
18680,18681,18679,4,-4,4.0
18680,18681,18678,5,-5,5.0
18678,18680,18678,1,-1,1.0
18678,18680,18679,1,-1,1.0
18678,18680,18680,6,6,6.0
18679,18681,18681,2,2,2.0
18679,18681,18681,1,1,1.0
18679,18681,18681,1,1,1.0
18681,18682,18682,2,2,2.0
18681,18682,18682,3,3,3.0
18681,18682,18682,2,2,2.0
18681,18682,18682,1,1,1.0
18681,18682,18682,1,1,1.0
18681,18682,18682,1,1,1.0
18681,18682,18682,1,1,1.0
18681,18682,18682,1,1,1.0
18681,18682,18682,3,3,3.0
18681,18683,18683,1,1,1.0
18681,18683,18683,1,1,1.0
18681,18683,18683,1,1,1.0
18681,18683,18683,1,1,1.0
18681,18683,18683,1,1,1.0
18681,18683,18683,1,1,1.0
18681,18683,18683,1,1,1.0
18681,18683,18683,1,1,1.0
18682,18683,18682,1,-1,1.0
18682,18683,18682,3,-3,3.0
18682,18683,18682,2,-2,2.0
18682,18683,18681,1,-1,1.0
18682,18683,18681,2,-2,2.0
18682,18683,18683,3,3,3.0
18682,18683,18681,3,-3,3.0
18682,18683,18682,1,-1,1.0
18682,18683,18683,5,5,5.0
18682,18683,18684,1,1,-1.0
18682,18683,18681,1,-1,1.0
18681,18683,18683,1,1,1.0
18681,18683,18683,1,1,1.0
18681,18683,18681,1,-1,1.0
18681,18683,18681,1,-1,1.0
18681,18683,18681,5,-5,5.0
18681,18683,18681,5,-5,5.0
18681,18683,18680,1,-1,1.0
18681,18683,18680,2,-2,2.0
18681,18683,18680,3,-3,3.0
18681,18683,18680,1,-1,1.0
18681,18683,18679,1,-1,1.0
18679,18681,18679,2,-2,2.0
18679,18681,18679,1,-1,1.0
18679,18681,18679,1,-1,1.0
18679,18681,18679,1,-1,1.0
18679,18681,18679,3,-3,3.0
18679,18681,18679,1,-1,1.0
18679,18681,18679,2,-2,2.0
18679,18681,18679,2,-2,2.0
18679,18681,18679,2,-2,2.0
18679,18681,18679,1,-1,1.0
18679,18681,18679,1,-1,1.0
18679,18680,18680,1,1,1.0
18679,18680,18680,1,1,1.0
18679,18680,18680,1,1,1.0
18679,18680,18679,2,-2,2.0
18679,18680,18679,2,-2,2.0
18679,18680,18679,1,-1,1.0
18679,18680,18679,1,-1,1.0
18678,18680,18678,2,-2,2.0
18678,18680,18679,1,-1,1.0
18678,18680,18679,2,-2,2.0
18678,18680,18678,2,-2,2.0
18678,18680,18678,2,-2,2.0
18678,18680,18678,1,-1,1.0
18678,18680,18678,2,-2,2.0
18678,18680,18678,2,-2,2.0
18678,18680,18679,1,-1,1.0
18678,18680,18679,2,-2,2.0
18678,18680,18678,4,-4,4.0
18678,18680,18679,1,-1,1.0
18678,18680,18678,1,-1,1.0
18678,18680,18678,1,-1,1.0
18678,18680,18678,1,-1,1.0
18678,18680,18678,2,-2,2.0
18678,18680,18679,2,-2,2.0
18678,18680,18679,1,-1,1.0
18679,18680,18680,2,2,2.0
18680,18682,18682,1,1,1.0
18680,18682,18680,1,-1,1.0
18681,18682,18682,1,1,1.0
18683,18684,18683,2,-2,2.0
18683,18684,18682,2,-2,2.0
18682,18684,18682,1,-1,1.0
18682,18684,18684,1,1,1.0
18682,18684,18684,1,1,1.0
18682,18684,18682,3,-3,3.0
18683,18684,18684,1,1,1.0
18683,18684,18684,1,1,1.0
18683,18684,18683,1,-1,1.0
18683,18684,18683,1,-1,1.0
18683,18684,18682,1,-1,1.0
18683,18684,18682,1,-1,1.0
18683,18684,18682,1,-1,1.0
18683,18684,18682,1,-1,1.0
18682,18684,18684,1,1,1.0
18682,18684,18684,1,1,1.0
18682,18684,18684,1,1,1.0
18683,18684,18684,1,1,1.0
18683,18684,18684,1,1,1.0
18683,18684,18684,1,1,1.0
18683,18684,18684,1,1,1.0
18683,18684,18684,1,1,1.0
18683,18684,18684,1,1,1.0
18683,18685,18685,1,1,1.0
18684,18685,18684,1,-1,1.0
18683,18684,18683,1,-1,1.0
18682,18684,18684,1,1,1.0
18682,18684,18684,5,5,5.0
18683,18684,18684,1,1,1.0
18683,18684,18683,1,-1,1.0
18683,18684,18682,1,-1,1.0
18682,18684,18684,1,1,1.0
18682,18684,18684,1,1,1.0
18682,18684,18682,1,-1,1.0
18683,18684,18683,1,-1,1.0
18683,18684,18684,1,1,1.0
18683,18684,18684,3,3,3.0
18683,18684,18684,1,1,1.0
18684,18685,18685,1,1,1.0
18684,18685,18685,1,1,1.0
18684,18685,18685,2,2,2.0
18684,18685,18685,2,2,2.0
18684,18685,18685,2,2,2.0
18684,18685,18685,1,1,1.0
18684,18685,18685,1,1,1.0
18684,18685,18685,1,1,1.0
18684,18685,18685,1,1,1.0
18684,18685,18685,3,3,3.0
18684,18685,18685,1,1,1.0
18684,18685,18685,1,1,1.0
18685,18686,18685,1,-1,1.0
18685,18686,18686,1,1,1.0
18685,18686,18685,1,-1,1.0
18685,18686,18685,1,-1,1.0
18685,18686,18685,1,-1,1.0
18685,18686,18686,2,2,2.0
18685,18686,18685,1,-1,1.0
18685,18686,18686,1,1,1.0
18685,18686,18686,1,1,1.0
18685,18686,18686,1,1,1.0
18685,18686,18686,1,1,1.0
18685,18686,18686,4,4,4.0
18685,18686,18686,1,1,1.0
18685,18686,18686,1,1,1.0
18685,18686,18686,1,1,1.0
18685,18686,18686,1,1,1.0
18685,18686,18686,1,1,1.0
18685,18686,18686,1,1,1.0
18685,18686,18686,2,2,2.0
18685,18687,18686,1,1,-1.0
18685,18687,18687,1,1,1.0
18685,18687,18687,2,2,2.0
18685,18687,18687,2,2,2.0
18687,18688,18688,1,1,1.0
18687,18688,18688,1,1,1.0
18686,18688,18688,2,2,2.0
18686,18688,18688,2,2,2.0
18687,18688,18687,2,-2,2.0
18687,18688,18687,2,-2,2.0
18686,18687,18686,2,-2,2.0
18685,18687,18687,1,1,1.0
18686,18687,18687,1,1,1.0
18686,18687,18687,2,2,2.0
18686,18687,18687,2,2,2.0
18686,18687,18686,2,-2,2.0
18686,18687,18687,1,1,1.0
18686,18687,18686,3,-3,3.0
18685,18686,18686,1,1,1.0
18685,18686,18686,2,2,2.0
18685,18686,18686,1,1,1.0
18685,18686,18686,1,1,1.0
18685,18687,18687,1,1,1.0
18686,18687,18686,1,-1,1.0
18685,18686,18685,1,-1,1.0
18685,18686,18685,1,-1,1.0
18685,18686,18685,5,-5,5.0
18684,18685,18685,2,2,2.0
18684,18685,18685,1,1,1.0
18684,18685,18685,1,1,1.0
18685,18686,18686,1,1,1.0
18685,18686,18685,2,-2,2.0
18686,18687,18686,1,-1,1.0
18686,18687,18685,1,-1,1.0
18685,18686,18686,2,2,2.0
18685,18686,18686,1,1,1.0
18685,18686,18686,1,1,1.0
18685,18686,18686,1,1,1.0
18685,18686,18686,1,1,1.0
18685,18686,18686,1,1,1.0
18685,18686,18686,1,1,1.0
18685,18686,18686,1,1,1.0
18685,18686,18686,1,1,1.0
18685,18686,18686,1,1,1.0
18685,18686,18686,1,1,1.0
18685,18686,18685,1,-1,1.0
18685,18686,18685,10,-10,10.0
18685,18686,18685,1,-1,1.0
18686,18687,18686,1,-1,1.0
18685,18686,18686,2,2,2.0
18685,18686,18686,1,1,1.0
18686,18687,18686,1,-1,1.0
18686,18687,18686,1,-1,1.0
18685,18686,18686,1,1,1.0
18685,18686,18686,1,1,1.0
18685,18686,18686,1,1,1.0
18685,18686,18685,1,-1,1.0
18685,18686,18686,1,1,1.0
18685,18686,18685,1,-1,1.0
18685,18686,18685,2,-2,2.0
18685,18686,18685,1,-1,1.0
18685,18686,18685,1,-1,1.0
18685,18686,18685,1,-1,1.0
18685,18686,18685,1,-1,1.0
18685,18686,18685,1,-1,1.0
18685,18686,18685,1,-1,1.0
18685,18686,18685,1,-1,1.0
18685,18686,18685,1,-1,1.0
18685,18686,18685,2,-2,2.0
18684,18685,18685,1,1,1.0
18684,18685,18685,1,1,1.0
18684,18685,18684,1,-1,1.0
18684,18685,18684,1,-1,1.0
18684,18685,18684,1,-1,1.0
18684,18685,18685,1,1,1.0
18684,18685,18685,4,4,4.0
18685,18686,18685,1,-1,1.0
18684,18685,18685,1,1,1.0
18685,18686,18685,1,-1,1.0
18685,18686,18686,1,1,1.0
18685,18686,18686,2,2,2.0
18685,18686,18686,2,2,2.0
18686,18687,18687,1,1,1.0
18686,18687,18687,1,1,1.0
18686,18687,18687,1,1,1.0
18686,18687,18687,1,1,1.0
18686,18687,18686,6,-6,6.0
18685,18687,18685,1,-1,1.0
18686,18687,18686,1,-1,1.0
18686,18687,18686,1,-1,1.0
18686,18687,18686,1,-1,1.0
18686,18687,18686,1,-1,1.0
18686,18687,18687,2,2,2.0
18686,18687,18687,1,1,1.0
18686,18687,18687,1,1,1.0
18686,18687,18687,7,7,7.0
18686,18687,18687,1,1,1.0
18686,18687,18687,1,1,1.0
18686,18687,18687,1,1,1.0
18686,18687,18687,1,1,1.0
18686,18687,18687,2,2,2.0
18686,18687,18687,1,1,1.0
18686,18687,18686,1,-1,1.0
18686,18687,18687,1,1,1.0
18686,18687,18687,1,1,1.0
18687,18688,18687,6,-6,6.0
18687,18688,18687,3,-3,3.0
18687,18688,18687,1,-1,1.0
18686,18688,18688,10,10,10.0
18686,18688,18688,1,1,1.0
18686,18688,18688,2,2,2.0
18686,18688,18688,8,8,8.0
18686,18688,18688,1,1,1.0
18686,18688,18688,1,1,1.0
18686,18688,18688,2,2,2.0
18686,18688,18688,2,2,2.0
18686,18688,18688,3,3,3.0
18686,18688,18688,1,1,1.0
18686,18688,18688,1,1,1.0
18686,18688,18688,1,1,1.0
18687,18688,18688,1,1,1.0
18687,18689,18688,2,2,-2.0
18687,18688,18688,1,1,1.0
18687,18689,18689,1,1,1.0
18687,18688,18688,1,1,1.0
18687,18688,18688,1,1,1.0
18687,18688,18688,1,1,1.0
18687,18688,18688,1,1,1.0
18687,18688,18688,1,1,1.0
18687,18689,18688,7,7,-7.0
18687,18689,18688,1,1,-1.0
18687,18689,18687,9,-9,9.0
18687,18688,18688,1,1,1.0
18687,18689,18687,1,-1,1.0
18688,18689,18688,2,-2,2.0
18688,18689,18688,3,-3,3.0
18687,18689,18687,1,-1,1.0
18687,18689,18689,2,2,2.0
18687,18689,18687,1,-1,1.0
18688,18689,18689,1,1,1.0
18688,18689,18688,2,-2,2.0
18687,18688,18687,1,-1,1.0
18687,18688,18687,2,-2,2.0
18687,18688,18687,3,-3,3.0
18687,18688,18687,5,-5,5.0
18687,18688,18687,1,-1,1.0
18687,18688,18687,1,-1,1.0
18687,18688,18688,1,1,1.0
18687,18688,18687,1,-1,1.0
18687,18688,18687,1,-1,1.0
18687,18688,18687,1,-1,1.0
18687,18688,18686,8,-8,8.0
18685,18687,18685,1,-1,1.0
18686,18687,18686,1,-1,1.0
18686,18687,18685,7,-7,7.0
18683,18686,18683,1,-1,1.0
18684,18685,18684,1,-1,1.0
18684,18685,18684,1,-1,1.0
18684,18685,18684,2,-2,2.0
18683,18684,18684,1,1,1.0
18683,18684,18684,1,1,1.0
18683,18684,18684,1,1,1.0
18683,18684,18684,1,1,1.0
18683,18684,18684,1,1,1.0
18684,18685,18685,1,1,1.0
18684,18685,18685,1,1,1.0
18684,18685,18685,1,1,1.0
18684,18685,18685,1,1,1.0
18684,18685,18685,1,1,1.0
18685,18687,18686,1,1,-1.0
18685,18687,18685,1,-1,1.0
18685,18687,18685,2,-2,2.0
18685,18687,18685,2,-2,2.0
18685,18687,18686,1,-1,1.0
18685,18687,18686,1,-1,1.0
18685,18687,18685,5,-5,5.0
18685,18687,18685,1,-1,1.0
18685,18687,18685,2,-2,2.0
18685,18687,18685,1,-1,1.0
18685,18687,18685,1,-1,1.0
18685,18687,18686,1,-1,1.0
18685,18687,18685,1,-1,1.0
18685,18687,18686,1,-1,1.0
18685,18687,18685,1,-1,1.0
18686,18687,18686,1,-1,1.0
18686,18687,18686,2,-2,2.0
18686,18687,18686,3,-3,3.0
18685,18686,18685,1,-1,1.0
18685,18686,18685,2,-2,2.0
18685,18686,18686,2,2,2.0
18686,18687,18686,1,-1,1.0
18686,18687,18686,3,-3,3.0
18685,18686,18686,1,1,1.0
18685,18686,18685,2,-2,2.0
18685,18686,18685,1,-1,1.0
18685,18686,18686,1,1,1.0
18685,18686,18685,8,-8,8.0
18685,18686,18685,12,-12,12.0
18684,18685,18684,2,-2,2.0
18683,18684,18684,1,1,1.0
18683,18685,18683,1,-1,1.0
18684,18685,18684,1,-1,1.0
18684,18685,18684,1,-1,1.0
18684,18685,18684,1,-1,1.0
18684,18685,18683,1,-1,1.0
18684,18685,18684,1,-1,1.0
18684,18685,18684,1,-1,1.0
18683,18684,18683,1,-1,1.0
18683,18684,18683,2,-2,2.0
18683,18684,18684,1,1,1.0
18683,18685,18683,2,-2,2.0
18683,18685,18683,2,-2,2.0
18683,18685,18683,1,-1,1.0
18683,18685,18685,2,2,2.0
18683,18685,18683,5,-5,5.0
18683,18684,18683,1,-1,1.0
18682,18683,18682,1,-1,1.0
18682,18683,18683,1,1,1.0
18682,18683,18682,1,-1,1.0
18682,18683,18682,3,-3,3.0
18681,18683,18683,2,2,2.0
18682,18683,18682,10,-10,10.0
18682,18683,18682,3,-3,3.0
18682,18683,18682,1,-1,1.0
18682,18683,18682,6,-6,6.0
18682,18683,18682,1,-1,1.0
18682,18683,18682,1,-1,1.0
18682,18683,18682,1,-1,1.0
18681,18682,18681,13,-13,13.0
18680,18682,18682,1,1,1.0
18680,18682,18682,1,1,1.0
18680,18682,18681,1,1,-1.0
18680,18681,18681,3,3,3.0
18680,18681,18681,1,1,1.0
18680,18681,18681,1,1,1.0
18680,18681,18681,2,2,2.0
18680,18681,18680,1,-1,1.0
18680,18681,18680,10,-10,10.0
18680,18681,18680,1,-1,1.0
18680,18681,18681,1,1,1.0
18680,18681,18681,1,1,1.0
18680,18681,18681,5,5,5.0
18680,18681,18681,1,1,1.0
18680,18682,18682,5,5,5.0
18680,18682,18680,1,-1,1.0
18680,18682,18682,1,1,1.0
18680,18681,18681,1,1,1.0
18680,18681,18681,2,2,2.0
18680,18681,18680,8,-8,8.0
18679,18680,18680,1,1,1.0
18679,18681,18680,1,1,-1.0
18679,18681,18680,1,1,-1.0
18679,18680,18680,1,1,1.0
18679,18680,18680,1,1,1.0
18679,18680,18680,2,2,2.0
18679,18680,18680,1,1,1.0
18679,18680,18679,8,-8,8.0
18678,18679,18678,3,-3,3.0
18678,18679,18678,1,-1,1.0
18678,18679,18679,1,1,1.0
18678,18679,18678,3,-3,3.0
18678,18679,18678,3,-3,3.0
18678,18679,18678,1,-1,1.0
18678,18679,18679,1,1,1.0
18678,18679,18679,9,9,9.0
18678,18679,18680,1,1,-1.0
18678,18680,18678,5,-5,5.0
18678,18680,18677,15,-15,15.0
18676,18678,18677,2,-2,2.0
18676,18678,18677,1,-1,1.0
18676,18678,18677,2,-2,2.0
18676,18678,18677,2,-2,2.0
18676,18677,18677,1,1,1.0
18676,18677,18677,1,1,1.0
18676,18677,18676,1,-1,1.0
18676,18677,18676,3,-3,3.0
18676,18677,18676,1,-1,1.0
18676,18677,18676,4,-4,4.0
18676,18677,18676,3,-3,3.0
18676,18677,18675,1,-1,1.0
18675,18676,18675,1,-1,1.0
18675,18676,18675,1,-1,1.0
18675,18676,18675,2,-2,2.0
18675,18676,18675,1,-1,1.0
18675,18676,18675,2,-2,2.0
18675,18676,18675,2,-2,2.0
18674,18675,18675,3,3,3.0
18674,18675,18675,2,2,2.0
18674,18675,18675,1,1,1.0
18674,18676,18676,1,1,1.0
18674,18676,18674,35,-35,35.0
18674,18676,18675,1,-1,1.0
18674,18675,18674,3,-3,3.0
18674,18675,18673,1,-1,1.0
18674,18675,18674,1,-1,1.0
18674,18675,18674,1,-1,1.0
18674,18675,18674,1,-1,1.0
18674,18675,18673,2,-2,2.0
18673,18675,18673,1,-1,1.0
18673,18675,18673,10,-10,10.0
18673,18674,18673,2,-2,2.0
18673,18674,18674,2,2,2.0
18673,18675,18673,1,-1,1.0
18673,18674,18674,1,1,1.0
18673,18674,18674,1,1,1.0
18673,18675,18673,1,-1,1.0
18674,18675,18675,1,1,1.0
18674,18675,18675,1,1,1.0
18674,18675,18675,1,1,1.0
18674,18675,18675,1,1,1.0
18674,18675,18675,1,1,1.0
18674,18675,18675,1,1,1.0
18674,18675,18675,1,1,1.0
18674,18675,18675,1,1,1.0
18674,18675,18675,2,2,2.0
18674,18675,18675,1,1,1.0
18674,18675,18676,2,2,-2.0
18674,18675,18676,1,1,-1.0
18674,18675,18676,1,1,-1.0
18674,18675,18676,2,2,-2.0
18674,18675,18676,1,1,-1.0
18674,18675,18676,2,2,-2.0
18674,18675,18676,3,3,-3.0
18675,18676,18675,2,-2,2.0
18675,18676,18676,1,1,1.0
18675,18676,18676,1,1,1.0
18675,18676,18675,1,-1,1.0
18675,18676,18675,1,-1,1.0
18675,18676,18675,2,-2,2.0
18675,18676,18674,3,-3,3.0
18675,18676,18676,1,1,1.0
18675,18676,18676,1,1,1.0
18676,18677,18676,1,-1,1.0
18675,18677,18675,1,-1,1.0
18675,18676,18676,2,2,2.0
18675,18676,18675,1,-1,1.0
18674,18675,18674,3,-3,3.0
18674,18675,18673,7,-7,7.0
18673,18674,18673,1,-1,1.0
18673,18674,18673,2,-2,2.0
18673,18674,18672,3,-3,3.0
18672,18674,18674,3,3,3.0
18672,18674,18674,3,3,3.0
18672,18674,18675,1,1,-1.0
18673,18674,18673,1,-1,1.0
18672,18674,18673,1,-1,1.0
18672,18674,18673,3,-3,3.0
18673,18674,18674,1,1,1.0
18673,18675,18673,1,-1,1.0
18673,18674,18674,1,1,1.0
18673,18674,18675,9,9,-9.0
18673,18675,18673,1,-1,1.0
18673,18675,18673,1,-1,1.0
18673,18675,18673,3,-3,3.0
18672,18674,18672,1,-1,1.0
18672,18674,18672,1,-1,1.0
18673,18674,18673,1,-1,1.0
18672,18673,18673,1,1,1.0
18672,18673,18672,1,-1,1.0
18672,18673,18673,1,1,1.0
18673,18674,18673,4,-4,4.0
18673,18674,18672,1,-1,1.0
18673,18674,18673,1,-1,1.0
18673,18674,18673,2,-2,2.0
18673,18674,18673,1,-1,1.0
18673,18674,18674,1,1,1.0
18673,18674,18674,1,1,1.0
18673,18674,18674,2,2,2.0
18673,18674,18674,4,4,4.0
18673,18674,18673,1,-1,1.0
18673,18674,18673,1,-1,1.0
18673,18674,18674,1,1,1.0
18673,18675,18673,2,-2,2.0
18674,18675,18674,7,-7,7.0
18673,18674,18674,4,4,4.0
18673,18675,18673,2,-2,2.0
18674,18675,18674,1,-1,1.0
18674,18675,18674,1,-1,1.0
18674,18675,18674,1,-1,1.0
18673,18675,18675,1,1,1.0
18673,18675,18674,3,3,-3.0
18673,18675,18673,7,-7,7.0
18673,18674,18674,4,4,4.0
18673,18674,18673,6,-6,6.0
18672,18673,18672,3,-3,3.0
18672,18673,18673,1,1,1.0
18672,18673,18673,4,4,4.0
18672,18674,18673,1,1,-1.0
18673,18674,18673,4,-4,4.0
18673,18674,18672,2,-2,2.0
18672,18674,18672,10,-10,10.0
18672,18673,18673,6,6,6.0
18672,18673,18674,4,4,-4.0
18672,18673,18673,5,5,5.0
18672,18673,18673,1,1,1.0
18672,18673,18672,1,-1,1.0
18672,18673,18672,1,-1,1.0
18672,18673,18672,4,-4,4.0
18672,18673,18672,4,-4,4.0
18671,18672,18671,2,-2,2.0
18671,18672,18671,1,-1,1.0
18671,18672,18671,1,-1,1.0
18671,18672,18671,1,-1,1.0
18671,18672,18671,1,-1,1.0
18671,18672,18671,3,-3,3.0
18671,18672,18671,3,-3,3.0
18671,18672,18671,1,-1,1.0
18671,18672,18671,1,-1,1.0
18671,18672,18671,1,-1,1.0
18671,18672,18671,1,-1,1.0
18671,18672,18671,1,-1,1.0
18671,18672,18671,1,-1,1.0
18671,18672,18671,2,-2,2.0
18671,18672,18671,3,-3,3.0
18671,18672,18671,2,-2,2.0
18671,18672,18671,1,-1,1.0
18670,18671,18670,1,-1,1.0
18670,18671,18670,5,-5,5.0
18670,18671,18670,5,-5,5.0
18670,18671,18670,2,-2,2.0
18670,18671,18670,1,-1,1.0
18670,18671,18670,1,-1,1.0
18670,18671,18670,7,-7,7.0
18670,18671,18670,2,-2,2.0
18670,18671,18670,1,-1,1.0
18670,18671,18670,1,-1,1.0
18670,18671,18670,1,-1,1.0
18670,18671,18670,1,-1,1.0
18670,18671,18670,1,-1,1.0
18670,18671,18670,1,-1,1.0
18670,18671,18670,1,-1,1.0
18670,18671,18670,4,-4,4.0
18670,18671,18669,3,-3,3.0
18669,18670,18670,2,2,2.0
18669,18670,18669,1,-1,1.0
18669,18670,18669,1,-1,1.0
18669,18671,18670,1,-1,1.0
18669,18671,18669,1,-1,1.0
18669,18671,18671,5,5,5.0
18669,18671,18669,9,-9,9.0
18669,18672,18670,2,-2,2.0
18669,18671,18671,2,2,2.0
18669,18671,18672,8,8,-8.0
18671,18672,18671,5,-5,5.0
18671,18672,18670,3,-3,3.0
18670,18672,18672,6,6,6.0
18671,18672,18672,1,1,1.0
18671,18672,18673,16,16,-16.0
18671,18672,18674,13,13,-13.0
18672,18674,18674,1,1,1.0
18671,18672,18671,3,-3,3.0
18670,18672,18672,2,2,2.0
18671,18672,18672,4,4,4.0
18671,18672,18672,1,1,1.0
18671,18672,18672,1,1,1.0
18670,18671,18670,1,-1,1.0
18669,18671,18669,1,-1,1.0
18669,18670,18670,2,2,2.0
18669,18670,18671,7,7,-7.0
18669,18670,18672,1,1,-1.0
18669,18670,18669,1,-1,1.0
18669,18670,18670,1,1,1.0
18669,18670,18669,3,-3,3.0
18668,18670,18670,1,1,1.0
18668,18670,18670,1,1,1.0
18668,18670,18670,1,1,1.0
18668,18670,18669,1,1,-1.0
18668,18670,18670,1,1,1.0
18669,18671,18671,1,1,1.0
18669,18671,18671,10,10,10.0
18669,18670,18669,1,-1,1.0
18668,18670,18670,10,10,10.0
18669,18670,18670,4,4,4.0
18669,18670,18671,2,2,-2.0
18670,18671,18671,2,2,2.0
18670,18671,18671,4,4,4.0
18671,18672,18672,1,1,1.0
18670,18672,18672,1,1,1.0
18670,18672,18671,3,3,-3.0
18670,18672,18671,1,1,-1.0
18670,18672,18672,1,1,1.0
18671,18672,18672,1,1,1.0
18671,18672,18672,1,1,1.0
18672,18673,18672,1,-1,1.0
18672,18673,18672,9,-9,9.0
18671,18673,18673,1,1,1.0
18671,18672,18671,1,-1,1.0
18671,18672,18672,1,1,1.0
18671,18672,18671,1,-1,1.0
18671,18672,18672,1,1,1.0
18671,18673,18671,1,-1,1.0
18670,18673,18670,2,-2,2.0
18670,18673,18670,1,-1,1.0
18670,18673,18670,1,-1,1.0
18670,18673,18670,1,-1,1.0
18670,18673,18670,2,-2,2.0
18670,18673,18670,1,-1,1.0
18670,18673,18670,2,-2,2.0
18670,18672,18670,2,-2,2.0
18670,18672,18670,1,-1,1.0
18670,18671,18670,1,-1,1.0
18670,18671,18670,2,-2,2.0
18669,18670,18669,1,-1,1.0
18669,18670,18669,1,-1,1.0
18669,18670,18669,1,-1,1.0
18669,18670,18670,1,1,1.0
18669,18670,18669,9,-9,9.0
18669,18670,18668,1,-1,1.0
18668,18670,18670,1,1,1.0
18668,18670,18668,2,-2,2.0
18668,18670,18669,1,-1,1.0
18669,18670,18669,1,-1,1.0
18668,18669,18668,5,-5,5.0
18668,18669,18668,2,-2,2.0
18668,18669,18668,1,-1,1.0
18667,18668,18668,1,1,1.0
18667,18668,18668,1,1,1.0
18667,18668,18668,1,1,1.0
18668,18669,18669,1,1,1.0
18667,18669,18669,1,1,1.0
18667,18669,18667,2,-2,2.0
18667,18669,18667,2,-2,2.0
18667,18669,18667,1,-1,1.0
18668,18669,18668,3,-3,3.0
18667,18669,18669,10,10,10.0
18667,18669,18668,4,4,-4.0
18667,18669,18667,1,-1,1.0
18667,18669,18668,5,-5,5.0
18667,18669,18667,5,-5,5.0
18667,18669,18668,1,-1,1.0
18668,18669,18668,1,-1,1.0
18668,18669,18668,1,-1,1.0
18667,18669,18667,1,-1,1.0
18667,18669,18667,3,-3,3.0
18667,18669,18669,1,1,1.0
18667,18669,18667,3,-3,3.0
18666,18669,18666,3,-3,3.0
18666,18668,18666,24,-24,24.0
18666,18668,18666,2,-2,2.0
18666,18668,18666,1,-1,1.0
18666,18668,18666,1,-1,1.0
18666,18667,18666,4,-4,4.0
18666,18667,18666,2,-2,2.0
18666,18667,18666,2,-2,2.0
18666,18667,18666,1,-1,1.0
18666,18667,18666,1,-1,1.0
18666,18667,18666,5,-5,5.0
18666,18667,18666,1,-1,1.0
18666,18667,18667,1,1,1.0
18666,18667,18666,1,-1,1.0
18666,18667,18666,1,-1,1.0
18665,18667,18666,1,-1,1.0
18665,18667,18665,9,-9,9.0
18665,18667,18665,1,-1,1.0
18665,18667,18666,1,-1,1.0
18665,18667,18667,3,3,3.0
18666,18667,18666,7,-7,7.0
18666,18667,18666,1,-1,1.0
18666,18667,18666,5,-5,5.0
18665,18667,18666,2,-2,2.0
18665,18667,18665,18,-18,18.0
18665,18667,18665,1,-1,1.0
18666,18667,18666,1,-1,1.0
18665,18667,18665,2,-2,2.0
18665,18667,18667,1,1,1.0
18665,18667,18665,1,-1,1.0
18665,18667,18665,1,-1,1.0
18666,18667,18666,1,-1,1.0
18666,18667,18667,1,1,1.0
18666,18667,18665,8,-8,8.0
18666,18667,18664,12,-12,12.0
18664,18667,18666,1,1,-1.0
18664,18667,18665,2,-2,2.0
18665,18667,18665,3,-3,3.0
18665,18667,18664,26,-26,26.0
18665,18667,18663,21,-21,21.0
18665,18667,18663,1,-1,1.0
18664,18666,18666,1,1,1.0
18664,18666,18664,7,-7,7.0
18664,18666,18663,5,-5,5.0
18664,18666,18664,2,-2,2.0
18664,18666,18664,1,-1,1.0
18664,18666,18664,1,-1,1.0
18664,18666,18664,1,-1,1.0
18664,18666,18664,1,-1,1.0
18664,18666,18663,3,-3,3.0
18664,18665,18665,1,1,1.0
18664,18665,18665,1,1,1.0
18664,18665,18665,1,1,1.0
18664,18665,18665,1,1,1.0
18664,18666,18664,6,-6,6.0
18664,18665,18664,4,-4,4.0
18664,18665,18663,19,-19,19.0
18664,18665,18662,27,-27,27.0
18662,18664,18662,2,-2,2.0
18662,18664,18662,1,-1,1.0
18662,18664,18661,3,-3,3.0
18662,18664,18661,1,-1,1.0
18662,18664,18661,10,-10,10.0
18662,18664,18661,10,-10,10.0
18662,18664,18661,1,-1,1.0
18662,18664,18661,2,-2,2.0
18662,18664,18661,1,-1,1.0
18662,18664,18661,2,-2,2.0
18662,18664,18661,1,-1,1.0
18662,18664,18661,2,-2,2.0
18662,18664,18661,1,-1,1.0
18662,18664,18661,2,-2,2.0
18662,18664,18662,1,-1,1.0
18662,18664,18662,1,-1,1.0
18662,18664,18661,1,-1,1.0
18662,18664,18662,1,-1,1.0
18662,18664,18661,1,-1,1.0
18661,18662,18661,1,-1,1.0
18661,18662,18661,3,-3,3.0
18661,18662,18661,1,-1,1.0
18661,18662,18661,2,-2,2.0
18661,18662,18661,1,-1,1.0
18661,18662,18661,1,-1,1.0
18661,18662,18661,1,-1,1.0
18661,18662,18661,2,-2,2.0
18661,18662,18661,1,-1,1.0
18661,18662,18661,1,-1,1.0
18661,18662,18661,1,-1,1.0
18661,18662,18661,2,-2,2.0
18661,18662,18661,4,-4,4.0
18661,18662,18661,1,-1,1.0
18661,18662,18661,10,-10,10.0
18661,18662,18660,20,-20,20.0
18661,18662,18661,1,-1,1.0
18661,18662,18660,3,-3,3.0
18661,18662,18660,3,-3,3.0
18661,18662,18660,7,-7,7.0
18661,18662,18660,1,-1,1.0
18661,18662,18660,1,-1,1.0
18661,18662,18660,1,-1,1.0
18661,18662,18660,2,-2,2.0
18660,18661,18660,1,-1,1.0
18660,18661,18660,3,-3,3.0
18660,18661,18660,1,-1,1.0
18660,18661,18660,1,-1,1.0
18660,18661,18660,1,-1,1.0
18660,18661,18660,3,-3,3.0
18660,18661,18659,1,-1,1.0
18660,18661,18659,3,-3,3.0
18660,18661,18659,2,-2,2.0
18660,18661,18659,4,-4,4.0
18660,18661,18659,4,-4,4.0
18660,18661,18659,1,-1,1.0
18660,18661,18659,4,-4,4.0
18660,18661,18659,2,-2,2.0
18660,18661,18659,2,-2,2.0
18660,18661,18660,1,-1,1.0
18660,18661,18659,1,-1,1.0
18660,18661,18659,1,-1,1.0
18660,18661,18659,1,-1,1.0
18660,18661,18659,1,-1,1.0
18659,18661,18659,1,-1,1.0
18659,18661,18659,1,-1,1.0
18659,18661,18659,4,-4,4.0
18659,18661,18659,1,-1,1.0
18659,18661,18659,1,-1,1.0
18659,18661,18659,4,-4,4.0
18659,18661,18659,1,-1,1.0
18659,18661,18661,1,1,1.0
18659,18661,18660,1,1,-1.0
18659,18661,18660,1,1,-1.0
18659,18661,18660,1,1,-1.0
18659,18661,18660,1,1,-1.0
18659,18661,18662,1,1,-1.0
18659,18661,18660,1,1,-1.0
18660,18662,18660,1,-1,1.0
18660,18662,18659,1,-1,1.0
18660,18662,18659,1,-1,1.0
18660,18662,18659,2,-2,2.0
18660,18662,18659,1,-1,1.0
18660,18662,18659,2,-2,2.0
18660,18662,18659,2,-2,2.0
18660,18662,18660,1,-1,1.0
18660,18662,18660,1,-1,1.0
18660,18662,18660,2,-2,2.0
18660,18662,18660,1,-1,1.0
18660,18662,18660,1,-1,1.0
18660,18662,18660,1,-1,1.0
18660,18662,18660,13,-13,13.0
18660,18662,18659,3,-3,3.0
18660,18662,18659,1,-1,1.0
18660,18662,18659,3,-3,3.0
18660,18662,18659,1,-1,1.0
18660,18662,18659,16,-16,16.0
18660,18661,18660,1,-1,1.0
18659,18661,18659,5,-5,5.0
18659,18661,18659,3,-3,3.0
18659,18661,18659,1,-1,1.0
18659,18661,18660,2,-2,2.0
18659,18661,18659,2,-2,2.0
18659,18661,18659,1,-1,1.0
18659,18661,18661,1,1,1.0
18659,18661,18661,1,1,1.0
18660,18661,18660,1,-1,1.0
18660,18661,18660,1,-1,1.0
18660,18661,18660,1,-1,1.0
18660,18661,18659,1,-1,1.0
18660,18662,18660,1,-1,1.0
18660,18662,18660,1,-1,1.0
18660,18661,18660,1,-1,1.0
18660,18661,18660,1,-1,1.0
18660,18661,18660,1,-1,1.0
18659,18661,18661,1,1,1.0
18659,18661,18661,4,4,4.0
18660,18661,18660,1,-1,1.0
18660,18661,18660,1,-1,1.0
18660,18661,18660,1,-1,1.0
18660,18661,18659,2,-2,2.0
18659,18661,18659,2,-2,2.0
18660,18661,18661,7,7,7.0
18660,18662,18660,1,-1,1.0
18660,18662,18662,5,5,5.0
18661,18662,18661,1,-1,1.0
18661,18662,18660,1,-1,1.0
18660,18662,18660,11,-11,11.0
18660,18662,18659,7,-7,7.0
18659,18661,18661,7,7,7.0
18659,18661,18662,3,3,-3.0
18659,18661,18661,1,1,1.0
18660,18662,18662,10,10,10.0
18660,18662,18662,10,10,10.0
18663,18664,18664,1,1,1.0
18663,18664,18664,2,2,2.0
18663,18665,18663,1,-1,1.0
18663,18665,18664,1,-1,1.0
18664,18665,18665,1,1,1.0
18664,18665,18665,1,1,1.0
18665,18666,18666,1,1,1.0
18665,18666,18666,2,2,2.0
18666,18667,18666,12,-12,12.0
18665,18666,18665,1,-1,1.0
18665,18666,18664,1,-1,1.0
18664,18666,18666,1,1,1.0
18664,18666,18664,1,-1,1.0
18664,18666,18664,1,-1,1.0
18665,18666,18665,1,-1,1.0
18665,18666,18666,8,8,8.0
18665,18666,18667,32,32,-32.0
18666,18667,18666,1,-1,1.0
18666,18667,18667,1,1,1.0
18666,18667,18667,6,6,6.0
18666,18667,18667,2,2,2.0
18666,18667,18669,1,1,-1.0
18667,18669,18667,1,-1,1.0
18668,18669,18668,1,-1,1.0
18668,18669,18667,4,-4,4.0
18668,18669,18669,3,3,3.0
18669,18670,18670,5,5,5.0
18669,18670,18670,1,1,1.0
18669,18670,18670,1,1,1.0
18669,18670,18670,1,1,1.0
18669,18671,18671,1,1,1.0
18670,18671,18671,1,1,1.0
18670,18672,18672,1,1,1.0
18670,18672,18672,5,5,5.0
18670,18672,18673,3,3,-3.0
18671,18673,18673,4,4,4.0
18671,18672,18671,1,-1,1.0
18670,18672,18672,1,1,1.0
18670,18672,18672,1,1,1.0
18671,18672,18671,1,-1,1.0
18670,18671,18671,1,1,1.0
18670,18671,18670,1,-1,1.0
18670,18671,18670,1,-1,1.0
18670,18671,18670,2,-2,2.0
18670,18671,18670,1,-1,1.0
18669,18670,18670,1,1,1.0
18669,18671,18671,1,1,1.0
18669,18670,18670,1,1,1.0
18669,18670,18669,1,-1,1.0
18669,18670,18670,3,3,3.0
18669,18671,18669,1,-1,1.0
18669,18670,18670,1,1,1.0
18669,18670,18670,1,1,1.0
18669,18670,18669,1,-1,1.0
18668,18670,18669,2,-2,2.0
18668,18670,18668,1,-1,1.0
18668,18670,18668,3,-3,3.0
18668,18670,18668,2,-2,2.0
18668,18670,18668,1,-1,1.0
18667,18668,18667,2,-2,2.0
18666,18667,18667,1,1,1.0
18666,18667,18668,4,4,-4.0
18666,18668,18668,1,1,1.0
18666,18668,18668,6,6,6.0
18666,18668,18669,4,4,-4.0
18666,18668,18668,2,2,2.0
18666,18668,18669,5,5,-5.0
18666,18668,18670,3,3,-3.0
18667,18668,18668,3,3,3.0
18667,18668,18668,1,1,1.0
18667,18668,18668,1,1,1.0
18667,18669,18667,1,-1,1.0
18667,18668,18668,1,1,1.0
18667,18668,18668,1,1,1.0
18667,18668,18668,1,1,1.0
18667,18668,18667,1,-1,1.0
18667,18668,18668,1,1,1.0
18667,18668,18668,1,1,1.0
18667,18668,18668,2,2,2.0
18667,18668,18667,1,-1,1.0
18667,18668,18667,2,-2,2.0
18667,18668,18667,1,-1,1.0
18667,18668,18667,2,-2,2.0
18667,18668,18667,1,-1,1.0
18667,18668,18667,5,-5,5.0
18666,18667,18666,1,-1,1.0
18666,18667,18667,1,1,1.0
18666,18667,18666,2,-2,2.0
18666,18667,18666,1,-1,1.0
18666,18667,18666,1,-1,1.0
18666,18667,18666,1,-1,1.0
18666,18667,18666,1,-1,1.0
18666,18667,18666,1,-1,1.0
18665,18666,18665,1,-1,1.0
18664,18665,18665,1,1,1.0
18664,18666,18664,1,-1,1.0
18665,18666,18666,1,1,1.0
18665,18666,18666,5,5,5.0
18666,18668,18667,2,2,-2.0
18666,18667,18666,1,-1,1.0
18666,18667,18666,1,-1,1.0
18666,18667,18667,1,1,1.0
18666,18667,18667,1,1,1.0
18666,18667,18667,1,1,1.0
18666,18667,18667,2,2,2.0
18666,18667,18667,1,1,1.0
18667,18668,18668,1,1,1.0
18667,18668,18667,2,-2,2.0
18667,18668,18666,1,-1,1.0
18666,18667,18666,5,-5,5.0
18666,18667,18666,2,-2,2.0
18666,18667,18667,1,1,1.0
18666,18667,18667,1,1,1.0
18666,18667,18667,1,1,1.0
18666,18667,18667,2,2,2.0
18666,18667,18667,1,1,1.0
18666,18667,18667,3,3,3.0
18666,18667,18667,1,1,1.0
18666,18668,18668,1,1,1.0
18666,18668,18668,1,1,1.0
18666,18668,18668,1,1,1.0
18667,18669,18667,1,-1,1.0
18667,18669,18667,1,-1,1.0
18667,18669,18667,1,-1,1.0
18667,18669,18666,1,-1,1.0
18666,18668,18666,1,-1,1.0
18666,18668,18666,1,-1,1.0
18666,18668,18666,3,-3,3.0
18666,18668,18666,3,-3,3.0
18666,18668,18666,1,-1,1.0
18666,18668,18665,4,-4,4.0
18665,18667,18665,1,-1,1.0
18665,18667,18667,1,1,1.0
18665,18667,18665,1,-1,1.0
18665,18667,18665,1,-1,1.0
18665,18667,18665,3,-3,3.0
18665,18667,18664,2,-2,2.0
18665,18667,18665,2,-2,2.0
18665,18667,18664,3,-3,3.0
18665,18667,18665,1,-1,1.0
18665,18667,18667,2,2,2.0
18665,18667,18665,1,-1,1.0
18665,18667,18665,2,-2,2.0
18665,18667,18664,1,-1,1.0
18664,18666,18664,1,-1,1.0
18664,18666,18664,1,-1,1.0
18664,18666,18664,1,-1,1.0
18664,18666,18663,1,-1,1.0
18664,18666,18663,1,-1,1.0
18664,18666,18665,1,-1,1.0
18664,18666,18663,1,-1,1.0
18663,18665,18663,2,-2,2.0
18663,18665,18664,1,-1,1.0
18663,18665,18663,1,-1,1.0
18663,18665,18663,1,-1,1.0
18664,18666,18666,1,1,1.0
18664,18666,18664,1,-1,1.0
18664,18666,18664,1,-1,1.0
18664,18666,18664,1,-1,1.0
18664,18666,18664,2,-2,2.0
18664,18666,18664,2,-2,2.0
18664,18666,18664,2,-2,2.0
18664,18666,18664,1,-1,1.0
18664,18666,18663,1,-1,1.0
18664,18666,18666,1,1,1.0
18664,18666,18666,1,1,1.0
18664,18666,18666,1,1,1.0
18664,18666,18666,1,1,1.0
18664,18666,18664,3,-3,3.0
18665,18666,18665,1,-1,1.0
18665,18666,18664,3,-3,3.0
18665,18666,18664,3,-3,3.0
18665,18666,18663,1,-1,1.0
18665,18666,18666,1,1,1.0
18665,18666,18666,1,1,1.0
18665,18667,18667,1,1,1.0
18665,18667,18668,1,1,-1.0
18666,18667,18667,1,1,1.0
18667,18668,18668,1,1,1.0
18668,18669,18668,1,-1,1.0
18668,18669,18668,1,-1,1.0
18668,18669,18668,1,-1,1.0
18668,18669,18667,3,-3,3.0
18668,18669,18669,1,1,1.0
18668,18669,18669,1,1,1.0
18669,18670,18669,2,-2,2.0
18669,18670,18670,6,6,6.0
18669,18670,18670,4,4,4.0
18669,18670,18670,3,3,3.0
18669,18670,18670,2,2,2.0
18669,18670,18670,1,1,1.0
18669,18670,18670,1,1,1.0
18670,18671,18670,3,-3,3.0
18670,18671,18670,1,-1,1.0
18670,18671,18670,1,-1,1.0
18670,18671,18670,2,-2,2.0
18670,18671,18670,1,-1,1.0
18669,18671,18671,5,5,5.0
18670,18672,18670,1,-1,1.0
18670,18672,18672,10,10,10.0
18670,18672,18672,1,1,1.0
18670,18672,18670,3,-3,3.0
18670,18672,18672,1,1,1.0
18670,18672,18672,4,4,4.0
18671,18672,18672,1,1,1.0
18671,18672,18672,10,10,10.0
18671,18672,18672,6,6,6.0
18672,18673,18672,7,-7,7.0
18672,18673,18672,2,-2,2.0
18671,18673,18673,1,1,1.0
18672,18673,18673,4,4,4.0
18672,18673,18673,4,4,4.0
18673,18674,18674,6,6,6.0
18673,18674,18673,2,-2,2.0
18673,18674,18673,9,-9,9.0
18673,18674,18674,1,1,1.0
18673,18674,18673,1,-1,1.0
18673,18674,18673,1,-1,1.0
18672,18673,18672,1,-1,1.0
18672,18673,18672,1,-1,1.0
18672,18673,18672,1,-1,1.0
18672,18674,18674,1,1,1.0
18672,18674,18672,1,-1,1.0
18672,18674,18674,3,3,3.0
18673,18675,18673,1,-1,1.0
18673,18674,18674,7,7,7.0
18673,18675,18675,1,1,1.0
18673,18674,18674,1,1,1.0
18673,18674,18674,6,6,6.0
18673,18674,18674,4,4,4.0
18674,18675,18675,6,6,6.0
18674,18675,18674,1,-1,1.0
18674,18675,18675,2,2,2.0
18674,18675,18674,1,-1,1.0
18674,18675,18674,1,-1,1.0
18674,18675,18674,1,-1,1.0
18674,18675,18674,3,-3,3.0
18673,18674,18674,2,2,2.0
18674,18675,18674,4,-4,4.0
18674,18675,18674,1,-1,1.0
18674,18675,18674,3,-3,3.0
18674,18675,18674,1,-1,1.0
18674,18675,18674,2,-2,2.0
18674,18675,18674,1,-1,1.0
18674,18675,18674,1,-1,1.0
18674,18675,18675,1,1,1.0
18674,18675,18674,2,-2,2.0
18674,18675,18675,1,1,1.0
18674,18675,18674,1,-1,1.0
18674,18675,18675,2,2,2.0
18674,18675,18675,3,3,3.0
18674,18675,18675,2,2,2.0
18674,18675,18674,1,-1,1.0
18674,18675,18675,2,2,2.0
18674,18675,18675,10,10,10.0
18674,18675,18675,1,1,1.0
18674,18675,18675,2,2,2.0
18674,18675,18675,6,6,6.0
18674,18675,18675,1,1,1.0
18675,18676,18675,1,-1,1.0
18675,18676,18676,1,1,1.0
18675,18676,18676,1,1,1.0
18675,18676,18676,1,1,1.0
18675,18676,18676,1,1,1.0
18675,18676,18676,1,1,1.0
18675,18676,18676,3,3,3.0
18675,18677,18677,1,1,1.0
18675,18677,18677,1,1,1.0
18676,18677,18676,4,-4,4.0
18676,18677,18675,5,-5,5.0
18676,18677,18677,7,7,7.0
18677,18678,18677,1,-1,1.0
18676,18677,18677,3,3,3.0
18677,18678,18677,1,-1,1.0
18677,18678,18678,5,5,5.0
18677,18678,18677,1,-1,1.0
18677,18678,18678,1,1,1.0
18677,18678,18678,1,1,1.0
18677,18678,18678,2,2,2.0
18677,18678,18678,2,2,2.0
18677,18678,18678,2,2,2.0
18677,18678,18678,8,8,8.0
18678,18679,18678,1,-1,1.0
18678,18679,18679,5,5,5.0
18678,18679,18679,1,1,1.0
18678,18679,18679,1,1,1.0
18678,18679,18679,1,1,1.0
18678,18679,18679,3,3,3.0
18678,18679,18680,2,2,-2.0
18678,18680,18680,1,1,1.0
18678,18680,18680,1,1,1.0
18678,18680,18680,5,5,5.0
18678,18680,18679,1,1,-1.0
18678,18680,18680,1,1,1.0
18679,18680,18680,3,3,3.0
18679,18680,18680,1,1,1.0
18679,18680,18680,5,5,5.0
18679,18680,18680,1,1,1.0
18679,18681,18679,4,-4,4.0
18679,18680,18680,1,1,1.0
18680,18681,18680,1,-1,1.0
18680,18681,18681,1,1,1.0
18680,18681,18681,1,1,1.0
18680,18681,18681,2,2,2.0
18680,18681,18681,1,1,1.0
18680,18681,18681,1,1,1.0
18680,18681,18680,1,-1,1.0
18680,18681,18680,5,-5,5.0
18680,18681,18680,1,-1,1.0
18680,18681,18680,1,-1,1.0
18678,18679,18679,1,1,1.0
18678,18679,18680,1,1,-1.0
18678,18679,18680,10,10,-10.0
18680,18681,18680,1,-1,1.0
18680,18681,18680,4,-4,4.0
18679,18681,18681,5,5,5.0
18679,18681,18680,5,5,-5.0
18680,18681,18681,1,1,1.0
18680,18681,18681,5,5,5.0
18681,18682,18681,1,-1,1.0
18680,18682,18681,1,-1,1.0
18680,18682,18680,8,-8,8.0
18680,18682,18680,2,-2,2.0
18679,18681,18680,3,-3,3.0
18679,18681,18681,4,4,4.0
18680,18681,18681,1,1,1.0
18680,18681,18680,1,-1,1.0
18679,18681,18679,1,-1,1.0
18679,18681,18679,1,-1,1.0
18679,18680,18679,2,-2,2.0
18678,18679,18678,1,-1,1.0
18678,18680,18680,1,1,1.0
18678,18680,18679,1,1,-1.0
18678,18679,18678,4,-4,4.0
18677,18678,18677,1,-1,1.0
18677,18678,18677,5,-5,5.0
18677,18678,18677,1,-1,1.0
18676,18677,18677,1,1,1.0
18676,18677,18677,2,2,2.0
18677,18678,18677,1,-1,1.0
18676,18677,18676,1,-1,1.0
18676,18677,18676,1,-1,1.0
18676,18677,18676,1,-1,1.0
18675,18676,18675,2,-2,2.0
18675,18676,18675,1,-1,1.0
18675,18676,18675,1,-1,1.0
18675,18676,18675,3,-3,3.0
18674,18675,18674,2,-2,2.0
18674,18675,18674,1,-1,1.0
18674,18675,18674,1,-1,1.0
18674,18675,18674,2,-2,2.0
18673,18675,18674,1,-1,1.0
18673,18674,18673,1,-1,1.0
18673,18674,18674,6,6,6.0
18673,18674,18674,1,1,1.0
18673,18674,18674,1,1,1.0
18674,18675,18674,1,-1,1.0
18674,18675,18674,1,-1,1.0
18674,18675,18674,5,-5,5.0
18674,18675,18675,1,1,1.0
18674,18675,18674,1,-1,1.0
18674,18675,18674,1,-1,1.0
18673,18675,18675,1,1,1.0
18672,18674,18674,3,3,3.0
18672,18674,18674,1,1,1.0
18673,18674,18673,2,-2,2.0
18674,18675,18674,1,-1,1.0
18673,18674,18674,2,2,2.0
18674,18675,18674,3,-3,3.0
18674,18675,18673,8,-8,8.0
18672,18673,18673,4,4,4.0
18672,18673,18673,1,1,1.0
18672,18673,18673,1,1,1.0
18672,18673,18674,7,7,-7.0
18672,18673,18675,2,2,-2.0
18674,18675,18674,1,-1,1.0
18674,18675,18674,2,-2,2.0
18673,18674,18674,1,1,1.0
18673,18674,18674,1,1,1.0
18673,18674,18674,1,1,1.0
18674,18675,18674,1,-1,1.0
18674,18675,18674,1,-1,1.0
18673,18674,18673,1,-1,1.0
18673,18674,18673,1,-1,1.0
18672,18674,18674,1,1,1.0
18672,18674,18674,1,1,1.0
18672,18674,18674,4,4,4.0
18674,18675,18675,2,2,2.0
18674,18675,18675,2,2,2.0
18674,18675,18675,1,1,1.0
18675,18676,18675,1,-1,1.0
18675,18676,18674,1,-1,1.0
18674,18675,18675,1,1,1.0
18674,18675,18675,1,1,1.0
18674,18676,18674,1,-1,1.0
18674,18676,18674,1,-1,1.0
18672,18673,18673,1,1,1.0
18672,18673,18672,5,-5,5.0
18672,18673,18672,2,-2,2.0
18671,18672,18671,1,-1,1.0
18670,18671,18671,1,1,1.0
18670,18671,18670,1,-1,1.0
18670,18671,18670,1,-1,1.0
18670,18671,18670,1,-1,1.0
18670,18671,18670,1,-1,1.0
18670,18671,18670,2,-2,2.0
18670,18671,18670,1,-1,1.0
18670,18671,18671,1,1,1.0
18670,18671,18670,3,-3,3.0
18669,18670,18669,2,-2,2.0
18669,18670,18669,6,-6,6.0
18669,18670,18669,1,-1,1.0
18669,18670,18669,1,-1,1.0
18669,18670,18668,2,-2,2.0
18669,18670,18668,2,-2,2.0
18666,18668,18666,1,-1,1.0
18666,18668,18669,7,7,-7.0
18666,18668,18670,3,3,-3.0
18668,18669,18669,1,1,1.0
18669,18670,18669,1,-1,1.0
18668,18669,18669,1,1,1.0
18668,18669,18669,1,1,1.0
18667,18669,18669,2,2,2.0
18667,18669,18670,2,2,-2.0
18668,18669,18668,1,-1,1.0
18668,18669,18669,1,1,1.0
18668,18669,18669,1,1,1.0
18668,18669,18669,1,1,1.0
18669,18670,18670,3,3,3.0
18669,18670,18670,1,1,1.0
18669,18670,18670,2,2,2.0
18669,18670,18670,4,4,4.0
18669,18670,18670,6,6,6.0
18669,18670,18670,1,1,1.0
18669,18670,18670,1,1,1.0
18669,18670,18670,4,4,4.0
18669,18670,18670,1,1,1.0
18669,18670,18670,1,1,1.0
18669,18670,18670,1,1,1.0
18669,18670,18670,2,2,2.0
18669,18670,18670,3,3,3.0
18669,18670,18670,1,1,1.0
18670,18671,18671,2,2,2.0
18670,18671,18671,2,2,2.0
18670,18671,18672,1,1,-1.0
18670,18671,18672,1,1,-1.0
18671,18672,18671,1,-1,1.0
18671,18672,18672,5,5,5.0
18671,18672,18671,2,-2,2.0
18671,18672,18672,1,1,1.0
18671,18672,18672,7,7,7.0
18671,18672,18672,1,1,1.0
18671,18672,18672,2,2,2.0
18671,18672,18672,1,1,1.0
18672,18673,18672,1,-1,1.0
18672,18673,18672,1,-1,1.0
18672,18673,18672,1,-1,1.0
18672,18673,18672,1,-1,1.0
18671,18673,18672,1,-1,1.0
18671,18673,18672,1,-1,1.0
18672,18673,18672,1,-1,1.0
18672,18673,18672,1,-1,1.0
18671,18672,18671,1,-1,1.0
18670,18672,18672,5,5,5.0
18670,18671,18670,1,-1,1.0
18670,18671,18670,1,-1,1.0
18669,18671,18670,5,-5,5.0
18671,18672,18672,4,4,4.0
18671,18672,18671,1,-1,1.0
18669,18672,18670,1,-1,1.0
18669,18672,18670,1,-1,1.0
18670,18671,18670,1,-1,1.0
18669,18670,18669,2,-2,2.0
18669,18670,18669,1,-1,1.0
18669,18670,18669,1,-1,1.0
18668,18669,18669,1,1,1.0
18668,18669,18670,1,1,-1.0
18669,18670,18669,3,-3,3.0
18669,18670,18669,1,-1,1.0
18668,18669,18669,1,1,1.0
18668,18670,18670,2,2,2.0
18669,18670,18670,1,1,1.0
18669,18670,18669,1,-1,1.0
18669,18670,18669,1,-1,1.0
18668,18670,18670,1,1,1.0
18669,18670,18669,3,-3,3.0
18669,18670,18669,1,-1,1.0
18668,18669,18669,1,1,1.0
18668,18669,18669,1,1,1.0
18669,18670,18670,1,1,1.0
18669,18670,18669,2,-2,2.0
18668,18669,18669,1,1,1.0
18668,18669,18669,3,3,3.0
18668,18670,18668,1,-1,1.0
18668,18670,18668,1,-1,1.0
18668,18670,18668,2,-2,2.0
18668,18670,18668,1,-1,1.0
18668,18669,18669,1,1,1.0
18667,18669,18668,1,1,-1.0
18667,18668,18667,2,-2,2.0
18667,18668,18668,2,2,2.0
18667,18668,18668,2,2,2.0
18667,18668,18668,4,4,4.0
18667,18668,18667,1,-1,1.0
18667,18668,18668,1,1,1.0
18667,18668,18668,1,1,1.0
18667,18669,18667,1,-1,1.0
18667,18668,18668,2,2,2.0
18667,18668,18669,8,8,-8.0
18668,18669,18669,3,3,3.0
18668,18669,18669,4,4,4.0
18669,18670,18669,1,-1,1.0
18669,18670,18669,1,-1,1.0
18669,18670,18670,7,7,7.0
18669,18670,18669,1,-1,1.0
18668,18669,18668,1,-1,1.0
18668,18669,18669,1,1,1.0
18668,18669,18669,1,1,1.0
18668,18669,18668,1,-1,1.0
18668,18669,18668,1,-1,1.0
18668,18669,18668,1,-1,1.0
18668,18669,18668,1,-1,1.0
18667,18669,18668,1,-1,1.0
18667,18669,18668,1,-1,1.0
18668,18669,18668,4,-4,4.0
18668,18669,18668,1,-1,1.0
18667,18669,18669,5,5,5.0
18668,18669,18669,1,1,1.0
18668,18669,18669,1,1,1.0
18668,18669,18669,4,4,4.0
18668,18669,18669,4,4,4.0
18668,18669,18670,6,6,-6.0
18668,18669,18668,1,-1,1.0
18668,18669,18668,1,-1,1.0
18668,18669,18668,2,-2,2.0
18667,18668,18667,4,-4,4.0
18667,18668,18667,1,-1,1.0
18667,18668,18667,1,-1,1.0
18667,18668,18667,1,-1,1.0
18667,18668,18667,2,-2,2.0
18667,18668,18667,2,-2,2.0
18667,18668,18667,1,-1,1.0
18667,18668,18667,1,-1,1.0
18666,18667,18667,1,1,1.0
18666,18668,18666,1,-1,1.0
18666,18668,18668,4,4,4.0
18666,18668,18669,6,6,-6.0
18666,18668,18669,8,8,-8.0
18666,18668,18670,12,12,-12.0
18666,18668,18670,1,1,-1.0
18666,18668,18670,4,4,-4.0
18666,18668,18670,2,2,-2.0
18666,18668,18671,1,1,-1.0
18666,18668,18671,2,2,-2.0
18670,18671,18670,1,-1,1.0
18670,18671,18670,1,-1,1.0
18669,18670,18669,2,-2,2.0
18670,18671,18671,2,2,2.0
18671,18672,18672,1,1,1.0
18671,18672,18672,1,1,1.0
18671,18672,18672,1,1,1.0
18671,18672,18672,1,1,1.0
18671,18672,18672,1,1,1.0
18671,18672,18672,1,1,1.0
18672,18673,18673,3,3,3.0
18672,18673,18673,3,3,3.0
18672,18673,18673,3,3,3.0
18672,18673,18672,1,-1,1.0
18672,18673,18673,1,1,1.0
18672,18673,18673,5,5,5.0
18672,18673,18673,1,1,1.0
18672,18673,18673,1,1,1.0
18672,18673,18673,1,1,1.0
18672,18673,18673,1,1,1.0
18673,18674,18673,1,-1,1.0
18673,18674,18673,2,-2,2.0
18673,18674,18673,2,-2,2.0
18673,18674,18672,1,-1,1.0
18673,18674,18673,1,-1,1.0
18673,18674,18673,1,-1,1.0
18673,18674,18673,3,-3,3.0
18672,18673,18673,3,3,3.0
18672,18673,18674,7,7,-7.0
18672,18673,18672,3,-3,3.0
18671,18672,18672,1,1,1.0
18672,18673,18672,1,-1,1.0
18671,18672,18671,9,-9,9.0
18671,18672,18671,2,-2,2.0
18671,18672,18671,1,-1,1.0
18671,18672,18671,5,-5,5.0
18671,18672,18671,3,-3,3.0
18671,18672,18671,2,-2,2.0
18671,18672,18671,1,-1,1.0
18670,18671,18670,1,-1,1.0
18670,18672,18670,1,-1,1.0
18670,18671,18671,1,1,1.0
18670,18671,18670,1,-1,1.0
18670,18671,18670,1,-1,1.0
18669,18671,18671,1,1,1.0
18669,18670,18670,3,3,3.0
18669,18672,18670,2,-2,2.0
18670,18672,18670,1,-1,1.0
18670,18672,18670,1,-1,1.0
18670,18672,18670,1,-1,1.0
18670,18672,18670,1,-1,1.0
18670,18672,18669,1,-1,1.0
18670,18672,18669,1,-1,1.0
18670,18672,18669,2,-2,2.0
18670,18672,18669,2,-2,2.0
18670,18672,18669,1,-1,1.0
18670,18672,18671,2,-2,2.0
18670,18672,18672,1,1,1.0
18670,18672,18672,3,3,3.0
18670,18672,18669,1,-1,1.0
18669,18671,18669,1,-1,1.0
18670,18672,18671,1,-1,1.0
18670,18672,18670,1,-1,1.0
18670,18671,18670,2,-2,2.0
18670,18671,18669,2,-2,2.0
18669,18671,18671,1,1,1.0
18670,18671,18671,1,1,1.0
18670,18671,18670,1,-1,1.0
18670,18671,18670,1,-1,1.0
18670,18671,18670,1,-1,1.0
18670,18671,18670,1,-1,1.0
18670,18671,18670,7,-7,7.0
18669,18670,18669,1,-1,1.0
18668,18670,18670,1,1,1.0
18669,18670,18670,1,1,1.0
18669,18670,18670,1,1,1.0
18669,18670,18670,1,1,1.0
18669,18670,18670,4,4,4.0
18669,18670,18670,1,1,1.0
18669,18670,18670,5,5,5.0
18669,18670,18670,4,4,4.0
18669,18670,18670,1,1,1.0
18669,18670,18670,1,1,1.0
18669,18670,18670,1,1,1.0
18669,18670,18670,2,2,2.0
18670,18671,18670,1,-1,1.0
18670,18671,18670,1,-1,1.0
18670,18671,18671,2,2,2.0
18670,18671,18671,1,1,1.0
18670,18671,18670,2,-2,2.0
18670,18671,18671,1,1,1.0
18670,18671,18671,2,2,2.0
18670,18671,18672,3,3,-3.0
18670,18672,18670,1,-1,1.0
18670,18672,18670,1,-1,1.0
18670,18672,18670,1,-1,1.0
18670,18671,18671,1,1,1.0
18670,18672,18670,2,-2,2.0
18670,18672,18671,1,-1,1.0
18670,18671,18671,1,1,1.0
18671,18672,18671,1,-1,1.0
18671,18672,18671,1,-1,1.0
18671,18672,18671,1,-1,1.0
18671,18672,18671,1,-1,1.0
18671,18672,18671,2,-2,2.0
18671,18672,18671,1,-1,1.0
18671,18672,18671,1,-1,1.0
18671,18672,18671,2,-2,2.0
18671,18672,18671,1,-1,1.0
18670,18672,18672,1,1,1.0
18670,18671,18671,1,1,1.0
18670,18672,18672,1,1,1.0
18671,18672,18671,1,-1,1.0
18671,18672,18672,2,2,2.0
18671,18672,18672,2,2,2.0
18671,18672,18672,1,1,1.0
18671,18672,18672,2,2,2.0
18671,18672,18672,1,1,1.0
18672,18673,18672,1,-1,1.0
18671,18672,18671,5,-5,5.0
18670,18672,18670,8,-8,8.0
18670,18672,18672,1,1,1.0
18670,18672,18672,2,2,2.0
18670,18672,18672,1,1,1.0
18670,18672,18672,1,1,1.0
18670,18672,18672,1,1,1.0
18670,18672,18673,1,1,-1.0
18670,18672,18673,1,1,-1.0
18670,18672,18673,2,2,-2.0
18670,18672,18673,1,1,-1.0
18670,18672,18673,1,1,-1.0
18670,18672,18673,6,6,-6.0
18670,18672,18673,1,1,-1.0
18670,18672,18673,1,1,-1.0
18670,18672,18673,1,1,-1.0
18670,18672,18673,1,1,-1.0
18670,18672,18673,1,1,-1.0
18670,18672,18673,2,2,-2.0
18670,18672,18674,2,2,-2.0
18673,18674,18674,4,4,4.0
18673,18674,18674,6,6,6.0
18673,18674,18675,2,2,-2.0
18673,18674,18675,4,4,-4.0
18673,18674,18675,1,1,-1.0
18674,18675,18675,1,1,1.0
18674,18675,18675,1,1,1.0
18674,18675,18675,2,2,2.0
18674,18675,18675,1,1,1.0
18674,18675,18675,11,11,11.0
18674,18675,18675,4,4,4.0
18675,18676,18676,9,9,9.0
18675,18676,18675,1,-1,1.0
18675,18676,18676,2,2,2.0
18675,18676,18676,1,1,1.0
18675,18676,18676,1,1,1.0
18675,18676,18675,1,-1,1.0
18675,18676,18675,1,-1,1.0
18675,18676,18675,3,-3,3.0
18674,18675,18675,3,3,3.0
18674,18676,18675,5,5,-5.0
18674,18675,18675,1,1,1.0
18675,18676,18676,1,1,1.0
18675,18676,18675,1,-1,1.0
18675,18676,18676,1,1,1.0
18675,18676,18675,1,-1,1.0
18675,18676,18676,3,3,3.0
18676,18677,18677,3,3,3.0
18676,18677,18677,6,6,6.0
18676,18677,18676,2,-2,2.0
18676,18677,18677,3,3,3.0
18676,18677,18677,14,14,14.0
18676,18677,18677,4,4,4.0
18676,18677,18677,3,3,3.0
18676,18677,18677,5,5,5.0
18677,18678,18678,1,1,1.0
18677,18678,18678,1,1,1.0
18677,18678,18677,1,-1,1.0
18677,18678,18678,1,1,1.0
18677,18678,18678,1,1,1.0
18677,18678,18678,1,1,1.0
18677,18678,18678,1,1,1.0
18677,18678,18678,1,1,1.0
18677,18678,18678,1,1,1.0
18677,18678,18678,1,1,1.0
18677,18678,18678,1,1,1.0
18677,18678,18678,3,3,3.0
18677,18678,18679,1,1,-1.0
18678,18679,18679,1,1,1.0
18678,18680,18678,1,-1,1.0
18678,18680,18678,1,-1,1.0
18678,18680,18680,10,10,10.0
18678,18680,18680,2,2,2.0
18679,18680,18679,1,-1,1.0
18679,18680,18679,1,-1,1.0
18679,18680,18679,3,-3,3.0
18679,18680,18679,1,-1,1.0
18678,18679,18678,1,-1,1.0
18678,18679,18679,1,1,1.0
18679,18680,18680,2,2,2.0
18679,18680,18680,68,68,68.0
18679,18680,18681,1,1,-1.0
18680,18681,18680,1,-1,1.0
18680,18681,18681,1,1,1.0
18680,18681,18680,1,-1,1.0
18680,18681,18680,1,-1,1.0
18680,18681,18680,2,-2,2.0
18680,18681,18680,1,-1,1.0
18680,18681,18680,4,-4,4.0
18679,18680,18680,3,3,3.0
18679,18681,18679,1,-1,1.0
18679,18680,18680,4,4,4.0
18680,18681,18680,1,-1,1.0
18680,18681,18680,1,-1,1.0
18680,18681,18680,5,-5,5.0
18680,18681,18680,8,-8,8.0
18680,18681,18680,1,-1,1.0
18679,18680,18680,1,1,1.0
18679,18681,18681,10,10,10.0
18679,18681,18679,2,-2,2.0
18680,18681,18680,1,-1,1.0
18679,18680,18679,1,-1,1.0
18679,18680,18679,1,-1,1.0
18678,18679,18679,1,1,1.0
18678,18679,18679,4,4,4.0
18679,18680,18679,1,-1,1.0
18678,18680,18678,1,-1,1.0
18678,18680,18680,1,1,1.0
18678,18679,18679,1,1,1.0
18678,18679,18679,1,1,1.0
18678,18679,18679,1,1,1.0
18679,18680,18679,1,-1,1.0
18678,18680,18679,1,-1,1.0
18678,18679,18679,1,1,1.0
18678,18679,18679,5,5,5.0
18678,18679,18680,1,1,-1.0
18678,18679,18678,1,-1,1.0
18678,18679,18679,2,2,2.0
18678,18679,18680,8,8,-8.0
18679,18680,18679,2,-2,2.0
18678,18679,18679,2,2,2.0
18678,18679,18679,6,6,6.0
18678,18679,18680,9,9,-9.0
18678,18679,18681,11,11,-11.0
18678,18679,18682,10,10,-10.0
18678,18679,18681,6,6,-6.0
18678,18679,18682,30,30,-30.0
18678,18679,18681,1,1,-1.0
18680,18682,18681,1,1,-1.0
18680,18681,18681,1,1,1.0
18679,18680,18679,1,-1,1.0
18679,18680,18680,1,1,1.0
18679,18680,18680,2,2,2.0
18679,18680,18680,2,2,2.0
18679,18680,18680,1,1,1.0
18679,18680,18680,1,1,1.0
18679,18680,18680,2,2,2.0
18679,18680,18680,1,1,1.0
18679,18680,18681,5,5,-5.0
18679,18681,18679,1,-1,1.0
18679,18680,18680,1,1,1.0
18679,18680,18679,1,-1,1.0
18679,18681,18679,1,-1,1.0
18679,18680,18680,1,1,1.0
18679,18680,18681,9,9,-9.0
18679,18681,18679,2,-2,2.0
18679,18680,18680,1,1,1.0
18679,18680,18679,3,-3,3.0
18679,18680,18679,1,-1,1.0
18679,18680,18680,1,1,1.0
18679,18680,18680,1,1,1.0
18679,18680,18680,1,1,1.0
18679,18680,18680,1,1,1.0
18679,18680,18680,1,1,1.0
18680,18681,18680,1,-1,1.0
18680,18681,18680,1,-1,1.0
18680,18681,18680,1,-1,1.0
18679,18681,18679,1,-1,1.0
18679,18681,18681,2,2,2.0
18680,18681,18680,1,-1,1.0
18679,18680,18680,1,1,1.0
18679,18680,18679,1,-1,1.0
18679,18680,18680,7,7,7.0
18679,18680,18681,3,3,-3.0
18680,18681,18680,5,-5,5.0
18679,18680,18679,3,-3,3.0
18679,18680,18679,1,-1,1.0
18679,18680,18679,1,-1,1.0
18679,18680,18679,1,-1,1.0
18679,18680,18679,1,-1,1.0
18679,18680,18679,1,-1,1.0
18679,18680,18679,1,-1,1.0
18679,18680,18679,1,-1,1.0
18679,18680,18679,1,-1,1.0
18679,18680,18679,1,-1,1.0
18679,18680,18679,1,-1,1.0
18678,18679,18679,1,1,1.0
18678,18679,18678,1,-1,1.0
18678,18679,18678,5,-5,5.0
18678,18679,18678,1,-1,1.0
18678,18679,18678,1,-1,1.0
18678,18679,18678,1,-1,1.0
18678,18679,18678,1,-1,1.0
18678,18679,18678,1,-1,1.0
18677,18678,18678,3,3,3.0
18677,18678,18678,2,2,2.0
18677,18678,18678,1,1,1.0
18677,18679,18677,2,-2,2.0
18677,18679,18677,1,-1,1.0
18677,18678,18678,1,1,1.0
18677,18679,18679,9,9,9.0
18677,18679,18679,1,1,1.0
18678,18679,18679,4,4,4.0
18678,18679,18680,1,1,-1.0
18678,18680,18678,1,-1,1.0
18678,18680,18678,1,-1,1.0
18678,18679,18678,1,-1,1.0
18678,18679,18678,4,-4,4.0
18678,18679,18678,1,-1,1.0
18678,18679,18678,6,-6,6.0
18678,18679,18678,1,-1,1.0
18678,18679,18678,1,-1,1.0
18678,18679,18678,3,-3,3.0
18678,18679,18678,1,-1,1.0
18677,18678,18678,3,3,3.0
18677,18678,18677,1,-1,1.0
18677,18678,18677,1,-1,1.0
18677,18678,18678,2,2,2.0
18677,18678,18678,1,1,1.0
18677,18678,18677,2,-2,2.0
18677,18678,18678,10,10,10.0
18677,18678,18678,3,3,3.0
18677,18678,18678,3,3,3.0
18677,18678,18679,6,6,-6.0
18677,18678,18679,15,15,-15.0
18677,18678,18679,3,3,-3.0
18677,18679,18679,6,6,6.0
18677,18678,18678,1,1,1.0
18677,18678,18677,3,-3,3.0
18677,18678,18677,1,-1,1.0
18677,18678,18678,1,1,1.0
18677,18678,18678,3,3,3.0
18677,18678,18678,3,3,3.0
18677,18678,18678,1,1,1.0
18677,18678,18678,5,5,5.0
18677,18678,18677,1,-1,1.0
18677,18678,18677,1,-1,1.0
18677,18678,18677,10,-10,10.0
18676,18677,18676,1,-1,1.0
18676,18677,18676,1,-1,1.0
18675,18676,18675,3,-3,3.0
18675,18676,18675,2,-2,2.0
18675,18676,18675,3,-3,3.0
18675,18676,18675,1,-1,1.0
18675,18676,18676,1,1,1.0
18675,18676,18675,1,-1,1.0
18675,18676,18675,1,-1,1.0
18675,18676,18675,1,-1,1.0
18675,18676,18675,3,-3,3.0
18674,18675,18674,14,-14,14.0
18673,18675,18673,1,-1,1.0
18673,18675,18673,1,-1,1.0
18673,18675,18675,1,1,1.0
18673,18675,18673,1,-1,1.0
18673,18675,18673,2,-2,2.0
18673,18675,18673,1,-1,1.0
18673,18674,18673,1,-1,1.0
18673,18674,18673,1,-1,1.0
18673,18674,18673,1,-1,1.0
18673,18674,18673,1,-1,1.0
18673,18674,18673,1,-1,1.0
18673,18674,18673,2,-2,2.0
18673,18674,18673,7,-7,7.0
18672,18673,18673,2,2,2.0
18672,18673,18673,1,1,1.0
18672,18673,18673,1,1,1.0
18672,18673,18673,2,2,2.0
18672,18673,18673,3,3,3.0
18672,18673,18672,1,-1,1.0
18672,18673,18672,1,-1,1.0
18672,18673,18673,1,1,1.0
18672,18673,18674,1,1,-1.0
18672,18673,18673,19,19,19.0
18672,18674,18674,2,2,2.0
18672,18673,18673,1,1,1.0
18672,18673,18673,1,1,1.0
18673,18674,18674,1,1,1.0
18673,18674,18674,2,2,2.0
18673,18674,18673,1,-1,1.0
18672,18674,18672,1,-1,1.0
18672,18673,18672,1,-1,1.0
18672,18673,18672,1,-1,1.0
18672,18673,18672,5,-5,5.0
18672,18673,18673,1,1,1.0
18672,18673,18672,5,-5,5.0
18672,18673,18671,1,-1,1.0
18672,18673,18671,1,-1,1.0
18672,18673,18671,1,-1,1.0
18672,18673,18673,1,1,1.0
18672,18674,18672,1,-1,1.0
18672,18674,18672,1,-1,1.0
18673,18674,18673,1,-1,1.0
18673,18674,18673,2,-2,2.0
18673,18674,18673,7,-7,7.0
18672,18673,18673,1,1,1.0
18672,18674,18674,6,6,6.0
18672,18673,18672,1,-1,1.0
18672,18673,18673,1,1,1.0
18672,18673,18672,1,-1,1.0
18672,18673,18672,1,-1,1.0
18671,18673,18673,2,2,2.0
18671,18672,18672,1,1,1.0
18671,18672,18671,2,-2,2.0
18671,18672,18672,2,2,2.0
18671,18672,18673,2,2,-2.0
18671,18672,18672,1,1,1.0
18672,18673,18673,1,1,1.0
18671,18672,18671,11,-11,11.0
18670,18671,18671,3,3,3.0
18670,18671,18671,1,1,1.0
18670,18671,18670,10,-10,10.0
18670,18671,18671,1,1,1.0
18670,18671,18670,1,-1,1.0
18670,18671,18671,1,1,1.0
18670,18671,18670,1,-1,1.0
18670,18671,18671,5,5,5.0
18670,18671,18670,1,-1,1.0
18670,18671,18670,1,-1,1.0
18670,18671,18671,1,1,1.0
18670,18671,18671,3,3,3.0
18670,18671,18671,1,1,1.0
18670,18671,18670,1,-1,1.0
18670,18671,18670,1,-1,1.0
18670,18671,18670,2,-2,2.0
18670,18671,18671,1,1,1.0
18670,18671,18671,3,3,3.0
18671,18672,18671,1,-1,1.0
18671,18672,18672,1,1,1.0
18670,18671,18671,1,1,1.0
18670,18671,18671,1,1,1.0
18670,18671,18671,1,1,1.0
18671,18672,18671,3,-3,3.0
18671,18672,18671,2,-2,2.0
18670,18672,18672,1,1,1.0
18670,18672,18671,1,1,-1.0
18670,18671,18671,1,1,1.0
18670,18671,18671,2,2,2.0
18671,18672,18672,1,1,1.0
18671,18672,18672,1,1,1.0
18671,18672,18672,1,1,1.0
18671,18672,18672,1,1,1.0
18671,18672,18671,4,-4,4.0
18670,18671,18671,4,4,4.0
18670,18671,18670,2,-2,2.0
18670,18671,18670,1,-1,1.0
18670,18671,18671,1,1,1.0
18670,18671,18672,9,9,-9.0
18670,18671,18670,2,-2,2.0
18670,18671,18671,2,2,2.0
18671,18672,18671,1,-1,1.0
18670,18671,18671,1,1,1.0
18670,18671,18670,4,-4,4.0
18670,18671,18671,3,3,3.0
18670,18671,18670,1,-1,1.0
18670,18671,18670,1,-1,1.0
18670,18671,18670,1,-1,1.0
18670,18671,18670,1,-1,1.0
18670,18671,18670,1,-1,1.0
18670,18671,18670,1,-1,1.0
18670,18671,18670,1,-1,1.0
18670,18671,18670,1,-1,1.0
18670,18671,18670,1,-1,1.0
18670,18671,18670,4,-4,4.0
18670,18671,18670,1,-1,1.0
18670,18671,18671,1,1,1.0
18670,18671,18671,1,1,1.0
18670,18671,18670,2,-2,2.0
18670,18671,18671,5,5,5.0
18670,18671,18671,1,1,1.0
18670,18671,18670,1,-1,1.0
18670,18671,18671,3,3,3.0
18670,18671,18671,3,3,3.0
18670,18671,18671,1,1,1.0
18670,18671,18671,1,1,1.0
18670,18671,18671,1,1,1.0
18670,18671,18671,3,3,3.0
18670,18671,18671,4,4,4.0
18670,18671,18671,1,1,1.0
18670,18671,18671,1,1,1.0
18670,18671,18671,1,1,1.0
18670,18671,18671,4,4,4.0
18670,18671,18670,3,-3,3.0
18670,18671,18670,2,-2,2.0
18670,18671,18670,2,-2,2.0
18670,18671,18671,1,1,1.0
18670,18671,18670,1,-1,1.0
18670,18671,18670,1,-1,1.0
18670,18671,18671,1,1,1.0
18670,18671,18670,2,-2,2.0
18670,18671,18671,2,2,2.0
18670,18671,18671,5,5,5.0
18670,18671,18671,3,3,3.0
18670,18671,18670,3,-3,3.0
18670,18671,18670,2,-2,2.0
18670,18671,18670,1,-1,1.0
18670,18671,18670,2,-2,2.0
18670,18671,18670,2,-2,2.0
18670,18671,18670,9,-9,9.0
18670,18671,18670,2,-2,2.0
18670,18671,18670,2,-2,2.0
18670,18671,18670,2,-2,2.0
18670,18671,18670,1,-1,1.0
18670,18671,18671,2,2,2.0
18670,18671,18670,1,-1,1.0
18670,18671,18670,1,-1,1.0
18670,18671,18670,1,-1,1.0
18670,18671,18670,2,-2,2.0
18670,18671,18670,1,-1,1.0
18670,18671,18670,1,-1,1.0
18670,18671,18670,2,-2,2.0
18670,18671,18670,2,-2,2.0
18670,18671,18670,1,-1,1.0
18670,18671,18670,1,-1,1.0
18669,18671,18670,2,-2,2.0
18669,18671,18671,1,1,1.0
18669,18671,18670,2,2,-2.0
18669,18670,18670,1,1,1.0
18669,18670,18670,1,1,1.0
18669,18670,18670,1,1,1.0
18669,18670,18670,1,1,1.0
18669,18670,18670,1,1,1.0
18669,18670,18670,1,1,1.0
18670,18671,18670,1,-1,1.0
18670,18671,18671,1,1,1.0
18670,18671,18671,4,4,4.0
18670,18671,18671,1,1,1.0
18670,18671,18671,4,4,4.0
18670,18671,18671,2,2,2.0
18670,18671,18671,1,1,1.0
18670,18671,18671,1,1,1.0
18670,18671,18671,1,1,1.0
18670,18671,18671,1,1,1.0
18670,18671,18671,1,1,1.0
18670,18671,18671,1,1,1.0
18670,18671,18671,2,2,2.0
18670,18671,18671,1,1,1.0
18670,18671,18671,1,1,1.0
18670,18671,18671,1,1,1.0
18670,18671,18670,2,-2,2.0
18670,18671,18671,2,2,2.0
18670,18671,18671,12,12,12.0
18671,18672,18671,1,-1,1.0
18671,18672,18671,1,-1,1.0
18671,18672,18671,2,-2,2.0
18671,18672,18672,2,2,2.0
18671,18672,18672,2,2,2.0
18671,18672,18672,2,2,2.0
18671,18672,18671,1,-1,1.0
18671,18672,18671,1,-1,1.0
18671,18672,18671,2,-2,2.0
18671,18672,18671,1,-1,1.0
18671,18672,18671,2,-2,2.0
18671,18672,18671,1,-1,1.0
18671,18672,18670,2,-2,2.0
18671,18672,18670,1,-1,1.0
18671,18672,18672,1,1,1.0
18671,18672,18672,3,3,3.0
18671,18672,18671,1,-1,1.0
18671,18672,18671,2,-2,2.0
18671,18672,18671,2,-2,2.0
18671,18672,18672,2,2,2.0
18671,18672,18671,1,-1,1.0
18671,18672,18671,1,-1,1.0
18670,18672,18672,1,1,1.0
18670,18672,18672,1,1,1.0
18670,18672,18672,6,6,6.0
18670,18672,18672,1,1,1.0
18670,18672,18672,1,1,1.0
18670,18672,18672,1,1,1.0
18670,18672,18670,1,-1,1.0
18670,18672,18670,1,-1,1.0
18670,18672,18670,1,-1,1.0
18670,18672,18670,1,-1,1.0
18670,18672,18671,3,-3,3.0
18670,18672,18670,6,-6,6.0
18670,18672,18670,1,-1,1.0
18670,18672,18671,1,-1,1.0
18670,18671,18670,1,-1,1.0
18670,18671,18671,1,1,1.0
18670,18671,18672,1,1,-1.0
18670,18672,18670,1,-1,1.0
18670,18672,18670,1,-1,1.0
18670,18672,18672,1,1,1.0
18670,18672,18671,1,1,-1.0
18670,18672,18672,1,1,1.0
18670,18672,18672,2,2,2.0
18670,18672,18672,1,1,1.0
18670,18672,18672,2,2,2.0
18670,18672,18672,1,1,1.0
18670,18672,18670,1,-1,1.0
18670,18672,18672,2,2,2.0
18670,18672,18670,1,-1,1.0
18670,18672,18672,1,1,1.0
18670,18672,18672,1,1,1.0
18670,18672,18671,1,1,-1.0
18670,18672,18670,1,-1,1.0
18670,18672,18672,2,2,2.0
18670,18672,18672,2,2,2.0
18670,18672,18672,2,2,2.0
18670,18672,18672,2,2,2.0
18670,18672,18672,2,2,2.0
18671,18672,18671,1,-1,1.0
18671,18672,18671,1,-1,1.0
18670,18671,18670,1,-1,1.0
18670,18671,18670,1,-1,1.0
18670,18671,18670,1,-1,1.0
18670,18671,18670,1,-1,1.0
18670,18671,18670,1,-1,1.0
18670,18671,18670,1,-1,1.0
18670,18671,18670,1,-1,1.0
18670,18671,18670,1,-1,1.0
18670,18671,18670,1,-1,1.0
18670,18671,18670,1,-1,1.0
18669,18671,18671,2,2,2.0
18669,18671,18669,1,-1,1.0
18669,18670,18669,5,-5,5.0
18669,18670,18669,1,-1,1.0
18669,18670,18669,1,-1,1.0
18669,18670,18669,1,-1,1.0
18669,18670,18669,2,-2,2.0
18669,18670,18669,1,-1,1.0
18669,18670,18670,2,2,2.0
18669,18671,18669,1,-1,1.0
18669,18670,18669,1,-1,1.0
18669,18670,18669,1,-1,1.0
18669,18670,18669,1,-1,1.0
18669,18670,18670,2,2,2.0
18669,18670,18669,1,-1,1.0
18669,18670,18669,1,-1,1.0
18669,18670,18669,1,-1,1.0
18669,18670,18668,1,-1,1.0
18669,18670,18670,1,1,1.0
18669,18670,18669,1,-1,1.0
18669,18670,18669,1,-1,1.0
18668,18670,18668,2,-2,2.0
18668,18670,18668,1,-1,1.0
18668,18670,18668,1,-1,1.0
18668,18670,18668,1,-1,1.0
18668,18670,18670,2,2,2.0
18669,18670,18669,1,-1,1.0
18669,18670,18669,1,-1,1.0
18669,18670,18668,1,-1,1.0
18669,18670,18668,1,-1,1.0
18669,18670,18668,1,-1,1.0
18668,18670,18668,1,-1,1.0
18669,18670,18669,1,-1,1.0
18669,18670,18669,1,-1,1.0
18668,18670,18668,1,-1,1.0
18668,18670,18668,1,-1,1.0
18668,18670,18668,1,-1,1.0
18668,18670,18669,3,-3,3.0
18669,18670,18669,1,-1,1.0
18669,18670,18670,2,2,2.0
18669,18670,18669,2,-2,2.0
18669,18670,18670,3,3,3.0
18669,18670,18670,1,1,1.0
18669,18670,18669,1,-1,1.0
18669,18670,18670,1,1,1.0
18669,18670,18670,1,1,1.0
18669,18670,18670,2,2,2.0
18669,18671,18669,1,-1,1.0
18668,18670,18670,1,1,1.0
18668,18670,18670,2,2,2.0
18669,18670,18669,1,-1,1.0
18669,18670,18668,1,-1,1.0
18669,18670,18669,1,-1,1.0
18668,18670,18668,3,-3,3.0
18668,18670,18668,1,-1,1.0
18668,18670,18668,1,-1,1.0
18669,18670,18670,1,1,1.0
18669,18670,18670,1,1,1.0
18669,18670,18669,3,-3,3.0
18669,18670,18668,2,-2,2.0
18669,18670,18669,3,-3,3.0
18669,18670,18669,1,-1,1.0
18669,18670,18670,3,3,3.0
18669,18670,18669,1,-1,1.0
18669,18670,18669,1,-1,1.0
18669,18670,18670,4,4,4.0
18669,18670,18671,1,1,-1.0
18669,18671,18671,1,1,1.0
18669,18671,18671,5,5,5.0
18669,18671,18669,3,-3,3.0
18669,18671,18669,2,-2,2.0
18669,18671,18669,1,-1,1.0
18669,18671,18669,1,-1,1.0
18669,18670,18670,1,1,1.0
18669,18670,18669,2,-2,2.0
18669,18670,18669,8,-8,8.0
18669,18670,18669,1,-1,1.0
18669,18670,18670,5,5,5.0
18669,18670,18669,1,-1,1.0
18669,18670,18669,6,-6,6.0
18669,18670,18670,1,1,1.0
18669,18670,18669,1,-1,1.0
18669,18670,18669,1,-1,1.0
18669,18670,18670,1,1,1.0
18670,18671,18671,1,1,1.0
18670,18671,18671,2,2,2.0
18670,18671,18671,1,1,1.0
18670,18671,18671,1,1,1.0
18670,18671,18671,3,3,3.0
18670,18671,18670,1,-1,1.0
18670,18671,18671,3,3,3.0
18670,18671,18670,2,-2,2.0
18670,18671,18670,2,-2,2.0
18670,18671,18671,1,1,1.0
18670,18671,18670,1,-1,1.0
18670,18671,18670,2,-2,2.0
18670,18671,18671,5,5,5.0
18670,18671,18670,3,-3,3.0
18670,18671,18671,5,5,5.0
18670,18671,18670,2,-2,2.0
18670,18671,18670,1,-1,1.0
18670,18671,18670,2,-2,2.0
18669,18671,18669,1,-1,1.0
18669,18671,18669,1,-1,1.0
18669,18671,18669,1,-1,1.0
18669,18670,18669,2,-2,2.0
18669,18670,18669,1,-1,1.0
18669,18670,18670,5,5,5.0
18669,18670,18669,20,-20,20.0
18669,18670,18669,1,-1,1.0
18669,18670,18669,11,-11,11.0
18669,18670,18670,2,2,2.0
18669,18671,18669,2,-2,2.0
18669,18670,18670,1,1,1.0
18669,18670,18670,2,2,2.0
18669,18670,18670,3,3,3.0
18669,18670,18670,1,1,1.0
18669,18671,18669,2,-2,2.0
18669,18670,18670,1,1,1.0
18669,18670,18669,1,-1,1.0
18669,18670,18670,2,2,2.0
18669,18670,18669,1,-1,1.0
18669,18670,18670,3,3,3.0
18669,18671,18671,1,1,1.0
18669,18671,18669,1,-1,1.0
18669,18671,18670,1,-1,1.0
18669,18671,18671,1,1,1.0
18670,18671,18671,1,1,1.0
18670,18671,18671,3,3,3.0
18670,18671,18671,1,1,1.0
18670,18671,18670,4,-4,4.0
18670,18671,18670,1,-1,1.0
18670,18671,18670,2,-2,2.0
18670,18671,18670,1,-1,1.0
18670,18671,18670,1,-1,1.0
18670,18671,18670,1,-1,1.0
18670,18671,18670,1,-1,1.0
18670,18671,18670,3,-3,3.0
18669,18670,18670,1,1,1.0
18669,18670,18669,3,-3,3.0
18669,18670,18670,3,3,3.0
18669,18670,18670,3,3,3.0
18669,18670,18670,1,1,1.0
18669,18670,18669,2,-2,2.0
18669,18670,18669,4,-4,4.0
18669,18670,18669,3,-3,3.0
18669,18670,18670,1,1,1.0
18669,18670,18669,1,-1,1.0
18669,18670,18669,1,-1,1.0
18669,18670,18669,2,-2,2.0
18669,18670,18669,1,-1,1.0
18669,18670,18669,2,-2,2.0
18669,18670,18669,1,-1,1.0
18669,18670,18669,1,-1,1.0
18669,18670,18669,2,-2,2.0
18669,18670,18669,1,-1,1.0
18669,18670,18669,1,-1,1.0
18669,18670,18669,1,-1,1.0
18669,18670,18669,1,-1,1.0
18669,18670,18669,1,-1,1.0
18669,18670,18670,3,3,3.0
18669,18670,18670,2,2,2.0
18669,18670,18670,1,1,1.0
18669,18670,18670,1,1,1.0
18669,18670,18670,1,1,1.0
18669,18670,18670,1,1,1.0
18669,18670,18670,1,1,1.0
18669,18670,18669,1,-1,1.0
18669,18670,18670,4,4,4.0
18669,18670,18669,1,-1,1.0
18669,18670,18669,1,-1,1.0
18669,18670,18669,2,-2,2.0
18669,18670,18669,1,-1,1.0
18669,18670,18669,1,-1,1.0
18669,18670,18669,1,-1,1.0
18669,18670,18670,1,1,1.0
18669,18670,18670,1,1,1.0
18669,18670,18669,1,-1,1.0
18669,18670,18669,2,-2,2.0
18669,18670,18669,1,-1,1.0
18669,18670,18669,2,-2,2.0
18669,18670,18670,1,1,1.0
18669,18670,18670,1,1,1.0
18669,18670,18670,4,4,4.0
18669,18670,18670,2,2,2.0
18669,18670,18670,2,2,2.0
18669,18670,18670,1,1,1.0
18669,18670,18669,1,-1,1.0
18669,18670,18669,1,-1,1.0
18669,18670,18669,1,-1,1.0
18669,18670,18670,1,1,1.0
18669,18670,18669,5,-5,5.0
18669,18670,18669,5,-5,5.0
18669,18670,18670,2,2,2.0
18669,18670,18670,1,1,1.0
18669,18670,18670,1,1,1.0
18669,18670,18669,1,-1,1.0
18669,18670,18669,1,-1,1.0
18669,18670,18669,1,-1,1.0
18669,18670,18670,1,1,1.0
18669,18670,18669,1,-1,1.0
18669,18670,18670,5,5,5.0
18669,18670,18670,2,2,2.0
18669,18670,18669,1,-1,1.0
18669,18670,18670,1,1,1.0
18669,18670,18670,1,1,1.0
18669,18671,18669,1,-1,1.0
18669,18670,18670,1,1,1.0
18669,18670,18670,3,3,3.0
18669,18670,18670,2,2,2.0
18669,18670,18670,2,2,2.0
18669,18670,18669,1,-1,1.0
18669,18671,18669,1,-1,1.0
18669,18671,18669,2,-2,2.0
18669,18670,18670,1,1,1.0
18669,18670,18670,3,3,3.0
18669,18670,18670,1,1,1.0
18670,18671,18670,1,-1,1.0
18670,18671,18670,1,-1,1.0
18670,18671,18670,1,-1,1.0
18670,18671,18670,1,-1,1.0
18670,18671,18670,2,-2,2.0
18670,18671,18670,5,-5,5.0
18670,18671,18670,1,-1,1.0
18670,18671,18670,2,-2,2.0
18670,18671,18670,1,-1,1.0
18670,18671,18670,1,-1,1.0
18670,18671,18670,4,-4,4.0
18670,18671,18670,1,-1,1.0
18669,18670,18670,2,2,2.0
18669,18670,18669,1,-1,1.0
18669,18670,18670,2,2,2.0
18669,18670,18670,3,3,3.0
18669,18670,18670,1,1,1.0
18669,18670,18669,1,-1,1.0
18669,18670,18670,1,1,1.0
18669,18670,18669,3,-3,3.0
18669,18670,18669,5,-5,5.0
18669,18670,18670,2,2,2.0
18669,18670,18670,3,3,3.0
18669,18670,18670,1,1,1.0
18669,18670,18670,4,4,4.0
18669,18671,18669,1,-1,1.0
18669,18671,18670,2,-2,2.0
18669,18671,18669,2,-2,2.0
18669,18671,18669,1,-1,1.0
18670,18671,18670,1,-1,1.0
18669,18670,18670,1,1,1.0
18669,18670,18670,4,4,4.0
18670,18671,18670,2,-2,2.0
18669,18670,18670,1,1,1.0
18669,18670,18670,2,2,2.0
18669,18670,18669,3,-3,3.0
18669,18670,18669,3,-3,3.0
18669,18670,18670,1,1,1.0
18669,18670,18669,1,-1,1.0
18669,18670,18670,2,2,2.0
18669,18670,18670,2,2,2.0
18669,18670,18669,6,-6,6.0
18669,18670,18670,1,1,1.0
18669,18670,18670,2,2,2.0
18669,18670,18670,1,1,1.0
18669,18670,18669,1,-1,1.0
18669,18670,18669,2,-2,2.0
18669,18670,18670,11,11,11.0
18669,18670,18670,1,1,1.0
18669,18670,18670,3,3,3.0
18669,18670,18670,1,1,1.0
18669,18670,18669,2,-2,2.0
18669,18670,18670,1,1,1.0
18669,18670,18670,2,2,2.0
18669,18670,18670,11,11,11.0
18669,18670,18669,1,-1,1.0
18669,18670,18670,1,1,1.0
18669,18670,18669,5,-5,5.0
18669,18670,18670,1,1,1.0
18669,18670,18669,11,-11,11.0
18669,18670,18669,1,-1,1.0
18669,18670,18670,3,3,3.0
18669,18670,18670,3,3,3.0
18669,18670,18670,1,1,1.0
18669,18670,18670,1,1,1.0
18669,18670,18670,1,1,1.0
18669,18670,18670,1,1,1.0
18669,18670,18669,1,-1,1.0
18669,18670,18669,1,-1,1.0
18669,18670,18669,1,-1,1.0
18669,18670,18670,3,3,3.0
18669,18670,18669,1,-1,1.0
18669,18670,18670,2,2,2.0
18669,18670,18670,2,2,2.0
18669,18670,18671,1,1,-1.0
18669,18670,18669,1,-1,1.0
18669,18670,18671,2,2,-2.0
18669,18670,18671,1,1,-1.0
18669,18670,18671,1,1,-1.0
18669,18671,18671,1,1,1.0
18669,18671,18669,1,-1,1.0
18669,18671,18671,2,2,2.0
18669,18671,18669,2,-2,2.0
18669,18671,18669,1,-1,1.0
18669,18671,18669,1,-1,1.0
18669,18671,18669,1,-1,1.0
18669,18671,18671,1,1,1.0
18669,18671,18669,1,-1,1.0
18669,18671,18671,1,1,1.0
18669,18671,18671,1,1,1.0
18669,18671,18671,1,1,1.0
18669,18671,18671,1,1,1.0
18670,18671,18671,1,1,1.0
18670,18671,18670,1,-1,1.0
18670,18671,18671,1,1,1.0
18670,18671,18671,8,8,8.0
18670,18671,18671,1,1,1.0
18670,18671,18671,1,1,1.0
18670,18671,18671,1,1,1.0
18670,18671,18671,1,1,1.0
18670,18671,18671,1,1,1.0
18670,18671,18670,2,-2,2.0
18670,18671,18671,1,1,1.0
18670,18671,18670,2,-2,2.0
18670,18671,18671,1,1,1.0
18670,18671,18671,2,2,2.0
18670,18671,18671,2,2,2.0
18670,18671,18671,19,19,19.0
18670,18671,18670,1,-1,1.0
18670,18671,18671,1,1,1.0
18670,18671,18671,2,2,2.0
18670,18671,18671,1,1,1.0
18670,18671,18671,1,1,1.0
18670,18671,18671,1,1,1.0
18670,18671,18670,1,-1,1.0
18670,18671,18671,1,1,1.0
18670,18671,18671,3,3,3.0
18670,18671,18671,5,5,5.0
18670,18671,18671,1,1,1.0
18670,18671,18671,1,1,1.0
18670,18671,18670,1,-1,1.0
18670,18671,18670,1,-1,1.0
18670,18671,18671,2,2,2.0
18670,18671,18670,1,-1,1.0
18670,18671,18671,1,1,1.0
18670,18671,18670,1,-1,1.0
18670,18671,18671,1,1,1.0
18670,18671,18670,1,-1,1.0
18670,18671,18671,3,3,3.0
18670,18671,18671,1,1,1.0
18670,18671,18671,3,3,3.0
18670,18671,18671,3,3,3.0
18670,18671,18670,1,-1,1.0
18670,18671,18670,1,-1,1.0
18670,18671,18670,1,-1,1.0
18670,18671,18670,1,-1,1.0
18670,18671,18670,1,-1,1.0
18670,18671,18670,2,-2,2.0
18670,18671,18671,1,1,1.0
18670,18671,18670,1,-1,1.0
18670,18671,18670,1,-1,1.0
18670,18671,18671,2,2,2.0
18670,18671,18671,2,2,2.0
18670,18671,18671,2,2,2.0
18670,18671,18671,1,1,1.0
18670,18671,18670,2,-2,2.0
18670,18671,18670,4,-4,4.0
18670,18671,18671,1,1,1.0
18670,18671,18671,1,1,1.0
18670,18671,18671,1,1,1.0
18670,18671,18671,1,1,1.0
18670,18671,18671,1,1,1.0
18670,18671,18670,2,-2,2.0
18670,18671,18670,8,-8,8.0
18670,18671,18670,2,-2,2.0
18670,18671,18671,1,1,1.0
18670,18671,18670,8,-8,8.0
18670,18671,18670,4,-4,4.0
18670,18671,18671,4,4,4.0
18670,18671,18670,1,-1,1.0
18670,18671,18670,2,-2,2.0
18670,18671,18670,2,-2,2.0
18670,18671,18671,1,1,1.0
18670,18671,18670,1,-1,1.0
18670,18671,18670,2,-2,2.0
18670,18671,18670,1,-1,1.0
18670,18671,18670,8,-8,8.0
18670,18671,18670,1,-1,1.0
18670,18671,18671,5,5,5.0
18670,18671,18670,3,-3,3.0
18670,18671,18670,1,-1,1.0
18670,18671,18670,3,-3,3.0
18670,18671,18670,1,-1,1.0
18670,18671,18670,1,-1,1.0
18670,18671,18670,2,-2,2.0
18670,18671,18670,2,-2,2.0
18670,18671,18671,25,25,25.0
18670,18671,18670,2,-2,2.0
18670,18671,18670,1,-1,1.0
18670,18671,18670,1,-1,1.0
18670,18671,18670,1,-1,1.0
18670,18671,18670,1,-1,1.0
18670,18671,18670,7,-7,7.0
18670,18671,18670,2,-2,2.0
18670,18671,18671,1,1,1.0
18670,18671,18670,5,-5,5.0
18670,18671,18671,10,10,10.0
18670,18671,18671,20,20,20.0
18670,18671,18671,1,1,1.0
18670,18671,18670,1,-1,1.0
18670,18671,18671,1,1,1.0
18670,18671,18671,8,8,8.0
18670,18671,18671,1,1,1.0
18670,18671,18671,1,1,1.0
18670,18671,18671,5,5,5.0
18670,18671,18671,1,1,1.0
18670,18671,18670,1,-1,1.0
18670,18671,18671,1,1,1.0
18670,18671,18671,1,1,1.0
18670,18671,18670,1,-1,1.0
18670,18671,18671,2,2,2.0
18670,18671,18671,16,16,16.0
18670,18671,18671,1,1,1.0
18670,18671,18671,1,1,1.0
18670,18671,18671,1,1,1.0
18670,18671,18671,1,1,1.0
18670,18671,18671,2,2,2.0
18670,18671,18671,1,1,1.0
18670,18671,18671,1,1,1.0
18670,18671,18671,1,1,1.0
18670,18671,18671,1,1,1.0
18670,18671,18670,1,-1,1.0
18670,18671,18670,3,-3,3.0
18670,18671,18670,8,-8,8.0
18670,18671,18671,2,2,2.0
18670,18671,18670,2,-2,2.0
18670,18671,18670,6,-6,6.0
18670,18671,18671,1,1,1.0
18670,18671,18671,1,1,1.0
18670,18671,18671,5,5,5.0
18670,18671,18670,1,-1,1.0
18670,18671,18670,4,-4,4.0
18670,18671,18670,4,-4,4.0
18670,18671,18671,1,1,1.0
18670,18671,18671,1,1,1.0
18670,18671,18670,1,-1,1.0
18670,18671,18670,1,-1,1.0
18670,18671,18670,3,-3,3.0
18670,18671,18670,2,-2,2.0
18670,18671,18670,1,-1,1.0
18670,18671,18670,1,-1,1.0
18670,18671,18670,1,-1,1.0
18670,18671,18670,1,-1,1.0
18670,18671,18670,1,-1,1.0
18670,18671,18670,2,-2,2.0
18670,18671,18670,1,-1,1.0
18670,18671,18671,1,1,1.0
18670,18671,18671,1,1,1.0
18670,18671,18670,1,-1,1.0
18670,18671,18671,1,1,1.0
18670,18671,18670,1,-1,1.0
18670,18671,18670,1,-1,1.0
18670,18671,18670,1,-1,1.0
18670,18671,18670,1,-1,1.0
18670,18671,18670,7,-7,7.0
18670,18671,18670,8,-8,8.0
18670,18671,18670,1,-1,1.0
18670,18671,18670,18,-18,18.0
18670,18671,18670,3,-3,3.0
18670,18671,18670,2,-2,2.0
18670,18671,18671,1,1,1.0
18670,18671,18671,5,5,5.0
18670,18671,18671,1,1,1.0
18670,18671,18670,1,-1,1.0
18670,18671,18670,2,-2,2.0
18670,18671,18670,9,-9,9.0
18670,18671,18670,1,-1,1.0
18670,18671,18670,2,-2,2.0
18670,18671,18671,3,3,3.0
18670,18671,18670,1,-1,1.0
18670,18671,18670,1,-1,1.0
18670,18671,18671,5,5,5.0
18670,18671,18670,2,-2,2.0
18670,18671,18670,1,-1,1.0
18670,18671,18670,1,-1,1.0
18670,18671,18670,1,-1,1.0
18670,18671,18670,1,-1,1.0
18670,18671,18670,1,-1,1.0
18670,18671,18671,1,1,1.0
18670,18671,18670,1,-1,1.0
18670,18671,18671,1,1,1.0
18670,18671,18671,8,8,8.0
18670,18671,18671,2,2,2.0
18670,18671,18671,8,8,8.0
18670,18671,18670,1,-1,1.0
18670,18671,18670,1,-1,1.0
18670,18671,18671,1,1,1.0
18670,18671,18671,2,2,2.0
18670,18671,18670,2,-2,2.0
18670,18671,18670,2,-2,2.0
18670,18671,18670,4,-4,4.0
18670,18671,18671,2,2,2.0
18670,18671,18670,1,-1,1.0
18670,18671,18671,1,1,1.0
18670,18671,18670,2,-2,2.0
18670,18671,18670,2,-2,2.0
18670,18671,18670,1,-1,1.0
18670,18671,18670,1,-1,1.0
18670,18671,18671,3,3,3.0
18670,18671,18671,1,1,1.0
18670,18671,18671,2,2,2.0
18670,18671,18670,1,-1,1.0
18670,18671,18671,2,2,2.0
18670,18671,18671,1,1,1.0
18670,18671,18671,2,2,2.0
18670,18671,18671,1,1,1.0
18670,18671,18671,2,2,2.0
18670,18671,18670,1,-1,1.0
18670,18671,18670,1,-1,1.0
18670,18671,18670,7,-7,7.0
18670,18671,18670,1,-1,1.0
18670,18671,18670,1,-1,1.0
18670,18671,18670,4,-4,4.0
18670,18671,18670,1,-1,1.0
18670,18671,18670,1,-1,1.0
18670,18671,18670,1,-1,1.0
18670,18671,18671,1,1,1.0
18670,18671,18670,1,-1,1.0
18670,18671,18670,1,-1,1.0
18670,18671,18670,1,-1,1.0
18670,18671,18670,3,-3,3.0
18670,18671,18670,1,-1,1.0
18670,18671,18671,5,5,5.0
18670,18671,18670,1,-1,1.0
18670,18671,18671,1,1,1.0
18670,18671,18670,1,-1,1.0
18670,18671,18670,1,-1,1.0
18670,18671,18671,2,2,2.0
18670,18671,18671,2,2,2.0
18670,18671,18671,1,1,1.0
18670,18671,18670,1,-1,1.0
18670,18671,18671,1,1,1.0
18670,18671,18670,1,-1,1.0
18670,18671,18670,1,-1,1.0
18670,18671,18670,1,-1,1.0
18670,18671,18670,1,-1,1.0
18670,18671,18670,1,-1,1.0
18670,18671,18671,1,1,1.0
18670,18671,18670,1,-1,1.0
18670,18671,18670,1,-1,1.0
18670,18671,18670,1,-1,1.0
18670,18671,18670,1,-1,1.0
18670,18671,18670,12,-12,12.0
18670,18671,18670,12,-12,12.0
18670,18671,18670,1,-1,1.0
18670,18671,18670,1,-1,1.0
18670,18671,18670,3,-3,3.0
18670,18671,18670,1,-1,1.0
18670,18671,18670,1,-1,1.0
18670,18671,18671,3,3,3.0
18670,18671,18671,16,16,16.0
18670,18671,18671,3,3,3.0
18670,18671,18671,8,8,8.0
18670,18671,18671,7,7,7.0
18670,18671,18671,1,1,1.0
18670,18671,18671,1,1,1.0
18670,18671,18671,1,1,1.0
18670,18671,18670,5,-5,5.0
18670,18671,18670,1,-1,1.0
18670,18671,18671,3,3,3.0
18670,18671,18671,16,16,16.0
18670,18671,18670,1,-1,1.0
18670,18671,18670,1,-1,1.0
18670,18671,18670,1,-1,1.0
18670,18671,18670,1,-1,1.0
18670,18671,18671,1,1,1.0
18670,18671,18671,1,1,1.0
18670,18671,18671,2,2,2.0
18670,18671,18671,16,16,16.0
18670,18671,18671,2,2,2.0
18670,18671,18671,1,1,1.0
18670,18671,18671,8,8,8.0
18670,18671,18671,8,8,8.0
18670,18671,18671,5,5,5.0
18670,18671,18671,8,8,8.0
18670,18671,18671,1,1,1.0
18670,18671,18671,7,7,7.0
18670,18671,18671,10,10,10.0
18670,18671,18671,1,1,1.0
18670,18671,18670,1,-1,1.0
18670,18671,18670,1,-1,1.0
18670,18671,18670,1,-1,1.0
18670,18671,18670,1,-1,1.0
18670,18671,18671,1,1,1.0
18670,18671,18671,1,1,1.0
18670,18671,18671,1,1,1.0
18670,18671,18671,1,1,1.0
18670,18671,18671,4,4,4.0
18670,18671,18671,1,1,1.0
18670,18671,18671,1,1,1.0
18670,18671,18671,12,12,12.0
18670,18671,18670,2,-2,2.0
18670,18671,18670,3,-3,3.0
18670,18671,18671,1,1,1.0
18670,18671,18671,7,7,7.0
18670,18671,18671,1,1,1.0
18670,18671,18671,1,1,1.0
18670,18671,18670,2,-2,2.0
18670,18671,18671,1,1,1.0
18670,18671,18670,1,-1,1.0
18670,18671,18671,1,1,1.0
18670,18671,18670,1,-1,1.0
18670,18671,18671,1,1,1.0
18670,18671,18671,1,1,1.0
18670,18671,18671,1,1,1.0
18670,18671,18671,1,1,1.0
18670,18671,18671,20,20,20.0
18670,18671,18671,1,1,1.0
18670,18671,18670,3,-3,3.0
18670,18671,18671,5,5,5.0
18670,18671,18670,1,-1,1.0
18670,18671,18670,1,-1,1.0
18670,18671,18670,1,-1,1.0
18670,18671,18670,1,-1,1.0
18670,18671,18670,1,-1,1.0
18670,18671,18670,1,-1,1.0
18670,18671,18670,1,-1,1.0
18670,18671,18670,1,-1,1.0
18670,18671,18670,1,-1,1.0
18670,18671,18670,14,-14,14.0
18670,18671,18671,1,1,1.0
18670,18671,18671,8,8,8.0
18670,18671,18671,1,1,1.0
18670,18671,18671,8,8,8.0
18670,18671,18671,1,1,1.0
18670,18671,18671,1,1,1.0
18670,18671,18670,1,-1,1.0
18670,18671,18671,1,1,1.0
18670,18671,18671,1,1,1.0
18670,18671,18671,1,1,1.0
18670,18671,18671,1,1,1.0
18670,18671,18670,1,-1,1.0
18670,18671,18671,1,1,1.0
18670,18671,18671,1,1,1.0
18670,18671,18671,1,1,1.0
18670,18671,18671,1,1,1.0
18670,18671,18670,1,-1,1.0
18670,18671,18671,1,1,1.0
18670,18671,18671,1,1,1.0
18670,18671,18670,1,-1,1.0
18670,18671,18670,8,-8,8.0
18670,18671,18670,48,-48,48.0
18670,18671,18670,8,-8,8.0
18670,18671,18670,8,-8,8.0
18670,18671,18670,2,-2,2.0
18670,18671,18670,8,-8,8.0
18670,18671,18671,2,2,2.0
18670,18671,18671,1,1,1.0
18670,18671,18671,1,1,1.0
18670,18671,18670,2,-2,2.0
18670,18671,18671,1,1,1.0
18670,18671,18670,10,-10,10.0
18670,18671,18670,1,-1,1.0
18670,18671,18670,2,-2,2.0
18670,18671,18670,2,-2,2.0
18670,18671,18670,1,-1,1.0
18670,18671,18670,1,-1,1.0
18670,18671,18671,8,8,8.0
18670,18671,18671,8,8,8.0
18670,18671,18671,1,1,1.0
18670,18671,18670,1,-1,1.0
18670,18671,18670,10,-10,10.0
18670,18671,18670,1,-1,1.0
18670,18671,18671,1,1,1.0
18670,18671,18671,1,1,1.0
18670,18671,18671,16,16,16.0
18670,18671,18670,1,-1,1.0
18670,18671,18671,1,1,1.0
18670,18671,18671,16,16,16.0
18670,18671,18670,1,-1,1.0
18670,18671,18671,1,1,1.0
18670,18671,18671,8,8,8.0
18670,18671,18671,1,1,1.0
18670,18671,18671,2,2,2.0
18670,18671,18671,1,1,1.0
18670,18671,18671,2,2,2.0
18670,18671,18671,2,2,2.0
18670,18671,18671,1,1,1.0
18670,18671,18671,1,1,1.0
18670,18671,18671,8,8,8.0
18670,18671,18671,100,100,100.0
18670,18671,18671,1,1,1.0
18670,18671,18671,2,2,2.0
18670,18671,18671,8,8,8.0
18670,18671,18670,2,-2,2.0
18670,18671,18670,2,-2,2.0
18670,18671,18671,100,100,100.0
18670,18671,18670,1,-1,1.0
18670,18671,18671,1,1,1.0
18670,18671,18670,2,-2,2.0
18670,18671,18670,2,-2,2.0
18670,18671,18670,2,-2,2.0
18670,18671,18671,100,100,100.0
18670,18671,18670,2,-2,2.0
18670,18671,18670,2,-2,2.0
18670,18671,18671,1,1,1.0
18670,18671,18671,100,100,100.0
18670,18671,18671,1,1,1.0
18670,18671,18671,100,100,100.0
18670,18671,18671,1,1,1.0
18670,18671,18671,1,1,1.0
18670,18671,18671,1,1,1.0
18670,18671,18671,1,1,1.0
18670,18671,18671,1,1,1.0
18670,18671,18671,1,1,1.0
18670,18671,18670,1,-1,1.0
18670,18671,18671,89,89,89.0
18671,18672,18671,1,-1,1.0
18671,18672,18671,1,-1,1.0
18671,18672,18672,1,1,1.0
18671,18672,18672,1,1,1.0
18671,18672,18671,1,-1,1.0
18671,18672,18671,1,-1,1.0
18671,18672,18672,1,1,1.0
18671,18672,18672,1,1,1.0
18671,18672,18672,100,100,100.0
18671,18672,18672,7,7,7.0
18671,18672,18671,10,-10,10.0
18671,18672,18672,100,100,100.0
18671,18672,18672,2,2,2.0
18671,18672,18671,1,-1,1.0
18671,18672,18672,4,4,4.0
18671,18672,18672,1,1,1.0
18671,18672,18672,100,100,100.0
18671,18672,18672,3,3,3.0
18671,18672,18672,1,1,1.0
18671,18672,18672,14,14,14.0
18671,18672,18672,100,100,100.0
18671,18672,18672,3,3,3.0
18671,18672,18672,9,9,9.0
18671,18672,18672,1,1,1.0
18671,18672,18671,2,-2,2.0
18671,18672,18672,28,28,28.0
18671,18672,18672,22,22,22.0
18671,18673,18673,5,5,5.0
18671,18673,18673,1,1,1.0
18671,18673,18673,2,2,2.0
18671,18673,18673,1,1,1.0
18671,18673,18673,1,1,1.0
18671,18673,18673,2,2,2.0
18671,18673,18673,1,1,1.0
18671,18673,18673,1,1,1.0
18671,18673,18673,2,2,2.0
18671,18673,18671,2,-2,2.0
18671,18672,18672,1,1,1.0
18671,18672,18672,20,20,20.0
18671,18672,18671,3,-3,3.0
18671,18672,18671,10,-10,10.0
18671,18672,18671,1,-1,1.0
18671,18672,18671,4,-4,4.0
18671,18672,18671,3,-3,3.0
18671,18672,18672,7,7,7.0
18671,18672,18671,3,-3,3.0
18671,18672,18671,4,-4,4.0
18671,18672,18672,1,1,1.0
18671,18672,18671,1,-1,1.0
18671,18672,18672,1,1,1.0
18671,18672,18672,1,1,1.0
18671,18672,18671,3,-3,3.0
18671,18672,18672,2,2,2.0
18671,18672,18671,1,-1,1.0
18671,18672,18672,1,1,1.0
18671,18672,18671,1,-1,1.0
18671,18672,18671,4,-4,4.0
18671,18672,18671,40,-40,40.0
18671,18672,18671,2,-2,2.0
18671,18672,18672,1,1,1.0
18671,18672,18672,3,3,3.0
18671,18672,18672,1,1,1.0
18671,18672,18672,1,1,1.0
18671,18672,18672,1,1,1.0
18671,18672,18672,8,8,8.0
18671,18672,18672,1,1,1.0
18671,18672,18671,1,-1,1.0
18671,18672,18672,1,1,1.0
18671,18672,18672,1,1,1.0
18671,18672,18671,39,-39,39.0
18670,18671,18671,1,1,1.0
18670,18671,18671,1,1,1.0
18670,18672,18670,1,-1,1.0
18670,18672,18672,3,3,3.0
18670,18671,18671,1,1,1.0
18670,18671,18671,1,1,1.0
18670,18671,18671,1,1,1.0
18670,18671,18671,1,1,1.0
18670,18671,18671,1,1,1.0
18670,18671,18671,1,1,1.0
18670,18671,18671,1,1,1.0
18670,18671,18671,4,4,4.0
18670,18671,18671,1,1,1.0
18670,18671,18670,8,-8,8.0
18670,18671,18670,1,-1,1.0
18670,18671,18670,9,-9,9.0
18670,18671,18670,2,-2,2.0
18670,18671,18671,1,1,1.0
18670,18671,18671,5,5,5.0
18670,18671,18670,2,-2,2.0
18670,18671,18671,1,1,1.0
18670,18671,18671,8,8,8.0
18671,18672,18671,1,-1,1.0
18671,18672,18671,3,-3,3.0
18670,18672,18672,2,2,2.0
18670,18672,18672,2,2,2.0
18670,18671,18670,1,-1,1.0
18670,18671,18671,1,1,1.0
18670,18671,18671,2,2,2.0
18670,18672,18670,2,-2,2.0
18670,18672,18672,1,1,1.0
18670,18671,18671,1,1,1.0
18670,18671,18672,1,1,-1.0
18670,18671,18671,1,1,1.0
18670,18671,18671,1,1,1.0
18670,18671,18670,2,-2,2.0
18670,18671,18671,10,10,10.0
18670,18671,18671,1,1,1.0
18670,18671,18670,2,-2,2.0
18670,18671,18671,10,10,10.0
18670,18671,18671,1,1,1.0
18670,18671,18671,1,1,1.0
18670,18671,18671,3,3,3.0
18670,18671,18671,7,7,7.0
18670,18671,18671,2,2,2.0
18670,18671,18671,1,1,1.0
18670,18671,18670,1,-1,1.0
18670,18671,18671,2,2,2.0
18670,18671,18671,1,1,1.0
18670,18671,18671,1,1,1.0
18670,18671,18671,1,1,1.0
18670,18671,18671,4,4,4.0
18670,18671,18671,3,3,3.0
18670,18671,18671,6,6,6.0
18670,18671,18671,1,1,1.0
18670,18671,18670,3,-3,3.0
18670,18671,18671,1,1,1.0
18670,18671,18671,4,4,4.0
18670,18671,18670,3,-3,3.0
18670,18671,18670,1,-1,1.0
18670,18671,18670,8,-8,8.0
18670,18671,18670,12,-12,12.0
18670,18671,18670,16,-16,16.0
18670,18671,18670,1,-1,1.0
18670,18671,18670,8,-8,8.0
18670,18671,18670,8,-8,8.0
18670,18671,18670,2,-2,2.0
18670,18671,18670,1,-1,1.0
18670,18671,18671,10,10,10.0
18670,18671,18671,1,1,1.0
18670,18671,18670,1,-1,1.0
